x,psi_pinn_n1,psi_exact_n1,psi_pinn_n2,psi_exact_n2,psi_pinn_n3,psi_exact_n3,psi_pinn_n4,psi_exact_n4,psi_pinn_n5,psi_exact_n5
0.000000000000,0.000000000000e+00,0.000000000000e+00,-0.000000000000e+00,0.000000000000e+00,-0.000000000000e+00,0.000000000000e+00,-0.000000000000e+00,0.000000000000e+00,0.000000000000e+00,0.000000000000e+00
0.001430615165,6.206654651137e-03,6.356034307115e-03,1.208602141092e-02,1.271194022432e-02,1.815048477361e-02,1.906758936430e-02,2.455391905467e-02,2.542285334492e-02,3.052957947693e-02,3.177760379183e-02
0.002861230329,1.247457300717e-02,1.271194022432e-02,2.439137016204e-02,2.542285334492e-02,3.657463457131e-02,3.813171234106e-02,4.943037790074e-02,5.083749035798e-02,6.150018867413e-02,6.353916078986e-02
0.004291845494,1.879152841581e-02,1.906758936430e-02,3.687685815581e-02,3.813171234106e-02,5.522229720522e-02,5.718890317292e-02,7.455915785326e-02,7.623569736275e-02,9.281413135368e-02,9.526863230346e-02
0.005722460658,2.514631058855e-02,2.542285334492e-02,4.950613149970e-02,5.083749035798e-02,7.404675964619e-02,7.623569736275e-02,9.987486342564e-02,1.016092659927e-01,1.243799110080e-01,1.269499958443e-01
0.007153075823,3.152881861419e-02,3.177760379183e-02,6.224604056442e-02,6.353916078986e-02,9.300510884287e-02,9.526863230346e-02,1.253175659757e-01,1.269499958443e-01,1.561129040057e-01,1.585672532171e-01
0.008583690987,3.793012473613e-02,3.813171234106e-02,7.506685906896e-02,7.623569736275e-02,1.120584780264e-01,1.142842479075e-01,1.508331995087e-01,1.522496971267e-01,1.879358134771e-01,1.901044385986e-01
0.010014306152,4.434250820766e-02,4.448505064159e-02,8.794236954192e-02,8.892607421752e-02,1.311721828914e-01,1.332790872359e-01,1.763737323406e-01,1.775001933094e-01,2.197789135109e-01,2.215456265994e-01
0.011444921316,5.075945980118e-02,5.083749035798e-02,1.008498365881e-01,1.016092659927e-01,1.503157554633e-01,1.522496971267e-01,2.018971452769e-01,2.026933237639e-01,2.515800998715e-01,2.528749403063e-01
0.012875536481,5.717565865847e-02,5.718890317292e-02,1.137698908658e-01,1.142842479075e-01,1.694628858608e-01,1.711926288228e-01,2.273672501619e-01,2.278209464020e-01,2.832847679706e-01,2.840765592993e-01
0.014306151645,6.358692407790e-02,6.353916078986e-02,1.266863461321e-01,1.269499958443e-01,1.885912836561e-01,1.901044385986e-01,2.527533828985e-01,2.528749403063e-01,3.148455415252e-01,3.151347276406e-01
0.015736766810,6.999014551341e-02,6.988813493557e-02,1.395859697664e-01,1.396054864316e-01,2.076824712791e-01,2.089816883866e-01,2.780300031700e-01,2.778472083556e-01,3.462218765172e-01,3.460337618311e-01
0.017167381974,7.638319450648e-02,7.623569736275e-02,1.524582244073e-01,1.522496971267e-01,2.267215220691e-01,2.278209464020e-01,3.031762299201e-01,3.027296798413e-01,3.773795651193e-01,3.767580587299e-01
0.018597997139,8.276482250417e-02,8.258171985263e-02,1.652949952058e-01,1.648816062984e-01,2.456967553058e-01,2.466187877666e-01,3.281753378001e-01,3.275143130758e-01,4.082901634770e-01,4.072921034334e-01
0.020028612303,8.913454856175e-02,8.892607421752e-02,1.780903140613e-01,1.775001933094e-01,2.645993999834e-01,2.653717951318e-01,3.530142357629e-01,3.521930979916e-01,4.389303659236e-01,4.376204771101e-01
0.021459227468,9.549254082456e-02,9.526863230346e-02,1.908400892963e-01,1.901044385986e-01,2.834232383260e-01,2.840765592993e-01,3.776829450960e-01,3.767580587299e-01,4.692813465537e-01,4.677278647866e-01
0.022889842632,1.018394954650e-01,1.016092659927e-01,2.035418466791e-01,2.026933237639e-01,3.021642391565e-01,3.027296798413e-01,4.021740906231e-01,4.012012562186e-01,4.993280872487e-01,4.975990630810e-01
0.024320457797,1.081765164503e-01,1.079478472065e-01,2.161944855821e-01,2.152658316443e-01,3.208201902740e-01,3.213277657185e-01,4.264824156645e-01,4.255147907377e-01,5.290587093153e-01,5.272189878806e-01
0.025751072961,1.145049991613e-01,1.142842479075e-01,2.287980523763e-01,2.278209464020e-01,3.393903379961e-01,3.398674358967e-01,4.506043286452e-01,4.496908044726e-01,5.584638239399e-01,5.565726819586e-01
0.027181688126,1.208265204899e-01,1.206183401023e-01,2.413535318794e-01,2.403576536044e-01,3.578750410013e-01,3.583453199612e-01,4.745374869489e-01,4.737214840535e-01,5.875359146775e-01,5.856453225273e-01
0.028612303290,1.271427376335e-01,1.269499958443e-01,2.538626567562e-01,2.528749403063e-01,3.762754445707e-01,3.767580587299e-01,4.982804217022e-01,4.975990630810e-01,6.162687632132e-01,6.144222287230e-01
0.030042918455,1.334552973786e-01,1.332790872359e-01,2.663277341609e-01,2.653717951318e-01,3.945931802812e-01,3.951023048636e-01,5.218322055721e-01,5.213158246354e-01,6.446569276395e-01,6.428888690196e-01
0.031473533619,1.397657572456e-01,1.396054864316e-01,2.787514885519e-01,2.778472083556e-01,4.128300951637e-01,4.133747234748e-01,5.451921643260e-01,5.448641037713e-01,6.726952805015e-01,6.710308685666e-01
0.032904148784,1.460755194408e-01,1.459290656400e-01,2.911369194563e-01,2.903001719851e-01,4.309880132968e-01,4.315719927337e-01,5.683596317967e-01,5.682362899947e-01,7.003786118592e-01,6.988340164476e-01
0.034334763948,1.523857781534e-01,1.522496971267e-01,3.034871729561e-01,3.027296798413e-01,4.490685317956e-01,4.496908044726e-01,5.913337469686e-01,5.914248297223e-01,7.277013006406e-01,7.262842728570e-01
0.035765379113,1.586974803400e-01,1.585672532171e-01,3.158054257811e-01,3.151347276406e-01,4.670728521747e-01,4.677278647866e-01,6.141132911500e-01,6.144222287230e-01,7.546570556099e-01,7.533677761896e-01
0.037195994278,1.650112997674e-01,1.648816062984e-01,3.280947810733e-01,3.275143130758e-01,4.850016471399e-01,4.856798946329e-01,6.366965625830e-01,6.372210545400e-01,7.812387254014e-01,7.800708500397e-01
0.038626609442,1.713276237482e-01,1.711926288228e-01,3.403581751182e-01,3.398674358967e-01,5.028549620148e-01,5.035436304269e-01,6.590812853758e-01,6.598139388925e-01,8.074381752972e-01,8.063800101082e-01
0.040057224607,1.776465516992e-01,1.775001933094e-01,3.525982945810e-01,3.521930979916e-01,5.206321492486e-01,5.213158246354e-01,6.812645493079e-01,6.821935800575e-01,8.332462267992e-01,8.322819710111e-01
0.041487839771,1.839679044038e-01,1.838041723475e-01,3.648175040281e-01,3.644903034672e-01,5.383318337997e-01,5.389932463667e-01,7.032427768550e-01,7.043527452293e-01,8.586526546080e-01,8.577636529885e-01
0.042918454936,1.902912426481e-01,1.901044385986e-01,3.770177837277e-01,3.767580587299e-01,5.559519066581e-01,5.565726819586e-01,7.250117137100e-01,7.262842728570e-01,8.836462344022e-01,8.828121885097e-01
0.044349070100,1.966158937556e-01,1.964008647994e-01,3.892006779039e-01,3.889953725653e-01,5.734895433610e-01,5.740509355620e-01,7.465664391278e-01,7.479810749595e-01,9.082148338556e-01,9.074149287706e-01
0.045779685265,2.029409844457e-01,2.026933237639e-01,4.013672537435e-01,4.012012562186e-01,5.909412440756e-01,5.914248297223e-01,7.679013925858e-01,7.694361394157e-01,9.323455386501e-01,9.315594500811e-01
0.047210300429,2.092654784001e-01,2.089816883866e-01,4.135180715231e-01,4.133747234748e-01,6.083028916650e-01,6.086912059568e-01,7.890104135157e-01,7.906425322307e-01,9.560248048693e-01,9.552335601387e-01
0.048640915594,2.155882169291e-01,2.152658316443e-01,4.256531662234e-01,4.255147907377e-01,6.255698241080e-01,6.258469253292e-01,8.098867912002e-01,8.115933997775e-01,9.792386290805e-01,9.784253041857e-01
0.050071530758,2.219079611848e-01,2.215456265994e-01,4.377720409335e-01,4.376204771101e-01,6.427369177000e-01,6.428888690196e-01,8.305233223151e-01,8.322819710111e-01,1.001972727638e+00,1.001122971045e+00
0.051502145923,2.282234344588e-01,2.278209464020e-01,4.498736722113e-01,4.496908044726e-01,6.597986776020e-01,6.598139388925e-01,8.509123740008e-01,8.527015596574e-01,1.024212717244e+00,1.023315099035e+00
0.052932761087,2.345333632322e-01,2.340916642925e-01,4.619565273682e-01,4.617247975626e-01,6.767493325152e-01,6.766190580590e-01,8.710459507413e-01,8.728455663739e-01,1.045944289549e+00,1.044990481757e+00
0.054363376252,2.408365157927e-01,2.403576536044e-01,4.740185933998e-01,4.737214840535e-01,6.935829305165e-01,6.933011714367e-01,8.909157636771e-01,8.927074808825e-01,1.067153373533e+00,1.066138173754e+00
0.055793991416,2.471317374060e-01,2.466187877666e-01,4.860574169844e-01,4.856798946329e-01,7.102934333850e-01,7.098572463052e-01,9.105133012627e-01,9.122808840737e-01,1.087826280525e+00,1.086747496038e+00
0.057224606581,2.534179812065e-01,2.528749403063e-01,4.980701546595e-01,4.975990630810e-01,7.268748070666e-01,7.262842728570e-01,9.298299003859e-01,9.315594500811e-01,1.107949827934e+00,1.106808041482e+00
0.058655221745,2.596943341601e-01,2.591259848511e-01,5.100536319549e-01,5.094780263487e-01,7.433211062451e-01,7.425792647451e-01,9.488568171804e-01,9.505369483255e-01,1.127511439030e+00,1.126309680077e+00
0.060085836910,2.659600376352e-01,2.653717951318e-01,5.220044099511e-01,5.213158246354e-01,7.596265513215e-01,7.587392596255e-01,9.675852968015e-01,9.692072455292e-01,1.146499217375e+00,1.145242564045e+00
0.061516452074,2.722145023007e-01,2.716122449850e-01,5.339188574536e-01,5.331115014667e-01,7.757855964215e-01,7.747613196962e-01,9.860066414038e-01,9.875643076976e-01,1.164901995704e+00,1.163597132812e+00
0.062947067239,2.784573172424e-01,2.778472083556e-01,5.457932267507e-01,5.448641037713e-01,7.917929873748e-01,7.906425322307e-01,1.004112275486e+00,1.005602202070e+00,1.182709360118e+00,1.181364117841e+00
0.064377682403,2.846882533533e-01,2.840765592993e-01,5.576237307717e-01,5.565726819586e-01,8.076438089165e-01,8.063800101082e-01,1.021893807676e+00,1.023315099035e+00,1.199911651453e+00,1.198534547304e+00
0.065808297568,2.909072612008e-01,2.903001719851e-01,5.694066194014e-01,5.682362899947e-01,8.233335206678e-01,8.219708923378e-01,1.039343087956e+00,1.040697274019e+00,1.216499946399e+00,1.215099750619e+00
0.067238912732,2.971144637138e-01,2.965179206979e-01,5.811382527375e-01,5.798539854795e-01,8.388579817451e-01,8.374123445792e-01,1.056452259284e+00,1.057743109330e+00,1.232466021595e+00,1.231051362825e+00
0.068669527897,3.033101441465e-01,3.027296798413e-01,5.928151692067e-01,5.914248297223e-01,8.542134641336e-01,8.527015596574e-01,1.073213802602e+00,1.074447095980e+00,1.247802304290e+00,1.246381328808e+00
0.070100143062,3.094947298827e-01,3.089353239395e-01,6.044341466739e-01,6.029478878182e-01,8.693966552320e-01,8.678357580735e-01,1.089620574300e+00,1.090803835458e+00,1.262501813388e+00,1.261081907367e+00
0.071530758226,3.156687727239e-01,3.151347276406e-01,6.159922549761e-01,6.144222287230e-01,8.844046502277e-01,8.828121885097e-01,1.105665835400e+00,1.106808041482e+00,1.276558094715e+00,1.275145675124e+00
0.072961373391,3.218329263684e-01,3.213277657185e-01,6.274868986711e-01,6.258469253292e-01,8.992349351964e-01,8.976281283298e-01,1.121343271940e+00,1.122454541704e+00,1.289965154224e+00,1.288565530274e+00
0.074391988555,3.279879218305e-01,3.275143130758e-01,6.389158491819e-01,6.372210545400e-01,9.138853620162e-01,9.122808840737e-01,1.136647006348e+00,1.137738279380e+00,1.302717392561e+00,1.301334696169e+00
0.075822603720,3.341345415701e-01,3.336942447461e-01,6.502772659267e-01,6.485436973447e-01,9.283541163508e-01,9.267677919475e-01,1.151571599891e+00,1.152654315006e+00,1.314809544025e+00,1.313446724738e+00
0.077253218884,3.402735931011e-01,3.398674358967e-01,6.615697064153e-01,6.598139388925e-01,9.426396800795e-01,9.410862183074e-01,1.166112046642e+00,1.167197827918e+00,1.326236622454e+00,1.324895499750e+00
0.078683834049,3.464058828285e-01,3.460337618311e-01,6.727921256525e-01,6.710308685666e-01,9.567407896156e-01,9.552335601387e-01,1.180263759655e+00,1.181364117841e+00,1.336993875986e+00,1.335675239897e+00
0.080114449213,3.525321908192e-01,3.521930979916e-01,6.839438654956e-01,6.821935800575e-01,9.706563915843e-01,9.692072455292e-01,1.194022550340e+00,1.195148606419e+00,1.347076752061e+00,1.345780501712e+00
0.081545064378,3.586532471594e-01,3.583453199612e-01,6.950246348560e-01,6.933011714367e-01,9.843855972926e-01,9.830047341361e-01,1.207384602168e+00,1.208546838684e+00,1.356480873383e+00,1.355206182325e+00
0.082975679542,3.647697104728e-01,3.644903034672e-01,7.060344818145e-01,7.043527452293e-01,9.979276373522e-01,9.966235176487e-01,1.220346439999e+00,1.221554484506e+00,1.365202024974e+00,1.363947522031e+00
0.084406294707,3.708821490924e-01,3.706279243828e-01,7.169737588290e-01,7.153474084862e-01,1.011281817693e+00,1.010061120244e+00,1.232904896318e+00,1.234167339983e+00,1.373236151866e+00,1.372000106701e+00
0.085836909871,3.769910252826e-01,3.767580587299e-01,7.278430822698e-01,7.262842728570e-01,1.024447478051e+00,1.023315099035e+00,1.245057075673e+00,1.246381328808e+00,1.380579366524e+00,1.379359870008e+00
0.087267525036,3.830966828105e-01,3.828805826818e-01,7.386432875256e-01,7.371624546612e-01,1.037423953845e+00,1.036383044520e+00,1.256800318498e+00,1.258192503578e+00,1.387227964640e+00,1.386023095477e+00
0.088698140200,3.891993380609e-01,3.889953725653e-01,7.493753809052e-01,7.479810749595e-01,1.050210542142e+00,1.049262581014e+00,1.268132165407e+00,1.269597047079e+00,1.393178447680e+00,1.391986418368e+00
0.090128755365,3.952990747903e-01,3.951023048636e-01,7.600404895136e-01,7.587392596255e-01,1.062806472256e+00,1.061951367086e+00,1.279050322844e+00,1.280591273511e+00,1.398427550357e+00,1.397246827371e+00
0.091559370529,4.013958425174e-01,4.012012562186e-01,7.706398102397e-01,7.694361394157e-01,1.075210881288e+00,1.074447095980e+00,1.289552630876e+00,1.291171629684e+00,1.402972271159e+00,1.401801666128e+00
0.092989985694,4.074894584548e-01,4.072921034334e-01,7.811745589418e-01,7.800708500397e-01,1.087422794764e+00,1.086747496038e+00,1.299637033698e+00,1.301334696169e+00,1.406809904078e+00,1.405648634574e+00
0.094420600858,4.135796128026e-01,4.133747234748e-01,7.916459208798e-01,7.906425322307e-01,1.099441112377e+00,1.098850331114e+00,1.309301553316e+00,1.311077188393e+00,1.409938069853e+00,1.408785790098e+00
0.095851216023,4.196658771511e-01,4.194489934757e-01,8.020550034018e-01,8.011503318142e-01,1.111264598661e+00,1.110753400974e+00,1.318544266725e+00,1.320395957713e+00,1.412354745268e+00,1.411211548525e+00
0.097281831187,4.257477156703e-01,4.255147907377e-01,8.124027918598e-01,8.115933997775e-01,1.122891878353e+00,1.122454541704e+00,1.327363286804e+00,1.329287992425e+00,1.414058289294e+00,1.412924684915e+00
0.098712446352,4.318244987140e-01,4.315719927337e-01,8.226901096838e-01,8.219708923378e-01,1.134321436078e+00,1.133951626097e+00,1.335756747057e+00,1.337750418739e+00,1.415047465227e+00,1.413924334183e+00
0.100143061516,4.378955184160e-01,4.376204771101e-01,8.329175834904e-01,8.322819710111e-01,1.145551619919e+00,1.145242564045e+00,1.343722790263e+00,1.345780501712e+00,1.415321458258e+00,1.414209991534e+00
0.101573676681,4.439600058266e-01,4.436601216894e-01,8.430856140225e-01,8.425258026791e-01,1.156580648400e+00,1.156325302913e+00,1.351259561049e+00,1.353375646126e+00,1.414879888234e+00,1.413781512720e+00
0.103004291845,4.500171491094e-01,4.496908044726e-01,8.531943536157e-01,8.527015596574e-01,1.167406620362e+00,1.167197827918e+00,1.358365202326e+00,1.360533397329e+00,1.413722817629e+00,1.412639114110e+00
0.104434907010,4.560661123102e-01,4.557124036418e-01,8.632436907549e-01,8.628084197615e-01,1.178027527186e+00,1.177858162492e+00,1.365037855520e+00,1.367251442032e+00,1.411850754970e+00,1.410783372583e+00
0.105865522175,4.621060542020e-01,4.617247975626e-01,8.732332421158e-01,8.728455663739e-01,1.188441266828e+00,1.188304368643e+00,1.371275664456e+00,1.373527609049e+00,1.409264654100e+00,1.408215225236e+00
0.107296137339,4.681361467222e-01,4.677278647866e-01,8.831623523012e-01,8.828121885097e-01,1.198645659131e+00,1.198534547304e+00,1.377076782700e+00,1.379359870008e+00,1.405965909774e+00,1.404935968911e+00
0.108726752504,4.741555925339e-01,4.737214840535e-01,8.930301012603e-01,8.927074808825e-01,1.208638461902e+00,1.208546838684e+00,1.382439384134e+00,1.384746339997e+00,1.401956350110e+00,1.400947259540e+00
0.110157367668,4.801636412745e-01,4.797055342943e-01,9.028353191498e-01,9.025306439689e-01,1.218417387260e+00,1.218339422601e+00,1.387361676427e+00,1.389685278180e+00,1.397238226409e+00,1.396251111309e+00
0.111587982833,4.861596040917e-01,4.856798946329e-01,9.125766081577e-01,9.122808840737e-01,1.227980117848e+00,1.227910518813e+00,1.391841917022e+00,1.394175088358e+00,1.391814200812e+00,1.390849895641e+00
0.113018597997,4.921428661217e-01,4.916444443891e-01,9.222523705747e-01,9.219574133936e-01,1.237324322494e+00,1.237258387346e+00,1.395878431134e+00,1.398214319483e+00,1.385687332202e+00,1.384746339997e+00
0.114449213162,4.981128966199e-01,4.975990630810e-01,9.318608421773e-01,9.315594500811e-01,1.246447671050e+00,1.246381328808e+00,1.399469631178e+00,1.401801666128e+00,1.378861060710e+00,1.377943526500e+00
0.115879828326,5.040692565278e-01,5.035436304269e-01,9.414001297933e-01,9.410862183074e-01,1.255347848138e+00,1.255277684694e+00,1.402614036925e+00,1.404935968911e+00,1.371339191115e+00,1.370444890379e+00
0.117310443491,5.100116033350e-01,5.094780263487e-01,9.508682517623e-01,9.505369483255e-01,1.264022565686e+00,1.263945837694e+00,1.405310295602e+00,1.407616214865e+00,1.363125875448e+00,1.362254218235e+00
0.118741058655,5.159396931785e-01,5.154021309732e-01,9.602631798946e-01,9.599108765321e-01,1.272469574193e+00,1.272384211983e+00,1.407557201085e+00,1.409841537771e+00,1.354225595102e+00,1.353375646126e+00
0.120171673820,5.218533802093e-01,5.213158246354e-01,9.695828814724e-01,9.692072455292e-01,1.280686672753e+00,1.280591273511e+00,1.409353711261e+00,1.411611218434e+00,1.344643142836e+00,1.343813657479e+00
0.121602288984,5.277526133434e-01,5.272189878806e-01,9.788253598449e-01,9.784253041857e-01,1.288671717993e+00,1.288565530274e+00,1.410698962689e+00,1.412924684915e+00,1.334383605151e+00,1.333573080831e+00
0.123032904149,5.336374305990e-01,5.331115014667e-01,9.879886922330e-01,9.875643076976e-01,1.296422632124e+00,1.296305532597e+00,1.411592281691e+00,1.413781512720e+00,1.323452345643e+00,1.322659087382e+00
0.124463519313,5.395079513006e-01,5.389932463667e-01,9.970710634861e-01,9.966235176487e-01,1.303937410394e+00,1.303809873386e+00,1.412033191164e+00,1.414181424934e+00,1.311854990055e+00,1.311077188393e+00
0.125894134478,5.453643665002e-01,5.448641037713e-01,1.006070794718e+00,1.005602202070e+00,1.311214128269e+00,1.311077188393e+00,1.412021412563e+00,1.414124292309e+00,1.299597413873e+00,1.298833232396e+00
0.127324749642,5.512069280175e-01,5.507239550910e-01,1.014986365979e+00,1.014499635498e+00,1.318250948657e+00,1.318106156458e+00,1.411556862753e+00,1.413610133312e+00,1.286685733347e+00,1.285933402242e+00
0.128755364807,5.570359365426e-01,5.565726819586e-01,1.023816432380e+00,1.023315099035e+00,1.325046129469e+00,1.324895499750e+00,1.410639645687e+00,1.412639114110e+00,1.273126300833e+00,1.272384211983e+00
0.130185979971,5.628517292557e-01,5.624101662316e-01,1.032559833384e+00,1.032047880407e+00,1.331598031733e+00,1.331443984004e+00,1.409270039213e+00,1.411211548525e+00,1.258925705208e+00,1.258192503578e+00
0.131616595136,5.686546674156e-01,5.682362899947e-01,1.041215595252e+00,1.040697274019e+00,1.337905128306e+00,1.337750418739e+00,1.407448477605e+00,1.409327897926e+00,1.244090777917e+00,1.243365443439e+00
0.133047210300,5.744451243366e-01,5.740509355620e-01,1.049782926919e+00,1.049262581014e+00,1.343966013101e+00,1.343813657479e+00,1.405175530710e+00,1.406988771086e+00,1.228628604835e+00,1.227910518813e+00
0.134477825465,5.802234741188e-01,5.798539854795e-01,1.058261209840e+00,1.057743109330e+00,1.349779410488e+00,1.349632597958e+00,1.402451880906e+00,1.404194923979e+00,1.212546543722e+00,1.211835534002e+00
0.135908440629,5.859900814237e-01,5.856453225273e-01,1.066649982528e+00,1.066138173754e+00,1.355344184326e+00,1.355206182325e+00,1.399278299220e+00,1.400947259540e+00,1.195852246479e+00,1.195148606419e+00
0.137339055794,5.917452924907e-01,5.914248297223e-01,1.074948920728e+00,1.074447095980e+00,1.360659345832e+00,1.360533397329e+00,1.395655622122e+00,1.397246827371e+00,1.178553684898e+00,1.177858162492e+00
0.138769670959,5.974894274900e-01,5.971923903202e-01,1.083157814242e+00,1.082669204658e+00,1.365724059333e+00,1.365613274512e+00,1.391584730536e+00,1.393094823404e+00,1.160659178026e+00,1.159972933408e+00
0.140200286123,6.032227741979e-01,6.029478878182e-01,1.091276541520e+00,1.090803835458e+00,1.370537644788e+00,1.370444890379e+00,1.387066532561e+00,1.388492589510e+00,1.142177418830e+00,1.141501950704e+00
0.141630901288,6.089455828815e-01,6.086912059568e-01,1.099305043127e+00,1.098850331114e+00,1.375099575979e+00,1.375027366568e+00,1.382101951245e+00,1.383441613073e+00,1.123117497562e+00,1.122454541704e+00
0.143061516452,6.146580621976e-01,6.144222287230e-01,1.107243295174e+00,1.106808041482e+00,1.379409473349e+00,1.379359870008e+00,1.376691918527e+00,1.377943526500e+00,1.103488919134e+00,1.102840324813e+00
0.144492131617,6.203603758530e-01,6.201408403519e-01,1.115091283719e+00,1.114676323594e+00,1.383467090724e+00,1.383441613073e+00,1.370837376171e+00,1.372000106701e+00,1.083301611990e+00,1.082669204658e+00
0.145922746781,6.260526397571e-01,6.258469253292e-01,1.122848981033e+00,1.122454541704e+00,1.387272295521e+00,1.387271853723e+00,1.364539284142e+00,1.365613274512e+00,1.062565926450e+00,1.061951367086e+00
0.147353361946,6.317349194185e-01,6.315403683938e-01,1.130516324479e+00,1.130142067346e+00,1.390825042574e+00,1.390849895641e+00,1.357798636466e+00,1.358785094073e+00,1.041292621204e+00,1.040697274019e+00
0.148783977110,6.374072274065e-01,6.372210545400e-01,1.138093198603e+00,1.137738279380e+00,1.394125342295e+00,1.394175088358e+00,1.350616484251e+00,1.351517772161e+00,1.019492837611e+00,1.018917658176e+00
0.150214592275,6.430695208027e-01,6.428888690196e-01,1.145579420866e+00,1.145242564045e+00,1.397173224527e+00,1.397246827371e+00,1.342993965078e+00,1.343813657479e+00,9.971780625421e-01,9.966235176487e-01
0.151645207439,6.487216987047e-01,6.485436973447e-01,1.152974731256e+00,1.152654315006e+00,1.399968700042e+00,1.400064554254e+00,1.334932337653e+00,1.335675239897e+00,9.743600816605e-01,9.738261103493e-01
0.153075822604,6.543635999890e-01,6.541854252894e-01,1.160278785890e+00,1.159972933408e+00,1.402511722151e+00,1.402627756760e+00,1.326433020250e+00,1.327105149643e+00,9.510509260734e-01,9.505369483255e-01
0.154506437768,6.599950016819e-01,6.598139388925e-01,1.167491154524e+00,1.167197827918e+00,1.404802151212e+00,1.404935968911e+00,1.317497631259e+00,1.318106156458e+00,9.272628161517e-01,9.267677919475e-01
0.155937052933,6.656156183904e-01,6.654291244599e-01,1.174611321809e+00,1.174328414775e+00,1.406839724934e+00,1.406988771086e+00,1.308128029954e+00,1.308681168698e+00,9.030081068393e-01,9.025306439689e-01
0.157367668097,6.712251033026e-01,6.710308685666e-01,1.181638691963e+00,1.181364117841e+00,1.408624037210e+00,1.408785790098e+00,1.298326355557e+00,1.298833232396e+00,8.782992389149e-01,8.778377434661e-01
0.158798283262,6.768230512514e-01,6.766190580590e-01,1.188572596500e+00,1.188304368643e+00,1.410154527789e+00,1.410326699257e+00,1.288095062670e+00,1.288565530274e+00,8.531487003693e-01,8.527015596574e-01
0.160228898426,6.824090042442e-01,6.821935800575e-01,1.195412304549e+00,1.195148606419e+00,1.411430484410e+00,1.411611218434e+00,1.277436951308e+00,1.277881380720e+00,8.275690013388e-01,8.271347856068e-01
0.161659513591,6.879824596963e-01,6.877543219585e-01,1.202157035278e+00,1.201896278166e+00,1.412451058163e+00,1.412639114110e+00,1.266355189948e+00,1.266784236709e+00,8.015726649495e-01,8.011503318142e-01
0.163090128755,6.935428813836e-01,6.933011714367e-01,1.208805971867e+00,1.208546838684e+00,1.413215291833e+00,1.413410199419e+00,1.254853330320e+00,1.255277684694e+00,7.751722350772e-01,7.747613196962e-01
0.164520743920,6.990897128663e-01,6.988340164476e-01,1.215358276487e+00,1.215099750619e+00,1.413722159984e+00,1.413924334183e+00,1.242935313017e+00,1.243365443439e+00,7.483803005521e-01,7.479810749595e-01
0.165951359084,7.046223928729e-01,7.043527452293e-01,1.221813105685e+00,1.221554484506e+00,1.413970618570e+00,1.414181424934e+00,1.230605463393e+00,1.231051362825e+00,7.212095338839e-01,7.208231208727e-01
0.167381974249,7.101403718947e-01,7.098572463052e-01,1.228169625581e+00,1.227910518813e+00,1.413959661104e+00,1.414181424934e+00,1.217868477679e+00,1.218339422601e+00,6.936727412930e-01,6.933011714367e-01
0.168812589413,7.156431290588e-01,7.153474084862e-01,1.234427026259e+00,1.234167339983e+00,1.413688377822e+00,1.413924334183e+00,1.204729399640e+00,1.205233731098e+00,6.657829198365e-01,6.654291244599e-01
0.170243204578,7.211301882485e-01,7.208231208727e-01,1.240584534767e+00,1.240324442476e+00,1.413156014037e+00,1.413410199419e+00,1.191193588580e+00,1.191738523904e+00,6.375533167974e-01,6.372210545400e-01
0.171673819742,7.266011324336e-01,7.262842728570e-01,1.246641426129e+00,1.246381328808e+00,1.412362023895e+00,1.412639114110e+00,1.177266679886e+00,1.177858162492e+00,6.089974863155e-01,6.086912059568e-01
0.173104434907,7.320556152635e-01,7.317307541256e-01,1.252597031875e+00,1.252337509591e+00,1.411306116055e+00,1.411611218434e+00,1.162954539673e+00,1.163597132812e+00,5.801293384716e-01,5.798539854795e-01
0.174535050072,7.374933691501e-01,7.371624546612e-01,1.258450745624e+00,1.258192503578e+00,1.409988288395e+00,1.410326699257e+00,1.148263215421e+00,1.148960043843e+00,5.509631766643e-01,5.507239550910e-01
0.175965665236,7.429142093152e-01,7.425792647451e-01,1.264202025428e+00,1.263945837694e+00,1.408408849607e+00,1.408785790098e+00,1.133198884719e+00,1.133951626097e+00,5.215137200566e-01,5.213158246354e-01
0.177396280401,7.483180335622e-01,7.479810749595e-01,1.269850392705e+00,1.269597047079e+00,1.406568426445e+00,1.406988771086e+00,1.117767804371e+00,1.118576730100e+00,4.917961090299e-01,4.916444443891e-01
0.178826895565,7.537048178344e-01,7.533677761896e-01,1.275395427764e+00,1.275145675124e+00,1.404467956327e+00,1.404935968911e+00,1.101976262180e+00,1.102840324813e+00,4.618258928504e-01,4.617247975626e-01
0.180257510730,7.590746079120e-01,7.587392596255e-01,1.280836762141e+00,1.280591273511e+00,1.402108665922e+00,1.402627756760e+00,1.085830533629e+00,1.086747496038e+00,4.316190000288e-01,4.315719927337e-01
0.181688125894,7.644275078542e-01,7.640954167651e-01,1.286174068147e+00,1.285933402242e+00,1.399492037186e+00,1.400064554254e+00,1.069336845479e+00,1.070303444765e+00,4.011916930272e-01,4.012012562186e-01
0.183118741059,7.697636659860e-01,7.694361394157e-01,1.291407046223e+00,1.291171629684e+00,1.396619763007e+00,1.397246827371e+00,1.052501348005e+00,1.053513485494e+00,3.705605099752e-01,3.706279243828e-01
0.184549356223,7.750832593623e-01,7.747613196962e-01,1.296535410845e+00,1.296305532597e+00,1.393493695131e+00,1.394175088358e+00,1.035330097142e+00,1.036383044520e+00,3.397421968183e-01,3.398674358967e-01
0.185979971388,7.803864776906e-01,7.800708500397e-01,1.301558875875e+00,1.301334696169e+00,1.390115787378e+00,1.390849895641e+00,1.017829047298e+00,1.018917658176e+00,3.087536338179e-01,3.089353239395e-01
0.187410586552,7.856735076808e-01,7.853646231954e-01,1.306477140297e+00,1.306258714052e+00,1.386488037245e+00,1.387271853723e+00,1.000004055001e+00,1.001122971045e+00,2.776117605312e-01,2.778472083556e-01
0.188841201717,7.909445186985e-01,7.906425322307e-01,1.311289875311e+00,1.311077188393e+00,1.382612428936e+00,1.383441613073e+00,9.818608929423e-01,9.830047341361e-01,2.463335033258e-01,2.466187877666e-01
0.190271816881,7.961996504627e-01,7.959044705335e-01,1.315996713705e+00,1.315789729869e+00,1.378490880600e+00,1.379359870008e+00,9.634052733397e-01,9.645688030251e-01,2.149357091615e-01,2.152658316443e-01
0.191702432046,8.014390033455e-01,8.011503318142e-01,1.320597242331e+00,1.320395957713e+00,1.374125198169e+00,1.375027366568e+00,9.446428789888e-01,9.458211359624e-01,1.834350888356e-01,1.838041723475e-01
0.193133047210,8.066626316235e-01,8.063800101082e-01,1.325090998325e+00,1.324895499750e+00,1.369517037660e+00,1.370444890379e+00,9.255793998875e-01,9.267677919475e-01,1.518481721803e-01,1.522496971267e-01
0.194563662375,8.118705398219e-01,8.115933997775e-01,1.329477469550e+00,1.329287992425e+00,1.364667877288e+00,1.365613274512e+00,9.062205729455e-01,9.074149287706e-01,1.201912768955e-01,1.206183401023e-01
0.195994277539,8.170626820831e-01,8.167903955133e-01,1.333756099435e+00,1.333573080831e+00,1.359579000094e+00,1.360533397329e+00,8.865722220847e-01,8.877688010225e-01,8.848049182747e-02,8.892607421752e-02
0.197424892704,8.222389643117e-01,8.219708923378e-01,1.337926296173e+00,1.337750418739e+00,1.354251487233e+00,1.355206182325e+00,8.666402959892e-01,8.678357580735e-01,5.673167464627e-02,5.718890317292e-02
0.198855507868,8.273992486979e-01,8.271347856068e-01,1.341987445942e+00,1.341819668630e+00,1.348686221532e+00,1.349632597958e+00,8.464309009028e-01,8.476222420207e-01,2.496046305699e-02,2.542285334492e-02
0.200286123033,8.325433601112e-01,8.322819710111e-01,1.345938929545e+00,1.345780501712e+00,1.342883900429e+00,1.343813657479e+00,8.259503261865e-01,8.271347856068e-01,-6.817702035243e-03,-6.356034307115e-03
0.201716738197,8.376710937964e-01,8.374123445792e-01,1.349780141643e+00,1.349632597958e+00,1.336845057068e+00,1.337750418739e+00,8.052050608227e-01,8.063800101082e-01,-3.858754357830e-02,-3.813171234106e-02
0.203147353362,8.427822237812e-01,8.425258026791e-01,1.353510511559e+00,1.353375646126e+00,1.330570087987e+00,1.331443984004e+00,7.842017996611e-01,7.853646231954e-01,-7.033390825297e-02,-6.988813493557e-02
0.204577968526,8.478765114284e-01,8.476222420207e-01,1.357129524469e+00,1.357009343781e+00,1.324059285714e+00,1.324895499750e+00,7.629474389051e-01,7.640954167651e-01,-1.020417220587e-01,-1.016092659927e-01
0.206008583691,8.529537136261e-01,8.527015596574e-01,1.360636741736e+00,1.360533397329e+00,1.317312874483e+00,1.318106156458e+00,7.414490610761e-01,7.425792647451e-01,-1.336959445828e-01,-1.332790872359e-01
0.207439198856,8.580135901894e-01,8.577636529885e-01,1.364031819135e+00,1.363947522031e+00,1.310331047306e+00,1.311077188393e+00,7.197139104349e-01,7.208231208727e-01,-1.652815248614e-01,-1.648816062984e-01
0.208869814020,8.630559101559e-01,8.628084197615e-01,1.367314521756e+00,1.367251442032e+00,1.303114002774e+00,1.303809873386e+00,6.977493605016e-01,6.988340164476e-01,-1.967833615169e-01,-1.964008647994e-01
0.210300429185,8.680804567651e-01,8.678357580735e-01,1.370484734553e+00,1.370444890379e+00,1.295661980091e+00,1.296305532597e+00,6.755628758698e-01,6.766190580590e-01,-2.281862694997e-01,-2.278209464020e-01
0.211731044349,8.730870310251e-01,8.728455663739e-01,1.373542467660e+00,1.373527609049e+00,1.287975291112e+00,1.288565530274e+00,6.531619708964e-01,6.541854252894e-01,-2.594749552922e-01,-2.591259848511e-01
0.213161659514,8.780754538726e-01,8.778377434661e-01,1.376487855889e+00,1.376499348963e+00,1.280054348405e+00,1.280591273511e+00,6.305541680426e-01,6.315403683938e-01,-2.906340018919e-01,-2.903001719851e-01
0.214592274678,8.830455670206e-01,8.828121885097e-01,1.379321152101e+00,1.379359870008e+00,1.271899688610e+00,1.272384211983e+00,6.077469586274e-01,6.086912059568e-01,-3.216478642960e-01,-3.213277657185e-01
0.216022889843,8.879972326581e-01,8.877688010225e-01,1.382042714478e+00,1.382108941059e+00,1.263511990687e+00,1.263945837694e+00,5.847477685302e-01,5.856453225273e-01,-3.525008756126e-01,-3.521930979916e-01
0.217453505007,8.929303322158e-01,8.927074808825e-01,1.384652988036e+00,1.384746339997e+00,1.254892088871e+00,1.255277684694e+00,5.615639309818e-01,5.624101662316e-01,-3.831772633435e-01,-3.828805826818e-01
0.218884120172,8.978447644363e-01,8.976281283298e-01,1.387152481066e+00,1.387271853723e+00,1.246040980410e+00,1.246381328808e+00,5.382026680297e-01,5.389932463667e-01,-4.136611748640e-01,-4.133747234748e-01
0.220314735336,9.027404429983e-01,9.025306439689e-01,1.389541737438e+00,1.389685278180e+00,1.236959828361e+00,1.237258387346e+00,5.146710816288e-01,5.154021309732e-01,-4.439367106881e-01,-4.436601216894e-01
0.221745350501,9.076172939305e-01,9.074149287706e-01,1.391821305992e+00,1.391986418368e+00,1.227649959884e+00,1.227910518813e+00,4.909761546417e-01,4.916444443891e-01,-4.739879637699e-01,-4.737214840535e-01
0.223175965665,9.124752530266e-01,9.122808840737e-01,1.393991708387e+00,1.394175088358e+00,1.218112860598e+00,1.218339422601e+00,4.671247613884e-01,4.677278647866e-01,-5.037990628870e-01,-5.035436304269e-01
0.224606580830,9.173142634396e-01,9.171284115876e-01,1.396053406913e+00,1.396251111309e+00,1.208350165645e+00,1.208546838684e+00,4.431236868293e-01,4.436601216894e-01,-5.333542180578e-01,-5.331115014667e-01
0.226037195994,9.221342735893e-01,9.219574133936e-01,1.398006773818e+00,1.398214319483e+00,1.198363648159e+00,1.198534547304e+00,4.189796530292e-01,4.194489934757e-01,-5.626377659883e-01,-5.624101662316e-01
0.227467811159,9.269352354768e-01,9.267677919475e-01,1.399852063652e+00,1.400064554254e+00,1.188155205834e+00,1.188304368643e+00,3.946993512557e-01,3.951023048636e-01,-5.916342136928e-01,-5.914248297223e-01
0.228898426323,9.317171034556e-01,9.315594500811e-01,1.401589390021e+00,1.401801666128e+00,1.177726846270e+00,1.177858162492e+00,3.702894779229e-01,3.706279243828e-01,-6.203282786795e-01,-6.201408403519e-01
0.230329041488,9.364798334732e-01,9.363322910043e-01,1.403218707979e+00,1.403425514748e+00,1.167080671735e+00,1.167197827918e+00,3.457567725850e-01,3.460337618311e-01,-6.487049244104e-01,-6.485436973447e-01
0.231759656652,9.412233827639e-01,9.410862183074e-01,1.404739803024e+00,1.404935968911e+00,1.156218863915e+00,1.156325302913e+00,3.211080562830e-01,3.213277657185e-01,-6.767493901053e-01,-6.766190580590e-01
0.233190271817,9.459477099507e-01,9.458211359624e-01,1.406152287367e+00,1.406332906573e+00,1.145143669162e+00,1.145242564045e+00,2.963502687239e-01,2.965179206979e-01,-7.044472143347e-01,-7.043527452293e-01
0.234620886981,9.506527754975e-01,9.505369483255e-01,1.407455603840e+00,1.407616214865e+00,1.133857384664e+00,1.133951626097e+00,2.714905029781e-01,2.716122449850e-01,-7.317842522060e-01,-7.317307541256e-01
0.236051502146,9.553385424426e-01,9.552335601387e-01,1.408649037431e+00,1.408785790098e+00,1.122362345926e+00,1.122454541704e+00,2.465360365951e-01,2.466187877666e-01,-7.587466862740e-01,-7.587392596255e-01
0.237482117310,9.600049773403e-01,9.599108765321e-01,1.409731734079e+00,1.409841537771e+00,1.110660915827e+00,1.110753400974e+00,2.214943582193e-01,2.215456265994e-01,-7.853210315707e-01,-7.853646231954e-01
0.238912732475,9.646520513406e-01,9.645688030251e-01,1.410702726044e+00,1.410783372583e+00,1.098755475534e+00,1.098850331114e+00,1.963731889396e-01,1.964008647994e-01,-8.114941353495e-01,-8.115933997775e-01
0.240343347639,9.692797413346e-01,9.692072455292e-01,1.411560962825e+00,1.411611218434e+00,1.086648417436e+00,1.086747496038e+00,1.711804977151e-01,1.711926288228e-01,-8.372531722682e-01,-8.374123445792e-01
0.241773962804,9.738880311028e-01,9.738261103493e-01,1.412305346354e+00,1.412325008435e+00,1.074342140271e+00,1.074447095980e+00,1.459245103017e-01,1.459290656400e-01,-8.625856357905e-01,-8.628084197615e-01
0.243204577969,9.784769123989e-01,9.784253041857e-01,1.412934768971e+00,1.412924684915e+00,1.061839046529e+00,1.061951367086e+00,1.206137111735e-01,1.206183401023e-01,-8.874793265901e-01,-8.877688010225e-01
0.244635193133,9.830463859069e-01,9.830047341361e-01,1.413448152558e+00,1.413410199419e+00,1.049141542213e+00,1.049262581014e+00,9.525683802196e-02,9.526863230346e-02,-9.119223386983e-01,-9.122808840737e-01
0.246065808298,9.875964620021e-01,9.875643076976e-01,1.413844487150e+00,1.413781512720e+00,1.036252038945e+00,1.036383044520e+00,6.986286853216e-02,6.988813493557e-02,-9.359030440674e-01,-9.363322910043e-01
0.247496423462,9.921271612417e-01,9.921039327681e-01,1.414122867354e+00,1.414038594816e+00,1.023172958369e+00,1.023315099035e+00,4.444099931586e-02,4.448505064159e-02,-9.594100761547e-01,-9.599108765321e-01
0.248927038627,9.966385145028e-01,9.966235176487e-01,1.414282525015e+00,1.414181424934e+00,1.009906738688e+00,1.010061120244e+00,1.900061711928e-02,1.906758936430e-02,-9.824323130688e-01,-9.830047341361e-01
0.250357653791,1.001130562675e+00,1.001122971045e+00,1.414322856737e+00,1.414209991534e+00,9.964558430957e-01,9.966235176487e-01,-6.448737266017e-03,-6.356034307115e-03,-1.004958860788e+00,-1.005602202070e+00
0.251788268956,1.005603355804e+00,1.005602202070e+00,1.414243445116e+00,1.414124292309e+00,9.828227697384e-01,9.830047341361e-01,-3.189741159709e-02,-3.177760379183e-02,-1.026979036959e+00,-1.027691869249e+00
0.253218884120,1.010056951594e+00,1.010061120244e+00,1.414044072813e+00,1.413924334183e+00,9.690100626926e-01,9.692072455292e-01,-5.733569008664e-02,-5.718890317292e-02,-1.048482355829e+00,-1.049262581014e+00
0.254649499285,1.014491413143e+00,1.014499635498e+00,1.413724728942e+00,1.413610133312e+00,9.550203233509e-01,9.552335601387e-01,-8.275384502763e-02,-8.258171985263e-02,-1.069458514900e+00,-1.070303444765e+00
0.256080114449,1.018906805844e+00,1.018917658176e+00,1.413285607583e+00,1.413181715082e+00,9.408562214549e-01,9.410862183074e-01,-1.081421901684e-01,-1.079478472065e-01,-1.089897384008e+00,-1.090803835458e+00
0.257510729614,1.023303193368e+00,1.023315099035e+00,1.412727098578e+00,1.412639114110e+00,9.265205049401e-01,9.267677919475e-01,-1.334911335741e-01,-1.332790872359e-01,-1.109788997555e+00,-1.110753400974e+00
0.258941344778,1.027680632690e+00,1.027691869249e+00,1.412049771104e+00,1.411982374236e+00,9.120160076956e-01,9.122808840737e-01,-1.587912275233e-01,-1.585672532171e-01,-1.129123550693e+00,-1.130142067346e+00
0.260371959943,1.032039168182e+00,1.032047880407e+00,1.411254350819e+00,1.411211548525e+00,8.973456543477e-01,8.976281283298e-01,-1.840332129543e-01,-1.838041723475e-01,-1.147891400222e+00,-1.148960043843e+00
0.261802575107,1.036378824828e+00,1.036383044520e+00,1.410341691646e+00,1.410326699257e+00,8.825124612433e-01,8.828121885097e-01,-2.092080561076e-01,-2.089816883866e-01,-1.166083070871e+00,-1.167197827918e+00
0.263233190272,1.040699600717e+00,1.040697274019e+00,1.409312743454e+00,1.409327897926e+00,8.675195329569e-01,8.678357580735e-01,-2.343069753357e-01,-2.340916642925e-01,-1.183689267482e+00,-1.184846210004e+00
0.264663805436,1.045001459018e+00,1.044990481757e+00,1.408168517048e+00,1.408215225236e+00,8.523700538611e-01,8.527015596574e-01,-2.593214565538e-01,-2.591259848511e-01,-1.200700893299e+00,-1.201896278166e+00
0.266094420601,1.049284319757e+00,1.049262581014e+00,1.406910047985e+00,1.406988771086e+00,8.370672745894e-01,8.374123445792e-01,-2.842432564726e-01,-2.840765592993e-01,-1.217109074253e+00,-1.218339422601e+00
0.267525035765,1.053548051762e+00,1.053513485494e+00,1.405538360704e+00,1.405648634574e+00,8.216144935634e-01,8.219708923378e-01,-3.090643935421e-01,-3.089353239395e-01,-1.232905188691e+00,-1.234167339983e+00
0.268955650930,1.057792465244e+00,1.057743109330e+00,1.404054434466e+00,1.404194923979e+00,8.060150341274e-01,8.063800101082e-01,-3.337771273911e-01,-3.336942447461e-01,-1.248080901555e+00,-1.249372037662e+00
0.270386266094,1.062017305514e+00,1.061951367086e+00,1.402459172445e+00,1.402627756760e+00,7.902722182180e-01,7.906425322307e-01,-3.583739284030e-01,-3.583453199612e-01,-1.262628201558e+00,-1.263945837694e+00
0.271816881259,1.066222248396e+00,1.066138173754e+00,1.400753375171e+00,1.400947259540e+00,7.743893378478e-01,7.747613196962e-01,-3.828474398403e-01,-3.828805826818e-01,-1.276539439511e+00,-1.277881380720e+00
0.273247496423,1.070406897869e+00,1.070303444765e+00,1.398937719310e+00,1.399153568101e+00,7.583696259840e-01,7.587392596255e-01,-4.071904355555e-01,-4.072921034334e-01,-1.289807365654e+00,-1.291171629684e+00
0.274678111588,1.074570786490e+00,1.074447095980e+00,1.397012742518e+00,1.397246827371e+00,7.422162286156e-01,7.425792647451e-01,-4.313957767167e-01,-4.315719927337e-01,-1.302425163667e+00,-1.303809873386e+00
0.276108726753,1.078713379019e+00,1.078569043698e+00,1.394978834817e+00,1.395227191411e+00,7.259321799049e-01,7.262842728570e-01,-4.554563711020e-01,-4.557124036418e-01,-1.314386479032e+00,-1.315789729869e+00
0.277539341917,1.082834079626e+00,1.082669204658e+00,1.392836236677e+00,1.393094823404e+00,7.095203822926e-01,7.098572463052e-01,-4.793651383303e-01,-4.797055342943e-01,-1.325685439623e+00,-1.327105149643e+00
0.278969957082,1.086932242852e+00,1.086747496038e+00,1.390585043649e+00,1.390849895641e+00,6.929835932648e-01,6.933011714367e-01,-5.031149839067e-01,-5.035436304269e-01,-1.336316666728e+00,-1.337750418739e+00
0.280400572246,1.091007188363e+00,1.090803835458e+00,1.388225217163e+00,1.388492589510e+00,6.763244201886e-01,6.766190580590e-01,-5.266987842114e-01,-5.272189878806e-01,-1.346275275309e+00,-1.347720161599e+00
0.281831187411,1.095058219263e+00,1.094838140980e+00,1.385756600788e+00,1.386023095477e+00,6.595453242025e-01,6.598139388925e-01,-5.501093835909e-01,-5.507239550910e-01,-1.355556862923e+00,-1.357009343781e+00
0.283261802575,1.099084643559e+00,1.098850331114e+00,1.383178941062e+00,1.383441613073e+00,6.426486336224e-01,6.428888690196e-01,-5.733396036347e-01,-5.740509355620e-01,-1.364157487556e+00,-1.365613274512e+00
0.284692417740,1.103085798079e+00,1.102840324813e+00,1.380491911785e+00,1.380748350876e+00,6.256365667327e-01,6.258469253292e-01,-5.963822636237e-01,-5.971923903202e-01,-1.372073635403e+00,-1.373527609049e+00
0.286123032904,1.107061073932e+00,1.106808041482e+00,1.377695140552e+00,1.377943526500e+00,6.085112632039e-01,6.086912059568e-01,-6.192302101313e-01,-6.201408403519e-01,-1.379302180385e+00,-1.380748350876e+00
0.287553648069,1.111009942392e+00,1.110753400974e+00,1.374788236222e+00,1.375027366568e+00,5.912748227672e-01,5.914248297223e-01,-6.418763529447e-01,-6.428888690196e-01,-1.385840337917e+00,-1.387271853723e+00
0.288984263233,1.114931979910e+00,1.114676323594e+00,1.371770815989e+00,1.372000106701e+00,5.739293492126e-01,5.740509355620e-01,-6.643137039295e-01,-6.654291244599e-01,-1.391685615910e+00,-1.393094823404e+00
0.290414878398,1.118826890858e+00,1.118576730100e+00,1.368642530811e+00,1.368861991498e+00,5.564769973212e-01,5.565726819586e-01,-6.865354152274e-01,-6.877543219585e-01,-1.396835766333e+00,-1.398214319483e+00
0.291845493562,1.122694526569e+00,1.122454541704e+00,1.365403088022e+00,1.365613274512e+00,5.389200200133e-01,5.389932463667e-01,-7.085348132822e-01,-7.098572463052e-01,-1.401288740730e+00,-1.402627756760e+00
0.293276108727,1.126534899300e+00,1.126309680077e+00,1.362052270150e+00,1.362254218235e+00,5.212608128371e-01,5.213158246354e-01,-7.303054256004e-01,-7.317307541256e-01,-1.405042652897e+00,-1.406332906573e+00
0.294706723891,1.130348189871e+00,1.130142067346e+00,1.358589949187e+00,1.358785094073e+00,5.035019529534e-01,5.035436304269e-01,-7.518409978235e-01,-7.533677761896e-01,-1.408095751509e+00,-1.409327897926e+00
0.296137339056,1.134134748003e+00,1.133951626097e+00,1.355016095790e+00,1.355206182325e+00,4.856462299948e-01,4.856798946329e-01,-7.731354995444e-01,-7.747613196962e-01,-1.410446404833e+00,-1.411611218434e+00
0.297567954220,1.137895084670e+00,1.137738279380e+00,1.351330783208e+00,1.351517772161e+00,4.676966665975e-01,4.677278647866e-01,-7.941831182487e-01,-7.959044705335e-01,-1.412093098840e+00,-1.413181715082e+00
0.298998569385,1.141629856218e+00,1.141501950704e+00,1.347534186015e+00,1.347720161599e+00,4.496565269906e-01,4.496908044726e-01,-8.149782417070e-01,-8.167903955133e-01,-1.413034449096e+00,-1.414038594816e+00
0.300429184549,1.145339840459e+00,1.145242564045e+00,1.343626574014e+00,1.343813657479e+00,4.315293127591e-01,4.315719927337e-01,-8.355154300116e-01,-8.374123445792e-01,-1.413269225826e+00,-1.414181424934e+00
0.301859799714,1.149025905434e+00,1.148960043843e+00,1.339608301965e+00,1.339798575441e+00,4.133187457159e-01,4.133747234748e-01,-8.557893791566e-01,-8.577636529885e-01,-1.412796390590e+00,-1.413610133312e+00
0.303290414878,1.152688972066e+00,1.152654315006e+00,1.335479796008e+00,1.335675239897e+00,3.950287386857e-01,3.951023048636e-01,-8.757948785683e-01,-8.778377434661e-01,-1.411615142176e+00,-1.412325008435e+00
0.304721030043,1.156329972353e+00,1.156325302913e+00,1.331241537835e+00,1.331443984004e+00,3.766633558380e-01,3.767580587299e-01,-8.955267652775e-01,-8.976281283298e-01,-1.409724968628e+00,-1.410326699257e+00
0.306151645207,1.159949805165e+00,1.159972933408e+00,1.326894047792e+00,1.327105149643e+00,3.582267649647e-01,3.583453199612e-01,-9.149798774796e-01,-9.171284115876e-01,-1.407125701902e+00,-1.407616214865e+00
0.307582260372,1.163549291987e+00,1.163597132812e+00,1.322437868103e+00,1.322659087382e+00,3.397231847003e-01,3.398674358967e-01,-9.341490100905e-01,-9.363322910043e-01,-1.403817571449e+00,-1.404194923979e+00
0.309012875536,1.167129135089e+00,1.167197827918e+00,1.317873547403e+00,1.318106156458e+00,3.211568300907e-01,3.213277657185e-01,-9.530288745967e-01,-9.552335601387e-01,-1.399801253106e+00,-1.400064554254e+00
0.310443490701,1.170689880588e+00,1.170774945991e+00,1.313201627624e+00,1.313446724738e+00,3.025318600776e-01,3.027296798413e-01,-9.716140650774e-01,-9.738261103493e-01,-1.395077910083e+00,-1.395227191411e+00
0.311874105866,1.174231888678e+00,1.174328414775e+00,1.308422634117e+00,1.308681168698e+00,2.838523303723e-01,2.840765592993e-01,-9.898990317873e-01,-9.921039327681e-01,-1.389649223396e+00,-1.389685278180e+00
0.313304721030,1.177755312933e+00,1.177858162492e+00,1.303537069622e+00,1.303809873386e+00,2.651221548250e-01,2.653717951318e-01,-1.007878063183e+00,-1.010061120244e+00,-1.383517409906e+00,-1.383441613073e+00
0.314735336195,1.181260090090e+00,1.181364117841e+00,1.298545412445e+00,1.298833232396e+00,2.463450777984e-01,2.466187877666e-01,-1.025545276791e+00,-1.027691869249e+00,-1.376685227048e+00,-1.376499348963e+00
0.316165951359,1.184745941056e+00,1.184846210004e+00,1.293448118864e+00,1.293751647831e+00,2.275246592485e-01,2.278209464020e-01,-1.042894618879e+00,-1.044990481757e+00,-1.369155964278e+00,-1.368861991498e+00
0.317596566524,1.188212383195e+00,1.188304368643e+00,1.288245629496e+00,1.288565530274e+00,2.086642732825e-01,2.089816883866e-01,-1.059919872545e+00,-1.061951367086e+00,-1.360933422235e+00,-1.360533397329e+00
0.319027181688,1.191658753199e+00,1.191738523904e+00,1.282938379079e+00,1.283275298757e+00,1.897671199711e-01,1.901044385986e-01,-1.076614673535e+00,-1.078569043698e+00,-1.352021881420e+00,-1.351517772161e+00
0.320457796853,1.195084239166e+00,1.195148606419e+00,1.277526808847e+00,1.277881380720e+00,1.708362492235e-01,1.711926288228e-01,-1.092972532914e+00,-1.094838140980e+00,-1.342426062912e+00,-1.341819668630e+00
0.321888412017,1.198487919894e+00,1.198534547304e+00,1.272011380519e+00,1.272384211983e+00,1.518745946764e-01,1.522496971267e-01,-1.108986865585e+00,-1.110753400974e+00,-1.332151084100e+00,-1.331443984004e+00
0.323319027182,1.201868808964e+00,1.201896278166e+00,1.266392590785e+00,1.266784236709e+00,1.328850148693e-01,1.332790872359e-01,-1.124651023560e+00,-1.126309680077e+00,-1.321202412671e+00,-1.320395957713e+00
0.324749642346,1.205225900908e+00,1.205233731098e+00,1.260670985123e+00,1.261081907367e+00,1.138703385347e-01,1.142842479075e-01,-1.139958332882e+00,-1.141501950704e+00,-1.309585822113e+00,-1.308681168698e+00
0.326180257511,1.208558216699e+00,1.208546838684e+00,1.254847169823e+00,1.255277684694e+00,9.483341065354e-02,9.526863230346e-02,-1.154902133080e+00,-1.156325302913e+00,-1.297307351748e+00,-1.296305532597e+00
0.327610872675,1.211864845943e+00,1.211835534002e+00,1.248921821178e+00,1.249372037662e+00,7.577713602147e-02,7.623569736275e-02,-1.169475818105e+00,-1.170774945991e+00,-1.284373273933e+00,-1.283275298757e+00
0.329041487840,1.215144983478e+00,1.215099750619e+00,1.242895690986e+00,1.243365443439e+00,5.670451741542e-02,5.718890317292e-02,-1.183672877711e+00,-1.184846210004e+00,-1.270790070419e+00,-1.269597047079e+00
0.330472103004,1.218397958575e+00,1.218339422601e+00,1.236769607696e+00,1.237258387346e+00,3.761868600668e-02,3.813171234106e-02,-1.197486938314e+00,-1.198534547304e+00,-1.256564419202e+00,-1.255277684694e+00
0.331902718169,1.221623255515e+00,1.221554484506e+00,1.230544472822e+00,1.231051362825e+00,1.852292236833e-02,1.906758936430e-02,-1.210911802437e+00,-1.211835534002e+00,-1.241703192350e+00,-1.240324442476e+00
0.333333333333,1.224820524954e+00,1.224744871392e+00,1.224221252493e+00,1.224744871392e+00,-5.793327898823e-04,1.731912112471e-16,-1.223941485924e+00,-1.224744871392e+00,-1.226213464553e+00,-1.224744871392e+00
0.334763948498,1.227989586103e+00,1.227910518813e+00,1.217800964329e+00,1.218339422601e+00,-1.968447823467e-02,-1.906758936430e-02,-1.236570252166e+00,-1.237258387346e+00,-1.210102531311e+00,-1.208546838684e+00
0.336194563662,1.231130420359e+00,1.231051362825e+00,1.211284660095e+00,1.211835534002e+00,-3.878876150971e-02,-3.813171234106e-02,-1.248792642704e+00,-1.249372037662e+00,-1.193377935055e+00,-1.191738523904e+00
0.337625178827,1.234243157456e+00,1.234167339983e+00,1.204673404858e+00,1.205233731098e+00,-5.788829664006e-02,-5.718890317292e-02,-1.260603503621e+00,-1.261081907367e+00,-1.176047496913e+00,-1.174328414775e+00
0.339055793991,1.237328055584e+00,1.237258387346e+00,1.197968253592e+00,1.198534547304e+00,-7.697908848449e-02,-7.623569736275e-02,-1.271998007290e+00,-1.272384211983e+00,-1.158119351467e+00,-1.156325302913e+00
0.340486409156,1.240385477140e+00,1.240324442476e+00,1.191170226383e+00,1.191738523904e+00,-9.605706168130e-02,-9.526863230346e-02,-1.282971669079e+00,-1.283275298757e+00,-1.139601981683e+00,-1.137738279380e+00
0.341917024320,1.243415861833e+00,1.243365443439e+00,1.184280283469e+00,1.184846210004e+00,-1.151180920134e-01,-1.142842479075e-01,-1.293520358769e+00,-1.293751647831e+00,-1.120504251181e+00,-1.118576730100e+00
0.343347639485,1.246419698817e+00,1.246381328808e+00,1.177299301463e+00,1.177858162492e+00,-1.341580380683e-01,-1.332790872359e-01,-1.303640306525e+00,-1.303809873386e+00,-1.100835431274e+00,-1.098850331114e+00
0.344778254649,1.249397499385e+00,1.249372037662e+00,1.170228052035e+00,1.170774945991e+00,-1.531727712648e-01,-1.522496971267e-01,-1.313328103342e+00,-1.313446724738e+00,-1.080605220576e+00,-1.078569043698e+00
0.346208869814,1.252349771484e+00,1.252337509591e+00,1.163067184309e+00,1.163597132812e+00,-1.721582026322e-01,-1.711926288228e-01,-1.322580696052e+00,-1.322659087382e+00,-1.059823755566e+00,-1.057743109330e+00
0.347639484979,1.255276997039e+00,1.255277684694e+00,1.155817211995e+00,1.156325302913e+00,-1.911103051235e-01,-1.901044385986e-01,-1.331395377024e+00,-1.331443984004e+00,-1.038501611155e+00,-1.036383044520e+00
0.349070100143,1.258179612768e+00,1.258192503578e+00,1.148478506127e+00,1.148960043843e+00,-2.100251306793e-01,-2.089816883866e-01,-1.339769768861e+00,-1.339798575441e+00,-1.016649791032e+00,-1.014499635498e+00
0.350500715308,1.261057994840e+00,1.261081907367e+00,1.141051293924e+00,1.141501950704e+00,-2.288988217107e-01,-2.278209464020e-01,-1.347701804492e+00,-1.347720161599e+00,-9.942797083261e-01,-9.921039327681e-01
0.351931330472,1.263912447473e+00,1.263945837694e+00,1.133535664008e+00,1.133951626097e+00,-2.477276170885e-01,-2.466187877666e-01,-1.355189703208e+00,-1.355206182325e+00,-9.714031577980e-01,-9.692072455292e-01
0.353361945637,1.266743195323e+00,1.266784236709e+00,1.125931577856e+00,1.126309680077e+00,-2.665078530971e-01,-2.653717951318e-01,-1.362231943315e+00,-1.362254218235e+00,-9.480322813645e-01,-9.458211359624e-01
0.354792560801,1.269550379360e+00,1.269597047079e+00,1.118238886999e+00,1.118576730100e+00,-2.852359601122e-01,-2.840765592993e-01,-1.368827232248e+00,-1.368861991498e+00,-9.241795292127e-01,-9.219574133936e-01
0.356223175966,1.272334055789e+00,1.272384211983e+00,1.110457355174e+00,1.110753400974e+00,-3.039084559669e-01,-3.027296798413e-01,-1.374974475081e+00,-1.375027366568e+00,-8.998576190095e-01,-8.976281283298e-01
0.357653791130,1.275094197545e+00,1.275145675124e+00,1.102586684373e+00,1.102840324813e+00,-3.225219370908e-01,-3.213277657185e-01,-1.380672742536e+00,-1.380748350876e+00,-8.750794957699e-01,-8.728455663739e-01
0.359084406295,1.277830697905e+00,1.277881380720e+00,1.094626543506e+00,1.094838140980e+00,-3.410730685244e-01,-3.398674358967e-01,-1.385921239636e+00,-1.386023095477e+00,-8.498582948029e-01,-8.476222420207e-01
0.360515021459,1.280543375765e+00,1.280591273511e+00,1.086576598316e+00,1.086747496038e+00,-3.595585738415e-01,-3.583453199612e-01,-1.390719276209e+00,-1.390849895641e+00,-8.242073098052e-01,-8.219708923378e-01
0.361945636624,1.283231982275e+00,1.283275298757e+00,1.078436541151e+00,1.078569043698e+00,-3.779752258675e-01,-3.767580587299e-01,-1.395066240422e+00,-1.395227191411e+00,-7.981399676750e-01,-7.959044705335e-01
0.363376251788,1.285896208544e+00,1.285933402242e+00,1.070206119321e+00,1.070303444765e+00,-3.963198388743e-01,-3.951023048636e-01,-1.398961576422e+00,-1.399153568101e+00,-7.716698109936e-01,-7.694361394157e-01
0.364806866953,1.288535694293e+00,1.288565530274e+00,1.061885160910e+00,1.061951367086e+00,-4.145892626885e-01,-4.133747234748e-01,-1.402404766998e+00,-1.402627756760e+00,-7.448104884442e-01,-7.425792647451e-01
0.366237482117,1.291150037347e+00,1.291171629684e+00,1.053473597220e+00,1.053513485494e+00,-4.327803788904e-01,-4.315719927337e-01,-1.405395321927e+00,-1.405648634574e+00,-7.175757527521e-01,-7.153474084862e-01
0.367668097282,1.293738803943e+00,1.293751647831e+00,1.044971481284e+00,1.044990481757e+00,-4.508900990316e-01,-4.496908044726e-01,-1.407932772355e+00,-1.408215225236e+00,-6.899794651146e-01,-6.877543219585e-01
0.369098712446,1.296301539837e+00,1.296305532597e+00,1.036379002248e+00,1.036383044520e+00,-4.689153645801e-01,-4.677278647866e-01,-1.410016671245e+00,-1.410326699257e+00,-6.620356045811e-01,-6.598139388925e-01
0.370529327611,1.298837782155e+00,1.298833232396e+00,1.027696495666e+00,1.027691869249e+00,-4.868531481346e-01,-4.856798946329e-01,-1.411646599530e+00,-1.411982374236e+00,-6.337582805083e-01,-6.315403683938e-01
0.371959942775,1.301347071890e+00,1.301334696169e+00,1.018924450045e+00,1.018917658176e+00,-5.047004553450e-01,-5.035436304269e-01,-1.412822177322e+00,-1.413181715082e+00,-6.051617460608e-01,-6.029478878182e-01
0.373390557940,1.303828966836e+00,1.303809873386e+00,1.010063510097e+00,1.010061120244e+00,-5.224543269422e-01,-5.213158246354e-01,-1.413543079209e+00,-1.413924334183e+00,-5.762604107743e-01,-5.740509355620e-01
0.374821173104,1.306283054664e+00,1.306258714052e+00,1.001114477237e+00,1.001122971045e+00,-5.401118403130e-01,-5.389932463667e-01,-1.413809052509e+00,-1.414209991534e+00,-5.470688504364e-01,-5.448641037713e-01
0.376251788269,1.308708965716e+00,1.308681168698e+00,9.920783078137e-01,9.921039327681e-01,-5.576701101511e-01,-5.565726819586e-01,-1.413619937235e+00,-1.414038594816e+00,-5.176018129253e-01,-5.154021309732e-01
0.377682403433,1.311106385004e+00,1.311077188393e+00,9.829561094448e-01,9.830047341361e-01,-5.751262878503e-01,-5.740509355620e-01,-1.412975686533e+00,-1.413410199419e+00,-4.878742191472e-01,-4.856798946329e-01
0.379113018598,1.313475062842e+00,1.313446724738e+00,9.737491356150e-01,9.738261103493e-01,-5.924775594702e-01,-5.914248297223e-01,-1.411876386480e+00,-1.412325008435e+00,-4.579011587611e-01,-4.557124036418e-01
0.380543633763,1.315814823501e+00,1.315789729869e+00,9.644587784904e-01,9.645688030251e-01,-6.097211422631e-01,-6.086912059568e-01,-1.410322274275e+00,-1.410783372583e+00,-4.276978809160e-01,-4.255147907377e-01
0.381974248927,1.318125571317e+00,1.318106156458e+00,9.550865596707e-01,9.552335601387e-01,-6.268542799006e-01,-6.258469253292e-01,-1.408313754145e+00,-1.408785790098e+00,-3.972797806934e-01,-3.951023048636e-01
0.383404864092,1.320407293781e+00,1.320395957713e+00,9.456341184411e-01,9.458211359624e-01,-6.438742366415e-01,-6.428888690196e-01,-1.405851410483e+00,-1.406332906573e+00,-3.666623822977e-01,-3.644903034672e-01
0.384835479256,1.322660061262e+00,1.322659087382e+00,9.361031969922e-01,9.363322910043e-01,-6.607782907462e-01,-6.598139388925e-01,-1.402936018004e+00,-1.403425514748e+00,-3.358613202400e-01,-3.336942447461e-01
0.386266094421,1.324884023230e+00,1.324895499750e+00,9.264956220986e-01,9.267677919475e-01,-6.775637274530e-01,-6.766190580590e-01,-1.399568548911e+00,-1.400064554254e+00,-3.048923198005e-01,-3.027296798413e-01
0.387696709585,1.327079401043e+00,1.327105149643e+00,9.168132828741e-01,9.171284115876e-01,-6.942278317977e-01,-6.933011714367e-01,-1.395750177164e+00,-1.396251111309e+00,-2.737711779475e-01,-2.716122449850e-01
0.389127324750,1.329246477606e+00,1.329287992425e+00,9.070581044621e-01,9.074149287706e-01,-7.107678814919e-01,-7.098572463052e-01,-1.391482280058e+00,-1.391986418368e+00,-2.425137456570e-01,-2.403576536044e-01
0.390557939914,1.331385584432e+00,1.331443984004e+00,8.972320178465e-01,8.976281283298e-01,-7.271811399898e-01,-7.262842728570e-01,-1.386766437293e+00,-1.387271853723e+00,-2.111359122644e-01,-2.089816883866e-01
0.391988555079,1.333497086809e+00,1.333573080831e+00,8.873369263536e-01,8.877688010225e-01,-7.434648497997e-01,-7.425792647451e-01,-1.381604427735e+00,-1.382108941059e+00,-1.796535921333e-01,-1.775001933094e-01
0.393419170243,1.335581367906e+00,1.335675239897e+00,8.773746698101e-01,8.778377434661e-01,-7.596162260355e-01,-7.587392596255e-01,-1.375998223950e+00,-1.376499348963e+00,-1.480827136018e-01,-1.459290656400e-01
0.394849785408,1.337638812730e+00,1.337750418739e+00,8.673469877019e-01,8.678357580735e-01,-7.756324501878e-01,-7.747613196962e-01,-1.369949984599e+00,-1.370444890379e+00,-1.164392099044e-01,-1.142842479075e-01
0.396280400572,1.339669792800e+00,1.339798575441e+00,8.572554829757e-01,8.577636529885e-01,-7.915106641195e-01,-7.906425322307e-01,-1.363462044696e+00,-1.363947522031e+00,-8.473901159678e-02,-8.258171985263e-02
0.397711015737,1.341674652356e+00,1.341819668630e+00,8.471015883296e-01,8.476222420207e-01,-8.072479643607e-01,-8.063800101082e-01,-1.356536903776e+00,-1.357009343781e+00,-5.299803995620e-02,-5.083749035798e-02
0.399141630901,1.343653696720e+00,1.343813657479e+00,8.368865369117e-01,8.374123445792e-01,-8.228413968873e-01,-8.219708923378e-01,-1.349177212037e+00,-1.349632597958e+00,-2.123220087589e-02,-1.906758936430e-02
0.400572246066,1.345607183277e+00,1.345780501712e+00,8.266113392722e-01,8.271347856068e-01,-8.382879526916e-01,-8.374123445792e-01,-1.341385754640e+00,-1.341819668630e+00,1.054262108776e-02,1.271194022432e-02
0.402002861230,1.347535315255e+00,1.347720161599e+00,8.162767682040e-01,8.167903955133e-01,-8.535845645844e-01,-8.527015596574e-01,-1.333165434475e+00,-1.333573080831e+00,4.231056866246e-02,4.448505064159e-02
0.403433476395,1.349438238315e+00,1.349632597958e+00,8.058833527614e-01,8.063800101082e-01,-8.687281057678e-01,-8.678357580735e-01,-1.324519253883e+00,-1.324895499750e+00,7.405581773403e-02,7.623569736275e-02
0.404864091559,1.351316039689e+00,1.351517772161e+00,7.954313822957e-01,7.959044705335e-01,-8.837153907799e-01,-8.828121885097e-01,-1.315450295933e+00,-1.315789729869e+00,1.057625828864e-01,1.079478472065e-01
0.406294706724,1.353168749493e+00,1.353375646126e+00,7.849209208193e-01,7.853646231954e-01,-8.985431794063e-01,-8.976281283298e-01,-1.305961706077e+00,-1.306258714052e+00,1.374151222096e-01,1.396054864316e-01
0.407725321888,1.354996343683e+00,1.355206182325e+00,7.743518314423e-01,7.747613196962e-01,-9.132081840804e-01,-9.122808840737e-01,-1.296056675002e+00,-1.296305532597e+00,1.689977409219e-01,1.711926288228e-01
0.409155937053,1.356798748100e+00,1.357009343781e+00,7.637238100627e-01,7.640954167651e-01,-9.277070811414e-01,-9.267677919475e-01,-1.285738423618e+00,-1.285933402242e+00,2.004947933909e-01,2.026933237639e-01
0.410586552217,1.358575843067e+00,1.358785094073e+00,7.530364269664e-01,7.533677761896e-01,-9.420365261061e-01,-9.410862183074e-01,-1.275010191033e+00,-1.275145675124e+00,2.318906832678e-01,2.340916642925e-01
0.412017167382,1.360327468062e+00,1.360533397329e+00,7.422891745409e-01,7.425792647451e-01,-9.561931728398e-01,-9.552335601387e-01,-1.263875226261e+00,-1.263945837694e+00,2.631698616598e-01,2.653717951318e-01
0.413447782546,1.362053426131e+00,1.362254218235e+00,7.314815189664e-01,7.317307541256e-01,-9.701736962171e-01,-9.692072455292e-01,-1.252336784239e+00,-1.252337509591e+00,2.943168235217e-01,2.965179206979e-01
0.414878397711,1.363753487836e+00,1.363947522031e+00,7.206129535200e-01,7.208231208727e-01,-9.839748175653e-01,-9.830047341361e-01,-1.240398126477e+00,-1.240324442476e+00,3.253161027267e-01,3.275143130758e-01
0.416309012876,1.365427394697e+00,1.365613274512e+00,7.096830510509e-01,7.098572463052e-01,-9.975933319069e-01,-9.966235176487e-01,-1.228062526396e+00,-1.227910518813e+00,3.561522665369e-01,3.583453199612e-01
0.417739628040,1.367074862240e+00,1.367251442032e+00,6.986915132308e-01,6.988340164476e-01,-1.011026135798e+00,-1.010061120244e+00,-1.215333279123e+00,-1.215099750619e+00,3.868099103987e-01,3.889953725653e-01
0.419170243205,1.368695582872e+00,1.368861991498e+00,6.876382143713e-01,6.877543219585e-01,-1.024270254411e+00,-1.023315099035e+00,-1.202213715263e+00,-1.201896278166e+00,4.172736541191e-01,4.194489934757e-01
0.420600858369,1.370289228886e+00,1.370444890379e+00,6.765232378951e-01,6.766190580590e-01,-1.037322866444e+00,-1.036383044520e+00,-1.188707217900e+00,-1.188304368643e+00,4.475281405033e-01,4.496908044726e-01
0.422031473534,1.371855455935e+00,1.372000106701e+00,6.653469039388e-01,6.654291244599e-01,-1.050181325488e+00,-1.049262581014e+00,-1.174817241966e+00,-1.174328414775e+00,4.775580374558e-01,4.797055342943e-01
0.423462088698,1.373393907294e+00,1.373527609049e+00,6.541097870219e-01,6.541854252894e-01,-1.062843176606e+00,-1.061951367086e+00,-1.160547334975e+00,-1.159972933408e+00,5.073480443603e-01,5.094780263486e-01
0.424892703863,1.374904219163e+00,1.375027366568e+00,6.428127232100e-01,6.428888690196e-01,-1.075306167114e+00,-1.074447095980e+00,-1.145901158143e+00,-1.145242564045e+00,5.368829032749e-01,5.389932463667e-01
0.426323319027,1.376386027175e+00,1.376499348963e+00,6.314568066996e-01,6.315403683938e-01,-1.087568250843e+00,-1.086747496038e+00,-1.130882506935e+00,-1.130142067346e+00,5.661474151325e-01,5.682362899947e-01
0.427753934192,1.377838974113e+00,1.377943526500e+00,6.200433762372e-01,6.201408403519e-01,-1.099627585529e+00,-1.098850331114e+00,-1.115495330247e+00,-1.114676323594e+00,5.951264607501e-01,5.971923903202e-01
0.429184549356,1.379262718737e+00,1.379359870008e+00,6.085739922227e-01,6.086912059568e-01,-1.111482523345e+00,-1.110753400974e+00,-1.099743747568e+00,-1.098850331114e+00,6.238050260550e-01,6.258469253292e-01
0.430615164521,1.380656945439e+00,1.380748350876e+00,5.970504057263e-01,5.971923903202e-01,-1.123131594994e+00,-1.122454541704e+00,-1.083632063704e+00,-1.082669204658e+00,6.521682305733e-01,6.541854252894e-01
0.432045779685,1.382021374345e+00,1.382108941059e+00,5.854745209509e-01,5.856453225273e-01,-1.134573488125e+00,-1.133951626097e+00,-1.067164780813e+00,-1.066138173754e+00,6.802013579200e-01,6.821935800575e-01
0.433476394850,1.383355771353e+00,1.383441613073e+00,5.738483528935e-01,5.740509355620e-01,-1.145807021174e+00,-1.145242564045e+00,-1.050346607743e+00,-1.049262581014e+00,7.078898868120e-01,7.098572463052e-01
0.434907010014,1.384659957559e+00,1.384746339997e+00,5.621739820955e-01,5.624101662316e-01,-1.156831113934e+00,-1.156325302913e+00,-1.033182466771e+00,-1.032047880407e+00,7.352195210178e-01,7.371624546612e-01
0.436337625179,1.385933817452e+00,1.386023095477e+00,5.504535084216e-01,5.507239550910e-01,-1.167644756366e+00,-1.167197827918e+00,-1.015677497999e+00,-1.014499635498e+00,7.621762166656e-01,7.640954167651e-01
0.437768240343,1.387177305323e+00,1.387271853723e+00,5.386890057844e-01,5.389932463667e-01,-1.178246977169e+00,-1.177858162492e+00,-9.978370616963e-01,-9.966235176487e-01,7.887462054647e-01,7.906425322307e-01
0.439198855508,1.388390449367e+00,1.388492589510e+00,5.268824796303e-01,5.272189878806e-01,-1.188636813627e+00,-1.188304368643e+00,-9.796667388735e-01,-9.784253041857e-01,8.149160126424e-01,8.167903955133e-01
0.440629470672,1.389573353062e+00,1.389685278180e+00,5.150358288423e-01,5.154021309732e-01,-1.198813284082e+00,-1.198534547304e+00,-9.611723303620e-01,-9.599108765321e-01,8.406724687371e-01,8.425258026791e-01
0.442060085837,1.390726193548e+00,1.390849895641e+00,5.031508134954e-01,5.035436304269e-01,-1.208775364177e+00,-1.208546838684e+00,-9.423598545479e-01,-9.410862183074e-01,8.660027148091e-01,8.678357580735e-01
0.443490701001,1.391849216893e+00,1.391986418368e+00,4.912290296369e-01,4.916444443891e-01,-1.218521967721e+00,-1.218339422601e+00,-9.232355438416e-01,-9.219574133936e-01,8.908942010800e-01,8.927074808825e-01
0.444921316166,1.392942730300e+00,1.393094823404e+00,4.792718919542e-01,4.797055342943e-01,-1.228051932677e+00,-1.227910518813e+00,-9.038058398426e-01,-9.025306439689e-01,9.153346794747e-01,9.171284115876e-01
0.446351931330,1.394007091468e+00,1.394175088358e+00,4.672806248556e-01,4.677278647866e-01,-1.237364012446e+00,-1.237258387346e+00,-8.840773870823e-01,-8.828121885097e-01,9.393121909661e-01,9.410862183074e-01
0.447782546495,1.395042695532e+00,1.395227191411e+00,4.552562621276e-01,4.557124036418e-01,-1.246456872244e+00,-1.246381328808e+00,-8.640570251726e-01,-8.628084197615e-01,9.628150489886e-01,9.645688030251e-01
0.449213161660,1.396049960097e+00,1.396251111309e+00,4.431996549566e-01,4.436601216894e-01,-1.255329090104e+00,-1.255277684694e+00,-8.437517791851e-01,-8.425258026791e-01,9.858318204474e-01,9.875643076976e-01
0.450643776824,1.397029309040e+00,1.397246827371e+00,4.311114877272e-01,4.315719927337e-01,-1.263979161731e+00,-1.263945837694e+00,-8.231688481263e-01,-8.219708923378e-01,1.008351306007e+00,1.010061120244e+00
0.452074391989,1.397981155817e+00,1.398214319483e+00,4.189923006571e-01,4.194489934757e-01,-1.272405508333e+00,-1.272384211983e+00,-8.023155914705e-01,-8.011503318142e-01,1.030362521360e+00,1.032047880407e+00
0.453505007153,1.398905887064e+00,1.399153568101e+00,4.068425180011e-01,4.072921034334e-01,-1.280606486401e+00,-1.280591273511e+00,-7.811995138330e-01,-7.800708500397e-01,1.051854681063e+00,1.053513485494e+00
0.454935622318,1.399803847261e+00,1.400064554254e+00,3.946624802982e-01,3.951023048636e-01,-1.288580398487e+00,-1.288565530274e+00,-7.598282480210e-01,-7.587392596255e-01,1.072817186312e+00,1.074447095980e+00
0.456366237482,1.400675325197e+00,1.400947259540e+00,3.824524789426e-01,3.828805826818e-01,-1.296325504084e+00,-1.296305532597e+00,-7.382095368382e-01,-7.371624546612e-01,1.093239617697e+00,1.094838140980e+00
0.457796852647,1.401520542880e+00,1.401801666128e+00,3.702127912663e-01,3.706279243828e-01,-1.303840029898e+00,-1.303809873386e+00,-7.163512141459e-01,-7.153474084862e-01,1.113111733575e+00,1.114676323594e+00
0.459227467811,1.402339647414e+00,1.402627756760e+00,3.579437143313e-01,3.583453199612e-01,-1.311122179042e+00,-1.311077188393e+00,-6.942611857602e-01,-6.933011714367e-01,1.132423474294e+00,1.133951626097e+00
0.460658082976,1.403132706207e+00,1.403425514748e+00,3.456455957495e-01,3.460337618311e-01,-1.318170138921e+00,-1.318106156458e+00,-6.719474107866e-01,-6.710308685666e-01,1.151164972067e+00,1.152654315006e+00
0.462088698140,1.403899705717e+00,1.404194923979e+00,3.333188600750e-01,3.336942447461e-01,-1.324982087839e+00,-1.324895499750e+00,-6.494178839552e-01,-6.485436973447e-01,1.169326565913e+00,1.170774945991e+00
0.463519313305,1.404640553737e+00,1.404935968911e+00,3.209640296278e-01,3.213277657185e-01,-1.331556200628e+00,-1.331443984004e+00,-6.266806194206e-01,-6.258469253292e-01,1.186898820792e+00,1.188304368643e+00
0.464949928469,1.405355085077e+00,1.405648634574e+00,3.085817389933e-01,3.089353239395e-01,-1.337890653731e+00,-1.337750418739e+00,-6.037436363541e-01,-6.029478878182e-01,1.203872549804e+00,1.205233731098e+00
0.466380543634,1.406043070280e+00,1.406332906573e+00,2.961727428592e-01,2.965179206979e-01,-1.343983630379e+00,-1.343813657479e+00,-5.806149464917e-01,-5.798539854795e-01,1.220238838236e+00,1.221554484506e+00
0.467811158798,1.406704226922e+00,1.406988771086e+00,2.837379172675e-01,2.840765592993e-01,-1.349833326473e+00,-1.349632597958e+00,-5.573025436496e-01,-5.565726819586e-01,1.235989068209e+00,1.237258387346e+00
0.469241773963,1.407338232853e+00,1.407616214865e+00,2.712782547484e-01,2.716122449850e-01,-1.355437957836e+00,-1.355206182325e+00,-5.338143950866e-01,-5.331115014667e-01,1.251114942742e+00,1.252337509591e+00
0.470672389127,1.407944740724e+00,1.408215225236e+00,2.587948541203e-01,2.591259848511e-01,-1.360795769333e+00,-1.360533397329e+00,-5.101584345170e-01,-5.094780263487e-01,1.265608508241e+00,1.266784236709e+00
0.472103004292,1.408523393037e+00,1.408785790098e+00,2.462889059752e-01,2.466187877666e-01,-1.365905046220e+00,-1.365613274512e+00,-4.863425565581e-01,-4.856798946329e-01,1.279462174579e+00,1.280591273511e+00
0.473533619456,1.409073836986e+00,1.409327897926e+00,2.337616750068e-01,2.340916642925e-01,-1.370764127871e+00,-1.370444890379e+00,-4.623746124330e-01,-4.617247975626e-01,1.292668732223e+00,1.293751647831e+00
0.474964234621,1.409595738369e+00,1.409841537771e+00,2.212144803765e-01,2.215456265994e-01,-1.375371423742e+00,-1.375027366568e+00,-4.382624068409e-01,-4.376204771101e-01,1.305221366072e+00,1.306258714052e+00
0.476394849785,1.410088793944e+00,1.410326699257e+00,2.086486752656e-01,2.089816883866e-01,-1.379725431196e+00,-1.379359870008e+00,-4.140136960214e-01,-4.133747234748e-01,1.317113665928e+00,1.318106156458e+00
0.477825464950,1.410552741680e+00,1.410783372583e+00,1.960656266430e-01,1.964008647994e-01,-1.383824754571e+00,-1.383441613073e+00,-3.896361871574e-01,-3.889953725653e-01,1.328339633690e+00,1.329287992425e+00
0.479256080114,1.410987368510e+00,1.411211548525e+00,1.834666961170e-01,1.838041723475e-01,-1.387668124620e+00,-1.387271853723e+00,-3.651375393570e-01,-3.644903034672e-01,1.338893687524e+00,1.339798575441e+00
0.480686695279,1.411392515318e+00,1.411611218434e+00,1.708532225548e-01,1.711926288228e-01,-1.391254417358e+00,-1.390849895641e+00,-3.405253664975e-01,-3.398674358967e-01,1.348770663330e+00,1.349632597958e+00
0.482117310443,1.411768079065e+00,1.411982374236e+00,1.582265069744e-01,1.585672532171e-01,-1.394582671209e+00,-1.394175088358e+00,-3.158072421971e-01,-3.151347276406e-01,1.357965813851e+00,1.358785094073e+00
0.483547925608,1.412114012113e+00,1.412325008435e+00,1.455878000514e-01,1.459290656400e-01,-1.397652101402e+00,-1.397246827371e+00,-2.909907070881e-01,-2.903001719851e-01,1.366474805746e+00,1.367251442032e+00
0.484978540773,1.412430318949e+00,1.412639114110e+00,1.329382924558e-01,1.332790872359e-01,-1.400462110622e+00,-1.400064554254e+00,-2.660832784075e-01,-2.653717951318e-01,1.374293714851e+00,1.375027366568e+00
0.486409155937,1.412717050652e+00,1.412924684915e+00,1.202791081396e-01,1.206183401023e-01,-1.403012295117e+00,-1.402627756760e+00,-2.410924617105e-01,-2.403576536044e-01,1.381419019756e+00,1.382108941059e+00
0.487839771102,1.412974297550e+00,1.413181715082e+00,1.076113006358e-01,1.079478472065e-01,-1.405302445668e+00,-1.404935968911e+00,-2.160257642753e-01,-2.152658316443e-01,1.387847593734e+00,1.388492589510e+00
0.489270386266,1.413202180607e+00,1.413410199419e+00,9.493585239656e-02,9.526863230346e-02,-1.407332543166e+00,-1.406988771086e+00,-1.908907095247e-01,-1.901044385986e-01,1.393576694939e+00,1.394175088358e+00
0.490701001431,1.413400842108e+00,1.413610133312e+00,8.225367717426e-02,8.258171985263e-02,-1.409102748801e+00,-1.408785790098e+00,-1.656948515829e-01,-1.648816062984e-01,1.398603954786e+00,1.399153568101e+00
0.492131616595,1.413570436248e+00,1.413781512720e+00,6.956562543030e-02,6.988813493557e-02,-1.410613389190e+00,-1.410326699257e+00,-1.404457889322e-01,-1.396054864316e-01,1.402927364425e+00,1.403425514748e+00
0.493562231760,1.413711120179e+00,1.413924334183e+00,5.687249272484e-02,5.718890317292e-02,-1.411864937064e+00,-1.411611218434e+00,-1.151511760636e-01,-1.142842479075e-01,1.406545259330e+00,1.406988771086e+00
0.494992846924,1.413823046046e+00,1.414038594816e+00,4.417503098405e-02,4.448505064159e-02,-1.412857988301e+00,-1.412639114110e+00,-8.981873204513e-02,-8.892607421752e-02,1.409456302199e+00,1.409841537771e+00
0.496423462089,1.413906354417e+00,1.414124292309e+00,3.147396245903e-02,3.177760379183e-02,-1.413593236303e+00,-1.413410199419e+00,-6.445624506257e-02,-6.353916078986e-02,1.411659464598e+00,1.411982374236e+00
0.497854077253,1.413961169436e+00,1.414181424934e+00,1.876999607404e-02,1.906758936430e-02,-1.414071444735e+00,-1.413924334183e+00,-3.907157223089e-02,-3.813171234106e-02,1.413154008028e+00,1.413410199419e+00
0.499284692418,1.413987595866e+00,1.414209991534e+00,6.063845716751e-03,6.356034307115e-03,-1.414293419695e+00,-1.414181424934e+00,-1.367263430345e-02,-1.271194022432e-02,1.413939465374e+00,1.414124292309e+00
0.500715307582,1.413985718061e+00,1.414209991534e+00,-6.643750143884e-03,-6.356034307115e-03,-1.414259982272e+00,-1.414181424934e+00,1.173259468622e-02,1.271194022432e-02,1.414015623892e+00,1.414124292309e+00
0.502145922747,1.413955600767e+00,1.414181424934e+00,-1.935200830301e-02,-1.906758936430e-02,-1.413971942412e+00,-1.413924334183e+00,3.713610236640e-02,3.813171234106e-02,1.413382511012e+00,1.413410199419e+00
0.503576537911,1.413897291506e+00,1.414124292309e+00,-3.206008108973e-02,-3.177760379183e-02,-1.413430074823e+00,-1.413410199419e+00,6.252985661032e-02,6.353916078986e-02,1.412040384213e+00,1.411982374236e+00
0.505007153076,1.413810824194e+00,1.414038594816e+00,-4.476703816658e-02,-4.448505064159e-02,-1.412635097559e+00,-1.412639114110e+00,8.790582638956e-02,8.892607421752e-02,1.409989726087e+00,1.409841537771e+00
0.506437768240,1.413696223550e+00,1.413924334183e+00,-5.747185106158e-02,-5.718890317292e-02,-1.411587653792e+00,-1.411611218434e+00,1.132560031705e-01,1.142842479075e-01,1.407231245369e+00,1.406988771086e+00
0.507868383405,1.413553509814e+00,1.413781512720e+00,-7.017338166669e-02,-6.988813493557e-02,-1.410288297162e+00,-1.410326699257e+00,1.385724208819e-01,1.396054864316e-01,1.403765884296e+00,1.403425514748e+00
0.509298998569,1.413382703255e+00,1.413610133312e+00,-8.287037588307e-02,-8.258171985263e-02,-1.408737481036e+00,-1.408785790098e+00,1.638471723816e-01,1.648816062984e-01,1.399594832102e+00,1.399153568101e+00
0.510729613734,1.413183828006e+00,1.413410199419e+00,-9.556146344279e-02,-9.526863230346e-02,-1.406935551927e+00,-1.406988771086e+00,1.890724204245e-01,1.901044385986e-01,1.394719543894e+00,1.394175088358e+00
0.512160228898,1.412956914815e+00,1.413181715082e+00,-1.082451646839e-01,-1.079478472065e-01,-1.404882747260e+00,-1.404935968911e+00,2.142404013914e-01,2.152658316443e-01,1.389141763625e+00,1.388492589510e+00
0.513590844063,1.412702002391e+00,1.412924684915e+00,-1.209199047028e-01,-1.206183401023e-01,-1.402579197633e+00,-1.402627756760e+00,2.393434204765e-01,2.403576536044e-01,1.382863549407e+00,1.382108941059e+00
0.515021459227,1.412419137182e+00,1.412639114110e+00,-1.335840348714e-01,-1.332790872359e-01,-1.400024933600e+00,-1.400064554254e+00,2.643738376427e-01,2.653717951318e-01,1.375887299166e+00,1.375027366568e+00
0.516452074392,1.412108371529e+00,1.412325008435e+00,-1.462358612046e-01,-1.459290656400e-01,-1.397219896937e+00,-1.397246827371e+00,2.893240443799e-01,2.903001719851e-01,1.368215774504e+00,1.367251442032e+00
0.517882689557,1.411769760306e+00,1.411982374236e+00,-1.588736785411e-01,-1.585672532171e-01,-1.394163956189e+00,-1.394175088358e+00,3.141864321173e-01,3.151347276406e-01,1.359852120819e+00,1.358785094073e+00
0.519313304721,1.411403356292e+00,1.411611218434e+00,-1.714958089806e-01,-1.711926288228e-01,-1.390856926142e+00,-1.390849895641e+00,3.389533539590e-01,3.398674358967e-01,1.350799882026e+00,1.349632597958e+00
0.520743919886,1.411009204632e+00,1.411211548525e+00,-1.841006425697e-01,-1.838041723475e-01,-1.387298590706e+00,-1.387271853723e+00,3.636170821728e-01,3.644903034672e-01,1.341063008796e+00,1.339798575441e+00
0.522174535050,1.410587336838e+00,1.410783372583e+00,-1.966866778704e-01,-1.964008647994e-01,-1.383488728482e+00,-1.383441613073e+00,3.881697644968e-01,3.889953725653e-01,1.330645859853e+00,1.329287992425e+00
0.523605150215,1.410137764827e+00,1.410326699257e+00,-2.092525598335e-01,-2.089816883866e-01,-1.379427140170e+00,-1.379359870008e+00,4.126033827558e-01,4.133747234748e-01,1.319553196600e+00,1.318106156458e+00
0.525035765379,1.409660475520e+00,1.409841537771e+00,-2.217971123582e-01,-2.215456265994e-01,-1.375113676800e+00,-1.375027366568e+00,4.369097174668e-01,4.376204771101e-01,1.307790172040e+00,1.306258714052e+00
0.526466380544,1.409155426480e+00,1.409327897926e+00,-2.343193630662e-01,-2.340916642925e-01,-1.370548267738e+00,-1.370444890379e+00,4.610803220170e-01,4.617247975626e-01,1.295362315567e+00,1.293751647831e+00
0.527896995708,1.408622543020e+00,1.408785790098e+00,-2.468185581557e-01,-2.466187877666e-01,-1.365730947347e+00,-1.365613274512e+00,4.851065096083e-01,4.856798946329e-01,1.282275515640e+00,1.280591273511e+00
0.529327610873,1.408061717087e+00,1.408215225236e+00,-2.592941657144e-01,-2.591259848511e-01,-1.360661879284e+00,-1.360533397329e+00,5.089793555048e-01,5.094780263486e-01,1.268536002616e+00,1.266784236709e+00
0.530758226037,1.407472808161e+00,1.407616214865e+00,-2.717458665263e-01,-2.716122449850e-01,-1.355341377481e+00,-1.355206182325e+00,5.326897162259e-01,5.331115014667e-01,1.254150334024e+00,1.252337509591e+00
0.532188841202,1.406855646201e+00,1.406988771086e+00,-2.841735321701e-01,-2.840765592993e-01,-1.349769923038e+00,-1.349632597958e+00,5.562282662609e-01,5.565726819586e-01,1.239125384336e+00,1.237258387346e+00
0.533619456366,1.406210036597e+00,1.406332906573e+00,-2.965771910132e-01,-2.965179206979e-01,-1.343948176477e+00,-1.343813657479e+00,5.795855517210e-01,5.798539854795e-01,1.223468340852e+00,1.221554484506e+00
0.535050071531,1.405535766926e+00,1.405648634574e+00,-3.089569835089e-01,-3.089353239395e-01,-1.337876985028e+00,-1.337750418739e+00,6.027520591649e-01,6.029478878182e-01,1.207186706719e+00,1.205233731098e+00
0.536480686695,1.404832615184e+00,1.404935968911e+00,-3.213131089439e-01,-3.213277657185e-01,-1.331557384873e+00,-1.331443984004e+00,6.257182967338e-01,6.258469253292e-01,1.190288311343e+00,1.188304368643e+00
0.537911301860,1.404100359090e+00,1.404194923979e+00,-3.336457664070e-01,-3.336942447461e-01,-1.324990598517e+00,-1.324895499750e+00,6.484748837771e-01,6.485436973447e-01,1.172781327679e+00,1.170774945991e+00
0.539341917024,1.403338785983e+00,1.403425514748e+00,-3.459550932155e-01,-3.460337618311e-01,-1.318178027696e+00,-1.318106156458e+00,6.710126444150e-01,6.710308685666e-01,1.154674295094e+00,1.152654315006e+00
0.540772532189,1.402547702792e+00,1.402627756760e+00,-3.582411043135e-01,-3.583453199612e-01,-1.311121242374e+00,-1.311077188393e+00,6.933227000221e-01,6.933011714367e-01,1.135976145793e+00,1.133951626097e+00
0.542203147353,1.401726945554e+00,1.401801666128e+00,-3.705036362222e-01,-3.706279243828e-01,-1.303821966602e+00,-1.303809873386e+00,7.153965554539e-01,7.153474084862e-01,1.116696232275e+00,1.114676323594e+00
0.543633762518,1.400876387979e+00,1.400947259540e+00,-3.827422989746e-01,-3.828805826818e-01,-1.296282062040e+00,-1.296305532597e+00,7.372261739992e-01,7.371624546612e-01,1.096844352876e+00,1.094838140980e+00
0.545064377682,1.399995948613e+00,1.400064554254e+00,-3.949564391087e-01,-3.951023048636e-01,-1.288503510042e+00,-1.288565530274e+00,7.588040365099e-01,7.587392596255e-01,1.076430772382e+00,1.074447095980e+00
0.546494992847,1.399085596220e+00,1.399153568101e+00,-4.071451162449e-01,-4.072921034334e-01,-1.280488393188e+00,-1.280591273511e+00,7.801231809224e-01,7.800708500397e-01,1.055466234780e+00,1.053513485494e+00
0.547925608011,1.398145353105e+00,1.398214319483e+00,-4.193070950564e-01,-4.194489934757e-01,-1.272238877071e+00,-1.272384211983e+00,8.011772193965e-01,8.011503318142e-01,1.033961965626e+00,1.032047880407e+00
0.549356223176,1.397175296195e+00,1.397246827371e+00,-4.314408536029e-01,-4.315719927337e-01,-1.263757193081e+00,-1.263945837694e+00,8.219603315097e-01,8.219708923378e-01,1.011929662106e+00,1.010061120244e+00
0.550786838340,1.396175555823e+00,1.396251111309e+00,-4.435446080637e-01,-4.436601216894e-01,-1.255045622764e+00,-1.255277684694e+00,8.424672332892e-01,8.425258026791e-01,9.893814697175e-01,9.875643076976e-01
0.552217453505,1.395146312243e+00,1.395227191411e+00,-4.556163529416e-01,-4.557124036418e-01,-1.246106484146e+00,-1.246381328808e+00,8.626931232753e-01,8.628084197615e-01,9.663299454445e-01,9.645688030251e-01
0.553648068670,1.394087790066e+00,1.394175088358e+00,-4.676539148508e-01,-4.677278647866e-01,-1.236942120214e+00,-1.237258387346e+00,8.826336082036e-01,8.828121885097e-01,9.427880083844e-01,9.410862183074e-01
0.555078683834,1.393000250850e+00,1.393094823404e+00,-4.796550171150e-01,-4.797055342943e-01,-1.227554889526e+00,-1.227910518813e+00,9.022846121840e-01,9.025306439689e-01,9.187688798383e-01,9.171284115876e-01
0.556509298999,1.391883984197e+00,1.391986418368e+00,-4.916173516327e-01,-4.916444443891e-01,-1.217947158696e+00,-1.218339422601e+00,9.216422743740e-01,9.219574133936e-01,8.942860158698e-01,8.927074808825e-01
0.557939914163,1.390739297780e+00,1.390849895641e+00,-5.035386538775e-01,-5.035436304269e-01,-1.208121296291e+00,-1.208546838684e+00,9.407028409845e-01,9.410862183074e-01,8.693530361648e-01,8.678357580735e-01
0.559370529328,1.389566506740e+00,1.389685278180e+00,-5.154167765387e-01,-5.154021309732e-01,-1.198079667550e+00,-1.198534547304e+00,9.594625579748e-01,9.599108765321e-01,8.439836536077e-01,8.425258026791e-01
0.560801144492,1.388365922957e+00,1.388492589510e+00,-5.272497572104e-01,-5.272189878806e-01,-1.187824629204e+00,-1.188304368643e+00,9.779175709011e-01,9.784253041857e-01,8.181916092641e-01,8.167903955133e-01
0.562231759657,1.387137844650e+00,1.387271853723e+00,-5.390358757460e-01,-5.389932463667e-01,-1.177358523701e+00,-1.177858162492e+00,9.960638380622e-01,9.966235176487e-01,7.919906173768e-01,7.906425322307e-01
0.563662374821,1.385882546781e+00,1.386023095477e+00,-5.507736974154e-01,-5.507239550910e-01,-1.166683672210e+00,-1.167197827918e+00,1.013897062307e+00,1.014499635498e+00,7.653943245160e-01,7.640954167651e-01
0.565092989986,1.384600272649e+00,1.384746339997e+00,-5.624620988226e-01,-5.624101662316e-01,-1.155802365948e+00,-1.156325302913e+00,1.031412645665e+00,1.032047880407e+00,7.384162861877e-01,7.371624546612e-01
0.566523605150,1.383291227015e+00,1.383441613073e+00,-5.741002746354e-01,-5.740509355620e-01,-1.144716855679e+00,-1.145242564045e+00,1.048605669382e+00,1.049262581014e+00,7.110699630328e-01,7.098572463052e-01
0.567954220315,1.381955571002e+00,1.382108941059e+00,-5.856877244710e-01,-5.856453225273e-01,-1.133429339558e+00,-1.133951626097e+00,1.065470900109e+00,1.066138173754e+00,6.833687373243e-01,6.821935800575e-01
0.569384835479,1.380593418919e+00,1.380748350876e+00,-5.972242206854e-01,-5.971923903202e-01,-1.121941949868e+00,-1.122454541704e+00,1.082002821019e+00,1.082669204658e+00,6.553259488904e-01,6.541854252894e-01
0.570815450644,1.379204837051e+00,1.379359870008e+00,-6.087097592179e-01,-6.086912059568e-01,-1.110256739582e+00,-1.110753400974e+00,1.098195684698e+00,1.098850331114e+00,6.269549479974e-01,6.258469253292e-01
0.572246065808,1.377789844384e+00,1.377943526500e+00,-6.201444969149e-01,-6.201408403519e-01,-1.098375669998e+00,-1.098850331114e+00,1.114043582959e+00,1.114676323594e+00,5.982691612442e-01,5.971923903202e-01
0.573676680973,1.376348415089e+00,1.376499348963e+00,-6.315286797801e-01,-6.315403683938e-01,-1.086300600875e+00,-1.086747496038e+00,1.129540527424e+00,1.130142067346e+00,5.692821653121e-01,5.682362899947e-01
0.575107296137,1.374880482576e+00,1.375027366568e+00,-6.428625672656e-01,-6.428888690196e-01,-1.074033284601e+00,-1.074447095980e+00,1.144680533947e+00,1.145242564045e+00,5.400077625809e-01,5.389932463667e-01
0.576537911302,1.373385944818e+00,1.373527609049e+00,-6.541463579532e-01,-6.541854252894e-01,-1.061575365762e+00,-1.061951367086e+00,1.159457703843e+00,1.159972933408e+00,5.104600522763e-01,5.094780263487e-01
0.577968526466,1.371864670623e+00,1.372000106701e+00,-6.653801217524e-01,-6.654291244599e-01,-1.048928387240e+00,-1.049262581014e+00,1.173866295406e+00,1.174328414775e+00,4.806534909936e-01,4.797055342943e-01
0.579399141631,1.370316506522e+00,1.370444890379e+00,-6.765637430806e-01,-6.766190580590e-01,-1.036093803483e+00,-1.036383044520e+00,1.187900780380e+00,1.188304368643e+00,4.506029371434e-01,4.496908044726e-01
0.580829756795,1.368741283927e+00,1.368861991498e+00,-6.876968784637e-01,-6.877543219585e-01,-1.023073001042e+00,-1.023315099035e+00,1.201555881657e+00,1.201896278166e+00,4.203236750437e-01,4.194489934757e-01
0.582260371960,1.367138826248e+00,1.367251442032e+00,-6.987789307129e-01,-6.988340164476e-01,-1.009867325838e+00,-1.010061120244e+00,1.214826590455e+00,1.215099750619e+00,3.898314159219e-01,3.889953725653e-01
0.583690987124,1.365508955690e+00,1.365613274512e+00,-7.098090404422e-01,-7.098572463052e-01,-9.964781159868e-01,-9.966235176487e-01,1.227708163278e+00,1.227910518813e+00,3.591422748646e-01,3.583453199612e-01
0.585121602289,1.363851499505e+00,1.363947522031e+00,-7.207860943176e-01,-7.208231208727e-01,-9.829067384846e-01,-9.830047341361e-01,1.240196100856e+00,1.240324442476e+00,3.282727246004e-01,3.275143130758e-01
0.586552217454,1.362166295526e+00,1.362254218235e+00,-7.317087482347e-01,-7.317307541256e-01,-9.691546276223e-01,-9.692072455292e-01,1.252286112905e+00,1.252337509591e+00,2.972395287596e-01,2.965179206979e-01
0.587982832618,1.360453196871e+00,1.360533397329e+00,-7.425754626785e-01,-7.425792647451e-01,-9.552233227814e-01,-9.552335601387e-01,1.263974073636e+00,1.263945837694e+00,2.660596587886e-01,2.653717951318e-01
0.589413447783,1.358712075762e+00,1.358785094073e+00,-7.533845469177e-01,-7.533677761896e-01,-9.411145032351e-01,-9.410862183074e-01,1.275255973528e+00,1.275145675124e+00,2.347501998753e-01,2.340916642925e-01
0.590844062947,1.356942826464e+00,1.357009343781e+00,-7.641342084304e-01,-7.640954167651e-01,-9.268300177562e-01,-9.267677919475e-01,1.286127872881e+00,1.285933402242e+00,2.033282520017e-01,2.026933237639e-01
0.592274678112,1.355145367359e+00,1.355206182325e+00,-7.748226040289e-01,-7.747613196962e-01,-9.123719071975e-01,-9.122808840737e-01,1.296585862112e+00,1.296305532597e+00,1.718108325220e-01,1.711926288228e-01
0.593705293276,1.353319642256e+00,1.353375646126e+00,-7.854478895003e-01,-7.853646231954e-01,-8.977424187148e-01,-8.976281283298e-01,1.306626032844e+00,1.306258714052e+00,1.402147864925e-01,1.396054864316e-01
0.595135908441,1.351465620986e+00,1.351517772161e+00,-7.960082651230e-01,-7.959044705335e-01,-8.829440108974e-01,-8.828121885097e-01,1.316244462565e+00,1.315789729869e+00,1.085567103666e-01,1.079478472065e-01
0.596566523605,1.349583299414e+00,1.349632597958e+00,-8.065020150789e-01,-8.063800101082e-01,-8.679793497009e-01,-8.678357580735e-01,1.325437214274e+00,1.324895499750e+00,7.685289369578e-02,7.623569736275e-02
0.597997138770,1.347672698950e+00,1.347720161599e+00,-8.169275394733e-01,-8.167903955133e-01,-8.528512956893e-01,-8.527015596574e-01,1.334200351149e+00,1.333573080831e+00,4.511928222205e-02,4.448505064159e-02
0.599427753934,1.345733865643e+00,1.345780501712e+00,-8.272833783337e-01,-8.271347856068e-01,-8.375628836361e-01,-8.374123445792e-01,1.342529965014e+00,1.341819668630e+00,1.337146430251e-02,1.271194022432e-02
0.600858369099,1.343766868951e+00,1.343813657479e+00,-8.375682275364e-01,-8.374123445792e-01,-8.221172959769e-01,-8.219708923378e-01,1.350422216327e+00,1.349632597958e+00,-1.837531891924e-02,-1.906758936430e-02
0.602288984263,1.341771800237e+00,1.341819668630e+00,-8.477809470660e-01,-8.476222420207e-01,-8.065178319277e-01,-8.063800101082e-01,1.357873382655e+00,1.357009343781e+00,-5.010614070024e-02,-5.083749035798e-02
0.603719599428,1.339748771047e+00,1.339798575441e+00,-8.579205623516e-01,-8.577636529885e-01,-7.907678742647e-01,-7.906425322307e-01,1.364879912110e+00,1.363947522031e+00,-8.180633576485e-02,-8.258171985263e-02
0.605150214592,1.337697911192e+00,1.337750418739e+00,-8.679862596288e-01,-8.678357580735e-01,-7.748708558182e-01,-7.747613196962e-01,1.371438478049e+00,1.370444890379e+00,-1.134614310088e-01,-1.142842479075e-01
0.606580829757,1.335619366663e+00,1.335675239897e+00,-8.779773763789e-01,-8.778377434661e-01,-7.588302276619e-01,-7.587392596255e-01,1.377546031437e+00,1.376499348963e+00,-1.450570645899e-01,-1.459290656400e-01
0.608011444921,1.333513297394e+00,1.333573080831e+00,-8.878933879067e-01,-8.877688010225e-01,-7.426494308064e-01,-7.425792647451e-01,1.383199847601e+00,1.382108941059e+00,-1.765788988496e-01,-1.775001933094e-01
0.609442060086,1.331379874865e+00,1.331443984004e+00,-8.977338910600e-01,-8.976281283298e-01,-7.263318729398e-01,-7.262842728570e-01,1.388397564638e+00,1.387271853723e+00,-2.080125328797e-01,-2.089816883866e-01
0.610872675250,1.329219279570e+00,1.329287992425e+00,-9.074985859980e-01,-9.074149287706e-01,-7.098809114312e-01,-7.098572463052e-01,1.393137211353e+00,1.391986418368e+00,-2.393434205694e-01,-2.403576536044e-01
0.612303290415,1.327031698354e+00,1.327105149643e+00,-9.171872567939e-01,-9.171284115876e-01,-6.932998434316e-01,-6.933011714367e-01,1.397417223388e+00,1.396251111309e+00,-2.705567996525e-01,-2.716122449850e-01
0.613733905579,1.324817321622e+00,1.324895499750e+00,-9.267997515296e-01,-9.267677919475e-01,-6.765919034961e-01,-6.766190580590e-01,1.401236446914e+00,1.400064554254e+00,-3.016376366311e-01,-3.027296798413e-01
0.615164520744,1.322576340460e+00,1.322659087382e+00,-9.363359624219e-01,-9.363322910043e-01,-6.597602687234e-01,-6.598139388925e-01,1.404594130044e+00,1.403425514748e+00,-3.325705915217e-01,-3.336942447461e-01
0.616595135908,1.320308943665e+00,1.320395957713e+00,-9.457958064148e-01,-9.458211359624e-01,-6.428080709802e-01,-6.428888690196e-01,1.407489902772e+00,1.406332906573e+00,-3.633400052017e-01,-3.644903034672e-01
0.618025751073,1.318015314749e+00,1.318106156458e+00,-9.551792065895e-01,-9.552335601387e-01,-6.257384153613e-01,-6.258469253292e-01,1.409923746873e+00,1.408785790098e+00,-3.939299107863e-01,-3.951023048636e-01
0.619456366237,1.315695628922e+00,1.315789729869e+00,-9.644860746782e-01,-9.645688030251e-01,-6.085544036470e-01,-6.086912059568e-01,1.411895957652e+00,1.410783372583e+00,-4.243240690209e-01,-4.255147907377e-01
0.620886981402,1.313350050121e+00,1.313446724738e+00,-9.737162949250e-01,-9.738261103493e-01,-5.912591611740e-01,-5.914248297223e-01,1.413407099780e+00,1.412325008435e+00,-4.545060262038e-01,-4.557124036418e-01
0.622317596567,1.310978728112e+00,1.311077188393e+00,-9.828697095086e-01,-9.830047341361e-01,-5.738558652488e-01,-5.740509355620e-01,1.414457959648e+00,1.413410199419e+00,-4.844591917503e-01,-4.856798946329e-01
0.623748211731,1.308581795734e+00,1.308681168698e+00,-9.919461057234e-01,-9.921039327681e-01,-5.563477730288e-01,-5.565726819586e-01,1.415049496730e+00,1.414038594816e+00,-5.141669312533e-01,-5.154021309732e-01
0.625178826896,1.306159366320e+00,1.306258714052e+00,-1.000945205105e+00,-1.001122971045e+00,-5.387382466851e-01,-5.389932463667e-01,1.415182796333e+00,1.414209991534e+00,-5.436126698705e-01,-5.448641037713e-01
0.626609442060,1.303711531366e+00,1.303809873386e+00,-1.009866654672e+00,-1.010061120244e+00,-5.210307736705e-01,-5.213158246354e-01,1.414859025926e+00,1.413924334183e+00,-5.727800001432e-01,-5.740509355620e-01
0.628040057225,1.301238358515e+00,1.301334696169e+00,-1.018710020438e+00,-1.018917658176e+00,-5.032289800564e-01,-5.035436304269e-01,1.414079396870e+00,1.413181715082e+00,-6.016527879835e-01,-6.029478878182e-01
0.629470672389,1.298739889905e+00,1.298833232396e+00,-1.027474783323e+00,-1.027691869249e+00,-4.853366351798e-01,-4.856798946329e-01,1.412845133007e+00,1.411982374236e+00,-6.302152705943e-01,-6.315403683938e-01
0.630901287554,1.296216140969e+00,1.296305532597e+00,-1.036160337538e+00,-1.036383044520e+00,-4.673576462733e-01,-4.677278647866e-01,1.411157447079e+00,1.410326699257e+00,-6.584521405228e-01,-6.598139388925e-01
0.632331902718,1.293667099760e+00,1.293751647831e+00,-1.044765991488e+00,-1.044990481757e+00,-4.492960423098e-01,-4.496908044726e-01,1.409017525475e+00,1.408215225236e+00,-6.863486108863e-01,-6.877543219585e-01
0.633762517883,1.291092726862e+00,1.291171629685e+00,-1.053290971132e+00,-1.053513485494e+00,-4.311559469775e-01,-4.315719927337e-01,1.406426521334e+00,1.405648634574e+00,-7.138904580055e-01,-7.153474084862e-01
0.635193133047,1.288492955977e+00,1.288565530274e+00,-1.061734425685e+00,-1.061951367086e+00,-4.129415414703e-01,-4.133747234748e-01,1.403385555588e+00,1.402627756760e+00,-7.410640391705e-01,-7.425792647451e-01
0.636623748212,1.285867695237e+00,1.285933402242e+00,-1.070095435449e+00,-1.070303444765e+00,-3.946570185855e-01,-3.951023048636e-01,1.399895725175e+00,1.399153568101e+00,-7.678562849581e-01,-7.694361394157e-01
0.638054363376,1.283216829305e+00,1.283275298757e+00,-1.078373021463e+00,-1.078569043698e+00,-3.763065304137e-01,-3.767580587299e-01,1.395958117352e+00,1.395227191411e+00,-7.942546672896e-01,-7.959044705335e-01
0.639484978541,1.280540222290e+00,1.280591273511e+00,-1.086566156593e+00,-1.086747496038e+00,-3.578941326137e-01,-3.583453199612e-01,1.391573828833e+00,1.390849895641e+00,-8.202471461493e-01,-8.219708923378e-01
0.640915593705,1.277837721492e+00,1.277881380720e+00,-1.094673777603e+00,-1.094838140980e+00,-3.394237288180e-01,-3.398674358967e-01,1.386743988398e+00,1.386023095477e+00,-8.458220994183e-01,-8.476222420207e-01
0.642346208870,1.275109161957e+00,1.275145675124e+00,-1.102694797709e+00,-1.102840324813e+00,-3.208990190447e-01,-3.213277657185e-01,1.381469781594e+00,1.380748350876e+00,-8.709682415004e-01,-8.728455663739e-01
0.643776824034,1.272354371792e+00,1.272384211983e+00,-1.110628119096e+00,-1.110753400974e+00,-3.023234560480e-01,-3.027296798413e-01,1.375752476215e+00,1.375027366568e+00,-8.956745371946e-01,-8.976281283298e-01
0.645207439199,1.269573178153e+00,1.269597047079e+00,-1.118472644886e+00,-1.118576730100e+00,-2.837002132698e-01,-2.840765592993e-01,1.369593447394e+00,1.368861991498e+00,-9.199301175353e-01,-9.219574133936e-01
0.646638054363,1.266765413791e+00,1.266784236709e+00,-1.126227290111e+00,-1.126309680077e+00,-2.650321674698e-01,-2.653717951318e-01,1.362994201306e+00,1.362254218235e+00,-9.437242040190e-01,-9.458211359624e-01
0.648068669528,1.263930924010e+00,1.263945837694e+00,-1.133890991311e+00,-1.133951626097e+00,-2.463218982160e-01,-2.466187877666e-01,1.355956396662e+00,1.355206182325e+00,-9.670460467967e-01,-9.692072455292e-01
0.649499284692,1.261069573835e+00,1.261081907367e+00,-1.141462714499e+00,-1.141501950704e+00,-2.275717052759e-01,-2.278209464020e-01,1.348481863381e+00,1.347720161599e+00,-9.898848810865e-01,-9.921039327681e-01
0.650929899857,1.258181255216e+00,1.258192503578e+00,-1.148941461363e+00,-1.148960043843e+00,-2.087836436526e-01,-2.089816883866e-01,1.340572617973e+00,1.339798575441e+00,-1.012229904386e+00,-1.014499635498e+00
0.652360515021,1.255265894024e+00,1.255277684694e+00,-1.156326273734e+00,-1.156325302913e+00,-1.899595746676e-01,-1.901044385986e-01,1.332230875334e+00,1.331443984004e+00,-1.034070275191e+00,-1.036383044520e+00
0.653791130186,1.252323456607e+00,1.252337509591e+00,-1.163616236468e+00,-1.163597132812e+00,-1.711012302319e-01,-1.711926288228e-01,1.323459056740e+00,1.322659087382e+00,-1.055395132055e+00,-1.057743109330e+00
0.655221745351,1.249353955682e+00,1.249372037662e+00,-1.170810479048e+00,-1.170774945991e+00,-1.522102864007e-01,-1.522496971267e-01,1.314259793935e+00,1.313446724738e+00,-1.076193630129e+00,-1.078569043698e+00
0.656652360515,1.246357455299e+00,1.246381328808e+00,-1.177908176280e+00,-1.177858162492e+00,-1.332884415649e-01,-1.332790872359e-01,1.304635929257e+00,1.303809873386e+00,-1.096454990972e+00,-1.098850331114e+00
0.658082975680,1.243334074658e+00,1.243365443439e+00,-1.184908548527e+00,-1.184846210004e+00,-1.143374942948e-01,-1.142842479075e-01,1.294590511848e+00,1.293751647831e+00,-1.116168560576e+00,-1.118576730100e+00
0.659513590844,1.240283990562e+00,1.240324442476e+00,-1.191810861898e+00,-1.191738523904e+00,-9.535941592058e-02,-9.526863230346e-02,1.284126790061e+00,1.283275298757e+00,-1.135323870217e+00,-1.137738279380e+00
0.660944206009,1.237207438270e+00,1.237258387346e+00,-1.198614428785e+00,-1.198534547304e+00,-7.635641342637e-02,-7.623569736275e-02,1.273248200315e+00,1.272384211983e+00,-1.153910694962e+00,-1.156325302913e+00
0.662374821173,1.234104710608e+00,1.234167339983e+00,-1.205318608967e+00,-1.205233731098e+00,-5.733097907031e-02,-5.718890317292e-02,1.261958352823e+00,1.261081907367e+00,-1.171919105390e+00,-1.174328414775e+00
0.663805436338,1.230976155146e+00,1.231051362825e+00,-1.211922811378e+00,-1.211835534002e+00,-3.828592423891e-02,-3.813171234106e-02,1.250261014798e+00,1.249372037662e+00,-1.189339509157e+00,-1.191738523904e+00
0.665236051502,1.227822169358e+00,1.227910518813e+00,-1.218426496413e+00,-1.218339422601e+00,-1.922439628398e-02,-1.906758936430e-02,1.238160091981e+00,1.237258387346e+00,-1.206162680362e+00,-1.208546838684e+00
0.666666666667,1.224643193682e+00,1.224744871392e+00,-1.224829178436e+00,-1.224744871392e+00,-1.498783482459e-04,-3.463824224942e-16,1.225659609575e+00,1.224744871392e+00,-1.222379776016e+00,-1.224744871392e+00
0.668097281831,1.221439702491e+00,1.221554484506e+00,-1.231130427979e+00,-1.231051362825e+00,1.893382665108e-02,1.906758936430e-02,1.212763693815e+00,1.211835534002e+00,-1.237982340281e+00,-1.240324442476e+00
0.669527896996,1.218212193039e+00,1.218339422601e+00,-1.237329872983e+00,-1.237258387346e+00,3.802262573842e-02,3.813171234106e-02,1.199476555560e+00,1.198534547304e+00,-1.252962298198e+00,-1.255277684694e+00
0.670958512160,1.214961172555e+00,1.215099750619e+00,-1.243427198367e+00,-1.243365443439e+00,5.711217643596e-02,5.718890317292e-02,1.185802477263e+00,1.184846210004e+00,-1.267311941461e+00,-1.269597047079e+00
0.672389127325,1.211687143720e+00,1.211835534002e+00,-1.249422143271e+00,-1.249372037662e+00,7.619793487255e-02,7.623569736275e-02,1.171745804554e+00,1.170774945991e+00,-1.281023909303e+00,-1.283275298757e+00
0.673819742489,1.208390588911e+00,1.208546838684e+00,-1.255314495466e+00,-1.255277684694e+00,9.527520802348e-02,9.526863230346e-02,1.157310943370e+00,1.156325302913e+00,-1.294091167687e+00,-1.296305532597e+00
0.675250357654,1.205071953669e+00,1.205233731098e+00,-1.261104082667e+00,-1.261081907367e+00,1.143392067941e-01,1.142842479075e-01,1.142502363115e+00,1.141501950704e+00,-1.306506989848e+00,-1.308681168698e+00
0.676680972818,1.201731629977e+00,1.201896278166e+00,-1.266790760849e+00,-1.266784236709e+00,1.333850970224e-01,1.332790872359e-01,1.127324605795e+00,1.126309680077e+00,-1.318264940856e+00,-1.320395957713e+00
0.678111587983,1.198369940013e+00,1.198534547304e+00,-1.272374400035e+00,-1.272384211983e+00,1.524080460106e-01,1.522496971267e-01,1.111782300450e+00,1.110753400974e+00,-1.329358868196e+00,-1.331443984004e+00
0.679542203147,1.194987121151e+00,1.195148606419e+00,-1.277854868407e+00,-1.277881380720e+00,1.714032628446e-01,1.711926288228e-01,1.095880181573e+00,1.094838140980e+00,-1.339782899698e+00,-1.341819668630e+00
0.680972818312,1.191583313014e+00,1.191738523904e+00,-1.283232015927e+00,-1.283275298757e+00,1.903660314625e-01,1.901044385986e-01,1.079623109722e+00,1.078569043698e+00,-1.349531449283e+00,-1.351517772161e+00
0.682403433476,1.188158547416e+00,1.188304368643e+00,-1.288505658882e+00,-1.288565530274e+00,2.092917361352e-01,2.089816883866e-01,1.063016092116e+00,1.061951367086e+00,-1.358599230222e+00,-1.360533397329e+00
0.683834048641,1.184712742011e+00,1.184846210004e+00,-1.293675566846e+00,-1.293751647831e+00,2.281758796714e-01,2.278209464020e-01,1.046064300902e+00,1.044990481757e+00,-1.366981274836e+00,-1.368861991498e+00
0.685264663805,1.181245698372e+00,1.181364117841e+00,-1.298741453451e+00,-1.298833232396e+00,2.470140952184e-01,2.466187877666e-01,1.028773086856e+00,1.027691869249e+00,-1.374672958915e+00,-1.376499348963e+00
0.686695278970,1.177757105123e+00,1.177858162492e+00,-1.303702972143e+00,-1.303809873386e+00,2.658021529519e-01,2.653717951318e-01,1.011147986656e+00,1.010061120244e+00,-1.381670028628e+00,-1.383441613073e+00
0.688125894134,1.174246546521e+00,1.174328414775e+00,-1.308559717651e+00,-1.308681168698e+00,2.845359632249e-01,2.840765592993e-01,9.931947224524e-01,9.921039327681e-01,-1.387968627381e+00,-1.389685278180e+00
0.689556509299,1.170713516662e+00,1.170774945991e+00,-1.313311233415e+00,-1.313446724738e+00,3.032115778338e-01,3.027296798413e-01,9.749191931768e-01,9.738261103493e-01,-1.393565320001e+00,-1.395227191411e+00
0.690987124464,1.167157439166e+00,1.167197827918e+00,-1.317957024654e+00,-1.318106156458e+00,3.218251909792e-01,3.213277657185e-01,9.563274579051e-01,9.552335601387e-01,-1.398457111764e+00,-1.400064554254e+00
0.692417739628,1.163577691864e+00,1.163597132812e+00,-1.322496576199e+00,-1.322659087382e+00,3.403731412326e-01,3.398674358967e-01,9.374257123423e-01,9.363322910043e-01,-1.402641460192e+00,-1.404194923979e+00
0.693848354793,1.159973635641e+00,1.159972933408e+00,-1.326929373729e+00,-1.327105149643e+00,3.588519154070e-01,3.583453199612e-01,9.182202602360e-01,9.171284115876e-01,-1.406116278159e+00,-1.407616214865e+00
0.695278969957,1.156344646237e+00,1.156325302913e+00,-1.331254926715e+00,-1.331443984004e+00,3.772581546889e-01,3.767580587299e-01,8.987174820304e-01,8.976281283298e-01,-1.408879927681e+00,-1.410326699257e+00
0.696709585122,1.152690147476e+00,1.152654315006e+00,-1.335472791153e+00,-1.335675239897e+00,3.955886627904e-01,3.951023048636e-01,8.789238033658e-01,8.778377434661e-01,-1.410931204650e+00,-1.412325008435e+00
0.698140200286,1.149009644140e+00,1.148960043843e+00,-1.339582590151e+00,-1.339798575441e+00,4.138404152626e-01,4.133747234748e-01,8.588456660673e-01,8.577636529885e-01,-1.412269315787e+00,-1.413610133312e+00
0.699570815451,1.145302752531e+00,1.145242564045e+00,-1.343584030599e+00,-1.343813657479e+00,4.320105685631e-01,4.315719927337e-01,8.384895040601e-01,8.374123445792e-01,-1.412893849908e+00,-1.414181424934e+00
0.701001430615,1.141569226724e+00,1.141501950704e+00,-1.347476914416e+00,-1.347720161599e+00,4.500964670458e-01,4.496908044726e-01,8.178617262345e-01,8.167903955133e-01,-1.412804746381e+00,-1.414038594816e+00
0.702432045780,1.137808978645e+00,1.137738279380e+00,-1.351261143333e+00,-1.351517772161e+00,4.680956458056e-01,4.677278647866e-01,7.969687077137e-01,7.959044705335e-01,-1.412002264026e+00,-1.413181715082e+00
0.703862660944,1.134022090322e+00,1.133951626097e+00,-1.354936716625e+00,-1.355206182325e+00,4.860058273088e-01,4.856798946329e-01,7.758167903181e-01,7.747613196962e-01,-1.410486953866e+00,-1.411611218434e+00
0.705293276109,1.130208817122e+00,1.130142067346e+00,-1.358503721757e+00,-1.358785094073e+00,5.038249099941e-01,5.035436304269e-01,7.544122923358e-01,7.533677761896e-01,-1.408259638846e+00,-1.409327897926e+00
0.706723891273,1.126369581302e+00,1.126309680077e+00,-1.361962318424e+00,-1.362254218235e+00,5.215509475334e-01,5.213158246354e-01,7.327615270605e-01,7.317307541256e-01,-1.405321402998e+00,-1.406332906573e+00
0.708154506438,1.122504955864e+00,1.122454541704e+00,-1.365312716913e+00,-1.365613274512e+00,5.391821181654e-01,5.389932463667e-01,7.108708289963e-01,7.098572463052e-01,-1.401673591569e+00,-1.402627756760e+00
0.709585121602,1.118615639366e+00,1.118576730100e+00,-1.368555152123e+00,-1.368861991498e+00,5.567166843961e-01,5.565726819586e-01,6.887465861863e-01,6.877543219585e-01,-1.397317822468e+00,-1.398214319483e+00
0.711015736767,1.114702423075e+00,1.114676323594e+00,-1.371689854844e+00,-1.372000106701e+00,5.741529443147e-01,5.740509355620e-01,6.663952768120e-01,6.654291244599e-01,-1.392256008079e+00,-1.393094823404e+00
0.712446351931,1.110766152387e+00,1.110753400974e+00,-1.374717022073e+00,-1.375027366568e+00,5.914891767034e-01,5.914248297223e-01,6.438235080416e-01,6.428888690196e-01,-1.386490385278e+00,-1.387271853723e+00
0.713876967096,1.106807684951e+00,1.106808041482e+00,-1.377636788166e+00,-1.377943526500e+00,6.087235829258e-01,6.086912059568e-01,6.210380550608e-01,6.201408403519e-01,-1.380023550452e+00,-1.380748350876e+00
0.715307582260,1.102827848220e+00,1.102840324813e+00,-1.380449198606e+00,-1.380748350876e+00,6.258542291617e-01,6.258469253292e-01,5.980458982848e-01,5.971923903202e-01,-1.372858495635e+00,-1.373527609049e+00
0.716738197425,1.098827399198e+00,1.098850331114e+00,-1.383154187929e+00,-1.383441613073e+00,6.428789928456e-01,6.428888690196e-01,5.748542568977e-01,5.740509355620e-01,-1.364998641576e+00,-1.365613274512e+00
0.718168812589,1.094806989021e+00,1.094838140980e+00,-1.385751563140e+00,-1.386023095477e+00,6.597955171113e-01,6.598139388925e-01,5.514706170697e-01,5.507239550910e-01,-1.356447863822e+00,-1.357009343781e+00
0.719599427754,1.090767134621e+00,1.090803835458e+00,-1.388240993598e+00,-1.388492589510e+00,6.766011766373e-01,6.766190580590e-01,5.279027534512e-01,5.272189878806e-01,-1.347210508540e+00,-1.347720161599e+00
0.721030042918,1.086708199189e+00,1.086747496038e+00,-1.390622007973e+00,-1.390849895641e+00,6.932930575459e-01,6.933011714367e-01,5.041587428008e-01,5.035436304269e-01,-1.337291395927e+00,-1.337750418739e+00
0.722460658083,1.082630382451e+00,1.082669204658e+00,-1.392893998477e+00,-1.393094823404e+00,7.098679530063e-01,7.098572463052e-01,4.802469688823e-01,4.797055342943e-01,-1.326695810437e+00,-1.327105149643e+00
0.723891273247,1.078533721049e+00,1.078569043698e+00,-1.395056232195e+00,-1.395227191411e+00,7.263223750029e-01,7.262842728570e-01,4.561761180398e-01,4.557124036418e-01,-1.315429478562e+00,-1.315789729869e+00
0.725321888412,1.074418098554e+00,1.074447095980e+00,-1.397107868944e+00,-1.397246827371e+00,7.426525814872e-01,7.425792647451e-01,4.319551651434e-01,4.315719927337e-01,-1.303498536353e+00,-1.303809873386e+00
0.726752503577,1.070283264004e+00,1.070303444765e+00,-1.399047984768e+00,-1.399153568101e+00,7.588546169337e-01,7.587392596255e-01,4.075933498835e-01,4.072921034334e-01,-1.290909490079e+00,-1.291171629685e+00
0.728183118741,1.066128857287e+00,1.066138173754e+00,-1.400875599919e+00,-1.400947259540e+00,7.749243633074e-01,7.747613196962e-01,3.831001436950e-01,3.828805826818e-01,-1.277669174215e+00,-1.277881380720e+00
0.729613733906,1.061954439329e+00,1.061951367086e+00,-1.402589709938e+00,-1.402627756760e+00,7.908575977003e-01,7.906425322307e-01,3.584852078981e-01,3.583453199612e-01,-1.263784711246e+00,-1.263945837694e+00
0.731044349070,1.057759524851e+00,1.057743109330e+00,-1.404189318382e+00,-1.404194923979e+00,8.066500524969e-01,8.063800101082e-01,3.337583439688e-01,3.336942447461e-01,-1.249263477432e+00,-1.249372037662e+00
0.732474964235,1.053543615458e+00,1.053513485494e+00,-1.405673469637e+00,-1.405648634574e+00,8.222974739106e-01,8.219708923378e-01,3.089294371759e-01,3.089353239395e-01,-1.234113077873e+00,-1.234167339983e+00
0.733905579399,1.049306230977e+00,1.049262581014e+00,-1.407041280364e+00,-1.406988771086e+00,8.377956750886e-01,8.374123445792e-01,2.840083951420e-01,2.840765592993e-01,-1.218341332823e+00,-1.218339422601e+00
0.735336194564,1.045046937285e+00,1.044990481757e+00,-1.408291968182e+00,-1.408215225236e+00,8.531405806801e-01,8.527015596574e-01,2.590050831783e-01,2.591259848511e-01,-1.201956275629e+00,-1.201896278166e+00
0.736766809728,1.040765369250e+00,1.040697274019e+00,-1.409424876394e+00,-1.409327897926e+00,8.683282607058e-01,8.678357580735e-01,2.339292584988e-01,2.340916642925e-01,-1.184966160918e+00,-1.184846210004e+00
0.738197424893,1.036461247878e+00,1.036383044520e+00,-1.410439493803e+00,-1.410326699257e+00,8.833549526670e-01,8.828121885097e-01,2.087905056033e-01,2.089816883866e-01,-1.167379480144e+00,-1.167197827918e+00
0.739628040057,1.032134391229e+00,1.032047880407e+00,-1.411335468899e+00,-1.411211548525e+00,8.982170719656e-01,8.976281283298e-01,1.835981752268e-01,1.838041723475e-01,-1.149204980434e+00,-1.148960043843e+00
0.741058655222,1.027784719111e+00,1.027691869249e+00,-1.412112618014e+00,-1.411982374236e+00,9.129112117510e-01,9.122808840737e-01,1.583613292527e-01,1.585672532171e-01,-1.130451682150e+00,-1.130142067346e+00
0.742489270386,1.023412251953e+00,1.023315099035e+00,-1.412770927303e+00,-1.412639114110e+00,9.274341341766e-01,9.267677919475e-01,1.330886938854e-01,1.332790872359e-01,-1.111128890772e+00,-1.110753400974e+00
0.743919885551,1.019017104567e+00,1.018917658176e+00,-1.413310548709e+00,-1.413181715082e+00,9.417827556390e-01,9.410862183074e-01,1.077886231553e-01,1.079478472065e-01,-1.091246199614e+00,-1.090803835458e+00
0.745350500715,1.014599475740e+00,1.014499635498e+00,-1.413731790292e+00,-1.413610133312e+00,9.559541288620e-01,9.552335601387e-01,8.246907449940e-02,8.258171985263e-02,-1.070813481485e+00,-1.070303444765e+00
0.746781115880,1.010159634737e+00,1.010061120244e+00,-1.414035101524e+00,-1.413924334183e+00,9.699454246534e-01,9.692072455292e-01,5.713759773496e-02,5.718890317292e-02,-1.049840869391e+00,-1.049262581014e+00
0.748211731044,1.005697905823e+00,1.005602202070e+00,-1.414221054306e+00,-1.414124292309e+00,9.837539158345e-01,9.830047341361e-01,3.180133823247e-02,3.177760379183e-02,-1.028338728511e+00,-1.027691869249e+00
0.749642346209,1.001214651912e+00,1.001122971045e+00,-1.414290320559e+00,-1.414209991534e+00,9.973769652843e-01,9.966235176487e-01,6.467054533151e-03,6.356034307115e-03,-1.006317623582e+00,-1.005602202070e+00
0.751072961373,9.967102583175e-01,9.966235176487e-01,-1.414243647317e+00,-1.414181424934e+00,1.010812019316e+00,1.010061120244e+00,-1.885884993893e-02,-1.906758936430e-02,-9.837882871708e-01,-9.830047341361e-01
0.752503576538,9.921851174823e-01,9.921039327681e-01,-1.414081830231e+00,-1.414038594816e+00,1.024056606817e+00,1.023315099035e+00,-4.417028201177e-02,-4.448505064159e-02,-9.607615947549e-01,-9.599108765321e-01
0.753934191702,9.876396153487e-01,9.875643076976e-01,-1.413805686380e+00,-1.413781512720e+00,1.037108343813e+00,1.036383044520e+00,-6.946140225270e-02,-6.988813493557e-02,-9.372485520710e-01,-9.363322910043e-01
0.755364806867,9.830741198698e-01,9.830047341361e-01,-1.413416027225e+00,-1.413410199419e+00,1.049964942431e+00,1.049262581014e+00,-9.472655881971e-02,-9.526863230346e-02,-9.132602986628e-01,-9.122808840737e-01
0.756795422031,9.784889719572e-01,9.784253041857e-01,-1.412913632447e+00,-1.412924684915e+00,1.062624222749e+00,1.061951367086e+00,-1.199602141131e-01,-1.206183401023e-01,-8.888081293286e-01,-8.877688010225e-01
0.758226037196,9.738844789851e-01,9.738261103493e-01,-1.412299225346e+00,-1.412325008435e+00,1.075084125658e+00,1.074447095980e+00,-1.451568669865e-01,-1.459290656400e-01,-8.639035324767e-01,-8.628084197615e-01
0.759656652361,9.692609108056e-01,9.692072455292e-01,-1.411573450393e+00,-1.411611218434e+00,1.087342724809e+00,1.086747496038e+00,-1.703109734820e-01,-1.711926288228e-01,-8.385582417281e-01,-8.374123445792e-01
0.761087267525,9.646184981004e-01,9.645688030251e-01,-1.410736853429e+00,-1.410783372583e+00,1.099398235790e+00,1.098850331114e+00,-1.954168691300e-01,-1.964008647994e-01,-8.127842949082e-01,-8.115933997775e-01
0.762517882690,9.599574327837e-01,9.599108765321e-01,-1.409789865002e+00,-1.409841537771e+00,1.111249020972e+00,1.110753400974e+00,-2.204686958045e-01,-2.215456265994e-01,-7.865940932013e-01,-7.853646231954e-01
0.763948497854,9.552778701064e-01,9.552335601387e-01,-1.408732787214e+00,-1.408785790098e+00,1.122893588928e+00,1.122454541704e+00,-2.454603359369e-01,-2.466187877666e-01,-7.600004529438e-01,-7.587392596255e-01
0.765379113019,9.505799320637e-01,9.505369483255e-01,-1.407565784475e+00,-1.407616214865e+00,1.134330587794e+00,1.133951626097e+00,-2.703853565956e-01,-2.716122449850e-01,-7.330166433247e-01,-7.317307541256e-01
0.766809728183,9.458637117034e-01,9.458211359624e-01,-1.406288878493e+00,-1.406332906573e+00,1.145558792563e+00,1.145242564045e+00,-2.952369655205e-01,-2.965179206979e-01,-7.056564049884e-01,-7.043527452293e-01
0.768240343348,9.411292779427e-01,9.410862183074e-01,-1.404901947769e+00,-1.404935968911e+00,1.156577086805e+00,1.156325302913e+00,-3.200079807111e-01,-3.213277657185e-01,-6.779339468815e-01,-6.766190580590e-01
0.769670958512,9.363766805356e-01,9.363322910043e-01,-1.403404731850e+00,-1.403425514748e+00,1.167384439799e+00,1.167197827918e+00,-3.446908145968e-01,-3.460337618311e-01,-6.498639212563e-01,-6.485436973447e-01
0.771101573677,9.316059548850e-01,9.315594500811e-01,-1.401796840460e+00,-1.401801666128e+00,1.177979880446e+00,1.177858162492e+00,-3.692774732158e-01,-3.706279243828e-01,-6.214613791345e-01,-6.201408403519e-01
0.772532188841,9.268171264524e-01,9.267677919475e-01,-1.400077767539e+00,-1.400064554254e+00,1.188362469561e+00,1.188304368643e+00,-3.937595702072e-01,-3.951023048636e-01,-5.927417104300e-01,-5.914248297223e-01
0.773962804006,9.220102145823e-01,9.219574133936e-01,-1.398246910069e+00,-1.398214319483e+00,1.198531272243e+00,1.198534547304e+00,-4.181283548169e-01,-4.194489934757e-01,-5.637205741135e-01,-5.624101662316e-01
0.775393419170,9.171852356258e-01,9.171284115876e-01,-1.396303591384e+00,-1.396251111309e+00,1.208485332000e+00,1.208546838684e+00,-4.423747525457e-01,-4.436601216894e-01,-5.344138242202e-01,-5.331115014667e-01
0.776824034335,9.123422053097e-01,9.122808840737e-01,-1.394247088462e+00,-1.394175088358e+00,1.218223648083e+00,1.218339422601e+00,-4.664894165704e-01,-4.677278647866e-01,-5.048374372203e-01,-5.035436304269e-01
0.778254649499,9.074811403541e-01,9.074149287706e-01,-1.392076662497e+00,-1.391986418368e+00,1.227745157228e+00,1.227910518813e+00,-4.904627876489e-01,-4.916444443891e-01,-4.750074454451e-01,-4.737214840535e-01
0.779685264664,9.026020593905e-01,9.025306439689e-01,-1.389791591814e+00,-1.389685278180e+00,1.237048720606e+00,1.237258387346e+00,-5.142851599173e-01,-5.154021309732e-01,-4.449398801105e-01,-4.436601216894e-01
0.781115879828,8.977049832724e-01,8.976281283298e-01,-1.387391206039e+00,-1.387271853723e+00,1.246133116361e+00,1.246381328808e+00,-5.379467498016e-01,-5.389932463667e-01,-4.146507261966e-01,-4.133747234748e-01
0.782546494993,8.927899349002e-01,8.927074808825e-01,-1.384874920239e+00,-1.384746339997e+00,1.254997037694e+00,1.255277684694e+00,-5.614377652222e-01,-5.624101662316e-01,-3.841558902219e-01,-3.828805826818e-01
0.783977110157,8.878569387021e-01,8.877688010225e-01,-1.382242267683e+00,-1.382108941059e+00,1.263639096031e+00,1.263945837694e+00,-5.847484723712e-01,-5.856453225273e-01,-3.534711809042e-01,-3.521930979916e-01
0.785407725322,8.829060199227e-01,8.828121885097e-01,-1.379492929806e+00,-1.379359870008e+00,1.272057828463e+00,1.272384211983e+00,-6.078692575809e-01,-6.086912059568e-01,-3.226123018929e-01,-3.213277657185e-01
0.786838340486,8.779372038755e-01,8.778377434661e-01,-1.376626762002e+00,-1.376499348963e+00,1.280251708399e+00,1.280591273511e+00,-6.307906821913e-01,-6.315403683938e-01,-2.915948552027e-01,-2.903001719851e-01
0.788268955651,8.729505153042e-01,8.728455663739e-01,-1.373643814002e+00,-1.373527609049e+00,1.288219158195e+00,1.288565530274e+00,-6.535035288225e-01,-6.541854252894e-01,-2.604343536416e-01,-2.591259848511e-01
0.789699570815,8.679459779879e-01,8.678357580735e-01,-1.370544343735e+00,-1.370444890379e+00,1.295958562488e+00,1.296305532597e+00,-6.759988380700e-01,-6.766190580590e-01,-2.291462403592e-01,-2.278209464020e-01
0.791130185980,8.629236147017e-01,8.628084197615e-01,-1.367328823866e+00,-1.367251442032e+00,1.303468281025e+00,1.303809873386e+00,-6.982679353047e-01,-6.988340164476e-01,-1.977459135879e-01,-1.964008647994e-01
0.792560801144,8.578834476168e-01,8.577636529885e-01,-1.363997940491e+00,-1.363947522031e+00,1.310746659939e+00,1.311077188393e+00,-7.203024479553e-01,-7.208231208727e-01,-1.662487546559e-01,-1.648816062984e-01
0.793991416309,8.528254991932e-01,8.527015596574e-01,-1.360552583807e+00,-1.360533397329e+00,1.317792040682e+00,1.318106156458e+00,-7.420943143126e-01,-7.425792647451e-01,-1.346701573922e-01,-1.332790872359e-01
0.795422031474,8.477497935784e-01,8.476222420207e-01,-1.356993830959e+00,-1.357009343781e+00,1.324602766127e+00,1.324895499750e+00,-7.636357854749e-01,-7.640954167651e-01,-1.030255570889e-01,-1.016092659927e-01
0.796852646638,8.426563584887e-01,8.425258026791e-01,-1.353322921601e+00,-1.353375646126e+00,1.331177183698e+00,1.331443984004e+00,-7.849194224928e-01,-7.853646231954e-01,-7.133045724950e-02,-6.988813493557e-02
0.798283261803,8.375452275029e-01,8.374123445792e-01,-1.349541227054e+00,-1.349632597958e+00,1.337513645724e+00,1.337750418739e+00,-8.059380910139e-01,-8.063800101082e-01,-3.960045244197e-02,-3.813171234106e-02
0.799713876967,8.324164426619e-01,8.322819710111e-01,-1.345650214238e+00,-1.345780501712e+00,1.343610507527e+00,1.343813657479e+00,-8.266849557381e-01,-8.271347856068e-01,-7.851245703173e-03,-6.356034307115e-03
0.801144492132,8.272700572244e-01,8.271347856068e-01,-1.341651405755e+00,-1.341819668630e+00,1.349466124022e+00,1.349632597958e+00,-8.471534767368e-01,-8.476222420207e-01,2.390134085200e-02,2.542285334492e-02
0.802575107296,8.221061384001e-01,8.219708923378e-01,-1.337546337702e+00,-1.337750418739e+00,1.355078845779e+00,1.355206182325e+00,-8.673374091742e-01,-8.678357580735e-01,5.564136328270e-02,5.718890317292e-02
0.804005722461,8.169247698536e-01,8.167903955133e-01,-1.333336516833e+00,-1.333573080831e+00,1.360447015605e+00,1.360533397329e+00,-8.872308072115e-01,-8.877688010225e-01,8.735276162564e-02,8.892607421752e-02
0.805436337625,8.117260537664e-01,8.115933997775e-01,-1.329023378710e+00,-1.329287992425e+00,1.365568966716e+00,1.365613274512e+00,-9.068280319473e-01,-9.074149287706e-01,1.190193744833e-01,1.206183401023e-01
0.806866952790,8.065101122456e-01,8.063800101082e-01,-1.324608248424e+00,-1.324895499750e+00,1.370443023460e+00,1.370444890379e+00,-9.261237622276e-01,-9.267677919475e-01,1.506249621106e-01,1.522496971267e-01
0.808297567954,8.012770878937e-01,8.011503318142e-01,-1.320092305308e+00,-1.320395957713e+00,1.375067505401e+00,1.375027366568e+00,-9.451130061748e-01,-9.458211359624e-01,1.821532371639e-01,1.838041723475e-01
0.809728183119,7.960271433966e-01,7.959044705335e-01,-1.315476552899e+00,-1.315789729869e+00,1.379440735330e+00,1.379359870008e+00,-9.637911104542e-01,-9.645688030251e-01,2.135879017436e-01,2.152658316443e-01
0.811158798283,7.907604600500e-01,7.906425322307e-01,-1.310761795181e+00,-1.311077188393e+00,1.383561051464e+00,1.383441613073e+00,-9.821537637634e-01,-9.830047341361e-01,2.449126888866e-01,2.466187877666e-01
0.812589413448,7.854772352253e-01,7.853646231954e-01,-1.305948619877e+00,-1.306258714052e+00,1.387426823814e+00,1.387271853723e+00,-1.000196990885e+00,-1.001122971045e+00,2.761114063022e-01,2.778472083556e-01
0.814020028612,7.801776788654e-01,7.800708500397e-01,-1.301037389300e+00,-1.301334696169e+00,1.391036474348e+00,1.390849895641e+00,-1.017917133973e+00,-1.018917658176e+00,3.071679799346e-01,3.089353239395e-01
0.815450643777,7.748620091975e-01,7.747613196962e-01,-1.296028239032e+00,-1.296305532597e+00,1.394388500312e+00,1.394175088358e+00,-1.035310818568e+00,-1.036383044520e+00,3.380664948923e-01,3.398674358967e-01
0.816881258941,7.695304479409e-01,7.694361394157e-01,-1.290921084397e+00,-1.291171629685e+00,1.397481499785e+00,1.397246827371e+00,-1.052374903048e+00,-1.053513485494e+00,3.687912314428e-01,3.706279243828e-01
0.818311874106,7.641832153598e-01,7.640954167651e-01,-1.285715634481e+00,-1.285933402242e+00,1.400314198372e+00,1.400064554254e+00,-1.069106411843e+00,-1.070303444765e+00,3.993266940945e-01,4.012012562186e-01
0.819742489270,7.588205255602e-01,7.587392596255e-01,-1.280411413212e+00,-1.280591273511e+00,1.402885475773e+00,1.402627756760e+00,-1.085502454387e+00,-1.086747496038e+00,4.296576322734e-01,4.315719927337e-01
0.821173104435,7.534425824449e-01,7.533677761896e-01,-1.275007786792e+00,-1.275145675124e+00,1.405194390921e+00,1.404935968911e+00,-1.101560133495e+00,-1.102840324813e+00,4.597690516921e-01,4.617247975626e-01
0.822603719599,7.480495767086e-01,7.479810749595e-01,-1.269503996579e+00,-1.269597047079e+00,1.407240204388e+00,1.406988771086e+00,-1.117276448223e+00,-1.118576730100e+00,4.896462161564e-01,4.916444443891e-01
0.824034334764,7.426416841887e-01,7.425792647451e-01,-1.263899196353e+00,-1.263945837694e+00,1.409022396822e+00,1.408785790098e+00,-1.132648197219e+00,-1.133951626097e+00,5.192746402037e-01,5.213158246354e-01
0.825464949928,7.372190657769e-01,7.371624546612e-01,-1.258192492756e+00,-1.258192503578e+00,1.410540682336e+00,1.410326699257e+00,-1.147671888957e+00,-1.148960043843e+00,5.486400735635e-01,5.507239550910e-01
0.826895565093,7.317818689553e-01,7.317307541256e-01,-1.252382987556e+00,-1.252337509591e+00,1.411795015959e+00,1.411611218434e+00,-1.162343665035e+00,-1.163597132812e+00,5.777284789262e-01,5.798539854795e-01
0.828326180258,7.263302308651e-01,7.262842728570e-01,-1.246469820335e+00,-1.246381328808e+00,1.412785594497e+00,1.412639114110e+00,-1.176659241835e+00,-1.177858162492e+00,6.065260048757e-01,6.086912059568e-01
0.829756795422,7.208642826528e-01,7.208231208727e-01,-1.240452210144e+00,-1.240324442476e+00,1.413512850445e+00,1.413410199419e+00,-1.190613874593e+00,-1.191738523904e+00,6.350189560629e-01,6.372210545400e-01
0.831187410587,7.153841546961e-01,7.153474084862e-01,-1.234329494668e+00,-1.234167339983e+00,1.413977438869e+00,1.413924334183e+00,-1.204202346252e+00,-1.205233731098e+00,6.631937627701e-01,6.654291244599e-01
0.832618025751,7.098899822001e-01,7.098572463052e-01,-1.228101165555e+00,-1.227910518813e+00,1.414180217503e+00,1.414181424934e+00,-1.217418981741e+00,-1.218339422601e+00,6.910369519570e-01,6.933011714367e-01
0.834048640916,7.043819105836e-01,7.043527452293e-01,-1.221766898618e+00,-1.221554484506e+00,1.414122220607e+00,1.414181424934e+00,-1.230257686606e+00,-1.231051362825e+00,7.185351216938e-01,7.208231208727e-01
0.835479256080,6.988601000711e-01,6.988340164476e-01,-1.215326577880e+00,-1.215099750619e+00,1.413804627446e+00,1.413924334183e+00,-1.242712007498e+00,-1.243365443439e+00,7.456749206238e-01,7.479810749595e-01
0.836909871245,6.933247289478e-01,6.933011714367e-01,-1.208780312601e+00,-1.208546838684e+00,1.413228726470e+00,1.413410199419e+00,-1.254775210858e+00,-1.255277684694e+00,7.724430337549e-01,7.747613196962e-01
0.838340486409,6.877759950416e-01,6.877543219585e-01,-1.202128446768e+00,-1.201896278166e+00,1.412395876565e+00,1.412639114110e+00,-1.266440375487e+00,-1.266784236709e+00,7.988261755108e-01,8.011503318142e-01
0.839771101574,6.822141151447e-01,6.821935800575e-01,-1.195371560812e+00,-1.195148606419e+00,1.411307466863e+00,1.411611218434e+00,-1.277700494341e+00,-1.277881380720e+00,8.248110905711e-01,8.271347856068e-01
0.841201716738,6.766393222673e-01,6.766190580590e-01,-1.188510465658e+00,-1.188304368643e+00,1.409964876721e+00,1.410326699257e+00,-1.288548580971e+00,-1.288565530274e+00,8.503845626406e-01,8.527015596574e-01
0.842632331903,6.710518608081e-01,6.710308685666e-01,-1.181546189554e+00,-1.181364117841e+00,1.408369437522e+00,1.408785790098e+00,-1.298977776348e+00,-1.298833232396e+00,8.755334308934e-01,8.778377434661e-01
0.844062947067,6.654519799149e-01,6.654291244599e-01,-1.174479958391e+00,-1.174328414775e+00,1.406522397881e+00,1.406988771086e+00,-1.308981452309e+00,-1.308681168698e+00,9.002446134803e-01,9.025306439689e-01
0.845493562232,6.598399254682e-01,6.598139388925e-01,-1.167313170518e+00,-1.167197827918e+00,1.404424893692e+00,1.404935968911e+00,-1.318553308455e+00,-1.318106156458e+00,9.245051371460e-01,9.267677919475e-01
0.846924177396,6.542159312422e-01,6.541854252894e-01,-1.160047367206e+00,-1.159972933408e+00,1.402077924287e+00,1.402627756760e+00,-1.327687459906e+00,-1.327105149643e+00,9.483021717120e-01,9.505369483255e-01
0.848354792561,6.485802098694e-01,6.485436973447e-01,-1.152684200058e+00,-1.152654315006e+00,1.399482335632e+00,1.400064554254e+00,-1.336378513870e+00,-1.335675239897e+00,9.716230679338e-01,9.738261103493e-01
0.849785407725,6.429329442502e-01,6.428888690196e-01,-1.145225396671e+00,-1.145242564045e+00,1.396638811206e+00,1.397246827371e+00,-1.344621633421e+00,-1.343813657479e+00,9.944553970610e-01,9.966235176487e-01
0.851216022890,6.372742800090e-01,6.372210545400e-01,-1.137672725842e+00,-1.137738279380e+00,1.393547870830e+00,1.394175088358e+00,-1.352412587303e+00,-1.351517772161e+00,1.016786990319e+00,1.018917658176e+00
0.852646638054,6.316043195173e-01,6.315403683938e-01,-1.130027963495e+00,-1.130142067346e+00,1.390209877321e+00,1.390849895641e+00,-1.359747784882e+00,-1.358785094073e+00,1.038605976514e+00,1.040697274019e+00
0.854077253219,6.259231178781e-01,6.258469253292e-01,-1.122292860357e+00,-1.122454541704e+00,1.386625050543e+00,1.387271853723e+00,-1.366624295722e+00,-1.365613274512e+00,1.059900816038e+00,1.061951367086e+00
0.855507868383,6.202306811258e-01,6.201408403519e-01,-1.114469112237e+00,-1.114676323594e+00,1.382793488059e+00,1.383441613073e+00,-1.373039853575e+00,-1.372000106701e+00,1.080660329720e+00,1.082669204658e+00
0.856938483548,6.145269667423e-01,6.144222287230e-01,-1.106558333581e+00,-1.106808041482e+00,1.378715191374e+00,1.379359870008e+00,-1.378992844964e+00,-1.377943526500e+00,1.100873721249e+00,1.102840324813e+00
0.858369098712,6.088118864424e-01,6.086912059568e-01,-1.098562034775e+00,-1.098850331114e+00,1.374390096541e+00,1.375027366568e+00,-1.384482282974e+00,-1.383441613073e+00,1.120530592242e+00,1.122454541704e+00
0.859799713877,6.030853110513e-01,6.029478878182e-01,-1.090481603529e+00,-1.090803835458e+00,1.369818107815e+00,1.370444890379e+00,-1.389507767335e+00,-1.388492589510e+00,1.139620949460e+00,1.141501950704e+00
0.861230329041,5.973470771912e-01,5.971923903202e-01,-1.082318290540e+00,-1.082669204658e+00,1.364999132987e+00,1.365613274512e+00,-1.394069432409e+00,-1.393094823404e+00,1.158135204140e+00,1.159972933408e+00
0.862660944206,5.915969954157e-01,5.914248297223e-01,-1.074073199510e+00,-1.074447095980e+00,1.359933119063e+00,1.360533397329e+00,-1.398167885159e+00,-1.397246827371e+00,1.176064163908e+00,1.177858162492e+00
0.864091559371,5.858348593861e-01,5.856453225273e-01,-1.065747281544e+00,-1.066138173754e+00,1.354620087072e+00,1.355206182325e+00,-1.401804135661e+00,-1.400947259540e+00,1.193399018172e+00,1.195148606419e+00
0.865522174535,5.800604556636e-01,5.798539854795e-01,-1.057341333873e+00,-1.057743109330e+00,1.349060164883e+00,1.349632597958e+00,-1.404979523020e+00,-1.404194923979e+00,1.210131318354e+00,1.211835534002e+00
0.866952789700,5.742735736999e-01,5.740509355620e-01,-1.048856002809e+00,-1.049262581014e+00,1.343253617113e+00,1.343813657479e+00,-1.407695639766e+00,-1.406988771086e+00,1.226252954619e+00,1.227910518813e+00
0.868383404864,5.684740156367e-01,5.682362899947e-01,-1.040291790798e+00,-1.040697274019e+00,1.337200871358e+00,1.337750418739e+00,-1.409954257839e+00,-1.409327897926e+00,1.241756131006e+00,1.243365443439e+00
0.869814020029,5.626616055628e-01,5.624101662316e-01,-1.031649067340e+00,-1.032047880407e+00,1.330902540171e+00,1.331443984004e+00,-1.411757259074e+00,-1.411211548525e+00,1.256633340970e+00,1.258192503578e+00
0.871244635193,5.568361979295e-01,5.565726819586e-01,-1.022928083528e+00,-1.023315099035e+00,1.324359438359e+00,1.324895499750e+00,-1.413106572796e+00,-1.412639114110e+00,1.270877345327e+00,1.272384211983e+00
0.872675250358,5.509976848761e-01,5.507239550910e-01,-1.014128989840e+00,-1.014499635498e+00,1.317572595316e+00,1.318106156458e+00,-1.414004122598e+00,-1.413610133312e+00,1.284481154391e+00,1.285933402242e+00
0.874105865522,5.451460022744e-01,5.448641037713e-01,-1.005251856728e+00,-1.005602202070e+00,1.310543262215e+00,1.311077188393e+00,-1.414451783776e+00,-1.414124292309e+00,1.297438015842e+00,1.298833232396e+00
0.875536480687,5.392811343470e-01,5.389932463667e-01,-9.962966974630e-01,-9.966235176487e-01,1.303272913986e+00,1.303809873386e+00,-1.414451352199e+00,-1.414181424934e+00,1.309741409436e+00,1.311077188393e+00
0.876967095851,5.334031167691e-01,5.331115014667e-01,-9.872634925961e-01,-9.875643076976e-01,1.295763246038e+00,1.296305532597e+00,-1.414004524682e+00,-1.413781512720e+00,1.321385049173e+00,1.322659087382e+00
0.878397711016,5.275120382036e-01,5.272189878806e-01,-9.781522153187e-01,-9.784253041857e-01,1.288016165798e+00,1.288565530274e+00,-1.413112890292e+00,-1.412924684915e+00,1.332362893002e+00,1.333573080831e+00
0.879828326180,5.216080402641e-01,5.213158246354e-01,-9.689628569413e-01,-9.692072455292e-01,1.280033779123e+00,1.280591273511e+00,-1.411777931409e+00,-1.411611218434e+00,1.342669159611e+00,1.343813657479e+00
0.881258941345,5.156913159397e-01,5.154021309732e-01,-9.596954516900e-01,-9.599108765321e-01,1.271818371771e+00,1.272384211983e+00,-1.410001032955e+00,-1.409841537771e+00,1.352298351287e+00,1.353375646126e+00
0.882689556509,5.097621065550e-01,5.094780263487e-01,-9.503501000141e-01,-9.505369483255e-01,1.263372386134e+00,1.263945837694e+00,-1.407783497866e+00,-1.407616214865e+00,1.361245281414e+00,1.362254218235e+00
0.884120171674,5.038206973732e-01,5.035436304269e-01,-9.409269896373e-01,-9.410862183074e-01,1.254698393589e+00,1.255277684694e+00,-1.405126566751e+00,-1.404935968911e+00,1.369505104800e+00,1.370444890379e+00
0.885550786838,4.978674119906e-01,4.975990630810e-01,-9.314264136478e-01,-9.315594500811e-01,1.245799062908e+00,1.246381328808e+00,-1.402031439713e+00,-1.401801666128e+00,1.377073348819e+00,1.377943526500e+00
0.886981402003,4.919026057002e-01,4.916444443891e-01,-9.218487850200e-01,-9.219574133936e-01,1.236677125349e+00,1.237258387346e+00,-1.398499298396e+00,-1.398214319483e+00,1.383945943272e+00,1.384746339997e+00
0.888412017167,4.859266580361e-01,4.856798946329e-01,-9.121946470742e-01,-9.122808840737e-01,1.227335337181e+00,1.227910518813e+00,-1.394531326610e+00,-1.394175088358e+00,1.390119246934e+00,1.390849895641e+00
0.889842632332,4.799399647352e-01,4.797055342943e-01,-9.024646795142e-01,-9.025306439689e-01,1.217776440598e+00,1.218339422601e+00,-1.390128728196e+00,-1.389685278180e+00,1.395590068999e+00,1.396251111309e+00
0.891273247496,4.739429293724e-01,4.737214840535e-01,-8.926596998237e-01,-8.927074808825e-01,1.208003124095e+00,1.208546838684e+00,-1.385292741140e+00,-1.384746339997e+00,1.400355683922e+00,1.400947259540e+00
0.892703862661,4.679359549378e-01,4.677278647866e-01,-8.827806599454e-01,-8.828121885097e-01,1.198017983541e+00,1.198534547304e+00,-1.380024647348e+00,-1.379359870008e+00,1.404413838619e+00,1.404935968911e+00
0.894134477825,4.619194356267e-01,4.617247975626e-01,-8.728286383050e-01,-8.728455663739e-01,1.187823485244e+00,1.188304368643e+00,-1.374325777819e+00,-1.373527609049e+00,1.407762751464e+00,1.408215225236e+00
0.895565092990,4.558937491061e-01,4.557124036418e-01,-8.628048273765e-01,-8.628084197615e-01,1.177421932358e+00,1.177858162492e+00,-1.368197513301e+00,-1.367251442032e+00,1.410401103004e+00,1.410783372583e+00
0.896995708155,4.498592495047e-01,4.496908044726e-01,-8.527105171025e-01,-8.527015596574e-01,1.166815435924e+00,1.167197827918e+00,-1.361641280776e+00,-1.360533397329e+00,1.412328018842e+00,1.412639114110e+00
0.898426323319,4.438162613435e-01,4.436601216894e-01,-8.425470745910e-01,-8.425258026791e-01,1.156005891786e+00,1.156325302913e+00,-1.354658546313e+00,-1.353375646126e+00,1.413543045551e+00,1.413781512720e+00
0.899856938484,4.377650745934e-01,4.376204771101e-01,-8.323159206049e-01,-8.322819710111e-01,1.144994964419e+00,1.145242564045e+00,-1.347250805011e+00,-1.345780501712e+00,1.414046120903e+00,1.414209991534e+00
0.901287553648,4.317059409994e-01,4.315719927337e-01,-8.220185034423e-01,-8.219708923378e-01,1.133784078520e+00,1.133951626097e+00,-1.339419568833e+00,-1.337750418739e+00,1.413837539969e+00,1.413924334183e+00
0.902718168813,4.256390717692e-01,4.255147907377e-01,-8.116562708783e-01,-8.115933997775e-01,1.122374418963e+00,1.122454541704e+00,-1.331166353208e+00,-1.329287992425e+00,1.412917918869e+00,1.412924684915e+00
0.904148783977,4.195646366717e-01,4.194489934757e-01,-8.012306409081e-01,-8.011503318142e-01,1.110766939380e+00,1.110753400974e+00,-1.322492663283e+00,-1.320395957713e+00,1.411288158059e+00,1.411211548525e+00
0.905579399142,4.134827645468e-01,4.133747234748e-01,-7.907429720884e-01,-7.906425322307e-01,1.098962379385e+00,1.098850331114e+00,-1.313399980754e+00,-1.311077188393e+00,1.408949407047e+00,1.408785790098e+00
0.907010014306,4.073935451831e-01,4.072921034334e-01,-7.801945343391e-01,-7.800708500397e-01,1.086961290077e+00,1.086747496038e+00,-1.303889752171e+00,-1.301334696169e+00,1.405903032387e+00,1.405648634574e+00
0.908440629471,4.012970324777e-01,4.012012562186e-01,-7.695864811185e-01,-7.694361394157e-01,1.074764067222e+00,1.074447095980e+00,-1.293963379628e+00,-1.291171629685e+00,1.402150590606e+00,1.401801666128e+00
0.909871244635,3.951932487629e-01,3.951023048636e-01,-7.589198239398e-01,-7.587392596255e-01,1.062370991169e+00,1.061951367086e+00,-1.283622214771e+00,-1.280591273511e+00,1.397693807547e+00,1.397246827371e+00
0.911301859800,3.890821901533e-01,3.889953725653e-01,-7.481954102358e-01,-7.479810749595e-01,1.049782272384e+00,1.049262581014e+00,-1.272867557035e+00,-1.269597047079e+00,1.392534565283e+00,1.391986418368e+00
0.912732474964,3.829638327508e-01,3.828805826818e-01,-7.374139056076e-01,-7.371624546612e-01,1.036998101218e+00,1.036383044520e+00,-1.261700657050e+00,-1.258192503578e+00,1.386674897486e+00,1.386023095477e+00
0.914163090129,3.768381395281e-01,3.767580587299e-01,-7.265757814889e-01,-7.262842728570e-01,1.024018700437e+00,1.023315099035e+00,-1.250122726136e+00,-1.246381328808e+00,1.380116993733e+00,1.379359870008e+00
0.915593705293,3.707050677028e-01,3.706279243828e-01,-7.156813092278e-01,-7.153474084862e-01,1.010844378900e+00,1.010061120244e+00,-1.238134952769e+00,-1.234167339983e+00,1.372863212882e+00,1.372000106701e+00
0.917024320458,3.645645764113e-01,3.644903034672e-01,-7.047305615035e-01,-7.043527452293e-01,9.974755847780e-01,9.966235176487e-01,-1.225738526829e+00,-1.221554484506e+00,1.364916105262e+00,1.363947522031e+00
0.918454935622,3.584166344857e-01,3.583453199612e-01,-6.937234218603e-01,-6.933011714367e-01,9.839129566724e-01,9.830047341361e-01,-1.212934672281e+00,-1.208546838684e+00,1.356278443035e+00,1.355206182325e+00
0.919885550787,3.522612281398e-01,3.521930979916e-01,-6.826596029389e-01,-6.821935800575e-01,9.701573711231e-01,9.692072455292e-01,-1.199724688745e+00,-1.195148606419e+00,1.346953257737e+00,1.345780501712e+00
0.921316165951,3.460983683645e-01,3.460337618311e-01,-6.715386737169e-01,-6.710308685666e-01,9.562099850645e-01,9.552335601387e-01,-1.186110002088e+00,-1.181364117841e+00,1.336943883690e+00,1.335675239897e+00
0.922746781116,3.399280978361e-01,3.398674358967e-01,-6.603600957272e-01,-6.598139388925e-01,9.420722719904e-01,9.410862183074e-01,-1.172092223790e+00,-1.167197827918e+00,1.326254005674e+00,1.324895499750e+00
0.924177396280,3.337504971353e-01,3.336942447461e-01,-6.491232678232e-01,-6.485436973447e-01,9.277460507821e-01,9.267677919475e-01,-1.157673218367e+00,-1.152654315006e+00,1.314887709070e+00,1.313446724738e+00
0.925608011445,3.275656900758e-01,3.275143130758e-01,-6.378275786051e-01,-6.372210545400e-01,9.132335063942e-01,9.122808840737e-01,-1.142855177564e+00,-1.137738279380e+00,1.302849530510e+00,1.301334696169e+00
0.927038626609,3.213738479384e-01,3.213277657185e-01,-6.264724651330e-01,-6.258469253292e-01,8.985372018529e-01,8.976281283298e-01,-1.127640699441e+00,-1.122454541704e+00,1.290144507018e+00,1.288565530274e+00
0.928469241774,3.151751924114e-01,3.151347276406e-01,-6.150574760616e-01,-6.144222287230e-01,8.836600812982e-01,8.828121885097e-01,-1.112032869872e+00,-1.106808041482e+00,1.276778221627e+00,1.275145675124e+00
0.929899856938,3.089699970398e-01,3.089353239395e-01,-6.035823368658e-01,-6.029478878182e-01,8.686054640707e-01,8.678357580735e-01,-1.096035343373e+00,-1.090803835458e+00,1.262756843561e+00,1.261081907367e+00
0.931330472103,3.027585870016e-01,3.027296798413e-01,-5.920470144164e-01,-5.914248297223e-01,8.533770301146e-01,8.527015596574e-01,-1.079652419660e+00,-1.074447095980e+00,1.248087161216e+00,1.246381328808e+00
0.932761087268,2.965413370463e-01,2.965179206979e-01,-5.804517778622e-01,-5.798539854795e-01,8.379787972091e-01,8.374123445792e-01,-1.062889111963e+00,-1.057743109330e+00,1.232776606407e+00,1.231051362825e+00
0.934191702432,2.903186674601e-01,2.903001719851e-01,-5.687972525982e-01,-5.682362899947e-01,8.224150907585e-01,8.219708923378e-01,-1.045751202897e+00,-1.040697274019e+00,1.216833268617e+00,1.215099750619e+00
0.935622317597,2.840910379612e-01,2.840765592993e-01,-5.570844640967e-01,-5.565726819586e-01,8.066905070405e-01,8.063800101082e-01,-1.028245283714e+00,-1.023315099035e+00,1.200265898274e+00,1.198534547304e+00
0.937052932761,2.778589394760e-01,2.778472083556e-01,-5.453148685578e-01,-5.448641037713e-01,7.908098709460e-01,7.906425322307e-01,-1.010378773009e+00,-1.005602202070e+00,1.183083898402e+00,1.181364117841e+00
0.938483547926,2.716228838086e-01,2.716122449850e-01,-5.334903677212e-01,-5.331115014667e-01,7.747781893155e-01,7.747613196962e-01,-9.921599115201e-01,-9.875643076976e-01,1.165297304301e+00,1.163597132812e+00
0.939914163090,2.653833912834e-01,2.653717951318e-01,-5.216133057600e-01,-5.213158246354e-01,7.586006010114e-01,7.587392596255e-01,-9.735977304397e-01,-9.692072455292e-01,1.146916751186e+00,1.145242564045e+00
0.941344778255,2.591409765201e-01,2.591259848511e-01,-5.096864469365e-01,-5.094780263487e-01,7.422823248431e-01,7.425792647451e-01,-9.547019917384e-01,-9.505369483255e-01,1.127953430020e+00,1.126309680077e+00
0.942775393419,2.528961325795e-01,2.528749403063e-01,-4.977129335974e-01,-4.975990630810e-01,7.258286064095e-01,7.262842728570e-01,-9.354831002435e-01,-9.315594500811e-01,1.108419031977e+00,1.106808041482e+00
0.944206008584,2.466493138091e-01,2.466187877666e-01,-4.856962250772e-01,-4.856798946329e-01,7.092446648399e-01,7.098572463052e-01,-9.159519886022e-01,-9.122808840737e-01,1.088325682225e+00,1.086747496038e+00
0.945636623748,2.404009178005e-01,2.403576536044e-01,-4.736400190980e-01,-4.737214840535e-01,6.925356403197e-01,6.933011714367e-01,-8.961199776886e-01,-8.927074808825e-01,1.067685863927e+00,1.066138173754e+00
0.947067238913,2.341512669520e-01,2.340916642925e-01,-4.615481582328e-01,-4.617247975626e-01,6.757065431938e-01,6.766190580590e-01,-8.759986163990e-01,-8.728455663739e-01,1.046512333558e+00,1.044990481757e+00
0.948497854077,2.279005902064e-01,2.278209464020e-01,-4.494245248776e-01,-4.496908044726e-01,6.587622053609e-01,6.598139388925e-01,-8.555995060213e-01,-8.527015596574e-01,1.024818028875e+00,1.023315099035e+00
0.949928469242,2.216490055949e-01,2.215456265994e-01,-4.372729288828e-01,-4.376204771101e-01,6.417072346257e-01,6.428888690196e-01,-8.349341153894e-01,-8.322819710111e-01,1.002615971134e+00,1.001122971045e+00
0.951359084406,2.153965042686e-01,2.152658316443e-01,-4.250969924915e-01,-4.255147907377e-01,6.245459726575e-01,6.258469253292e-01,-8.140135937669e-01,-8.115933997775e-01,9.799191634241e-01,9.784253041857e-01
0.952789699571,2.091429367288e-01,2.089816883866e-01,-4.129000374824e-01,-4.133747234748e-01,6.072824572336e-01,6.086912059568e-01,-7.928485888094e-01,-7.906425322307e-01,9.567404873292e-01,9.552335601387e-01
0.954220314735,2.028880019835e-01,2.026933237639e-01,-4.006849794117e-01,-4.012012562186e-01,5.899203895124e-01,5.914248297223e-01,-7.714490770216e-01,-7.694361394157e-01,9.330926004816e-01,9.315594500811e-01
0.955650929900,1.966312403468e-01,1.964008647994e-01,-3.884542336023e-01,-3.889953725653e-01,5.724631071830e-01,5.740509355620e-01,-7.498242138563e-01,-7.479810749595e-01,9.089878379434e-01,9.074149287706e-01
0.957081545064,1.903720305713e-01,1.901044385986e-01,-3.762096370697e-01,-3.767580587299e-01,5.549135644649e-01,5.565726819586e-01,-7.279822100512e-01,-7.262842728570e-01,8.844381207411e-01,8.828121885097e-01
0.958512160229,1.841095919582e-01,1.838041723475e-01,-3.639523899386e-01,-3.644903034672e-01,5.372743200767e-01,5.389932463667e-01,-7.059302400088e-01,-7.043527452293e-01,8.594548752321e-01,8.577636529885e-01
0.959942775393,1.778429920156e-01,1.775001933094e-01,-3.516830191587e-01,-3.521930979916e-01,5.195475344311e-01,5.213158246354e-01,-6.836743870704e-01,-6.821935800575e-01,8.340489673065e-01,8.322819710111e-01
0.961373390558,1.715711601585e-01,1.711926288228e-01,-3.394013665047e-01,-3.398674358967e-01,5.017349774503e-01,5.035436304269e-01,-6.612196294809e-01,-6.598139388925e-01,8.082306556735e-01,8.063800101082e-01
0.962804005722,1.652929078342e-01,1.648816062984e-01,-3.271066020186e-01,-3.275143130758e-01,4.838380484992e-01,4.856798946329e-01,-6.385698697498e-01,-6.372210545400e-01,7.820095686580e-01,7.800708500397e-01
0.964234620887,1.590069553458e-01,1.585672532171e-01,-3.147972632409e-01,-3.151347276406e-01,4.658578100060e-01,4.677278647866e-01,-6.157280090344e-01,-6.144222287230e-01,7.553947089957e-01,7.533677761896e-01
0.965665236052,1.527119655136e-01,1.522496971267e-01,-3.024713198323e-01,-3.027296798413e-01,4.477950363701e-01,4.496908044726e-01,-5.926960671329e-01,-5.914248297223e-01,7.283944910736e-01,7.262842728570e-01
0.967095851216,1.464065841726e-01,1.459290656400e-01,-2.901262625111e-01,-2.903001719851e-01,4.296502797289e-01,4.315719927337e-01,-5.694753476938e-01,-5.682362899947e-01,7.010168148946e-01,6.988340164476e-01
0.968526466381,1.400894873505e-01,1.396054864316e-01,-2.777592146356e-01,-2.778472083556e-01,4.114239540733e-01,4.133747234748e-01,-5.460666473146e-01,-5.448641037713e-01,6.732691807477e-01,6.710308685666e-01
0.969957081545,1.337594348067e-01,1.332790872359e-01,-2.653670642464e-01,-2.653717951318e-01,3.931164390470e-01,3.951023048636e-01,-5.224705063086e-01,-5.213158246354e-01,6.451588481278e-01,6.428888690196e-01
0.971387696710,1.274153294373e-01,1.269499958443e-01,-2.529466139257e-01,-2.528749403063e-01,3.747282045328e-01,3.767580587299e-01,-4.986874980314e-01,-4.975990630810e-01,6.166930418624e-01,6.144222287230e-01
0.972818311874,1.210562818681e-01,1.206183401023e-01,-2.404947454278e-01,-2.403576536044e-01,3.562599568111e-01,3.583453199612e-01,-4.747185527574e-01,-4.737214840535e-01,5.878792076466e-01,5.856453225273e-01
0.974248927039,1.146816793652e-01,1.142842479075e-01,-2.280085956720e-01,-2.278209464020e-01,3.377128066483e-01,3.398674358967e-01,-4.505653111639e-01,-4.496908044726e-01,5.587253182539e-01,5.565726819586e-01
0.975679542203,1.082912579978e-01,1.079478472065e-01,-2.154857403457e-01,-2.152658316443e-01,3.190884591352e-01,3.213277657185e-01,-4.262305015021e-01,-4.255147907377e-01,5.292402305427e-01,5.272189878806e-01
0.977110157368,1.018851767914e-01,1.016092659927e-01,-2.029243810619e-01,-2.026933237639e-01,3.003894244262e-01,3.027296798413e-01,-4.017183335219e-01,-4.012012562186e-01,4.994340920137e-01,4.975990630810e-01
0.978540772532,9.546409241866e-02,9.526863230346e-02,-1.903235317359e-01,-1.901044385986e-01,2.816192477223e-01,2.840765592993e-01,-3.770349011891e-01,-3.767580587299e-01,4.693187940587e-01,4.677278647866e-01
0.979971387697,8.902923279902e-02,8.892607421752e-02,-1.776831996238e-01,-1.775001933094e-01,2.627827558970e-01,2.653717951318e-01,-3.521885852322e-01,-3.521930979916e-01,4.389084671918e-01,4.376204771101e-01
0.981402002861,8.258246782649e-02,8.258171985263e-02,-1.650045563121e-01,-1.648816062984e-01,2.438863170940e-01,2.466187877666e-01,-3.271904456328e-01,-3.275143130758e-01,4.082200114628e-01,4.072921034334e-01
0.982832618026,7.612637532664e-02,7.623569736275e-02,-1.522900938952e-01,-1.522496971267e-01,2.249381084508e-01,2.278209464020e-01,-3.020545933944e-01,-3.027296798413e-01,3.772736529791e-01,3.767580587299e-01
0.984263233190,6.966430027511e-02,6.988813493557e-02,-1.395437616533e-01,-1.396054864316e-01,2.059483858823e-01,2.089816883866e-01,-2.767985303573e-01,-2.778472083556e-01,3.460935150621e-01,3.460337618311e-01
0.985693848355,6.320040529902e-02,6.353916078986e-02,-1.267710787678e-01,-1.269499958443e-01,1.869297486368e-01,1.901044385986e-01,-2.514434455456e-01,-2.528749403063e-01,3.147081901505e-01,3.151347276406e-01
0.987124463519,5.673971054287e-02,5.718890317292e-02,-1.139792190090e-01,-1.142842479075e-01,1.678973902210e-01,1.711926288228e-01,-2.260144565916e-01,-2.278209464020e-01,2.831512962676e-01,2.840765592993e-01
0.988555078684,5.028812111832e-02,5.083749035798e-02,-1.011770639009e-01,-1.016092659927e-01,1.488693263638e-01,1.522496971267e-01,-2.005407852481e-01,-2.026933237639e-01,2.514619998663e-01,2.528749403063e-01
0.989985693848,4.385244057964e-02,4.448505064159e-02,-8.837522161541e-02,-8.892607421752e-02,1.298665900637e-01,1.332790872359e-01,-1.750558568943e-01,-1.775001933094e-01,2.196854853347e-01,2.215456265994e-01
0.991416309013,3.744036917158e-02,3.813171234106e-02,-7.558600974138e-02,-7.623569736275e-02,1.109133835446e-01,1.142842479075e-01,-1.495973152914e-01,-1.522496971267e-01,1.878733505747e-01,1.901044385986e-01
0.992846924177,3.106048598164e-02,3.177760379183e-02,-6.282340109494e-02,-6.353916078986e-02,9.203717722346e-02,9.526863230346e-02,-1.242069456484e-01,-1.269499958443e-01,1.560839080371e-01,1.585672532171e-01
0.994277539342,2.472221458202e-02,2.542285334492e-02,-5.010293283054e-02,-5.083749035798e-02,7.326874662144e-02,7.623569736275e-02,-9.893050128132e-02,-1.016092659927e-01,1.243823715316e-01,1.269499958443e-01
0.995708154506,1.843577225444e-02,1.906758936430e-02,-3.744158023440e-02,-3.813171234106e-02,5.464213956872e-02,5.718890317292e-02,-7.381743175065e-02,-7.623569736275e-02,9.284091112003e-02,9.526863230346e-02
0.997138769671,1.221210343225e-02,1.271194022432e-02,-2.485759767322e-02,-2.542285334492e-02,3.619456801855e-02,3.813171234106e-02,-4.892051326361e-02,-5.083749035798e-02,6.153856145194e-02,6.353916078986e-02
0.998569384835,6.062798546579e-03,6.356034307115e-03,-1.237033017661e-02,-1.271194022432e-02,1.796622124297e-02,1.906758936430e-02,-2.429538522497e-02,-2.542285334492e-02,3.056097293393e-02,3.177760379183e-02
1.000000000000,0.000000000000e+00,1.731912112471e-16,-0.000000000000e+00,-3.463824224942e-16,-0.000000000000e+00,5.195736337413e-16,-0.000000000000e+00,-6.927648449884e-16,0.000000000000e+00,8.659560562355e-16
