x,y,pinn_state_1,pinn_state_2,pinn_state_3,pinn_state_4
0.0,0.0,-0.0,-0.0,-0.0,0.0
0.0,0.011235955056179775,-0.0,-0.0,-0.0,0.0
0.0,0.02247191011235955,-0.0,-0.0,-0.0,0.0
0.0,0.033707865168539325,-0.0,-0.0,-0.0,0.0
0.0,0.0449438202247191,0.0,0.0,-0.0,0.0
0.0,0.056179775280898875,-0.0,-0.0,-0.0,0.0
0.0,0.06741573033707865,-0.0,-0.0,-0.0,0.0
0.0,0.07865168539325842,-0.0,-0.0,-0.0,0.0
0.0,0.0898876404494382,-0.0,-0.0,-0.0,0.0
0.0,0.10112359550561797,-0.0,-0.0,-0.0,0.0
0.0,0.11235955056179775,-0.0,-0.0,-0.0,0.0
0.0,0.12359550561797752,-0.0,-0.0,-0.0,0.0
0.0,0.1348314606741573,-0.0,-0.0,-0.0,0.0
0.0,0.14606741573033707,-0.0,-0.0,-0.0,0.0
0.0,0.15730337078651685,-0.0,-0.0,-0.0,0.0
0.0,0.16853932584269662,-0.0,-0.0,-0.0,0.0
0.0,0.1797752808988764,-0.0,-0.0,-0.0,0.0
0.0,0.19101123595505617,-0.0,-0.0,-0.0,0.0
0.0,0.20224719101123595,-0.0,-0.0,-0.0,0.0
0.0,0.21348314606741572,-0.0,-0.0,-0.0,0.0
0.0,0.2247191011235955,-0.0,-0.0,-0.0,0.0
0.0,0.23595505617977527,0.0,-0.0,-0.0,0.0
0.0,0.24719101123595505,0.0,-0.0,-0.0,0.0
0.0,0.2584269662921348,0.0,-0.0,-0.0,0.0
0.0,0.2696629213483146,0.0,0.0,-0.0,0.0
0.0,0.2808988764044944,-0.0,-0.0,-0.0,0.0
0.0,0.29213483146067415,-0.0,-0.0,-0.0,0.0
0.0,0.3033707865168539,0.0,0.0,-0.0,0.0
0.0,0.3146067415730337,-0.0,-0.0,-0.0,0.0
0.0,0.3258426966292135,-0.0,-0.0,-0.0,0.0
0.0,0.33707865168539325,0.0,0.0,-0.0,0.0
0.0,0.348314606741573,0.0,0.0,-0.0,0.0
0.0,0.3595505617977528,-0.0,-0.0,-0.0,0.0
0.0,0.3707865168539326,-0.0,-0.0,-0.0,0.0
0.0,0.38202247191011235,-0.0,-0.0,-0.0,0.0
0.0,0.3932584269662921,-0.0,-0.0,-0.0,0.0
0.0,0.4044943820224719,-0.0,-0.0,-0.0,0.0
0.0,0.4157303370786517,-0.0,-0.0,-0.0,0.0
0.0,0.42696629213483145,-0.0,-0.0,-0.0,0.0
0.0,0.4382022471910112,-0.0,-0.0,-0.0,0.0
0.0,0.449438202247191,-0.0,-0.0,-0.0,0.0
0.0,0.4606741573033708,-0.0,-0.0,-0.0,0.0
0.0,0.47191011235955055,0.0,0.0,-0.0,0.0
0.0,0.4831460674157303,0.0,0.0,-0.0,0.0
0.0,0.4943820224719101,0.0,0.0,-0.0,0.0
0.0,0.5056179775280899,0.0,0.0,-0.0,0.0
0.0,0.5168539325842696,-0.0,-0.0,-0.0,0.0
0.0,0.5280898876404494,-0.0,-0.0,-0.0,0.0
0.0,0.5393258426966292,-0.0,-0.0,-0.0,0.0
0.0,0.550561797752809,-0.0,-0.0,-0.0,0.0
0.0,0.5617977528089888,-0.0,-0.0,-0.0,0.0
0.0,0.5730337078651685,-0.0,-0.0,-0.0,0.0
0.0,0.5842696629213483,-0.0,-0.0,-0.0,0.0
0.0,0.5955056179775281,-0.0,-0.0,-0.0,0.0
0.0,0.6067415730337078,0.0,0.0,-0.0,0.0
0.0,0.6179775280898876,0.0,0.0,-0.0,0.0
0.0,0.6292134831460674,-0.0,-0.0,-0.0,0.0
0.0,0.6404494382022472,-0.0,-0.0,-0.0,0.0
0.0,0.651685393258427,-0.0,-0.0,-0.0,0.0
0.0,0.6629213483146067,-0.0,-0.0,-0.0,0.0
0.0,0.6741573033707865,-0.0,-0.0,-0.0,0.0
0.0,0.6853932584269663,-0.0,-0.0,-0.0,0.0
0.0,0.696629213483146,0.0,-0.0,-0.0,0.0
0.0,0.7078651685393258,0.0,-0.0,-0.0,0.0
0.0,0.7191011235955056,-0.0,-0.0,-0.0,0.0
0.0,0.7303370786516854,0.0,0.0,-0.0,0.0
0.0,0.7415730337078652,0.0,0.0,-0.0,0.0
0.0,0.7528089887640449,0.0,-0.0,-0.0,0.0
0.0,0.7640449438202247,-0.0,-0.0,-0.0,0.0
0.0,0.7752808988764045,0.0,0.0,-0.0,0.0
0.0,0.7865168539325842,0.0,0.0,-0.0,0.0
0.0,0.797752808988764,-0.0,-0.0,-0.0,0.0
0.0,0.8089887640449438,-0.0,-0.0,-0.0,0.0
0.0,0.8202247191011236,-0.0,-0.0,-0.0,0.0
0.0,0.8314606741573034,0.0,-0.0,-0.0,0.0
0.0,0.8426966292134831,0.0,-0.0,-0.0,0.0
0.0,0.8539325842696629,0.0,0.0,-0.0,0.0
0.0,0.8651685393258427,0.0,0.0,-0.0,0.0
0.0,0.8764044943820224,-0.0,-0.0,-0.0,0.0
0.0,0.8876404494382022,-0.0,-0.0,-0.0,0.0
0.0,0.898876404494382,-0.0,-0.0,-0.0,0.0
0.0,0.9101123595505618,-0.0,-0.0,-0.0,0.0
0.0,0.9213483146067416,-0.0,-0.0,-0.0,0.0
0.0,0.9325842696629213,-0.0,-0.0,-0.0,0.0
0.0,0.9438202247191011,-0.0,-0.0,-0.0,0.0
0.0,0.9550561797752809,-0.0,-0.0,-0.0,0.0
0.0,0.9662921348314606,-0.0,-0.0,-0.0,0.0
0.0,0.9775280898876404,-0.0,-0.0,-0.0,0.0
0.0,0.9887640449438202,-0.0,-0.0,-0.0,0.0
0.0,1.0,-0.0,-0.0,-0.0,0.0
0.011235955056179775,0.0,-0.0,-0.0,-0.0,0.0
0.011235955056179775,0.011235955056179775,-0.00016216410610528397,-5.8049044170901074e-05,-6.340672388299109e-05,2.837597647667504e-06
0.011235955056179775,0.02247191011235955,-0.00013368207702820194,5.592402194484721e-05,-0.0002397453891949742,-7.405373434303448e-05
0.011235955056179775,0.033707865168539325,1.6251121052145966e-05,0.00010221429340259614,-0.00038657875708716596,-0.00020082626089052723
0.011235955056179775,0.0449438202247191,8.505294552050446e-05,-4.035625296897718e-05,-0.00038027041360664014,-0.00022375886331627712
0.011235955056179775,0.056179775280898875,1.5291645127910904e-05,-0.00025909311619986685,-0.00028128455826038196,-5.7641075069353416e-05
0.011235955056179775,0.06741573033707865,5.119906310315447e-06,-0.00038793794262184737,-0.00019592781272807983,0.00023921597776629163
0.011235955056179775,0.07865168539325842,8.226976416904261e-05,-0.00036686759404029276,-0.0002070295963904812,0.0004552140578660921
0.011235955056179775,0.0898876404494382,5.677926247598917e-05,-0.0004296908403343943,-0.00026436841656529497,0.00039585189874782585
0.011235955056179775,0.10112359550561797,-0.00022402362433069742,-0.0007146939136445293,-8.899496047899138e-06,-3.203957391899055e-05
0.011235955056179775,0.11235955056179775,-0.0004856740538027647,-0.0009619727658615421,0.0003555016451098066,-0.0005158375358566891
0.011235955056179775,0.12359550561797752,-0.00042491288395628594,-0.0009531827522560813,0.0004299579661844091,-0.0006144912320716734
0.011235955056179775,0.1348314606741573,-0.0001486751426204741,-0.0005678347762219804,0.0004873185261090806,-0.0002902359098730926
0.011235955056179775,0.14606741573033707,0.00021029981715994716,0.000106610922231669,0.0005382257467710655,0.00013745418441520993
0.011235955056179775,0.15730337078651685,-0.00013484408638730327,0.0005307287438935964,0.000770192748749253,0.00020688993347458336
0.011235955056179775,0.16853932584269662,-0.00023700804502061807,0.000343879188894338,0.0010537653185522587,0.0001710460364565181
0.011235955056179775,0.1797752808988764,-0.00039731096588672846,-4.975579046468885e-05,0.0008298845029837213,5.265329894459065e-07
0.011235955056179775,0.19101123595505617,-0.000986229892962576,4.600861085791826e-05,0.0009416968434095239,-0.00018636875290972286
0.011235955056179775,0.20224719101123595,-0.0010346654800703716,0.00046088643065040794,0.000351693907995477,-0.000286801259740866
0.011235955056179775,0.21348314606741572,-0.0007678954006601178,0.0006400415092792013,-0.00025336557552212087,-0.0007817884600332
0.011235955056179775,0.2247191011235955,-0.0004174322636124559,0.00034553350913767215,-0.0017503578320824927,-0.0006840276883250626
0.011235955056179775,0.23595505617977527,0.0007457675892134685,-0.00025287323517547613,-0.002722442589529615,0.0008826922269804926
0.011235955056179775,0.24719101123595505,0.0012143649329591061,-0.0007139936715663558,-0.0017362548371324786,0.0018306266958007281
0.011235955056179775,0.2584269662921348,0.0007531068094240787,-0.0008904246919540931,-0.0001964222338064811,0.0012300734359440508
0.011235955056179775,0.2696629213483146,-0.00016895688293200542,-0.0003968941807522687,-0.00021105864107945967,-0.0003971510200437387
0.011235955056179775,0.2808988764044944,-0.0010931230709327199,0.00048015663888092286,1.8949571330056687e-05,-0.0015089479791944031
0.011235955056179775,0.29213483146067415,-0.00039210284015616027,0.0007712239882969859,-0.00028987836715651274,-0.000810928710734536
0.011235955056179775,0.3033707865168539,0.0004924562090928283,0.0003467482217541015,-0.0009351407770153334,2.9493549573914047e-05
0.011235955056179775,0.3146067415730337,-0.0005755767811500073,-0.0005186956226268134,-0.0008145823163749154,8.046242206956592e-05
0.011235955056179775,0.3258426966292135,-0.0010626343265561808,-0.00041133673794939006,-0.0011737586588677345,0.00021121252528080614
0.011235955056179775,0.33707865168539325,9.09322597385438e-05,0.00044504013983833086,-0.00047657166222378017,0.0005772953647733226
0.011235955056179775,0.348314606741573,0.0003007519715674937,0.00012555992265299526,-0.000922964529083874,0.0005102924583052086
0.011235955056179775,0.3595505617977528,-0.0007598700002653286,-0.0013754621421980826,-0.001683061844367842,-0.00024241446477209756
0.011235955056179775,0.3707865168539326,-0.0008031280014426311,-0.00192923057598303,-0.000996232883168311,5.868699252785394e-05
0.011235955056179775,0.38202247191011235,-0.0006016715633411169,-7.458393808446682e-05,-0.0002253661341467211,0.0009905433054016137
0.011235955056179775,0.3932584269662921,-0.000856003310104935,-0.000845310188481597,-0.000659091152467846,0.0002569559598355352
0.011235955056179775,0.4044943820224719,-0.001173592708858371,-0.004182213261563469,-0.0015717935687005673,-0.0006366209141498295
0.011235955056179775,0.4157303370786517,-0.0010668256762972528,-0.002639315514914072,-0.0013541983080555798,-0.0008542830347608319
0.011235955056179775,0.42696629213483145,-0.0005791253280328108,4.61720393325162e-05,2.4762207753063946e-05,-0.0011716960349985647
0.011235955056179775,0.4382022471910112,-0.00017233594928468723,0.0003707925415782935,-0.0006892096042094882,5.6284681316779285e-05
0.011235955056179775,0.449438202247191,-0.00018531818316466626,-0.0006767120521040907,-0.0024525924859588257,0.0013560696096688054
0.011235955056179775,0.4606741573033708,-0.00020049997434748223,-0.0012877758506473157,-0.002276214611034412,0.0012163101142927425
0.011235955056179775,0.47191011235955055,0.0002557714896338026,5.571460552102033e-05,-0.001094149511627539,0.0004788427842439253
0.011235955056179775,0.4831460674157303,0.00032690867928054804,0.0001928027825366299,-0.0009237127766423864,-0.0009869534832720513
0.011235955056179775,0.4943820224719101,-3.8129971707645195e-05,2.8711826230812954e-05,-0.001644219004253016,-0.0025046428191762347
0.011235955056179775,0.5056179775280899,-0.00017126624598057634,0.0011194861024916478,-0.0011946304304338493,-0.0023937829034519843
0.011235955056179775,0.5168539325842696,-0.00019320716556233788,9.030243279623158e-05,0.00015833929516253053,-0.0016970463298074403
0.011235955056179775,0.5280898876404494,-0.000765517585681032,-0.0006052670458238515,-0.00040350755074946556,-0.0008881086231809149
0.011235955056179775,0.5393258426966292,-0.001660121772576624,-0.00017294184927935566,-0.0020617410039206166,0.00017339901535771298
0.011235955056179775,0.550561797752809,-0.0015337512290197986,-0.00012453531726914786,-0.0022060422563390854,0.0010072627965572961
0.011235955056179775,0.5617977528089888,-0.0006139164236285381,-0.00037128894365639055,-0.0009094464407589295,0.001147476795779205
0.011235955056179775,0.5730337078651685,-0.0002475214521251711,-0.0003017093214358172,1.7452610196054498e-06,0.0005348808502726632
0.011235955056179775,0.5842696629213483,-0.00048635921132115015,-0.00028146715276594674,-0.0010146861072082773,-8.68091274029409e-05
0.011235955056179775,0.5955056179775281,-0.0005610680311658769,-0.00011199950481076046,-0.0013297043719562,-4.880642579716831e-05
0.011235955056179775,0.6067415730337078,-4.190108740890147e-07,-3.134442242242482e-05,-0.0007388290216553783,0.0003196386537068819
0.011235955056179775,0.6179775280898876,0.00013756476117964767,0.00014420840555331616,-0.0006547122253215731,0.0005445699607960286
0.011235955056179775,0.6292134831460674,-0.001539029033869867,0.0008793231022175638,-0.0007433079546575943,0.00038972806937665426
0.011235955056179775,0.6404494382022472,-0.002319209129894727,0.0012482813659020293,-0.000652628816801236,0.00033302907970297175
0.011235955056179775,0.651685393258427,-0.0014414665639049492,0.0005984927505175642,0.00013099908588109734,0.00024113869236657288
0.011235955056179775,0.6629213483146067,-0.001471596460653499,-0.000307933033475753,0.0009248669574739051,-0.00040054987180478666
0.011235955056179775,0.6741573033707865,-0.001786996347151214,-0.0004628241774174116,0.00035122554898102854,-0.000717974514508785
0.011235955056179775,0.6853932584269663,-0.0004910810291194933,-0.00040947924399847553,7.4709138767905e-05,5.2299882052580784e-05
0.011235955056179775,0.696629213483146,0.0006041294720053506,-0.0008180448639587239,0.000355425308238009,0.001140892677831054
0.011235955056179775,0.7078651685393258,5.7611579264956234e-05,-0.0009233038198778407,0.0001596325404119014,0.0017369543288236592
0.011235955056179775,0.7191011235955056,-0.0007824967781046929,-0.0001256613811041167,-5.680693821807455e-05,0.001707688440205408
0.011235955056179775,0.7303370786516854,-0.00019324409001345155,0.0003777329912726227,-3.6479666985614153e-06,0.0012363700608916263
0.011235955056179775,0.7415730337078652,0.0008260846487770978,-7.575711178086358e-05,3.31013626870038e-05,0.000794786144372874
0.011235955056179775,0.7528089887640449,-0.00024829952902578634,-0.0004147895841667489,0.0011132021058888985,0.00039067640248608234
0.011235955056179775,0.7640449438202247,-0.0007797197081156425,-9.776530010536947e-05,0.0009800811355135286,0.0004021629134665645
0.011235955056179775,0.7752808988764045,0.0003326209390724404,0.00037498548243029655,-0.00025361983317894745,0.0006100313132639559
0.011235955056179775,0.7865168539325842,-3.0410091412061214e-05,0.0004910394827543476,-0.00015272461276990545,0.0002487421028187049
0.011235955056179775,0.797752808988764,-0.0012027592478140664,0.00021082275697401558,-0.00014482347332837685,-0.0001415717414820563
0.011235955056179775,0.8089887640449438,-0.0009206612693900125,-0.00013729411022312099,0.000511429442650717,-6.496125138038462e-05
0.011235955056179775,0.8202247191011236,-4.4228451650446695e-05,-0.0004380777598189956,0.000418540882559498,-9.959749542577862e-06
0.011235955056179775,0.8314606741573034,0.0003937536838740085,-0.00048589239973497074,-0.0010361238370671338,-0.00012608695075323837
0.011235955056179775,0.8426966292134831,0.0007247480406072276,-0.00023114184892100524,-0.00039381523700210056,-0.00014875004713119002
0.011235955056179775,0.8539325842696629,0.0008566291305936814,-7.504261839761705e-05,-2.7517737295936612e-05,-2.8092394732568316e-05
0.011235955056179775,0.8651685393258427,0.00040721705225180187,-0.00012104217161742364,-0.000446318283962042,-9.884689603563437e-05
0.011235955056179775,0.8764044943820224,-0.00032825106080140167,-9.601121548528214e-06,-0.00038367964671437595,-0.0005824547111685759
0.011235955056179775,0.8876404494382022,-0.0009324411788141657,0.0002402881794800211,-0.0004522960820389035,-0.001172969698093426
0.011235955056179775,0.898876404494382,-0.0013013257820269665,0.0003650280977700188,-0.000416426696236777,-0.0013528471577073729
0.011235955056179775,0.9101123595505618,-0.0005988544741323775,0.00029359281995622387,-0.00031267418804985345,-0.0008202786045773653
0.011235955056179775,0.9213483146067416,-0.0004031762169935223,0.00013975534917411774,-0.00017073769712366667,-0.0005173976371628087
0.011235955056179775,0.9325842696629213,-0.0007058106999330354,-2.95151018735697e-05,-0.00019792359895766604,-0.0005372166568150134
0.011235955056179775,0.9438202247191011,-0.0009265583039053472,-0.0003117444511398803,-0.00026622696388279167,-0.0005151580375944923
0.011235955056179775,0.9550561797752809,-0.0008834358455263609,-0.0006049814696187314,-0.00021272133920757191,-0.0004008524527436063
0.011235955056179775,0.9662921348314606,-0.0006627370423786667,-0.0006300175997380944,-0.0001590922871734827,-0.00025480963450920656
0.011235955056179775,0.9775280898876404,-0.0003737655027997015,-0.00042307359264228745,-9.742823492084192e-05,-0.00011191189161933974
0.011235955056179775,0.9887640449438202,-0.00012295800529148418,-0.00018307634863688516,-3.389773646305435e-05,-1.661457192406318e-05
0.011235955056179775,1.0,-1.6326986826962914e-19,-4.2169383965375974e-19,-1.2021636378348975e-19,5.598368770789445e-20
0.02247191011235955,0.0,-0.0,-0.0,-0.0,0.0
0.02247191011235955,0.011235955056179775,-0.0002772818534136281,-0.00010028406366141698,-0.00019622753666129563,5.513247411361763e-05
0.02247191011235955,0.02247191011235955,-0.00018868878995386632,0.00010171018916356768,-0.0005656849581745701,6.861999500677495e-05
0.02247191011235955,0.033707865168539325,0.00010592063627350214,0.00018525261053461593,-0.000785246850523546,9.561629908673448e-05
0.02247191011235955,0.0449438202247191,0.00023558446363991002,-7.953738956161782e-05,-0.000741427461658835,0.0003954169925091389
0.02247191011235955,0.056179775280898875,0.00016997461363742398,-0.00048134090718512804,-0.0006209385389674529,0.000932990986379098
0.02247191011235955,0.06741573033707865,0.00028057535263966213,-0.0006554569005180254,-0.0005177342191535893,0.0012935264801630212
0.02247191011235955,0.07865168539325842,0.0005804371375396209,-0.00046761291176686997,-0.0004836625160882769,0.001283268144370102
0.02247191011235955,0.0898876404494382,0.0007021932248693879,-0.00039646277067281846,-0.0005086120169388398,0.001016577421226687
0.02247191011235955,0.10112359550561797,0.00025503034675472444,-0.0006817089604967178,-6.617596260124307e-05,0.0004188245125818461
0.02247191011235955,0.11235955056179775,-0.00040250067567136513,-0.0008406827409085144,0.0004895760177229507,-0.0001944428961710068
0.02247191011235955,0.12359550561797752,-0.0004597369120404858,-0.000599631291773772,0.0006521342785753043,-0.00018364017851794546
0.02247191011235955,0.1348314606741573,-0.00014173886689973172,0.00014871783833747868,0.00096979085120999,0.00041151568290976
0.02247191011235955,0.14606741573033707,0.00046758091309938223,0.001113875247050611,0.0012258552375084804,0.0010583942864632538
0.02247191011235955,0.15730337078651685,0.00016123062864363435,0.0012705143680521796,0.0015123947029081401,0.0009709696253602497
0.02247191011235955,0.16853932584269662,-0.00038344861514170357,0.00020829976894240279,0.001718552125555653,0.0003901608251080585
0.02247191011235955,0.1797752808988764,-0.0005056087817435706,-0.0009037600916270943,0.0012260154837881521,-0.00020287381388428381
0.02247191011235955,0.19101123595505617,-0.0008433663013649562,-0.0007525845362644178,0.0012589440407044033,-0.000572379177021754
0.02247191011235955,0.20224719101123595,-0.000603960773726577,0.00020034471732775303,-0.0005377189108945785,-0.0008816492746117214
0.02247191011235955,0.21348314606741572,-0.00023423204501165734,0.0008732788875905717,-0.0017264709974917228,-0.001894157492872914
0.02247191011235955,0.2247191011235955,-0.00033385608789076617,0.0009061143903665591,-0.0028939833223088985,-0.0021869831359851346
0.02247191011235955,0.23595505617977527,0.00019767542730560151,0.00023103467327333216,-0.005112038394380535,-0.00018884085039399547
0.02247191011235955,0.24719101123595505,0.0007813807844297875,-0.0006313487502597374,-0.004578327429051479,0.0015324839100640357
0.02247191011235955,0.2584269662921348,0.0005609979113814335,-0.0013256568467954202,-0.001032348599010789,0.0011966332117333619
0.02247191011235955,0.2696629213483146,-0.0003737526600255123,-0.001098097706810641,-0.0009360316737770311,-0.0006227549264824294
0.02247191011235955,0.2808988764044944,-0.001628396694243097,-0.00025422722610084095,-0.00017481984120762113,-0.0017490743667090824
0.02247191011235955,0.29213483146067415,-0.000686694755460628,5.118679077392358e-05,-0.0003673713980746751,-0.0006384486616154646
0.02247191011235955,0.3033707865168539,0.0002332548198217469,-0.000345343731570138,-0.0006623666596226538,0.00020804503646251098
0.02247191011235955,0.3146067415730337,-0.0015400923931043887,-0.001443721548422622,-0.0014309510183997207,0.00010239618353600006
0.02247191011235955,0.3258426966292135,-0.0021132841802817474,-0.0011146867542178617,-0.0026987903947395093,0.00019901625030636254
0.02247191011235955,0.33707865168539325,-8.196457888213537e-05,0.0004534430418322317,-0.0008169995267620294,0.0006005297639225894
0.02247191011235955,0.348314606741573,0.00010378274184884484,7.877159786816677e-05,-0.0013077691198298512,0.000609589479970536
0.02247191011235955,0.3595505617977528,-0.0020210269720509324,-0.002322919030092148,-0.0031402908042332386,-0.00038829578007400895
0.02247191011235955,0.3707865168539326,-0.0019130067198186143,-0.0034690860657208863,-0.003094635652913073,0.00015546956243032346
0.02247191011235955,0.38202247191011235,-0.0006658865947744748,-0.00021882599274057444,-0.0015608724589517735,0.0013526572808108316
0.02247191011235955,0.3932584269662921,-0.0005566535576713401,-0.0012994708779857618,-0.0019804201455402674,0.00041287203232729904
0.02247191011235955,0.4044943820224719,-0.0007681540761573661,-0.007703126298505403,-0.0037592584597011093,0.00027225455590223276
0.02247191011235955,0.4157303370786517,-0.00033461269647773326,-0.004657065720505845,-0.002565510777987074,0.0003529665388286532
0.02247191011235955,0.42696629213483145,0.00036904110085130747,0.00014275315002241172,0.0003348712898254008,-0.0012333042290658342
0.02247191011235955,0.4382022471910112,0.0004034754862050271,-0.00017014875166026632,-0.0005099152473201555,-0.0010131114495386215
0.02247191011235955,0.449438202247191,-0.000312643990831921,-0.003147503222774256,-0.0025003143529783675,-0.0005649790130219921
0.02247191011235955,0.4606741573033708,-0.0007408377769407066,-0.004631935399264921,-0.0021342575410067464,-0.000999330982995202
0.02247191011235955,0.47191011235955055,-0.0002978407403565019,-0.0010888947012599587,-0.0006744290006872865,-0.0009181200017570353
0.02247191011235955,0.4831460674157303,-0.0006316891650647835,-0.0011363620628143296,-0.0007063825094483503,-0.001298823899097617
0.02247191011235955,0.4943820224719101,-0.0018765269053933288,-0.00212777459962705,-0.0019799788459634923,-0.002245652338558415
0.02247191011235955,0.5056179775280899,-0.0019336995603389806,0.0005359074947749615,-0.0014094207155490248,-0.0016378145539979268
0.02247191011235955,0.5168539325842696,-0.0009962603718772203,0.0002710473262871216,0.0005485211604212494,-0.0009846506978439312
0.02247191011235955,0.5280898876404494,-0.0010092246462960462,-0.00026206160310865217,-0.0004489460684894483,-0.0008108729331416111
0.02247191011235955,0.5393258426966292,-0.0017659333521089645,0.001043806616858362,-0.0027373613992558435,-2.8116892966665177e-05
0.02247191011235955,0.550561797752809,-0.001352549390385875,0.0012709370773492685,-0.0023359109460434667,0.0004854915642880594
0.02247191011235955,0.5617977528089888,-0.00020633908888757836,0.0005546870996343447,8.437756817568802e-06,0.0008184758833581539
0.02247191011235955,0.5730337078651685,0.00011311592087269013,0.00035999131905555784,0.0007147412216228728,0.000848086316177783
0.02247191011235955,0.5842696629213483,-0.0002707744587948854,-1.769964309539725e-05,-0.0013894253363498598,0.00034728886022576574
0.02247191011235955,0.5955056179775281,-0.000537689114414792,-0.00031509247114945495,-0.0021309898790064998,0.000418350739339343
0.02247191011235955,0.6067415730337078,-0.00014756493367020532,-0.0005128147981918933,-0.0010299820523596093,0.0006626359922237755
0.02247191011235955,0.6179775280898876,-1.7201408413538347e-05,-0.00030399756211152033,-0.0008040201920352871,0.00037862884446853096
0.02247191011235955,0.6292134831460674,-0.0022963454803495184,0.0007246476316608247,-0.0007000794162770588,-0.00034619126223078416
0.02247191011235955,0.6404494382022472,-0.0036398268987269653,0.0012736758731495862,-0.00028916146901759453,-0.0004943342844527862
0.02247191011235955,0.651685393258427,-0.0018078390357100188,0.0007022735948520695,0.0005197197040431109,-0.00018675327909660548
0.02247191011235955,0.6629213483146067,-0.0014674072781414673,-0.00010273694708204003,0.0006606566523221479,-0.0006456483723824681
0.02247191011235955,0.6741573033707865,-0.001942676240448314,-0.0004062312729766437,-0.0010398253434420884,-0.000730272097868861
0.02247191011235955,0.6853932584269663,-0.00024425419297574564,-0.0007470445019333277,-0.0004940742174661257,0.00039767165523600493
0.02247191011235955,0.696629213483146,0.0008598743085703139,-0.0013818464570069797,0.0008720079151816226,0.0013838799708220187
0.02247191011235955,0.7078651685393258,-0.00034651552759103833,-0.0009397972152040522,0.00035437215796925675,0.0015866300898121806
0.02247191011235955,0.7191011235955056,-0.0017003722087596397,0.0005971394438097735,4.856201312771701e-05,0.0014875260353156353
0.02247191011235955,0.7303370786516854,-0.0009409908772519252,0.0010615832749917115,-7.519509930809082e-05,0.00136084773770454
0.02247191011235955,0.7415730337078652,0.000585662140985895,-3.9147037387646046e-06,-0.00040520643321987677,0.0014451604429027093
0.02247191011235955,0.7528089887640449,-0.0007964276778779624,-0.0006833195929902698,0.0017221434890724659,0.0012602333663348916
0.02247191011235955,0.7640449438202247,-0.0018505207367742072,-0.00017097908532056605,0.002136820643870177,0.0011884325067221414
0.02247191011235955,0.7752808988764045,7.321933472731928e-06,0.0006081760097139227,0.00025943459224868104,0.0013671758151577425
0.02247191011235955,0.7865168539325842,-0.0002786289487382541,0.0007080094303789483,-0.00019538624240005565,0.0005507591102724862
0.02247191011235955,0.797752808988764,-0.0015859427006720407,0.00030304327850597096,-0.00030363081882654486,-0.0004297159987085442
0.02247191011235955,0.8089887640449438,-0.0008939893358075319,-0.00010063572512640483,0.0007805061422429491,-0.00045967520917324523
0.02247191011235955,0.8202247191011236,2.9792477710847502e-05,-0.0004552286577944722,0.0012066344936102428,-0.00017379709007471698
0.02247191011235955,0.8314606741573034,0.000523856575111814,-0.0004916011687927999,-0.0009742921308301051,-7.221290838826426e-05
0.02247191011235955,0.8426966292134831,0.001116459761942829,-0.00013380018711546993,-0.0009473639010952309,-5.90601227606448e-05
0.02247191011235955,0.8539325842696629,0.0014963146831228694,-0.00013120457766021878,-0.00045676404140712184,5.046313449414172e-05
0.02247191011235955,0.8651685393258427,0.0010631820306959488,-0.0004957141261485332,-0.0016205924632806143,-0.00012414254326079647
0.02247191011235955,0.8764044943820224,0.00020004001965271507,-0.00037452586738110456,-0.0011361098937810099,-0.0009912085271177524
0.02247191011235955,0.8876404494382022,-0.00045818637815786073,0.0001838419724311922,-0.0009495183908642996,-0.0020272412615897923
0.02247191011235955,0.898876404494382,-0.001248729486780747,0.0006370490001240149,-0.0008019887577278423,-0.00252560809333582
0.02247191011235955,0.9101123595505618,-0.0007399036543886812,0.0008058641764735281,-0.0005864078094591456,-0.002077948999393057
0.02247191011235955,0.9213483146067416,-0.00044932884790809414,0.0007915662614654325,-0.00028792848900819484,-0.001769535091275116
0.02247191011235955,0.9325842696629213,-0.0008367702627067147,0.0006127304451452594,-0.00033018730344088355,-0.0016959096901648105
0.02247191011235955,0.9438202247191011,-0.0010900429066882267,8.975907496931284e-05,-0.00048825273520789625,-0.0013500202045499282
0.02247191011235955,0.9550561797752809,-0.0010062959883884908,-0.0005251995028563617,-0.0005001373378871017,-0.0008325504838114413
0.02247191011235955,0.9662921348314606,-0.0007485681277366617,-0.0006982242496357504,-0.0004019832243195309,-0.00040169685041058906
0.02247191011235955,0.9775280898876404,-0.0004211581357641083,-0.0004768752358920114,-0.0001866478137125616,-0.00014388298778151532
0.02247191011235955,0.9887640449438202,-0.0001367166444435503,-0.00020085597976889877,-2.0284145789702587e-05,-2.256377607664953e-05
0.02247191011235955,1.0,-1.3820930427590675e-19,-3.619149533013416e-19,-4.219204107143319e-20,7.858523795553013e-20
0.033707865168539325,0.0,-0.0,-0.0,-0.0,0.0
0.033707865168539325,0.011235955056179775,-0.0003510833265268704,-7.988853873820259e-05,-0.0002596225287842534,0.00015938456347261773
0.033707865168539325,0.02247191011235955,-0.0001911380889565199,0.00021646394720815936,-0.0006628038330994283,0.00033340673389962956
0.033707865168539325,0.033707865168539325,0.00028764274572680063,0.0004221333143033283,-0.0008139623546308697,0.000606364983027273
0.033707865168539325,0.0449438202247191,0.000548955355136822,0.00024010130233719345,-0.0007302172501442696,0.001181027959434919
0.033707865168539325,0.056179775280898875,0.0005260359885629826,-0.00015511917526771723,-0.0006901929517893739,0.001893575858719459
0.033707865168539325,0.06741573033707865,0.0007406914776791505,-0.000282376972404623,-0.0007714771895742413,0.0020565175789104767
0.033707865168539325,0.07865168539325842,0.0012320978479515268,4.242540440858068e-05,-0.0008348161586518076,0.0015337381114752695
0.033707865168539325,0.0898876404494382,0.001518519448165418,0.0002497761950498814,-0.0007892901272710299,0.0009556810680018543
0.033707865168539325,0.10112359550561797,0.0010250053797851261,0.00019361005748131654,-0.000135076306678067,0.00038406713594357707
0.033707865168539325,0.11235955056179775,-1.5629342653804306e-05,0.00037901753935991073,0.000539857192739501,-0.00013747156362502478
0.033707865168539325,0.12359550561797752,-0.00030671412248889444,0.0009474084198377068,0.0008920545896246057,-2.5944955103310765e-05
0.033707865168539325,0.1348314606741573,-5.67297132214523e-05,0.0018315058425863113,0.0016673356201788632,0.0005575823968347244
0.033707865168539325,0.14606741573033707,0.000402128831585807,0.002511214660607535,0.002219871898049321,0.0010090128103338203
0.033707865168539325,0.15730337078651685,0.00017255544692244644,0.0019774559060821125,0.00234722860200638,0.0007442059179845935
0.033707865168539325,0.16853932584269662,-0.0005210547049207483,0.00017928720378237493,0.0022281106828196603,4.5414954414887294e-05
0.033707865168539325,0.1797752808988764,-0.00044070272865790936,-0.0014019116325396238,0.0014878336670573124,-0.00011875336004828113
0.033707865168539325,0.19101123595505617,-0.0005037648117877428,-0.001329793544238455,0.0014070161673440714,0.0002401947942004552
0.033707865168539325,0.20224719101123595,-0.0004816020455494688,-0.0002385707985091541,-0.0017844952979781269,-6.78526555315419e-05
0.033707865168539325,0.21348314606741572,-0.00032698736717610657,0.0005429940464772669,-0.003563787131464772,-0.0015065472696827048
0.033707865168539325,0.2247191011235955,-0.0008035257496676218,0.0008645619256284438,-0.0027087712496228628,-0.0023674429131015366
0.033707865168539325,0.23595505617977527,-0.0012047952704261529,0.0003979228308679615,-0.004879466401496939,-0.0012037766003390776
0.033707865168539325,0.24719101123595505,-0.00020691740120025462,-0.00039309131067602617,-0.005981883501655838,0.0003076010840946775
0.033707865168539325,0.2584269662921348,0.000589158285023364,-0.0011746241842726522,-0.0017445968882029363,0.0005157605366494502
0.033707865168539325,0.2696629213483146,-0.000373661870740657,-0.0013351335436181046,-0.0017118472071484265,-0.0004731434477755369
0.033707865168539325,0.2808988764044944,-0.002354242217330269,-0.001065591134262868,-0.00022413446605151622,-0.0009079709107982646
0.033707865168539325,0.29213483146067415,-0.0013003977748295209,-0.0007019618649191048,-0.00040782689174107207,0.0003326579576129506
0.033707865168539325,0.3033707865168539,-0.00023765734986609243,-0.0006345564946239118,-0.0008661348078851406,0.0007529807647669625
0.033707865168539325,0.3146067415730337,-0.0023952404724475267,-0.001984980474839339,-0.003014733510504129,0.00048568714787914713
0.033707865168539325,0.3258426966292135,-0.00309393013427788,-0.0018067837212222462,-0.004579805811953596,0.0005200299467113762
0.033707865168539325,0.33707865168539325,-0.0004618943282664583,0.0007073012095755885,-0.0013002333105861456,0.000653126871275602
0.033707865168539325,0.348314606741573,-0.00034953456295632514,0.0007602393436607185,-0.0007302172162614978,0.0006922396757031828
0.033707865168539325,0.3595505617977528,-0.003721884609559403,-0.002800410073232141,-0.0021736688951917373,2.7930931401710646e-05
0.033707865168539325,0.3707865168539326,-0.0037666085352291937,-0.005007418643459168,-0.0029533838262372014,0.0007122248549708591
0.033707865168539325,0.38202247191011235,-0.0012589845165607916,-0.000983396196300471,-0.0017584588125857368,0.0014639894839544214
0.033707865168539325,0.3932584269662921,-0.0007313320607557985,-0.0023018757403617403,-0.0024525189670464424,0.0006585757536960287
0.033707865168539325,0.4044943820224719,-0.0013131471419406532,-0.011588290410770601,-0.00614337010552521,0.0018247251569672362
0.033707865168539325,0.4157303370786517,-0.0009009620909691918,-0.007037486555105481,-0.0045696621519393564,0.0019488472540218674
0.033707865168539325,0.42696629213483145,-2.3599719819398025e-05,0.0001571991885822211,0.00025985368171850754,-0.0009430313102399884
0.033707865168539325,0.4382022471910112,-0.00019366230313005235,-0.0004941993942336059,0.0002817119062055007,-0.0017038058635177888
0.033707865168539325,0.449438202247191,-0.0012164795228779726,-0.004967545583095,-0.001772333108402687,-0.002153993990030785
0.033707865168539325,0.4606741573033708,-0.0014408494600826707,-0.007124033286719007,-0.0021961185192274912,-0.002589441717971648
0.033707865168539325,0.47191011235955055,-0.0003575203703418569,-0.001867293943165052,-0.001275765603080379,-0.001233844392258907
0.033707865168539325,0.4831460674157303,-0.000607404327951864,-0.0023551991229696125,-0.0015225130598057954,-0.0006334674630830869
0.033707865168539325,0.4943820224719101,-0.0026322686737999153,-0.005428367450346951,-0.002707823998580453,-0.0015053880853888677
0.033707865168539325,0.5056179775280899,-0.003041666183317586,-0.001988277716130285,-0.0013305351393860367,-0.0009788735462447483
0.033707865168539325,0.5168539325842696,-0.0015340086867108652,-0.00069106984695657,0.0017271190584355399,-0.0005938730707890945
0.033707865168539325,0.5280898876404494,-0.0008840952953809548,-0.0004989846671058585,0.0013387177230661123,-0.0010285351435360072
0.033707865168539325,0.5393258426966292,-0.0011108013390333904,0.001728977719374978,-0.0011011455076267906,-0.00018064961669886308
0.033707865168539325,0.550561797752809,-0.000612170581011372,0.0019684259799370813,-0.0011215723511920237,0.00030132597520814624
0.033707865168539325,0.5617977528089888,0.0002025646307341773,0.0006677740136178685,0.0006997838455240487,0.00029099596973074145
0.033707865168539325,0.5730337078651685,0.0003171462519083822,0.0004451705578078397,0.0007203823488773612,0.0005125070236800606
0.033707865168539325,0.5842696629213483,1.153752671433603e-05,0.00020153086883047081,-0.0015347673960654086,0.00030691801408274
0.033707865168539325,0.5955056179775281,-0.0001508670527688645,-0.00011429974409216734,-0.00242714136010444,0.0006823273899068965
0.033707865168539325,0.6067415730337078,0.000339108115681991,-0.00032411618367064,-0.0010520285982225633,0.0007695536063297785
0.033707865168539325,0.6179775280898876,0.0005302437286110756,4.3225397127550475e-06,-0.0005406003448166236,-7.230473611711115e-05
0.033707865168539325,0.6292134831460674,-0.0022383956159112914,0.0009457779404574619,-0.00032098239268597655,-0.0013155797030165502
0.033707865168539325,0.6404494382022472,-0.004290116235734494,0.0010646813265390842,-0.00012822677050722953,-0.0017516872096275601
0.033707865168539325,0.651685393258427,-0.002072244430701191,0.000466248277753668,0.00021898372841482774,-0.0011308274073081649
0.033707865168539325,0.6629213483146067,-0.0016926627003742555,0.00035584536856288673,-0.00011596416827567154,-0.0011348961025785215
0.033707865168539325,0.6741573033707865,-0.0022623205569366044,0.00022890604725836185,-0.0025225130974670545,-0.0006949249907683113
0.033707865168539325,0.6853932584269663,-0.00048300929685805177,-0.0007218996039454645,-0.0014589813699501487,0.0008559246578655138
0.033707865168539325,0.696629213483146,0.0006961294755572737,-0.001691239448611399,0.0005448799968863985,0.0016002588316663862
0.033707865168539325,0.7078651685393258,-0.00022080756347578955,-0.0007576489876104379,0.0003613509823136626,0.0012268675450549473
0.033707865168539325,0.7191011235955056,-0.0012941254236607037,0.001125766864808077,0.000709577198917364,0.0010250244234238557
0.033707865168539325,0.7303370786516854,-0.00044460779315078585,0.0014425653095739982,0.0006133790068031889,0.0012117205226069333
0.033707865168539325,0.7415730337078652,0.0008455700098389755,0.00041834351183875384,-9.863623020132812e-05,0.001247378071350154
0.033707865168539325,0.7528089887640449,-0.0012490981736358769,-0.00022618756902552904,0.0018191624466014427,0.0005178961132263738
0.033707865168539325,0.7640449438202247,-0.002753707019550012,9.68241276533178e-05,0.001967000840398678,0.0004828943053401529
0.033707865168539325,0.7752808988764045,-0.00018302720186745905,0.0005016788628409098,0.00020193835435507111,0.001766668707361767
0.033707865168539325,0.7865168539325842,-0.00043091090621246776,0.00015434558194805397,0.0008598688965756896,0.001464586941439662
0.033707865168539325,0.797752808988764,-0.0016480520568312458,-0.00035572356759109,0.0012987942067670566,6.225723607257278e-05
0.033707865168539325,0.8089887640449438,-0.0008135823021657739,-0.00070598723576169,0.0013429842136793567,-0.0004274830783045905
0.033707865168539325,0.8202247191011236,-0.0002978245389349265,-0.001032382952730065,0.0018188869175514277,-0.0002863783772003059
0.033707865168539325,0.8314606741573034,0.0002913004322885749,-0.0009436366862419196,-0.00026490763093786303,-1.1243252082704497e-05
0.033707865168539325,0.8426966292134831,0.0011224365923219728,-0.000394547833313104,-0.0010796182882363288,0.00015665243721620583
0.033707865168539325,0.8539325842696629,0.0015588698603320572,-0.0004611247616928676,-0.0011260498945237934,0.0003517478216382147
0.033707865168539325,0.8651685393258427,0.0012951449122984011,-0.001026955400755152,-0.002577714424929277,0.00037759234745638777
0.033707865168539325,0.8764044943820224,0.0008602168496813495,-0.0009150299524457695,-0.0015379490684422111,-0.0001232678275034165
0.033707865168539325,0.8876404494382022,0.0006512496440020682,-0.0002478223455955911,-0.0010834718965151027,-0.0008331412174370832
0.033707865168539325,0.898876404494382,-0.00011900118253609593,0.0004318820927145522,-0.001208494907718746,-0.001396125077279747
0.033707865168539325,0.9101123595505618,-0.0002117590663306389,0.0009265448653823753,-0.0012718509630610824,-0.0014939837101970404
0.033707865168539325,0.9213483146067416,-1.2296540604081847e-05,0.0011700753907261901,-0.0008813183011784977,-0.0015727941096065777
0.033707865168539325,0.9325842696629213,-0.0003175382547114549,0.0011594704060753024,-0.0007756110666485443,-0.0015701949685935235
0.033707865168539325,0.9438202247191011,-0.0004976420832180045,0.0006774330465137272,-0.0009394425278177322,-0.0010693547600008166
0.033707865168539325,0.9550561797752809,-0.0004969614680680974,-1.1911226732463964e-05,-0.0010374036190561027,-0.0004476171008599303
0.033707865168539325,0.9662921348314606,-0.00041385447974605474,-0.0002838634710705899,-0.0008446912873186846,-0.00011051398590476388
0.033707865168539325,0.9775280898876404,-0.00023228929324551535,-0.0001690130458978125,-0.0003688207727608812,-2.5857510065433304e-05
0.033707865168539325,0.9887640449438202,-5.576916314997993e-05,-3.918733605316511e-05,-2.59469715617745e-05,-7.181111672531968e-06
0.033707865168539325,1.0,1.2878554908386838e-19,2.2719548324426e-19,1.0612027485799183e-19,3.0677278052817795e-20
0.0449438202247191,0.0,-0.0,-0.0,-0.0,0.0
0.0449438202247191,0.011235955056179775,-0.00036583692804738,-0.00013865957382346071,-0.00018250189199935576,0.00024013026492716473
0.0449438202247191,0.02247191011235955,-0.0001972107376600762,0.00013090646376845864,-0.00047323198171179493,0.00047334038829442953
0.0449438202247191,0.033707865168539325,0.00034636229532678946,0.0004341885903734511,-0.0004729829580629376,0.0007608822734337989
0.0449438202247191,0.0449438202247191,0.0006641775845593382,0.0004976067161717222,-0.0003057158217496956,0.0013618141876129473
0.0449438202247191,0.056179775280898875,0.0005604975029594352,0.00034341664244219084,-0.00027286425268957835,0.0022187367216225796
0.0449438202247191,0.06741573033707865,0.0006706949322270128,0.0003962983339890172,-0.0006342286551294621,0.002510391572570988
0.0449438202247191,0.07865168539325842,0.0011799320620375004,0.0008255181503011717,-0.0010141893150024891,0.001781188075465616
0.0449438202247191,0.0898876404494382,0.0015780298790911717,0.0010430500749559581,-0.0010132291751130103,0.0008026067293851586
0.0449438202247191,0.10112359550561797,0.0012995585527087086,0.0010619955480951205,-7.6233224811174e-05,-7.705432155551638e-06
0.0449438202247191,0.11235955056179775,0.0003380451573481757,0.0013249965799858388,0.0008320255123908584,-0.0006818202515671481
0.0449438202247191,0.12359550561797752,-5.392598250389218e-05,0.0018256918176232958,0.0013329961003087775,-0.0007056286531841367
0.0449438202247191,0.1348314606741573,0.00014642877610433335,0.002444802530042102,0.0023642904003963582,-0.00019129596894030531
0.0449438202247191,0.14606741573033707,0.0003773169724402846,0.002760561661476268,0.002985487192411529,0.000256039438620876
0.0449438202247191,0.15730337078651685,0.00025466367658101764,0.0020562292720034733,0.0029956150106373288,0.0002526750294452875
0.0449438202247191,0.16853932584269662,-0.00031357603716371154,0.00026161137169732735,0.0028330372505639663,0.00016079534204987037
0.0449438202247191,0.1797752808988764,-0.00036804597643316973,-0.00150382241308236,0.0019228621583910472,0.0008564832557795389
0.0449438202247191,0.19101123595505617,-0.0008898170147811932,-0.001465915325844932,0.0018539468119083882,0.0013826340875914582
0.0449438202247191,0.20224719101123595,-0.0016255466256566954,-0.00021650963295951646,-0.00218970025771124,0.00018856300628321607
0.0449438202247191,0.21348314606741572,-0.0016500471469269216,0.0004334537487652847,-0.004255361745110995,-0.0017497174122773145
0.0449438202247191,0.2247191011235955,-0.0014060088024519404,0.0005065239616965915,-0.0027920280531565094,-0.0024251000929171435
0.0449438202247191,0.23595505617977527,-0.0020992206223444357,-0.00040501037758634297,-0.005118682806998889,-0.0019561468133261852
0.0449438202247191,0.24719101123595505,-0.0010106687667204536,-0.001302663999274999,-0.0068923003560902,-0.0013075064532921529
0.0449438202247191,0.2584269662921348,0.0007901101279863136,-0.0015999128023161753,-0.002221520764506918,-0.0008800435294606454
0.0449438202247191,0.2696629213483146,-0.0010058505201943164,-0.001571398249730584,-0.0026141562551284963,-0.000946217502745995
0.0449438202247191,0.2808988764044944,-0.004170088776259599,-0.0016377979187448422,-0.0011489825427640076,-0.0009274776649351974
0.0449438202247191,0.29213483146067415,-0.002252768263064569,-0.0009472702741611613,-0.0008393488041396116,6.510826124471866e-05
0.0449438202247191,0.3033707865168539,-0.0005703869516790074,-0.0003284085945655535,-0.0014958390661681097,0.0001304507948156262
0.0449438202247191,0.3146067415730337,-0.0031771409561313683,-0.0022949461460968963,-0.003471457406848268,-0.000238288000491336
0.0449438202247191,0.3258426966292135,-0.004210734636406745,-0.0026786662556304974,-0.0044928306727653865,-0.00032788934711217797
0.0449438202247191,0.33707865168539325,-0.0010230967206442654,0.0007457375497376391,-0.0014816727205434175,-0.000476923389438478
0.0449438202247191,0.348314606741573,-0.0006365606642698094,0.0008454163135180469,-0.0008503472405076834,-0.00043703046423993397
0.0449438202247191,0.3595505617977528,-0.005445890431466352,-0.00524937338564071,-0.0014307101755530829,-0.0005842020484871868
0.0449438202247191,0.3707865168539326,-0.006077551916462259,-0.008697319397921987,-0.0022947829633128847,-0.00010155318861718343
0.0449438202247191,0.38202247191011235,-0.002245191491247865,-0.00324793479518126,-0.0014510923959557473,0.00033907369036126415
0.0449438202247191,0.3932584269662921,-0.002169501353935848,-0.004050922950523602,-0.0022295115623326266,0.0005759160332767046
0.0449438202247191,0.4044943820224719,-0.0043963603454214625,-0.01607601823400029,-0.007993816455564438,0.0034420064855942767
0.0449438202247191,0.4157303370786517,-0.0037587029357326967,-0.010671986983703863,-0.006682264137588052,0.003439151300184132
0.0449438202247191,0.42696629213483145,-0.001553868413501764,-0.0008390761236491185,-0.00017328952759282585,-0.0008874335387450876
0.0449438202247191,0.4382022471910112,-0.001323716128645674,-0.0010010666881451042,-3.052531117493968e-05,-0.0017089247368146435
0.0449438202247191,0.449438202247191,-0.002789056408959173,-0.006352996937676834,-0.0030129812140371193,-0.0011493757810267901
0.0449438202247191,0.4606741573033708,-0.002714000725235105,-0.009063340503294716,-0.004125862143110388,-0.0011157410632544127
0.0449438202247191,0.47191011235955055,-0.0004752239758506725,-0.0024187073158102586,-0.0029504110245579178,0.00038240124854116474
0.0449438202247191,0.4831460674157303,-0.0001080280595074235,-0.002855532489226587,-0.002859582211091279,0.00023365015913498892
0.0449438202247191,0.4943820224719101,-0.00217732383792128,-0.007658604855886554,-0.004283584007480521,-0.002196568765660999
0.0449438202247191,0.5056179775280899,-0.0027558639466246683,-0.0031109119464560976,-0.0025121130602950062,-0.0024251764421580444
0.0449438202247191,0.5168539325842696,-0.001578754946429984,-0.0013284443969094704,0.001616382187823399,-0.0016510364161929027
0.0449438202247191,0.5280898876404494,-0.0013585581764623531,-0.001174198111657959,0.0016915424731293825,-0.0011335397368146725
0.0449438202247191,0.5393258426966292,-0.0015654062120299137,0.0018182377255276348,-0.001379844930135404,0.0005478054445798013
0.0449438202247191,0.550561797752809,-0.0009344668613423406,0.0022392432453679956,-0.0021137885609690825,0.00028062944479023016
0.0449438202247191,0.5617977528089888,-0.0002295628053145654,0.000430567137025808,-0.0004600268692867942,-0.0007780008012273824
0.0449438202247191,0.5730337078651685,-4.9288440591441e-05,0.0004063373646489337,-0.00023418692593110398,-0.00045653655969045626
0.0449438202247191,0.5842696629213483,1.8671215775773837e-05,0.0007912401266559401,-0.002024504431670005,-0.00024707915938046497
0.0449438202247191,0.5955056179775281,0.00016639993079653595,0.0006189627821189748,-0.0026978525405310363,-7.007289339877899e-05
0.0449438202247191,0.6067415730337078,0.0008969405401666946,0.00034845066045869944,-0.0009837010328961494,-0.00048090301884615074
0.0449438202247191,0.6179775280898876,0.0011857023896659385,0.0007862260986938243,-0.0004358920028582875,-0.001078205261891381
0.0449438202247191,0.6292134831460674,-0.002156384085292911,0.0016757783457942213,-0.00036047719905033676,-0.0017284137651601267
0.0449438202247191,0.6404494382022472,-0.005051535505315125,0.0014031426091333944,-0.0004448531156363402,-0.0023241597464078354
0.0449438202247191,0.651685393258427,-0.0025850634926362246,0.0007100495265821511,-0.00038392501526203244,-0.0017470166617651818
0.0449438202247191,0.6629213483146067,-0.00251576416332311,0.0016289750587691158,-0.0006989165774081552,-0.001786504602408811
0.0449438202247191,0.6741573033707865,-0.0034151916261185465,0.0022205849543645777,-0.0037125729787524575,-0.0015013929099217018
0.0449438202247191,0.6853932584269663,-0.0012194357188198334,0.0004911163918104649,-0.0026449685408743554,0.00016815314543148897
0.0449438202247191,0.696629213483146,0.0009069424657299029,-0.0013595111005963703,-0.00033356567130632365,0.0007990247387610342
0.0449438202247191,0.7078651685393258,0.0008095866904331015,-0.0006750846322727003,0.0005869566523884356,-0.00026517593439212176
0.0449438202247191,0.7191011235955056,4.147192865910339e-05,0.0008481223333961474,0.0019545829068547214,-0.0009247681133769229
0.0449438202247191,0.7303370786516854,0.0007103333585055884,0.001016929958285176,0.0016863305701001218,-0.0005432753920524697
0.0449438202247191,0.7415730337078652,0.0013361885201011745,0.0007946009595363287,0.0006860635223958009,-0.0001977531939314987
0.0449438202247191,0.7528089887640449,-0.0021505883313968424,0.0006270612465679445,0.0024280714891845388,-0.0008197095942929934
0.0449438202247191,0.7640449438202247,-0.0037665889806034886,0.0006017207497641155,0.00205387982180907,-7.769347500248428e-06
0.0449438202247191,0.7752808988764045,-0.0001377390924156829,0.0003755074517745214,0.00029885283642920254,0.002486028186390847
0.0449438202247191,0.7865168539325842,-0.0009858156492985885,-0.0005313160992325559,0.002706020992462812,0.0020349418650332605
0.0449438202247191,0.797752808988764,-0.0019872504527676145,-0.0011229821834001182,0.0038930889839359807,0.000364715692301377
0.0449438202247191,0.8089887640449438,-0.0012096704303952075,-0.001309777435443219,0.0024303107995259786,-0.00022885372486411282
0.0449438202247191,0.8202247191011236,-0.0011384853294080348,-0.0016002171008771833,0.002121585456143217,-0.0002063033773763882
0.0449438202247191,0.8314606741573034,-0.0001441160626079596,-0.0014376864419720313,-0.00013728528517959035,0.00017092004594902358
0.0449438202247191,0.8426966292134831,0.0011571277833672413,-0.000675247975995917,-0.0014039286963996526,0.0004082534928250231
0.0449438202247191,0.8539325842696629,0.0014276400833089704,-0.0005648074299214896,-0.0018609133294189397,0.0003526850264480653
0.0449438202247191,0.8651685393258427,0.0008883279662015752,-0.0011631116922917704,-0.0027026823298940987,0.00016404148022911323
0.0449438202247191,0.8764044943820224,0.0007484273902596202,-0.001324956570800819,-0.0010474506168106645,1.635936342505111e-05
0.0449438202247191,0.8876404494382022,0.0012667644178448543,-0.0009366236623398496,-0.0008177829571283065,9.213734175179226e-07
0.0449438202247191,0.898876404494382,0.0009955284459615221,-0.00013245900411892504,-0.001633201592119706,-0.0001249216612568398
0.0449438202247191,0.9101123595505618,0.00035149673209526253,0.000687314327088718,-0.0021731818747457374,-0.00040672187292018364
0.0449438202247191,0.9213483146067416,0.0005007693584343416,0.0010798697434483632,-0.0017331963218860389,-0.0007451207874846716
0.0449438202247191,0.9325842696629213,0.00043739453350838875,0.001115471329204137,-0.0014293467294706117,-0.0009397307428683485
0.0449438202247191,0.9438202247191011,0.00033737365384705205,0.0006861966776355411,-0.0014997438335379463,-0.0005467419919449001
0.0449438202247191,0.9550561797752809,0.00016855880655667436,4.0982084209324865e-05,-0.0016067980984273333,-3.286524498530499e-05
0.0449438202247191,0.9662921348314606,3.4140448741303226e-05,-0.0002090806619948386,-0.0013018685135577376,9.081762790123866e-05
0.0449438202247191,0.9775280898876404,6.71921138805743e-05,-8.641557034730842e-05,-0.0005619483103643547,-2.0834979306398135e-05
0.0449438202247191,0.9887640449438202,0.00011445157957401335,1.8409013657635623e-05,-2.9505200179972482e-05,-4.387631293137548e-05
0.0449438202247191,1.0,8.026351049858095e-19,4.265879698848002e-19,3.6868224971370527e-19,-1.2986720320733093e-19
0.056179775280898875,0.0,-0.0,-0.0,-0.0,0.0
0.056179775280898875,0.011235955056179775,-0.00046558539912516783,-0.000442119445590157,-6.394134725968286e-05,0.000256080986156931
0.056179775280898875,0.02247191011235955,-0.0004822858027559635,-0.0005076217174126762,-0.0003117646060164637,0.0003669537343818085
0.056179775280898875,0.033707865168539325,-0.00023169768308163363,-0.0003094872844999155,-0.00031933187553279726,0.0001876767225389817
0.056179775280898875,0.0449438202247191,-8.104025488907158e-05,-7.682492868758747e-05,-0.0002248397063800951,0.00018167025084787897
0.056179775280898875,0.056179775280898875,-0.00030580812585480517,-6.238540183664143e-05,-0.0002385474782066942,0.0006865382423798481
0.056179775280898875,0.06741573033707865,-0.0004986457293292822,3.625414983108737e-05,-0.0006893305346260349,0.0012048050248014855
0.056179775280898875,0.07865168539325842,-0.00026653012439429837,0.0005320878168063682,-0.0012204170998212332,0.00119665903962852
0.056179775280898875,0.0898876404494382,6.39569873782326e-06,0.0008425874973803778,-0.001347243971376063,0.0006518777459520355
0.056179775280898875,0.10112359550561797,-7.235927622609148e-05,0.0009052892550616492,-0.0001536149581809736,-0.00035220608416020217
0.056179775280898875,0.11235955056179775,-0.0006134296643775954,0.0011015978441905054,0.0010702878166835284,-0.0012876962071386667
0.056179775280898875,0.12359550561797752,-0.0008933602855496665,0.0014598138636377775,0.0014820639473715346,-0.0011786895789149738
0.056179775280898875,0.1348314606741573,-0.00033626163880222653,0.001943296285715323,0.002501776105951938,-0.0003058513764492115
0.056179775280898875,0.14606741573033707,0.00032486981858596516,0.0023353965052974523,0.003240063048320758,0.00031216432924476847
0.056179775280898875,0.15730337078651685,0.0006746655717161108,0.002061165524124895,0.0033093798577897783,0.0005456442304619312
0.056179775280898875,0.16853932584269662,0.0006496712996611192,0.0004060281237575837,0.0031141775283044797,0.0011498200401314292
0.056179775280898875,0.1797752808988764,0.00030078873054324316,-0.0017701509928018872,0.0018096564427437256,0.0024415130395968585
0.056179775280898875,0.19101123595505617,-0.0004251816837980101,-0.001682414546641723,0.0015736828296054892,0.0026959165662591507
0.056179775280898875,0.20224719101123595,-0.0009543474795845039,0.0002089216606507745,-0.0031684992097694626,0.0005308619958477214
0.056179775280898875,0.21348314606741572,-0.0007846694446810251,0.0011144874711854573,-0.004819405029916648,-0.0016843327604086037
0.056179775280898875,0.2247191011235955,0.0002996920554213035,0.001283031883005506,-0.0035377437789221927,-0.0013662554431740437
0.056179775280898875,0.23595505617977527,-0.0005269792420169279,0.00027658200723736705,-0.00711970149590123,-0.00043838855245470156
0.056179775280898875,0.24719101123595505,0.00012322041898458263,-0.0008281021354315802,-0.008860795435603145,0.0002861194444035809
0.056179775280898875,0.2584269662921348,0.0021640467924336935,-0.0008657276085323345,-0.0032761900311442573,0.001088283323471063
0.056179775280898875,0.2696629213483146,-0.0012097011596669527,-0.0007369471847962628,-0.0045877923011197405,0.0008548828301127242
0.056179775280898875,0.2808988764044944,-0.00573361577393204,-0.00149757446083655,-0.004121433055653516,-1.6323496467951547e-05
0.056179775280898875,0.29213483146067415,-0.001737876733314739,-0.0011538003621973897,-0.0016655979601679475,0.0004183645704273874
0.056179775280898875,0.3033707865168539,0.0007979378730054116,-0.0005156988256545737,-0.0015195572760990103,0.0002680967522622087
0.056179775280898875,0.3146067415730337,-0.002722770135605806,-0.002797909017923196,-0.0016655025106339445,-0.00014568996744484183
0.056179775280898875,0.3258426966292135,-0.003839313182606774,-0.0032305731614916677,-0.0024884944571785307,-1.8000289900605763e-05
0.056179775280898875,0.33707865168539325,5.0244493993007316e-05,0.0009383003285977541,-0.0015805748895169652,3.33457714896308e-05
0.056179775280898875,0.348314606741573,0.0003939552236032746,0.0011411331994804215,-0.001567149977508494,0.0003468801040066168
0.056179775280898875,0.3595505617977528,-0.006511127338716616,-0.006101433728406376,-0.0019760591260487184,0.0003392064522499792
0.056179775280898875,0.3707865168539326,-0.008269803604467852,-0.008688765434957113,-0.0031995455535575833,6.641990115875439e-05
0.056179775280898875,0.38202247191011235,-0.0017369534510012251,-0.0012627747021978818,-0.0028892246698354516,0.0010341570924930115
0.056179775280898875,0.3932584269662921,-0.001988991235426026,-0.0016096517207762786,-0.003571696867062161,0.002578518571104635
0.056179775280898875,0.4044943820224719,-0.006684185037602125,-0.016554200347894406,-0.010482957655193591,0.007148476996001135
0.056179775280898875,0.4157303370786517,-0.004634255004071803,-0.01182163765988142,-0.008707970149185331,0.007436480696226466
0.056179775280898875,0.42696629213483145,0.0007156977891896387,-0.0003900698779490615,-0.00011857569172461785,0.0008718181864062797
0.056179775280898875,0.4382022471910112,0.0006726482376951776,-0.000236515298543347,-0.0006411784692573106,-4.257902479703906e-05
0.056179775280898875,0.449438202247191,-0.003722799380616071,-0.00683261104828205,-0.004567551279601986,0.0008490137214282865
0.056179775280898875,0.4606741573033708,-0.004549205152554105,-0.010361613548521097,-0.005060277629622316,-0.0002250878383190476
0.056179775280898875,0.47191011235955055,-0.0015874257679728335,-0.0024405147755183804,-0.002859037471850105,0.0003225892287605082
0.056179775280898875,0.4831460674157303,-0.001069401198164055,-0.002562898752332898,-0.0025228337807886446,-0.00023570484424529126
0.056179775280898875,0.4943820224719101,-0.0027585908716924617,-0.0074878109841130846,-0.00504320939412898,-0.0031084363335888315
0.056179775280898875,0.5056179775280899,-0.0021594792195929286,-0.0010074221683116394,-0.004101489362055009,-0.002427703223466942
0.056179775280898875,0.5168539325842696,-0.00040893609156339965,0.0006852034682871149,-0.00011328047643419395,0.00025650762887393145
0.056179775280898875,0.5280898876404494,-0.0010755921606273979,0.00020701766244144018,-0.0007657648498472087,0.0019050465211289597
0.056179775280898875,0.5393258426966292,-0.0018313959268583663,0.00362633885571995,-0.004409893737735953,0.0031171912866686476
0.056179775280898875,0.550561797752809,-0.000583521589104693,0.004147367844930148,-0.004283084252865281,0.0022661097018200124
0.056179775280898875,0.5617977528089888,0.0008702851259258176,0.0015373059738614254,-0.0008401249335335183,0.001301919245767717
0.056179775280898875,0.5730337078651685,0.0013603264912303039,0.001551380400461591,-9.345298566468713e-06,0.001464790358014696
0.056179775280898875,0.5842696629213483,0.001271156632605565,0.0028241497168494784,-0.0021098541176194727,0.0017185488058343282
0.056179775280898875,0.5955056179775281,0.0007940592869993171,0.0024615420496744696,-0.002988836010633048,0.0016260444962516143
0.056179775280898875,0.6067415730337078,0.0008001358666619757,0.0012839100826223548,-0.0009937941751973125,0.000561164519930831
0.056179775280898875,0.6179775280898876,0.0005453337675107012,0.0012125447065890844,-0.0008514956176466511,-5.52917103347649e-06
0.056179775280898875,0.6292134831460674,-0.0027456691936505843,0.0016982387764444763,-0.001285080517526284,-2.850165453850108e-05
0.056179775280898875,0.6404494382022472,-0.004914919715748036,0.0006778277681841792,-0.0007282455841158852,-0.0008865244154884131
0.056179775280898875,0.651685393258427,-0.0014055169010258387,-0.0009201049134998933,-0.00025414301555946785,-0.000966009661632467
0.056179775280898875,0.6629213483146067,-0.0020838352213839425,0.00038873148057434195,-0.0009601725674874603,-0.0015161767746214088
0.056179775280898875,0.6741573033707865,-0.00437580755056382,0.0019499219816354995,-0.004806459442431022,-0.0013567253232171239
0.056179775280898875,0.6853932584269663,-0.0021114499558654485,-0.0002117711862418212,-0.003376043285329337,0.0008758017521597855
0.056179775280898875,0.696629213483146,0.0006930623583381679,-0.0028051384874292133,-0.00027179264060806424,0.0019957500776337468
0.056179775280898875,0.7078651685393258,0.0002334332564038052,-0.0021679176412876013,0.0013468913090260723,0.0011702263286260443
0.056179775280898875,0.7191011235955056,-0.0006634255429405049,-0.0004046181770959529,0.0023811383236780194,0.0012115294700050319
0.056179775280898875,0.7303370786516854,0.0003637692023831241,9.321981396185637e-05,0.0008943774330155536,0.0026774653549335487
0.056179775280898875,0.7415730337078652,0.0008142944557143572,0.0004268866483987824,-0.0005592286104394933,0.003603904949722906
0.056179775280898875,0.7528089887640449,-0.003060449508869298,0.0006807654616587924,0.001597939494634567,0.0021903274255658566
0.056179775280898875,0.7640449438202247,-0.0040506513984860226,0.0007758193643432186,0.001277775300348583,0.0018572274392818988
0.056179775280898875,0.7752808988764045,0.000894333051255552,0.00063224345005629,-0.0004471713959191413,0.0039928082017745975
0.056179775280898875,0.7865168539325842,-0.000587316148694683,-0.0005090042965676578,0.0026674669977617255,0.0029967157660392083
0.056179775280898875,0.797752808988764,-0.0014902348060821362,-0.0014021673057191912,0.0038413702302379196,0.0010484371933949226
0.056179775280898875,0.8089887640449438,-0.0012501626066056223,-0.0012780069675561304,0.0021407388473325658,4.8502384311724755e-05
0.056179775280898875,0.8202247191011236,-0.0015994677617304385,-0.0012087770821994942,0.0016272804036386247,-0.00019405304858457193
0.056179775280898875,0.8314606741573034,6.179974030529124e-06,-0.0011925129424694794,-0.000665762405452775,0.0004044031115413238
0.056179775280898875,0.8426966292134831,0.002132825603331651,-0.0006971521672247076,-0.001605035485974961,0.001075764641143848
0.056179775280898875,0.8539325842696629,0.0022625776164749327,-0.0006201942155438941,-0.0016519637964115127,0.0010289893957438573
0.056179775280898875,0.8651685393258427,0.0007016532393447385,-0.001283161856154377,-0.002008309309523074,0.0003707570996305424
0.056179775280898875,0.8764044943820224,-0.00022801956163696823,-0.0018296865320227228,0.0001338260770770133,-0.00016604696055559051
0.056179775280898875,0.8876404494382022,0.0005427602281454123,-0.0018402553140095684,-0.00017232457280086944,-0.00028134239020487196
0.056179775280898875,0.898876404494382,0.001104917231792397,-0.0008872680751971427,-0.00169543972713457,-0.00037363736530643003
0.056179775280898875,0.9101123595505618,8.974473941039152e-05,0.0002708574118668217,-0.0026148084399276726,-0.0007597387692446633
0.056179775280898875,0.9213483146067416,0.0003041713013245236,0.0007525286561686287,-0.002236953004333903,-0.0009607357871839944
0.056179775280898875,0.9325842696629213,0.0004887934341227759,0.000718780384589856,-0.0018534479032713727,-0.001155256388258341
0.056179775280898875,0.9438202247191011,0.000441757326826571,0.00018525315821081467,-0.0017831021037736363,-0.0008531228972045622
0.056179775280898875,0.9550561797752809,0.00023983009266172092,-0.0005723990702143876,-0.0018407087818689608,-0.0002982248353404222
0.056179775280898875,0.9662921348314606,0.0001488730225093623,-0.0008762735599355027,-0.0015107384216930277,-8.494192759659806e-05
0.056179775280898875,0.9775280898876404,0.00027754366289360985,-0.0006277055990678704,-0.0006416910255858235,-0.0001140453554892903
0.056179775280898875,0.9887640449438202,0.000309500624197919,-0.00025604515732554435,5.151990664373626e-06,-5.2253590125206516e-05
0.056179775280898875,1.0,1.68941739187331e-18,-5.332875758202449e-19,6.81306188795822e-19,8.026831130398775e-21
0.06741573033707865,0.0,-0.0,-0.0,-0.0,0.0
0.06741573033707865,0.011235955056179775,-0.0005110660515964136,-0.0006653281768960339,-7.217739020236084e-05,0.0003051005173535492
0.06741573033707865,0.02247191011235955,-0.000538729431098629,-0.0010711892513572652,-0.00037734538498101464,0.00040069337205134864
0.06741573033707865,0.033707865168539325,-0.000465007022729732,-0.0009226175129927556,-0.0003355957391511508,-0.00023020802087711978
0.06741573033707865,0.0449438202247191,-0.0003035490634515682,-0.00046902279760042905,-0.00021612580416623817,-0.0010824697701216199
0.06741573033707865,0.056179775280898875,-0.00034598307240017983,-0.00037791257484420294,-0.00033194069271981426,-0.0014256476809467416
0.06741573033707865,0.06741573033707865,-0.000753798945117361,-0.0005238784374375324,-0.0006759658131145717,-0.001057869333495428
0.06741573033707865,0.07865168539325842,-0.001061438228199186,-0.00022029999122220317,-0.0010664340104302936,5.616195699962957e-05
0.06741573033707865,0.0898876404494382,-0.0012310348705784097,0.00020972144566935389,-0.0013529700822404532,0.0009352822486732624
0.06741573033707865,0.10112359550561797,-0.0013900658660424734,0.0005658505125130275,-0.00018126918735660843,0.0002564989894316319
0.06741573033707865,0.11235955056179775,-0.001685130187239337,0.0011352495248359506,0.0010250529828939555,-0.0008683446411441681
0.06741573033707865,0.12359550561797752,-0.0020830795779377444,0.0017347302447237019,0.0009769723197812134,-0.0007818259050508495
0.06741573033707865,0.1348314606741573,-0.0009956250743356056,0.002237639313704777,0.002021244754970118,-2.4745258180010212e-05
0.06741573033707865,0.14606741573033707,0.0004561770834603307,0.0027057039662666967,0.0033854212012766637,0.00011759035926528808
0.06741573033707865,0.15730337078651685,0.00045869611257999304,0.0027307361336322724,0.0037630660370994184,-3.4179503539632705e-05
0.06741573033707865,0.16853932584269662,0.0006857318360979178,0.0010535000534478607,0.0035403633292862276,0.001332209306216338
0.06741573033707865,0.1797752808988764,0.0003483114847783004,-0.001542358471316197,0.0019132094945539422,0.0037541747940244173
0.06741573033707865,0.19101123595505617,0.0009837648101223393,-0.0011978944251164565,0.001195930305790356,0.004777710448351803
0.06741573033707865,0.20224719101123595,0.0019505653095746912,0.0012984178555731465,-0.004815472103880844,0.002504626257331771
0.06741573033707865,0.21348314606741572,0.0021639324315804406,0.0021599589341940676,-0.005535398534368241,-0.0002294221795073752
0.06741573033707865,0.2247191011235955,0.002257140460543124,0.0025065223673560355,-0.003648966770441461,-4.721384676610537e-05
0.06741573033707865,0.23595505617977527,0.000701788411426226,0.0020419672337502917,-0.008467868414454988,0.0008818680420293433
0.06741573033707865,0.24719101123595505,0.001226226412272427,0.000922811040957785,-0.01038999571328587,0.0018620549817390652
0.06741573033707865,0.2584269662921348,0.004468215389049972,0.0005625672165742989,-0.005249501222713687,0.003431029693635391
0.06741573033707865,0.2696629213483146,0.0002185891210677342,0.00020919279663650394,-0.008195094021669009,0.0021824242449331446
0.06741573033707865,0.2808988764044944,-0.006310653428496964,-0.0013252693912914801,-0.009298993084290939,-0.0007968206219567898
0.06741573033707865,0.29213483146067415,-0.0005897527852698817,-0.0013457462979283613,-0.0037249685908749444,-0.00039883037775196884
0.06741573033707865,0.3033707865168539,0.0022557846463434447,-0.0007147985878553653,-0.002815409479819396,0.0007210227878921703
0.06741573033707865,0.3146067415730337,-0.002573544813552542,-0.0022312320260473835,-0.0017031044037947598,0.001191587269792221
0.06741573033707865,0.3258426966292135,-0.0036420422607777235,-0.0015346976314431187,-0.0026945216656314667,0.0013495460934631533
0.06741573033707865,0.33707865168539325,0.001224122982126802,0.0027677500846782976,-0.003133336245071284,0.0007897870402206968
0.06741573033707865,0.348314606741573,0.0019584205973270535,0.0029815966491010394,-0.002808230300073316,0.0009665761929449087
0.06741573033707865,0.3595505617977528,-0.005977531230064716,-0.0032042425432975033,-0.003333666254223612,0.0019180844166882167
0.06741573033707865,0.3707865168539326,-0.009472009481560104,-0.0040416688000670204,-0.004891152580450236,0.0015626696457972686
0.06741573033707865,0.38202247191011235,-0.0013275899058494416,0.0027887908379096694,-0.004849721267384324,0.0029878152384011586
0.06741573033707865,0.3932584269662921,-0.0020632383328828582,0.0012133222345671831,-0.005981611694036854,0.0036905125424024146
0.06741573033707865,0.4044943820224719,-0.010300604198073304,-0.015256927100755251,-0.014819709608181082,0.007790922746652932
0.06741573033707865,0.4157303370786517,-0.006547786810720962,-0.010729042559361465,-0.01339233457547904,0.010836833662701667
0.06741573033707865,0.42696629213483145,0.003882716637624051,0.0011883561727800717,-0.0016299899006919723,0.003929623666486487
0.06741573033707865,0.4382022471910112,0.003196807135522844,0.0006563201142128485,-0.0016991197417042254,0.004283996215581641
0.06741573033707865,0.449438202247191,-0.004458399378902745,-0.007640367497117802,-0.006582629567401423,0.006060990011036113
0.06741573033707865,0.4606741573033708,-0.005370317725023693,-0.011390950958553036,-0.006248244008671781,0.00282212335298185
0.06741573033707865,0.47191011235955055,-0.002274642505223627,-0.0010754491452552317,-0.003248375026849553,0.0017265466888185892
0.06741573033707865,0.4831460674157303,-0.002528573998104844,-0.0008197408164200605,-0.0037498339443444253,0.0014870132113576563
0.06741573033707865,0.4943820224719101,-0.00500926915899804,-0.005811927833283158,-0.008443390346808263,-3.34699779870085e-05
0.06741573033707865,0.5056179775280899,-0.004097789478345773,0.000947859931483917,-0.008586129805568686,0.003102944204235862
0.06741573033707865,0.5168539325842696,-0.0003457471247993073,0.003355016119704265,-0.003545440214131206,0.006099947292726927
0.06741573033707865,0.5280898876404494,-0.0002707054057837112,0.003589222686526707,-0.0032971765688379383,0.005500187057062931
0.06741573033707865,0.5393258426966292,-0.0013402669048011094,0.007777201918107996,-0.006937900814409838,0.0040134824655781625
0.06741573033707865,0.550561797752809,0.00038949571617444864,0.008166963798524675,-0.005884642388030182,0.0036053097436498085
0.06741573033707865,0.5617977528089888,0.002619864221090553,0.0040171108019296,-0.000836180239694464,0.004538279803365967
0.06741573033707865,0.5730337078651685,0.0026786414964649207,0.002907524023491946,-0.0007552663643588042,0.0040249239840204586
0.06741573033707865,0.5842696629213483,0.001090631279869613,0.004357023386815167,-0.004632859292903584,0.0027532072321042877
0.06741573033707865,0.5955056179775281,-0.0006504862027699286,0.0038550846978212955,-0.005601582307520971,0.002384614881290253
0.06741573033707865,0.6067415730337078,-0.0008961356578901096,0.002042588868648873,-0.0023772158350518443,0.0018357966221471747
0.06741573033707865,0.6179775280898876,-0.001001279648799188,0.0014633058746531787,-0.0019832942489688035,0.002091536840927069
0.06741573033707865,0.6292134831460674,-0.0042106937526204796,0.001440501294147441,-0.003132418257208169,0.002741317177310063
0.06741573033707865,0.6404494382022472,-0.005130395811950666,-9.948560936697967e-05,-0.0021376164252110024,0.0014639066854833067
0.06741573033707865,0.651685393258427,0.0003434943169803075,-0.002622842953375784,-0.0011223294945781454,0.00037620291544199593
0.06741573033707865,0.6629213483146067,-0.00011383923967328006,-0.0020930027257544917,-0.001999018595966944,-0.00022914685352436314
0.06741573033707865,0.6741573033707865,-0.0038093724485896542,0.000115482254042325,-0.006492622149316462,0.0011616557279260137
0.06741573033707865,0.6853932584269663,-0.002159201310110556,-0.0017800554826535864,-0.004506284356655251,0.004358941905266033
0.06741573033707865,0.696629213483146,0.0007517650945009512,-0.004475224198449558,-0.000858694029695686,0.005306852225876256
0.06741573033707865,0.7078651685393258,-0.0010606415481491252,-0.003388005615842389,5.9947399693173985e-05,0.0047848536540942965
0.06741573033707865,0.7191011235955056,-0.0034010976325367366,-0.0006582379729385654,0.00011312350380897419,0.0059618654244853065
0.06741573033707865,0.7303370786516854,-0.000885045317360491,0.00021565107715530626,-0.001973738522004627,0.00841108312113239
0.06741573033707865,0.7415730337078652,0.0011094474007009698,-7.729279395192912e-05,-0.002779148014806931,0.008538114655324123
0.06741573033707865,0.7528089887640449,-0.003733695813696173,-0.00029910360904541886,0.0005142085479676047,0.004487537055613033
0.06741573033707865,0.7640449438202247,-0.004228962806431028,-0.00025249747633183874,-3.138411689614613e-05,0.0033149501085835437
0.06741573033707865,0.7752808988764045,0.002502647626680929,0.0005450175861358467,-0.001822549153464657,0.006279508324112777
0.06741573033707865,0.7865168539325842,0.0016754188560041483,0.00037734496404015467,0.0011753878484128172,0.005401915010915222
0.06741573033707865,0.797752808988764,0.00029121497590484634,-0.0006731892134693349,0.0020447424358135224,0.003030068999780974
0.06741573033707865,0.8089887640449438,-0.0005214549158620767,-0.0009340238530170056,0.001119420155344047,0.0014044264897570772
0.06741573033707865,0.8202247191011236,-0.0013833458916346166,-0.0009983676787795172,0.0015335118442269763,0.0004378220174641396
0.06741573033707865,0.8314606741573034,0.00046984338066518254,-0.0012562924706781096,-0.00029829219101341366,0.0005209353739165916
0.06741573033707865,0.8426966292134831,0.00336689720833956,-0.0010750918739392491,-0.0010307608242174954,0.0013424100299619227
0.06741573033707865,0.8539325842696629,0.003902395401082468,-0.0010438719101736533,-0.0012339487175124966,0.0017624691689343312
0.06741573033707865,0.8651685393258427,0.001834505305505192,-0.0016132514568296473,-0.0017821257833952444,0.001226135751741461
0.06741573033707865,0.8764044943820224,-0.0002705243088000842,-0.002026175961325881,0.0008324051837735584,0.00045533870845119925
0.06741573033707865,0.8876404494382022,-3.2405790099368124e-06,-0.0018613423872209866,0.0004027839123457935,6.904713781832452e-05
0.06741573033707865,0.898876404494382,0.000985521122528016,-0.0007635214500583597,-0.0012564500065686865,-0.0002542532953527114
0.06741573033707865,0.9101123595505618,-0.000247234443818578,0.0003809233869039142,-0.002184180780325506,-0.0007712672513232803
0.06741573033707865,0.9213483146067416,-0.00026621402761983515,0.0007152151421849811,-0.0018146355781136182,-0.0007256118918375481
0.06741573033707865,0.9325842696629213,-0.00025041327034628816,0.0006042591169134291,-0.0014397451737702457,-0.0009670233805144564
0.06741573033707865,0.9438202247191011,-0.00029533331363723093,0.00011501851438666707,-0.001430655276873997,-0.0010838668427106735
0.06741573033707865,0.9550561797752809,-0.00024621964281723845,-0.0007015084712927085,-0.001601113001850243,-0.0007941693955692245
0.06741573033707865,0.9662921348314606,4.036087422636911e-05,-0.00120206668873774,-0.0014815075927976625,-0.0005090454974952961
0.06741573033707865,0.9775280898876404,0.000406905765322926,-0.0010234025866084646,-0.0006856464122033759,-0.0003261257575954609
0.06741573033707865,0.9887640449438202,0.0004308667316570234,-0.0004937710037367082,3.3378681708871495e-06,-9.474372990836174e-05
0.06741573033707865,1.0,2.2719449671128366e-18,-1.455368584235451e-18,6.517158873993512e-19,1.7542208276525523e-19
0.07865168539325842,0.0,-0.0,-0.0,-0.0,0.0
0.07865168539325842,0.011235955056179775,-0.0002075291626045901,-0.00053043725859073,-0.0003869365430329088,0.0005622621985668511
0.07865168539325842,0.02247191011235955,0.00011754235466610364,-0.000797108825903693,-0.0008760709990230407,0.001044747456727468
0.07865168539325842,0.033707865168539325,0.00042106330818820516,-0.0002737138582240189,-0.00047194434734487424,0.0005400947424043599
0.07865168539325842,0.0449438202247191,0.0006890687785043566,0.0006098425806488173,0.0002318676784243189,-0.0007289574616459722
0.07865168539325842,0.056179775280898875,0.0006369805680298291,0.0007782700272166538,0.00018639365999100212,-0.0018914140562491181
0.07865168539325842,0.06741573033707865,4.0428049524253425e-05,0.00016583821276228906,-0.000207184519593149,-0.0021309627502366516
0.07865168539325842,0.07865168539325842,-0.0006395511113876623,-1.4485792077631803e-06,-0.0005459739203169614,-0.0008544100722135775
0.07865168539325842,0.0898876404494382,-0.0011809446030937208,0.000449847593310355,-0.0010547672643727072,0.0007264445183246406
0.07865168539325842,0.10112359550561797,-0.0014396496273717428,0.0009357949259984262,-9.398965692352542e-05,0.0003418020152064225
0.07865168539325842,0.11235955056179775,-0.0013780983855650477,0.001188394267180742,0.0008703516683924307,-0.001069561734213492
0.07865168539325842,0.12359550561797752,-0.001659361299767225,0.0010963080640947185,0.00039214762043193773,-0.001464200167091625
0.07865168539325842,0.1348314606741573,-7.506777445858863e-05,0.0014067151798549372,0.0015854131504765608,-0.0008450331080038328
0.07865168539325842,0.14606741573033707,0.0020141429468506005,0.002129462925136649,0.0032894519413715463,-0.0008374612701032528
0.07865168539325842,0.15730337078651685,0.0010844294007629229,0.001836752436698803,0.0033269333747150266,-0.0014854397551236785
0.07865168539325842,0.16853932584269662,0.0005487536101624425,-0.0007278585181704399,0.0027563411354070456,-0.00014689136387999782
0.07865168539325842,0.1797752808988764,-8.242049214064952e-05,-0.003779366241536791,0.0012192568519666838,0.0021673278016150735
0.07865168539325842,0.19101123595505617,0.001145096681269839,-0.0030336869247972486,3.948301447036694e-05,0.0029239050760949776
0.07865168539325842,0.20224719101123595,0.002410357683987829,-0.0006064026467425567,-0.008072315182127648,0.0008701660731153748
0.07865168539325842,0.21348314606741572,0.001624489174839552,-0.0008540862024141033,-0.009126011560925466,-0.0013534721440039608
0.07865168539325842,0.2247191011235955,-0.00011818665078938328,-0.0011112986751086215,-0.006004769095035033,-0.00150414046334399
0.07865168539325842,0.23595505617977527,-0.0024536586830252185,-0.0005741596265288911,-0.009013096773005035,-0.0008448697616217021
0.07865168539325842,0.24719101123595505,-0.0029867713702450764,-0.00017834887599865832,-0.008203970366391505,0.0002690951501226732
0.07865168539325842,0.2584269662921348,-9.163819244009806e-05,7.355397440229754e-05,-0.002500303827722849,0.002545195774038427
0.07865168539325842,0.2696629213483146,-0.002360562519691939,-0.0008967681847029484,-0.005751833413748642,0.0019341210925542156
0.07865168539325842,0.2808988764044944,-0.0073885056853051625,-0.003151846964333202,-0.006320649447155224,-0.001551333900517202
0.07865168539325842,0.29213483146067415,0.0003512219621007748,-0.0031031594744093463,0.003022524972226345,-0.00010092730260954555
0.07865168539325842,0.3033707865168539,0.0030630278977693717,-0.0019494177689187338,0.0037981444248086057,0.0028303952706912015
0.07865168539325842,0.3146067415730337,-0.0021575342099942594,-0.002159620769008769,0.0024564928682180836,0.0034922045600798415
0.07865168539325842,0.3258426966292135,-0.0024348114211476934,-0.001016757995050649,0.0003286325184036845,0.0028475641304324256
0.07865168539325842,0.33707865168539325,0.0031770679052728263,0.0009307144679967699,0.0013366214348159476,0.001725633991396231
0.07865168539325842,0.348314606741573,0.004589807569578521,-0.00044205836100836415,0.0035168401929436192,0.0009133264850114244
0.07865168539325842,0.3595505617977528,-0.00044554187270340074,-0.005500696585885953,0.002371375995037015,0.0023637291351753945
0.07865168539325842,0.3707865168539326,-0.0027620711925724424,-0.005163480122465991,0.0007963184410635496,0.002151416193089984
0.07865168539325842,0.38202247191011235,0.0031384858167352874,-4.382864054151662e-05,0.0018003157512924753,0.003192832162017941
0.07865168539325842,0.3932584269662921,0.0009548812421058493,-0.002242807025081539,0.0002767887729316944,0.0015592672160508866
0.07865168539325842,0.4044943820224719,-0.009146900324134994,-0.017744414018513517,-0.011355917596992737,0.0018124758811289337
0.07865168539325842,0.4157303370786517,-0.005478596128549725,-0.012697085122510096,-0.012488798065123666,0.005833098784358461
0.07865168539325842,0.42696629213483145,0.006460122206301559,-0.0003090259901033307,0.0017036359855032062,-0.0018014461523720047
0.07865168539325842,0.4382022471910112,0.006342672706283125,-0.0016023571382576787,0.0029400045682105858,-0.00022556045224370633
0.07865168539325842,0.449438202247191,0.0014671018476819602,-0.013055079103144438,-0.003395316749135867,0.004374472188431076
0.07865168539325842,0.4606741573033708,0.0019382426378438387,-0.019049789860314078,-0.0020042697853285677,-0.0022241865697579448
0.07865168539325842,0.47191011235955055,0.004488031636817962,-0.006684109588539628,0.0031748700803684447,-0.0076593563197591644
0.07865168539325842,0.4831460674157303,0.004313019055793737,-0.006047543956830853,0.0029455836357987104,-0.006488873703207233
0.07865168539325842,0.4943820224719101,0.0018782910513288182,-0.011571548230439167,-0.0032821633795262688,-0.0032513602375256663
0.07865168539325842,0.5056179775280899,0.0009794894865912942,-0.006404191028559943,-0.004024916464697138,0.0015374051498157403
0.07865168539325842,0.5168539325842696,0.00428148199500613,-0.004779497616175183,0.002912718738726701,-0.0005831723733144183
0.07865168539325842,0.5280898876404494,0.005682712817247495,-0.0029921948034717467,0.004447743284263402,-0.00525298064595913
0.07865168539325842,0.5393258426966292,0.004249815229220272,0.0034371048597820375,-0.00032141346463446973,-0.008205759093600173
0.07865168539325842,0.550561797752809,0.005209899203286153,0.004842536890843093,-0.00021159792131141206,-0.005527951789766165
0.07865168539325842,0.5617977528089888,0.006517335394593286,-0.00015310940839646244,0.00497050984652318,0.001102716630325148
0.07865168539325842,0.5730337078651685,0.005248889789065557,-0.0024310754723829596,0.00348950872966238,0.0017656531274484262
0.07865168539325842,0.5842696629213483,0.003115933093408618,-0.0004414381365410487,-0.0028466741835114755,-0.0009343974073747738
0.07865168539325842,0.5955056179775281,0.0028310736969024554,0.0006535387101301186,-0.0036891222742086176,-0.0012546083602705525
0.07865168539325842,0.6067415730337078,0.005930427007052449,-8.883958621531247e-05,0.0006747267872374402,2.487068255169498e-06
0.07865168539325842,0.6179775280898876,0.007625032685292515,-0.00011917295941889416,0.0015023427922793364,0.002188706776612511
0.07865168539325842,0.6292134831460674,0.0017512329504751783,0.0004364914351064176,0.0008311021428073853,0.00350471386750094
0.07865168539325842,0.6404494382022472,-0.0032539269588303488,0.00036188351127776596,0.0018394560399887573,0.001335546133321607
0.07865168539325842,0.651685393258427,0.0006518998434972237,-0.0006362958925800896,0.002093513450227683,-0.001345105672075965
0.07865168539325842,0.6629213483146067,0.0005191639394802587,-1.8636483284328097e-05,0.0016099379052882353,-0.002314841241394423
0.07865168539325842,0.6741573033707865,-0.0036133666877961605,0.00263042793524696,-0.002680063459907227,-0.0009329096834149607
0.07865168539325842,0.6853932584269663,-0.0024107784551006435,0.0013865456250645204,5.347408075122508e-05,0.00010707772651880867
0.07865168539325842,0.696629213483146,0.0010517431775058659,-0.0010739715308545868,0.004513504000732965,-0.0009220129054798714
0.07865168539325842,0.7078651685393258,-0.0004089860773862364,0.0002926846364641602,0.0043224799853317526,-0.0007191698361555575
0.07865168539325842,0.7191011235955056,-0.00427548559601542,0.0023783506005356256,0.0030884126071637663,0.0013887801975672705
0.07865168539325842,0.7303370786516854,-0.0019013474922787467,0.0011210957859133157,0.0007365586287163115,0.0033806730547723696
0.07865168539325842,0.7415730337078652,0.0017467402520047136,-0.00046667239741846213,0.0006059078902039488,0.002726711937881718
0.07865168539325842,0.7528089887640449,-0.006381330255701488,-0.0012035278105678178,0.0040041165916621865,-0.0017995738510946271
0.07865168539325842,0.7640449438202247,-0.0073877501892418524,-0.002392572414933169,0.0026341632840633927,-0.0011627616986528203
0.07865168539325842,0.7752808988764045,0.0001810418812766719,-0.0021194164196641357,0.00099413597351046,0.0026967672421121048
0.07865168539325842,0.7865168539325842,0.0011773427847272095,-0.0011164811540552019,0.0030819332369530906,0.0023500589076570068
0.07865168539325842,0.797752808988764,-0.0003653299849254948,-0.0011759282133576145,0.0028124403590981486,0.0008076547449088338
0.07865168539325842,0.8089887640449438,-0.0016734991710392407,-0.001523605864186806,0.0011289433985015626,0.0003603102061722118
0.07865168539325842,0.8202247191011236,-0.002497277307415014,-0.0019968403375701833,0.001743233196883042,-0.00011667783123075166
0.07865168539325842,0.8314606741573034,-0.0011568754797958891,-0.0020767173865297527,-0.0008976986091084578,-0.0007439028080306981
0.07865168539325842,0.8426966292134831,0.0012551021007162285,-0.0012432753247818556,-0.003490207949893836,-0.0005618128990871461
0.07865168539325842,0.8539325842696629,0.001779278981316268,-0.00061091458413473,-0.005348533752224167,-1.9361252466457716e-05
0.07865168539325842,0.8651685393258427,0.0004274664488709552,-0.0008784314701003376,-0.0053459524110929845,-9.801463392916293e-05
0.07865168539325842,0.8764044943820224,-0.0009467281889684417,-0.000998333587273042,-0.0010236397494263012,-0.0003412180335643635
0.07865168539325842,0.8876404494382022,-0.0007648076784696776,-0.0005284150442619112,-0.000641214233996999,-0.00032868526436908186
0.07865168539325842,0.898876404494382,-0.00013961593359505367,0.0003344266039190236,-0.001655115831819649,-0.000546707849980902
0.07865168539325842,0.9101123595505618,-0.0008349624411403389,0.0008335442827392049,-0.002163203097561013,-0.0007012887567300674
0.07865168539325842,0.9213483146067416,-0.0009760478959375048,0.0006227805634848215,-0.0015678783198066289,-0.0002204670477691735
0.07865168539325842,0.9325842696629213,-0.000961850507533942,0.00039284968379725,-0.0010811101205365375,-0.00031663593585181754
0.07865168539325842,0.9438202247191011,-0.0007601092450042077,0.000277912510703555,-0.0011157322279747451,-0.0009144084915610827
0.07865168539325842,0.9550561797752809,-0.00038324843808022773,-0.00011448458160021246,-0.001243085429573602,-0.0011934364173744236
0.07865168539325842,0.9662921348314606,0.00010343918047392859,-0.0005209676414687534,-0.001303848995144805,-0.0010875703593056063
0.07865168539325842,0.9775280898876404,0.0004440097253769854,-0.0005474005596792927,-0.0007199423094225794,-0.0007919107823285806
0.07865168539325842,0.9887640449438202,0.000492076308471944,-0.00028842751687496905,-0.00010426475506202849,-0.00027501211721624023
0.07865168539325842,1.0,3.12853535682084e-18,-9.657533428066322e-19,-1.588333116627797e-19,2.5713258609374827e-19
0.0898876404494382,0.0,-0.0,-0.0,-0.0,0.0
0.0898876404494382,0.011235955056179775,8.390625299700756e-06,-0.00036850737333558013,-0.0006460214077297754,0.0008392301409479415
0.0898876404494382,0.02247191011235955,0.0005036969245834162,-0.00033602444873066984,-0.0013858575725411123,0.0014241560953229186
0.0898876404494382,0.033707865168539325,0.0008881030453158208,0.0004206854231662578,-0.0007643235334362377,0.0008728149557505133
0.0898876404494382,0.0449438202247191,0.001073599180580065,0.0012984736865513482,0.0005359980817922214,-0.0003992885625214528
0.0898876404494382,0.056179775280898875,0.0008505636148870065,0.0012754623800964424,0.000731609597925479,-0.0015933430266534703
0.0898876404494382,0.06741573033707865,0.00025883387871389004,0.0002984652539117583,-1.311658551554026e-06,-0.00227796303523893
0.0898876404494382,0.07865168539325842,-0.00034837865581366866,-0.000188990798653424,-0.0008352490436221913,-0.001777012963383274
0.0898876404494382,0.0898876404494382,-0.0010932145450535157,0.00011577070202896314,-0.0017409434431961764,-0.000548978785688838
0.0898876404494382,0.10112359550561797,-0.0018017005058966566,0.00028844397047308833,-0.0006144630461025486,-0.0006061228127861276
0.0898876404494382,0.11235955056179775,-0.0019464735764525185,0.00016454881316603734,0.0008999912425575094,-0.0017906838972532421
0.0898876404494382,0.12359550561797752,-0.001957319854924862,-2.342268205150594e-05,0.0006645984711189801,-0.0023557548356603754
0.0898876404494382,0.1348314606741573,-0.00017250992674812266,0.0006116937868757839,0.0018529149488059559,-0.0019439742311293839
0.0898876404494382,0.14606741573033707,0.002461617814999386,0.0018601109828209662,0.0030984756462228568,-0.0020349175296729034
0.0898876404494382,0.15730337078651685,0.002296149286225852,0.001656134038014634,0.001874812517444408,-0.0021812239495050054
0.0898876404494382,0.16853932584269662,0.0016257933565733754,-0.0014737424021916935,-6.073378591497626e-05,-0.0003956690840770816
0.0898876404494382,0.1797752808988764,0.00040206023556889104,-0.005213860990022967,-0.0011040568497479558,0.0012268787720640622
0.0898876404494382,0.19101123595505617,0.0005186530975300441,-0.005173589890022926,-0.002543624778702011,0.0006049511969610288
0.0898876404494382,0.20224719101123595,0.0008295215915121233,-0.003750732467886888,-0.013298811695996603,-0.0018595623309340034
0.0898876404494382,0.21348314606741572,-0.00016089048046467785,-0.0048437918646739115,-0.015386947620093754,-0.0036573592474252454
0.0898876404494382,0.2247191011235955,-0.0005955647802151219,-0.00525917814204947,-0.013744371586937332,-0.003714257631075641
0.0898876404494382,0.23595505617977527,-0.002632884327480561,-0.003496440579752919,-0.016058327392041213,-0.0026095999530501143
0.0898876404494382,0.24719101123595505,-0.003706594879013741,-0.0011354501446137933,-0.01023036138067556,-0.0002068479331120638
0.0898876404494382,0.2584269662921348,-0.003004672677490163,0.00039327839271582747,-0.0026941246967823267,0.0021510275872248527
0.0898876404494382,0.2696629213483146,-0.004663440630032451,-0.0003863095683845766,-0.0029656908592130553,0.0006711653429306467
0.0898876404494382,0.2808988764044944,-0.006270990114571004,-0.0030682920380414374,0.0012545239971208358,-0.0023570571785117467
0.0898876404494382,0.29213483146067415,0.002309302920325318,-0.004028042395530974,0.013139359450241125,0.0010727432109124257
0.0898876404494382,0.3033707865168539,0.005201861607287735,-0.003820999784183978,0.01601520057660805,0.0037390919102236846
0.0898876404494382,0.3146067415730337,0.002084373787337762,-0.004096123125171261,0.014613120397172854,0.000537452474226443
0.0898876404494382,0.3258426966292135,0.0033835357927154497,-0.0037556902791931954,0.011079849755865677,-0.0015281292584795431
0.0898876404494382,0.33707865168539325,0.00797578907708358,-0.0036375129364387164,0.010322616134723307,-0.00038880736224143544
0.0898876404494382,0.348314606741573,0.00841613153442233,-0.004014110649135502,0.010731394832604248,-0.0007680249386026474
0.0898876404494382,0.3595505617977528,0.00592241724827653,-0.005855157585181367,0.007222269031271189,-0.001159757467664063
0.0898876404494382,0.3707865168539326,0.005672774111179935,-0.005485441458470122,0.006024162801956418,-0.0021798598008669345
0.0898876404494382,0.38202247191011235,0.009753254868665604,-0.0023589091969493823,0.008486979959001493,0.0002990489962268674
0.0898876404494382,0.3932584269662921,0.008587715855072238,-0.003999592798739763,0.007155410739485235,-0.0002859893166981866
0.0898876404494382,0.4044943820224719,0.0019705908810619226,-0.018286651364168443,-0.0042124692619526245,-0.0004482285223004436
0.0898876404494382,0.4157303370786517,0.005689843094482233,-0.014466446713995348,-0.00610856308377303,0.005504001568529906
0.0898876404494382,0.42696629213483145,0.014045936433903993,-0.001287065217170959,0.007550377135308641,-0.0017064618930225295
0.0898876404494382,0.4382022471910112,0.014207914007541561,-0.0024110733679280514,0.007368254385467618,3.85275850931253e-05
0.0898876404494382,0.449438202247191,0.012541399047380043,-0.01758479087087778,0.0009459375639745694,0.00712950166757208
0.0898876404494382,0.4606741573033708,0.012285013396557317,-0.027081424530839514,0.00411379116744948,-0.0030718350309632122
0.0898876404494382,0.47191011235955055,0.012749727503621909,-0.01360367462395047,0.010611332194668668,-0.016512610792603778
0.0898876404494382,0.4831460674157303,0.012758939278347023,-0.012943738237761383,0.010452430956376994,-0.016419419381528584
0.0898876404494382,0.4943820224719101,0.012184039699835291,-0.018456665902775934,0.0034810831557820377,-0.00931513203406245
0.0898876404494382,0.5056179775280899,0.011120623203349582,-0.01313167708702238,0.002237905895758775,-0.006790169157863156
0.0898876404494382,0.5168539325842696,0.011942979709369752,-0.01406737810219419,0.010026655660640437,-0.011217078385533976
0.0898876404494382,0.5280898876404494,0.012363101425507618,-0.013742300473305198,0.010494261561647896,-0.012067399371018655
0.0898876404494382,0.5393258426966292,0.010283366400060253,-0.007334560446402361,0.0033451438954812548,-0.013324043650193995
0.0898876404494382,0.550561797752809,0.011005306820088162,-0.005688141699564082,0.004220841786235611,-0.009439630022524277
0.0898876404494382,0.5617977528089888,0.012483152370094269,-0.009829871846227736,0.01330298057177861,0.0004958528333333542
0.0898876404494382,0.5730337078651685,0.012276428241483511,-0.010241959073996642,0.013933240612859365,0.001440813165301295
0.0898876404494382,0.5842696629213483,0.011647781061701059,-0.005386091064215098,0.0036160552206990033,-0.0028549085393877825
0.0898876404494382,0.5955056179775281,0.0125799124676797,-0.0019200569071395252,-0.0023972324719890156,-0.001389449066891339
0.0898876404494382,0.6067415730337078,0.016261602595462166,-0.0016371979529457377,-0.0015945437566854438,0.00138840299106739
0.0898876404494382,0.6179775280898876,0.01661994470140215,-0.0008950556688622839,-0.0018014762201110125,0.0018452136735030353
0.0898876404494382,0.6292134831460674,0.008577389587689764,0.0008302185379033556,-0.00020902453075086623,0.0010818156997643932
0.0898876404494382,0.6404494382022472,0.0013243232844857577,0.002005791742482247,0.002242442232649366,-0.0015723607077015448
0.0898876404494382,0.651685393258427,0.003278028006192035,0.002028112640779629,0.001417625559911021,-0.0038842116890887898
0.0898876404494382,0.6629213483146067,0.0027702376307498643,0.002506999526382435,0.0010598253393620325,-0.004060978280138373
0.0898876404494382,0.6741573033707865,-0.002130773218390815,0.004751212707736928,-0.003248126685659153,-0.0036492866497533183
0.0898876404494382,0.6853932584269663,-0.0013946052997553678,0.004135061836418071,0.0012273128930034658,-0.0053397138543904215
0.0898876404494382,0.696629213483146,0.0019885829405010295,0.0019330438818205798,0.008852057423558551,-0.007854506930141928
0.0898876404494382,0.7078651685393258,0.0005610169427805825,0.003174307491905131,0.007531259509413395,-0.007246696798296166
0.0898876404494382,0.7191011235955056,-0.003601753935961592,0.003651026317895694,0.002823610527610681,-0.004800998166951666
0.0898876404494382,0.7303370786516854,-0.0013109088443566965,0.0002757622981006688,-0.0017846906237423985,-0.0028726402683553398
0.0898876404494382,0.7415730337078652,0.0026491516717334265,-0.0009181616247617662,-0.0037165789682502798,-0.0021930475372439603
0.0898876404494382,0.7528089887640449,-0.006401845497732257,-0.000626810948116301,-0.0010972643859009418,-0.004451318483766249
0.0898876404494382,0.7640449438202247,-0.006360445824210878,-0.0023344478942083353,-0.0008850694305111158,-0.0024489491514075637
0.0898876404494382,0.7752808988764045,-0.00031883218170276087,-0.004207919104576113,0.0003459001971397759,0.0006858864011671904
0.0898876404494382,0.7865168539325842,-0.00031134701767214637,-0.0037828172976625855,0.0035242822827338356,0.0004171651339999186
0.0898876404494382,0.797752808988764,-0.0020171190398988992,-0.0030150567472884736,0.002655225251616498,-2.06634060856835e-05
0.0898876404494382,0.8089887640449438,-0.002960729798334339,-0.0027046654465940254,-0.000622659927475615,0.0006360864442085517
0.0898876404494382,0.8202247191011236,-0.0029656970176179616,-0.0026031704171039097,-0.000572929152365984,0.0004524757744468648
0.0898876404494382,0.8314606741573034,-0.002098533422558204,-0.0020119469827770257,-0.006437103294860014,-0.001409688777280763
0.0898876404494382,0.8426966292134831,-0.001069786935290259,-0.0007187000093225856,-0.011190055860115584,-0.002941324300922919
0.0898876404494382,0.8539325842696629,-0.0013926071767062654,-0.00017833080873351642,-0.01185300588875172,-0.0030080156553664323
0.0898876404494382,0.8651685393258427,-0.002108847550397925,-0.0006829117691235314,-0.009589226877005889,-0.0026374266107645084
0.0898876404494382,0.8764044943820224,-0.001738807068719675,-0.0007505715388555984,-0.0037634574169741215,-0.002055515850266539
0.0898876404494382,0.8876404494382022,-0.0019254283934937069,3.941540942696287e-05,-0.0025473534450200916,-0.0017147808753064891
0.0898876404494382,0.898876404494382,-0.001983771460370499,0.0009032265989255462,-0.0027794823716408225,-0.0016919840234956422
0.0898876404494382,0.9101123595505618,-0.0016239491856339051,0.000863057180366599,-0.0028810479765215705,-0.0013167349649545873
0.0898876404494382,0.9213483146067416,-0.0017138676924014003,8.099082893655508e-05,-0.002120844209520704,-0.0006763903391552665
0.0898876404494382,0.9325842696629213,-0.0013799457720410145,-0.0003892661341806632,-0.0015466373809839146,-0.0004220528166218788
0.0898876404494382,0.9438202247191011,-0.0006274843473358109,-0.00029366875008579694,-0.0012800494911991013,-0.000703039906104094
0.0898876404494382,0.9550561797752809,-2.300348740669382e-05,-0.0001956006150864288,-0.0007942432858856486,-0.001057390304074749
0.0898876404494382,0.9662921348314606,0.0003456534128189859,-0.00019242175956152652,-0.0007093514672401866,-0.0012565268656920179
0.0898876404494382,0.9775280898876404,0.0005645785973673209,-0.00013585940519862823,-0.0004220656213367935,-0.0011135862628874691
0.0898876404494382,0.9887640449438202,0.0006703069688135083,-6.533750818856333e-05,-0.00011076757850699467,-0.0003744231695582536
0.0898876404494382,1.0,4.300542773968335e-18,-3.217614898113844e-19,-8.634624621236859e-19,6.56528846041304e-19
0.10112359550561797,0.0,-0.0,-0.0,-0.0,0.0
0.10112359550561797,0.011235955056179775,-0.00018606623457430063,-0.0006353497125263194,-0.0002688370721095971,0.0007431893348728146
0.10112359550561797,0.02247191011235955,8.179928854943185e-05,-0.0007900265773902182,-0.0009420613662124273,0.0007557708470509089
0.10112359550561797,0.033707865168539325,0.0003119345720365548,-0.0002611154578060744,-0.0006312559712023563,-0.00022716778041138405
0.10112359550561797,0.0449438202247191,0.00044406522216659816,0.0003350476254136496,0.00046924131750608795,-0.0013800721832557677
0.10112359550561797,0.056179775280898875,0.00036722982622589283,0.000358999640652259,0.0010567469498976747,-0.0017880157229861022
0.10112359550561797,0.06741573033707865,0.00026987815956254583,-0.0001701204174926327,0.00034943335999280354,-0.0016267771313774873
0.10112359550561797,0.07865168539325842,0.0004284914732256334,-0.00020754831229715756,-0.0013472423026594897,-0.0009845429688796524
0.10112359550561797,0.0898876404494382,5.162535963893907e-05,0.00017231138602836053,-0.002897870341622383,-0.00015297806114036663
0.10112359550561797,0.10112359550561797,-0.0010008210904453238,-4.678050617682421e-05,-0.0012791261623903648,-0.000447326925947791
0.10112359550561797,0.11235955056179775,-0.0016789977465240223,-0.00019465208870199957,0.0014688272285975352,-0.0015370992731453133
0.10112359550561797,0.12359550561797752,-0.0016199624437531622,-4.755737291182167e-05,0.0017399353612569351,-0.0019642526923534845
0.10112359550561797,0.1348314606741573,-0.00037834691709960676,0.00034849566386582173,0.0024700865920352266,-0.0018037525502173318
0.10112359550561797,0.14606741573033707,0.002190047595277069,0.0012825787696025342,0.0033379295298272996,-0.0020988524134665783
0.10112359550561797,0.15730337078651685,0.0032248456722357415,0.0012165496451720516,0.0018198519108395246,-0.0019506021230263205
0.10112359550561797,0.16853932584269662,0.0028212054464189585,-0.0014824041387172086,-0.0010127292762427012,-0.000508140390825317
0.10112359550561797,0.1797752808988764,0.0012020266549432788,-0.0052882897343138535,-0.0011278325558309531,-6.25258061259979e-05
0.10112359550561797,0.19101123595505617,0.0003660440274193058,-0.006070445998844216,-0.001874027140838327,-0.0004770796659584847
0.10112359550561797,0.20224719101123595,-0.0005927018355447671,-0.004906577771587208,-0.013092730918514584,-0.0006800209934927307
0.10112359550561797,0.21348314606741572,-0.0017447520056865964,-0.004623058605315878,-0.009308480528607955,-0.0013631875918431386
0.10112359550561797,0.2247191011235955,0.00042477631501804315,-0.003244209484602039,-0.006916930808656086,-0.002144580626520966
0.10112359550561797,0.23595505617977527,-0.0009615394302305263,-0.001717286277317274,-0.010758689685107027,-0.0011588667607575476
0.10112359550561797,0.24719101123595505,-0.002385781698727798,-0.001850202296135878,-0.0007216538428121903,0.0026845951302656035
0.10112359550561797,0.2584269662921348,-0.002219699752819101,-0.002199517925022227,0.006519495570766228,0.004391894443042965
0.10112359550561797,0.2696629213483146,-0.004839728977793782,-0.0028324575070860767,0.0024562327976627206,-0.00013425745169070148
0.10112359550561797,0.2808988764044944,-0.006682815389595577,-0.004358454843597974,0.006141694974354046,-0.0029328707058220854
0.10112359550561797,0.29213483146067415,0.0009569896681889587,-0.004514314497687706,0.016653396539128507,0.0035505105820239657
0.10112359550561797,0.3033707865168539,0.005067425154977939,-0.004243047673421897,0.022067327717339106,0.005638026588719808
0.10112359550561797,0.3146067415730337,0.0036280778830180506,-0.004288984522717724,0.022845531961026025,-0.0018334187014008383
0.10112359550561797,0.3258426966292135,0.004090278565828352,-0.003009779384666452,0.020475375467012637,-0.0027499206198437955
0.10112359550561797,0.33707865168539325,0.006190777724318102,-0.0017503132122866723,0.019586533789857703,0.0037887232281136546
0.10112359550561797,0.348314606741573,0.005378781841574426,0.00029653799817990054,0.018060196749291435,0.00640520059549384
0.10112359550561797,0.3595505617977528,0.003338984153020685,-0.00016498161322237105,0.013797769083820004,0.003119133498243157
0.10112359550561797,0.3707865168539326,0.0030266442010918695,-0.003074043250954675,0.015441749832469098,0.0011732849561054968
0.10112359550561797,0.38202247191011235,0.006544992305899238,-0.0024187509231298745,0.02048207274016609,0.006874033046350614
0.10112359550561797,0.3932584269662921,0.00740172725685757,-0.003731125570672034,0.021947866924085915,0.007351785861433363
0.10112359550561797,0.4044943820224719,0.0043387185812708605,-0.018429391723605953,0.015203958051514345,0.0037480751710112135
0.10112359550561797,0.4157303370786517,0.007593483233156329,-0.01744278645191667,0.015824072738951898,0.0045108648085532025
0.10112359550561797,0.42696629213483145,0.011792192015596717,-0.004110413420006296,0.029276653529993042,-0.008920111453850871
0.10112359550561797,0.4382022471910112,0.011514244092147406,-0.0039010955169891362,0.027381686832057738,-0.011496905734071357
0.10112359550561797,0.449438202247191,0.010942556350675108,-0.0168893483028114,0.021887316423819837,-0.0008806797239004318
0.10112359550561797,0.4606741573033708,0.00950372061762414,-0.023748291488740133,0.025871372098820684,-0.008306741414285867
0.10112359550561797,0.47191011235955055,0.008691308345441472,-0.010255755249294913,0.030995973594162913,-0.02373107908611887
0.10112359550561797,0.4831460674157303,0.009557596920827112,-0.012028088568375088,0.029983002022080315,-0.021666427394608126
0.10112359550561797,0.4943820224719101,0.011287063214138108,-0.017347969847698614,0.023457386308184988,-0.010877824839252932
0.10112359550561797,0.5056179775280899,0.011645791523562444,-0.005890772488279694,0.023525503573574538,-0.010201079856083116
0.10112359550561797,0.5168539325842696,0.011120587992392553,-0.005754226152010039,0.034153063672674934,-0.013405322619632572
0.10112359550561797,0.5280898876404494,0.008764512304797183,-0.006804252886251665,0.035170538994234446,-0.013297279639879641
0.10112359550561797,0.5393258426966292,0.004679655224932429,-0.001187761096872736,0.023863025923708564,-0.01572479242060238
0.10112359550561797,0.550561797752809,0.005182760069583937,0.0004033399378820367,0.01950483714487307,-0.01379448110218709
0.10112359550561797,0.5617977528089888,0.00788247358957339,-0.0020988324004551566,0.025895171577249666,-0.004709819003267275
0.10112359550561797,0.5730337078651685,0.009557747089137552,-0.0009266810997134203,0.02654192603910705,-0.0024169420283104625
0.10112359550561797,0.5842696629213483,0.01059596044733435,0.0020061908369766314,0.015548110050018918,-0.005836081026984437
0.10112359550561797,0.5955056179775281,0.011400476910419422,0.0009225587966840697,0.013830848437131088,-0.0031018930290046464
0.10112359550561797,0.6067415730337078,0.013551290952813603,-0.0022139114555452034,0.01983898422929743,0.00023931286781567044
0.10112359550561797,0.6179775280898876,0.012855238968423804,-0.0019914364821985936,0.02267941403944127,-0.0015287796330292226
0.10112359550561797,0.6292134831460674,0.0062992301274431076,0.00026594696662902707,0.026429884265441662,-0.0028247924111435806
0.10112359550561797,0.6404494382022472,0.0012339336491225294,0.0006512260799768125,0.027717067106584597,-0.001639187390615866
0.10112359550561797,0.651685393258427,0.0034728114727559465,-0.000291650687130282,0.023531990024268985,-0.00033045263781478304
0.10112359550561797,0.6629213483146067,0.0020717708805390563,-0.0008727241081141335,0.01954377321675484,-2.443441513780174e-05
0.10112359550561797,0.6741573033707865,-0.003427044703938737,0.001126582104990216,0.009090228931819195,-0.0011090241376410935
0.10112359550561797,0.6853932584269663,-0.0019332516460846749,0.0021631904457455227,0.011004097176185793,-0.0035343506468923018
0.10112359550561797,0.696629213483146,0.0015445638140308994,0.0011680781460278887,0.022978612206164237,-0.005399818990825124
0.10112359550561797,0.7078651685393258,-0.0006963841137633476,0.0029735187334767907,0.02388703925169769,-0.004766019310969637
0.10112359550561797,0.7191011235955056,-0.0047474553864948685,0.004060550852392389,0.022248914368374593,-0.0035618209999857525
0.10112359550561797,0.7303370786516854,-0.0015114998215582658,0.0007275403315141155,0.019585122708109744,-0.0026717647125915106
0.10112359550561797,0.7415730337078652,0.002508387495914766,-0.0006521058855912048,0.01551121025965813,-0.0017098694220303496
0.10112359550561797,0.7528089887640449,-0.005693745707087706,-0.00044919666170501637,0.013250869901842599,-0.0026931893461905718
0.10112359550561797,0.7640449438202247,-0.003308770776698107,-0.002072934318569954,0.00825724855484847,-0.0005348765840530782
0.10112359550561797,0.7752808988764045,0.0017412845582696539,-0.004976651012341581,0.006620187098296769,0.0005272608055655807
0.10112359550561797,0.7865168539325842,-0.0010379648714236602,-0.004936222411995793,0.01145640467570605,-0.0020723861065145713
0.10112359550561797,0.797752808988764,-0.0035551870010753044,-0.0031716609053733967,0.009092920958568921,-0.003451965562924652
0.10112359550561797,0.8089887640449438,-0.003665432534680487,-0.002239844139177239,0.0031905660648838615,-0.002511502876221482
0.10112359550561797,0.8202247191011236,-0.002389399607292384,-0.0018545249836068262,0.004568523955156649,-0.0014872313865279593
0.10112359550561797,0.8314606741573034,-0.0008024245602817111,-0.0012607570415383667,-0.004525336783000163,-0.0017964710148905762
0.10112359550561797,0.8426966292134831,-0.00029235146269826457,-0.0006943353043215446,-0.009093473189790875,-0.0025748400541086634
0.10112359550561797,0.8539325842696629,-0.0013135182542391517,-0.0009931238831405761,-0.0065122185003686295,-0.002654556217228228
0.10112359550561797,0.8651685393258427,-0.0022928560365990105,-0.0014641844389912657,-0.005577998160550347,-0.002342666456653102
0.10112359550561797,0.8764044943820224,-0.0016257670144316102,-0.001241536650009388,-0.0015093059695514919,-0.0016472171218892702
0.10112359550561797,0.8876404494382022,-0.002103584447897,-0.00045713944347991936,-0.0011290895666486074,-0.0013310187195062603
0.10112359550561797,0.898876404494382,-0.0016793749486520829,0.0004986835789075148,-0.0015208942461007121,-0.0010732567408386516
0.10112359550561797,0.9101123595505618,-0.0009088052528362269,0.0005125628029125541,-0.001844644920144743,-0.0009574917403293231
0.10112359550561797,0.9213483146067416,-0.0015071765080101496,-0.0003178965382798378,-0.0014302255645082006,-0.0013736069664846795
0.10112359550561797,0.9325842696629213,-0.0013730864510389203,-0.0007634926483025848,-0.0012832245694576149,-0.0015686353171004773
0.10112359550561797,0.9438202247191011,-0.0003351814492532268,-0.0005243349232590711,-0.0011157016004262736,-0.001133472485151841
0.10112359550561797,0.9550561797752809,0.0003416233931395945,-0.00018747076689266384,-0.0002265071976898686,-0.0007267202224443263
0.10112359550561797,0.9662921348314606,0.0004771605621160389,5.718494304255046e-06,-2.1845248120301186e-05,-0.0008856520508321566
0.10112359550561797,0.9775280898876404,0.0005988791238447669,6.165544568665939e-05,2.6674338899630028e-05,-0.0009581842609913948
0.10112359550561797,0.9887640449438202,0.0007376064052897467,-2.7016399984655552e-05,6.716082432593821e-05,-0.00026829662853704864
0.10112359550561797,1.0,4.555050916597787e-18,-5.775382566874651e-19,-3.7794945680358853e-19,1.0778346273038796e-18
0.11235955056179775,0.0,-0.0,-0.0,-0.0,0.0
0.11235955056179775,0.011235955056179775,-0.000465488388318754,-0.0014928019396703422,0.00036785739983790397,0.00019992649817200482
0.11235955056179775,0.02247191011235955,-0.0003023911949180386,-0.002402893451406953,-5.8739732715310295e-05,-0.0002445473202332185
0.11235955056179775,0.033707865168539325,-1.5221372238636486e-06,-0.0023689713299547437,-0.0004861706053857588,-0.0010731638997742551
0.11235955056179775,0.0449438202247191,0.0002746305257622378,-0.0019058525203921204,-0.0006817422164901354,-0.0018659344200773998
0.11235955056179775,0.056179775280898875,0.0004630921716414529,-0.0016877899912983935,-0.00038976845288193017,-0.0020833717578408154
0.11235955056179775,0.06741573033707865,0.0009381469126549365,-0.0018345739369482537,-0.00039125242894939177,-0.0016856420726278048
0.11235955056179775,0.07865168539325842,0.0021684296192781634,-0.0016283450077788962,-0.0021183262794860673,-0.000905780228449305
0.11235955056179775,0.0898876404494382,0.002867442177137236,-0.0013139577798663335,-0.004083605790261809,-0.00044984029102430303
0.11235955056179775,0.10112359550561797,0.002508234816324262,-0.0019335532591071623,-0.0021985325338057253,-0.0012907921619348187
0.11235955056179775,0.11235955056179775,0.001933756615941461,-0.002605698026567432,0.0015774928507309694,-0.0025110122282459156
0.11235955056179775,0.12359550561797752,0.0019164441948718704,-0.002513702059263094,0.0022508077331881275,-0.0027508662488299356
0.11235955056179775,0.1348314606741573,0.002075968089759151,-0.0017557922374887814,0.00243405436719969,-0.0028193076924977896
0.11235955056179775,0.14606741573033707,0.003946272320595941,-0.000434036497194482,0.003521560189720237,-0.0032608513673071686
0.11235955056179775,0.15730337078651685,0.004790622504178502,-0.00018120132979039202,0.0031384152623552806,-0.0032110900162221536
0.11235955056179775,0.16853932584269662,0.003998161243990625,-0.002344603505649464,0.0006322992636723007,-0.003123917265052714
0.11235955056179775,0.1797752808988764,0.0023070846122739985,-0.00557356017645592,0.00037953724062143586,-0.004904290688659785
0.11235955056179775,0.19101123595505617,0.001604327611151099,-0.005974464731987468,-0.00022930909444184727,-0.005250021573920158
0.11235955056179775,0.20224719101123595,0.0007729371857039218,-0.004296643257478833,-0.008481955678989357,-0.0031571707644571364
0.11235955056179775,0.21348314606741572,-0.0018132752462082832,-0.0032487425609090776,0.003712073712372493,-0.0012300345677204315
0.11235955056179775,0.2247191011235955,0.0005509196075215499,-0.002022114151259902,0.0079912863638163,0.0008769284313703432
0.11235955056179775,0.23595505617977527,-0.0013275891322037997,-0.004107134632701083,0.004293053512287308,0.0025137757494953297
0.11235955056179775,0.24719101123595505,-0.0033613344166593916,-0.00917185580360925,0.013138891519406457,0.006919373765214368
0.11235955056179775,0.2584269662921348,-0.0024542835731333583,-0.011711421754051097,0.02396857491666844,0.00919748355802826
0.11235955056179775,0.2696629213483146,-0.00527703671721758,-0.012352668072071993,0.01932139129368638,0.0033144037811822747
0.11235955056179775,0.2808988764044944,-0.008073006702793924,-0.012961516274845614,0.022484210919555273,-8.532841336019759e-05
0.11235955056179775,0.29213483146067415,-0.0011561121794858035,-0.011557464244253225,0.03530592618726267,0.008839462575239383
0.11235955056179775,0.3033707865168539,0.002540637162317991,-0.009800616961768647,0.041949195676401506,0.011911127270704326
0.11235955056179775,0.3146067415730337,-0.0006360743680195293,-0.007980847478581033,0.04293207823053321,0.006457152910016105
0.11235955056179775,0.3258426966292135,-0.003495129851980167,-0.003327054785291544,0.04434368436855026,0.010935566590633862
0.11235955056179775,0.33707865168539325,-0.0032227548507597504,0.00035430128695322546,0.04891734901129443,0.020861778478608095
0.11235955056179775,0.348314606741573,-0.0036945028658261466,0.0023754996256470187,0.04790377381082456,0.023619590654772225
0.11235955056179775,0.3595505617977528,-0.005205147802062043,-0.001049904568030032,0.04781278753107209,0.019801243706376
0.11235955056179775,0.3707865168539326,-0.00502695297733953,-0.008470261317985776,0.050738747548630884,0.020996386001138245
0.11235955056179775,0.38202247191011235,-0.0009186535830479234,-0.009289353016893329,0.049271869277021506,0.03149251695513042
0.11235955056179775,0.3932584269662921,-0.00023889882177219841,-0.01125337445154306,0.049152791719470644,0.029387327370395067
0.11235955056179775,0.4044943820224719,-0.0030708431663117692,-0.029248037138625445,0.04722049479868121,0.012023596573601724
0.11235955056179775,0.4157303370786517,0.0005443385800330287,-0.031748058197072854,0.0525479572777585,-0.005928384207116536
0.11235955056179775,0.42696629213483145,0.00402951113031523,-0.019552346254335735,0.07031317686168187,-0.030030679997363047
0.11235955056179775,0.4382022471910112,0.003322608128219552,-0.019968613594618625,0.070079676694316,-0.031089868835654354
0.11235955056179775,0.449438202247191,0.0017700281709708372,-0.02889129566219736,0.06433725681506515,-0.016329402256718938
0.11235955056179775,0.4606741573033708,-0.0014739894935721415,-0.02868664106059988,0.06854351824355664,-0.026280247452392564
0.11235955056179775,0.47191011235955055,-0.003408512587451373,-0.012891050119844212,0.07420399567606208,-0.04750146350879684
0.11235955056179775,0.4831460674157303,-0.002111028476962539,-0.015375287179145002,0.07417825710138894,-0.04525835990708905
0.11235955056179775,0.4943820224719101,0.0010435537480918324,-0.018777698863923203,0.07007968383551619,-0.027225823445610194
0.11235955056179775,0.5056179775280899,0.0036620227493631553,0.006286486060477091,0.0728291315378837,-0.0180376443856269
0.11235955056179775,0.5168539325842696,0.0051575206740202845,0.010948476274589425,0.08486302141039803,-0.016227298658211944
0.11235955056179775,0.5280898876404494,0.002677789763163965,0.01009652649004322,0.08574570688275014,-0.017937508683806058
0.11235955056179775,0.5393258426966292,-0.003070430838580379,0.01774424667593645,0.07195852189648802,-0.021815480064377835
0.11235955056179775,0.550561797752809,-0.0032518239955330332,0.02262519022198551,0.061734643110407654,-0.02063843926119311
0.11235955056179775,0.5617977528089888,-5.560101604066479e-05,0.02295195067470549,0.06194658146925303,-0.01496242951026446
0.11235955056179775,0.5730337078651685,0.0011759223945212863,0.023776402858317985,0.061833569064259006,-0.013588685715764569
0.11235955056179775,0.5842696629213483,0.0019670989106027772,0.019217717379571796,0.057006907299077106,-0.014848483802462824
0.11235955056179775,0.5955056179775281,0.003485097861772688,0.00735417841863602,0.06585019697064004,-0.012777607958334658
0.11235955056179775,0.6067415730337078,0.0068357364590253015,-0.0015125080266584455,0.07568463585822821,-0.010044755534866107
0.11235955056179775,0.6179775280898876,0.007376188270070916,-0.0018061374288948966,0.07739399247014482,-0.008633495963681802
0.11235955056179775,0.6292134831460674,0.002183699510503133,0.0003769437557157449,0.07793729175514875,-0.0034353154014936786
0.11235955056179775,0.6404494382022472,-0.0006713132250819369,-0.0015232001478125128,0.07401209752744548,0.005877953436837739
0.11235955056179775,0.651685393258427,0.00344251821516112,-0.004151985315533744,0.06794076297204135,0.011908692216738752
0.11235955056179775,0.6629213483146067,0.0009626222875579331,-0.004591052041756932,0.06438082817576904,0.01084173873933075
0.11235955056179775,0.6741573033707865,-0.007817710999489025,-0.00027219665011685276,0.0493240001999891,0.005026370180878628
0.11235955056179775,0.6853932584269663,-0.006530991880150068,0.004057326144093421,0.04265300055485537,-0.0004369723195428434
0.11235955056179775,0.696629213483146,-0.0017433632467391688,0.004735449734854346,0.05097748581888444,-0.0022484959073657894
0.11235955056179775,0.7078651685393258,-0.004037815737341909,0.006332407661132188,0.05129311932453946,-0.001788811884939544
0.11235955056179775,0.7191011235955056,-0.007844573524956617,0.005968200051451382,0.05482959038625277,-0.0027824226836687593
0.11235955056179775,0.7303370786516854,-0.0031540079326479323,0.0014084474228976212,0.05922307782499758,-0.003964554461647622
0.11235955056179775,0.7415730337078652,0.0017082792729788267,-0.0004594829158989392,0.058019396853887115,-0.004073280184378227
0.11235955056179775,0.7528089887640449,-0.006979932808657826,-0.0023207209623062014,0.05115902538808196,-0.005980907540218536
0.11235955056179775,0.7640449438202247,-0.0028535694576036375,-0.00692153137854365,0.0346574241402411,-0.0037669211961581894
0.11235955056179775,0.7752808988764045,0.0036792417836776165,-0.01132368163741913,0.02258638358274271,-0.0019798805239828517
0.11235955056179775,0.7865168539325842,8.516013004081714e-05,-0.009472992116089504,0.02769735566589495,-0.004192515811830939
0.11235955056179775,0.797752808988764,-0.0032930008752854205,-0.00422096703500114,0.024315021083938862,-0.005858373485856951
0.11235955056179775,0.8089887640449438,-0.003415171234199311,-0.0016632428321875204,0.0151636674956708,-0.005697204197607518
0.11235955056179775,0.8202247191011236,-0.0022292409206170795,-0.0015197313110078949,0.015947939724857266,-0.004627496963566021
0.11235955056179775,0.8314606741573034,-0.00028986537510004693,-0.001480152402289391,0.0013477125249536145,-0.003326017366496769
0.11235955056179775,0.8426966292134831,0.0004448613378534513,-0.0015770163114494156,-0.0004118534317830141,-0.0026637902710430162
0.11235955056179775,0.8539325842696629,-0.000505963820909202,-0.0019558043018273697,0.002557435978434197,-0.0024099647023002094
0.11235955056179775,0.8651685393258427,-0.0024851508778994946,-0.0018613819910589765,-0.00030559367349659134,-0.002452841632992187
0.11235955056179775,0.8764044943820224,-0.0032874454692105935,-0.0014423587210287633,0.0025531867248721335,-0.002225204512768159
0.11235955056179775,0.8876404494382022,-0.003247473533632313,-0.0012114857195259763,0.0020448950237140994,-0.0018961429406505936
0.11235955056179775,0.898876404494382,-0.0006826426377686786,-0.0006775203449925101,0.0008219221370630537,-0.0010602105545129202
0.11235955056179775,0.9101123595505618,0.0009080817064491134,-0.0005531352380418256,-0.00013602191428001355,-0.0008024959675523677
0.11235955056179775,0.9213483146067416,-0.0003117294694274277,-0.0011288444825302262,-9.878632435609946e-05,-0.0019468162370923643
0.11235955056179775,0.9325842696629213,-0.0008065625532012766,-0.0013013440986241688,-0.000437431102503741,-0.002851253447385909
0.11235955056179775,0.9438202247191011,1.399184471510156e-05,-0.0007348000567828031,-0.0008487899928785641,-0.002202647042082219
0.11235955056179775,0.9550561797752809,0.0005571361479198371,-0.00023426119808318355,-0.00021886303038687736,-0.0009653806621149066
0.11235955056179775,0.9662921348314606,0.00044851759822779597,-0.00020003309816958706,-9.872408543531782e-05,-0.0006378348617942175
0.11235955056179775,0.9775280898876404,0.00042115061170540396,-0.0003900520401100185,-3.6981944427100066e-05,-0.0006874267062528795
0.11235955056179775,0.9887640449438202,0.0005847566973014867,-0.00048528025972494667,0.00011017289399043986,-0.00017500032008855283
0.11235955056179775,1.0,3.761728387269835e-18,-2.8078351879316223e-18,4.489482151009049e-19,7.981245945719279e-19
0.12359550561797752,0.0,-0.0,-0.0,-0.0,0.0
0.12359550561797752,0.011235955056179775,-0.0007462421103616948,-0.0016366734015265496,0.0006099247276247111,-2.1217539054026727e-05
0.12359550561797752,0.02247191011235955,-0.0003326349782571102,-0.0026551973407725944,0.0002465834390268917,-0.00043603663452581096
0.12359550561797752,0.033707865168539325,0.0004296976983237369,-0.0025043514746257213,-0.0006980521912137802,-0.0011634766413373895
0.12359550561797752,0.0449438202247191,0.0009401446502388592,-0.0017788349418629463,-0.001680126052571409,-0.0019261536496453181
0.12359550561797752,0.056179775280898875,0.0009564435598514731,-0.001990889658009328,-0.0016747714712958158,-0.0022827516770551654
0.12359550561797752,0.06741573033707865,0.0010643870529785187,-0.0030487669249505095,-0.0008639148084138155,-0.0018856036916319783
0.12359550561797752,0.07865168539325842,0.0020965340133697013,-0.0030993436162478766,-0.0019930839099219157,-0.0008919985711774995
0.12359550561797752,0.0898876404494382,0.003371388563865303,-0.002033338328530466,-0.004011223643053456,-0.00033779535777874766
0.12359550561797752,0.10112359550561797,0.003852922910877415,-0.0016868599306160764,-0.0021122710489975146,-0.0014013407005202768
0.12359550561797752,0.11235955056179775,0.0031722868691827916,-0.002348881064615283,0.001966692466086157,-0.0028759685689974585
0.12359550561797752,0.12359550561797752,0.0028713343016606475,-0.0028474853571448973,0.0024548392697536932,-0.003199575725825708
0.12359550561797752,0.1348314606741573,0.00367153768352815,-0.002091847830990558,0.0016867501534737707,-0.0034152540637798078
0.12359550561797752,0.14606741573033707,0.005060178130030638,-0.0006828634974423678,0.002890550313257603,-0.003874608911594398
0.12359550561797752,0.15730337078651685,0.004118146792845504,-0.0008068809402567586,0.003935131567526272,-0.003591376994604425
0.12359550561797752,0.16853932584269662,0.002741182464744356,-0.0033134118328895113,0.0025959609265577,-0.004014482821836651
0.12359550561797752,0.1797752808988764,0.002158680222069092,-0.00598253940932192,0.001574963826847843,-0.00606049739464315
0.12359550561797752,0.19101123595505617,0.0033159057616728095,-0.004691369543538306,-0.0011284951060850507,-0.0049271271068836026
0.12359550561797752,0.20224719101123595,0.006536144439145476,-0.002170278524112181,-0.008274067700141254,-0.0004537734969391961
0.12359550561797752,0.21348314606741572,0.0028477277835540645,-0.0024407917395885825,0.00592992646208792,0.0013590497501374179
0.12359550561797752,0.2247191011235955,-0.0012506200377838288,-0.002890654797804872,0.010470384110213596,-0.00023851134247256223
0.12359550561797752,0.23595505617977527,-0.006178318838377915,-0.005957917844739392,0.007350856096320209,-0.003581218086880241
0.12359550561797752,0.24719101123595505,-0.005867648475945126,-0.011630858898289199,0.009709339012199395,0.001334862485779391
0.12359550561797752,0.2584269662921348,-0.0017248957418863414,-0.013612874759047414,0.02521471595279617,0.009451475588043172
0.12359550561797752,0.2696629213483146,-0.005246071485239753,-0.012973174990241376,0.0236707567944067,0.005875374635272369
0.12359550561797752,0.2808988764044944,-0.009214373362842787,-0.012151115070679923,0.026196898084956788,0.0001437481829709115
0.12359550561797752,0.29213483146067415,-2.8374723652352444e-05,-0.010802268834836924,0.04063976767273706,0.00968707655904129
0.12359550561797752,0.3033707865168539,0.003075373241094976,-0.011929297202994012,0.042968017688264255,0.013674425686428472
0.12359550561797752,0.3146067415730337,-0.0030758445216975444,-0.011857351190375771,0.03575235486461411,0.010880122993506434
0.12359550561797752,0.3258426966292135,-0.0072728353081187545,-0.004198721524999813,0.04043280847010214,0.01828869024359815
0.12359550561797752,0.33707865168539325,-0.004557633123946479,0.0018541677146812741,0.051797021712885,0.026376480847256772
0.12359550561797752,0.348314606741573,-0.00358261022564834,0.000703636172970899,0.05464463152984774,0.025961043739298018
0.12359550561797752,0.3595505617977528,-0.006981910512489766,-0.006623856014683151,0.05869615887901881,0.021379202605907276
0.12359550561797752,0.3707865168539326,-0.00698263660290919,-0.014847577077586757,0.0589222657745352,0.02258838002034779
0.12359550561797752,0.38202247191011235,-0.0005761025158450881,-0.012003429266336055,0.05313159535533187,0.03575855526315951
0.12359550561797752,0.3932584269662921,-0.001261386824661377,-0.012868905410899063,0.05323210898994767,0.03572659137249652
0.12359550561797752,0.4044943820224719,-0.007651637914021527,-0.03653150750514153,0.05599261539304842,0.01922759465723747
0.12359550561797752,0.4157303370786517,-0.0033363425165675144,-0.03859302255753263,0.061916935601743994,-0.0014666956444984174
0.12359550561797752,0.42696629213483145,0.0035117870146895405,-0.022769859300993914,0.07644058039789052,-0.03251129608724331
0.12359550561797752,0.4382022471910112,0.004655152859223068,-0.02290170061524576,0.07503621672532103,-0.02964685969650099
0.12359550561797752,0.449438202247191,0.0044566419995675476,-0.03124865691351045,0.06846614476549762,-0.010168017605826736
0.12359550561797752,0.4606741573033708,0.0016603794539675736,-0.03249010100991365,0.07356489519904724,-0.024080649680682385
0.12359550561797752,0.47191011235955055,-0.0018551287580990923,-0.016505022538275026,0.07994486082280708,-0.04933788484503175
0.12359550561797752,0.4831460674157303,-0.004546664509186153,-0.014762718884268724,0.08017748055376908,-0.0507758353498489
0.12359550561797752,0.4943820224719101,-0.0057573884123334395,-0.018617696823895136,0.07801466538761326,-0.03744809149234977
0.12359550561797752,0.5056179775280899,-0.003544589546072994,0.009346066877966358,0.08169586016383541,-0.02729329333572228
0.12359550561797752,0.5168539325842696,0.0028882321815408623,0.012781682159836834,0.09202759058166693,-0.018437136493652796
0.12359550561797752,0.5280898876404494,0.005665184902356219,0.013473604092568953,0.092112297374695,-0.015856737728340814
0.12359550561797752,0.5393258426966292,0.00074371093552634,0.02543896956837254,0.0805335881824261,-0.018560789143565005
0.12359550561797752,0.550561797752809,-0.0006674626412092338,0.031041555548524957,0.07088346480748409,-0.018222864097668868
0.12359550561797752,0.5617977528089888,0.0016861031533685657,0.028053561020112975,0.06790570188922813,-0.015097697657389646
0.12359550561797752,0.5730337078651685,0.001060972327767106,0.02672656717555468,0.06684087389021093,-0.013893639949571856
0.12359550561797752,0.5842696629213483,0.00021422155950603938,0.022336503956380722,0.0640511496305952,-0.011512357141568981
0.12359550561797752,0.5955056179775281,0.0025945676737052525,0.01036356489268791,0.07466422358853424,-0.009407222884337128
0.12359550561797752,0.6067415730337078,0.008112994449728773,-0.0009297115210201491,0.08430332226167882,-0.010024627374499025
0.12359550561797752,0.6179775280898876,0.007459141310250332,-0.0025976009426492597,0.08553089335103266,-0.01164006085331697
0.12359550561797752,0.6292134831460674,-0.0018078535041687741,0.0007807337023502409,0.08406443716317728,-0.008137996594554624
0.12359550561797752,0.6404494382022472,-0.0048405165009399835,-0.001818221790072208,0.07713542622052541,0.0028060998518782015
0.12359550561797752,0.651685393258427,0.003059251589397353,-0.0055194904583913225,0.07263542545147202,0.013509321632925333
0.12359550561797752,0.6629213483146067,0.0027359918594010483,-0.004980753739440055,0.0721183246379631,0.014019691827412913
0.12359550561797752,0.6741573033707865,-0.008465457259975525,0.001203365571899157,0.05780247919961421,0.005853476100917663
0.12359550561797752,0.6853932584269663,-0.007914764372539285,0.006136543890489798,0.04954753477803311,-0.00048817647728270354
0.12359550561797752,0.696629213483146,-0.0011221046453723119,0.00521936798002074,0.0549071593575821,-0.0011311686888616857
0.12359550561797752,0.7078651685393258,-0.004768113756549328,0.004657743037244227,0.05191378564679451,-0.0026494967962518556
0.12359550561797752,0.7191011235955056,-0.011504870889271492,0.0029647487170935054,0.054681513883164494,-0.007045145053009176
0.12359550561797752,0.7303370786516854,-0.005463215012501389,-0.0004934801355124377,0.062221626788828935,-0.007221919550746489
0.12359550561797752,0.7415730337078652,0.0028764534455315675,-0.0005274904778945499,0.06485442029003345,-0.004552473662778231
0.12359550561797752,0.7528089887640449,-0.011595688845962715,-0.001458584606009614,0.06254078913004042,-0.007684998887076383
0.12359550561797752,0.7640449438202247,-0.009440206744204429,-0.0060859507867335235,0.044298101529306806,-0.006291777762374969
0.12359550561797752,0.7752808988764045,0.002465864372411398,-0.01249043894054775,0.02572249138982197,-0.0025205590775341977
0.12359550561797752,0.7865168539325842,0.003965446580320345,-0.011592839792148521,0.03134702889862708,-0.0021733176856689063
0.12359550561797752,0.797752808988764,0.0012537386395723791,-0.0050044392371732214,0.02910464132277982,-0.003101783692864734
0.12359550561797752,0.8089887640449438,-0.0015292579504195116,-0.001729429409524531,0.018524698837967105,-0.004327762705231681
0.12359550561797752,0.8202247191011236,-0.002865669519369529,-0.001777613638852067,0.016239503878852125,-0.004850347278527436
0.12359550561797752,0.8314606741573034,-0.001456932873334249,-0.0019096735662310212,-0.002140780642636238,-0.0039370575968557244
0.12359550561797752,0.8426966292134831,-0.00039096573928834154,-0.0021469585306507673,0.0011784446050710294,-0.0031082798747897123
0.12359550561797752,0.8539325842696629,0.00031060496368502465,-0.0026983918326277945,0.0033192216757613607,-0.0022619817055651416
0.12359550561797752,0.8651685393258427,-0.0013016538905783136,-0.0029273716843876713,-0.0005135216628326559,-0.0020060018894829446
0.12359550561797752,0.8764044943820224,-0.0034637468188213247,-0.0020373967631200905,0.0031827258497380967,-0.0021806266577292506
0.12359550561797752,0.8876404494382022,-0.0031073225103483613,-0.001344845646444718,0.0025471988640347067,-0.0021990017292887946
0.12359550561797752,0.898876404494382,-0.0007784684041183254,-0.0008145398598982933,0.0006999798881885832,-0.0019587621987180574
0.12359550561797752,0.9101123595505618,0.0008848518015878194,-0.0005954131472109878,-0.000412373487373956,-0.0016229036988883853
0.12359550561797752,0.9213483146067416,-0.0002977621366126447,-0.0010484241294861163,0.00019927745171029697,-0.0022802279493124205
0.12359550561797752,0.9325842696629213,-0.0008110684322544191,-0.001297955921601162,0.0004067593791773347,-0.0030263539936080976
0.12359550561797752,0.9438202247191011,-0.00011262491528119378,-0.0008208281075318518,-0.0003987840892589799,-0.0026844972005480965
0.12359550561797752,0.9550561797752809,0.00030211798735066495,-0.0003551937737054638,-0.0005452017685695533,-0.0015374924505890198
0.12359550561797752,0.9662921348314606,0.00011276665067989966,-0.0005172381604382712,-0.0007546797379081418,-0.0008732442118783927
0.12359550561797752,0.9775280898876404,-0.00011084157685045958,-0.0007974567842442475,-0.0005571478512179843,-0.0006114869844682778
0.12359550561797752,0.9887640449438202,5.921830532920766e-05,-0.0007119007999500546,-5.025091847146217e-05,-0.00010443138437347819
0.12359550561797752,1.0,1.4524063984361448e-18,-3.3545334873442436e-18,8.333237305350517e-19,7.69600527796635e-19
0.1348314606741573,0.0,-0.0,-0.0,-0.0,0.0
0.1348314606741573,0.011235955056179775,-0.0013530536993711403,-0.0014834600377537147,0.0007283181180642517,4.21134456754777e-05
0.1348314606741573,0.02247191011235955,-0.0011022813737251143,-0.002248994166720944,0.0005791005733162416,-0.00019031560847125877
0.1348314606741573,0.033707865168539325,-0.00016156569425006972,-0.0019907824213561873,-0.00018712504467033574,-0.000712313875352891
0.1348314606741573,0.0449438202247191,0.00042816849652338516,-0.0015352785597210613,-0.000670700131686568,-0.0011851541577296415
0.1348314606741573,0.056179775280898875,0.0002060671385137759,-0.0032345556322120675,-7.545013789847907e-05,-0.0014942064740317042
0.1348314606741573,0.06741573033707865,-0.0006664407277842746,-0.005668680343957495,0.0011958827721965618,-0.0015703322747874654
0.1348314606741573,0.07865168539325842,-0.0010523217099311117,-0.005651697679683929,0.00020341178175557748,-0.0013504095029264868
0.1348314606741573,0.0898876404494382,-0.0007091529295618244,-0.004766068985846734,-0.0016949624822781074,-0.0013711004215738742
0.1348314606741573,0.10112359550561797,-0.0014145400987922107,-0.005732074525659851,0.0002939486965002459,-0.002988996601193106
0.1348314606741573,0.11235955056179775,-0.004920719615611102,-0.007457498868440063,0.004303017907652356,-0.005460962716235781
0.1348314606741573,0.12359550561797752,-0.0059952279147257575,-0.008156216803549153,0.004385875146187553,-0.006057651577491497
0.1348314606741573,0.1348314606741573,0.004762015625441979,-0.007428982226554665,0.0020181759204110075,-0.0035022073714959436
0.1348314606741573,0.14606741573033707,0.012629219094550505,-0.006500578856168339,0.0025463946795182737,-0.002395180152686867
0.1348314606741573,0.15730337078651685,0.010400144702655415,-0.008290314053486849,0.0040280036879639675,-0.0031891300891632667
0.1348314606741573,0.16853932584269662,0.008918101407949295,-0.013935848735686276,0.003779546024784976,-0.004911796720857781
0.1348314606741573,0.1797752808988764,0.010273024745472134,-0.018039472054946812,0.0032396260396971945,-0.007134973020612439
0.1348314606741573,0.19101123595505617,0.01465929022807126,-0.014630199477982114,-0.0001145601982263126,-0.004210573427131685
0.1348314606741573,0.20224719101123595,0.028479455276791982,-0.011533340416833732,-0.005901705670953624,0.005571597409653858
0.1348314606741573,0.21348314606741572,0.03808335977262832,-0.01695594259988233,0.006378944690737539,0.012551492057326889
0.1348314606741573,0.2247191011235955,0.029343802170311382,-0.02114638634750984,0.008230044662475308,0.009237465283075844
0.1348314606741573,0.23595505617977527,0.030759196310564188,-0.015406895814918524,0.003400805393973742,0.007310427563922255
0.1348314606741573,0.24719101123595505,0.0557005481065215,-0.007660524775641019,-0.0043271204990618815,0.022608720258129822
0.1348314606741573,0.2584269662921348,0.07855865272233457,-0.001035207628949879,0.008753475891808736,0.04268536920945972
0.1348314606741573,0.2696629213483146,0.07888366824654508,0.006214312476318713,0.006768176349585828,0.041684877278293606
0.1348314606741573,0.2808988764044944,0.08063556247737032,0.014454159036864957,0.0028309138646519716,0.03302304807493208
0.1348314606741573,0.29213483146067415,0.11189358265954473,0.01693332774229958,0.011871288485888436,0.047144574012585344
0.1348314606741573,0.3033707865168539,0.12394736040333809,0.008643966634956288,0.00998428546713581,0.05382523633873952
0.1348314606741573,0.3146067415730337,0.11882146029748308,0.007250400735507021,-0.009678024262027898,0.05253855258069763
0.1348314606741573,0.3258426966292135,0.12497053795198342,0.030762973975255316,-0.005605570303436042,0.06371234907394381
0.1348314606741573,0.33707865168539325,0.14357945677899864,0.051018503185867814,0.011737705325502366,0.07234101323197566
0.1348314606741573,0.348314606741573,0.14684262709087342,0.0474015611493723,0.018231047183806037,0.06970873748532089
0.1348314606741573,0.3595505617977528,0.12865719924361127,0.04158846088216825,0.025520058801284305,0.061372029550840354
0.1348314606741573,0.3707865168539326,0.12457175655967215,0.05490084033663966,0.029218228279012496,0.05703052382761928
0.1348314606741573,0.38202247191011235,0.143035563712225,0.08562239325100303,0.025289069198498243,0.06847645321253429
0.1348314606741573,0.3932584269662921,0.14564106072823485,0.09855340151057275,0.026100029550276876,0.07169297815474655
0.1348314606741573,0.4044943820224719,0.13573719866335218,0.07694978220066483,0.030999343527187345,0.05880255637150906
0.1348314606741573,0.4157303370786517,0.14491465787826552,0.10606128953140609,0.03288566639649406,0.03579147260757811
0.1348314606741573,0.42696629213483145,0.162484869512428,0.15078497277724948,0.03725561256673241,-0.004694660719188477
0.1348314606741573,0.4382022471910112,0.1674626402921005,0.14071897152293678,0.032545730815008236,-0.0035742737754264555
0.1348314606741573,0.449438202247191,0.17281608195521,0.08478552765056405,0.023882555101796443,0.02000877279593354
0.1348314606741573,0.4606741573033708,0.179436416131446,0.02110604914605329,0.027319695425682394,0.009084899341883128
0.1348314606741573,0.47191011235955055,0.18015566120412707,0.009349566023816258,0.03265692968913743,-0.012692303003864865
0.1348314606741573,0.4831460674157303,0.16655326226072165,0.007578161029316272,0.03385917997339289,-0.019460791543714783
0.1348314606741573,0.4943820224719101,0.14531691229011579,-0.025000108509270057,0.03555170425521365,-0.022158658148986852
0.1348314606741573,0.5056179775280899,0.138360666308681,-0.057670906650302736,0.04108165399570639,-0.023255292032182594
0.1348314606741573,0.5168539325842696,0.1549791706948256,-0.09194532071242961,0.04949459326184287,-0.009416347841735936
0.1348314606741573,0.5280898876404494,0.1705222864022329,-0.08774042986716428,0.04892389263195674,0.0029997556688372965
0.1348314606741573,0.5393258426966292,0.166760466405994,-0.07392753082490479,0.04043639144229377,0.007546096346001532
0.1348314606741573,0.550561797752809,0.16201639452992392,-0.0922575650075777,0.03360561756460389,0.014889671785426257
0.1348314606741573,0.5617977528089888,0.16760240774988122,-0.12457796464523724,0.028298166907405883,0.02671785483323274
0.1348314606741573,0.5730337078651685,0.1708239184395718,-0.12897232475592568,0.024168973313415665,0.03558969046594099
0.1348314606741573,0.5842696629213483,0.16557776050429066,-0.10647130980020834,0.01585711476544846,0.04204170914568309
0.1348314606741573,0.5955056179775281,0.1616376022232975,-0.09909683181610007,0.017049419287962896,0.04548048598952771
0.1348314606741573,0.6067415730337078,0.16469798889383058,-0.11544665041840582,0.023896540119200907,0.04591454868184599
0.1348314606741573,0.6179775280898876,0.1520407754554334,-0.11771553045030984,0.02925956830423803,0.04075073148741007
0.1348314606741573,0.6292134831460674,0.1180995502003288,-0.1021464625462313,0.03467773852764841,0.03397933097703749
0.1348314606741573,0.6404494382022472,0.09898185907129448,-0.0944416837232128,0.03734760069763713,0.03850214483390104
0.1348314606741573,0.651685393258427,0.10164958097862235,-0.09662785283211787,0.04461806817840046,0.051059172356671026
0.1348314606741573,0.6629213483146067,0.09952031225091776,-0.0958504102495866,0.04764446112412814,0.05339658971600384
0.1348314606741573,0.6741573033707865,0.08654596625063178,-0.08752432510511858,0.034560341863821425,0.045042947022996764
0.1348314606741573,0.6853932584269663,0.0898335381036813,-0.08533922462043063,0.03174203553720269,0.04089899991025375
0.1348314606741573,0.696629213483146,0.10494881046652886,-0.09315239931396145,0.03812709003405773,0.041801187733340274
0.1348314606741573,0.7078651685393258,0.10193554418952451,-0.09092450992208972,0.02892297571955337,0.03417094716948626
0.1348314606741573,0.7191011235955056,0.084374624570444,-0.07312786235805983,0.023350958557839016,0.020738303741122566
0.1348314606741573,0.7303370786516854,0.08359617792731419,-0.054547807600888,0.02823052541402447,0.018062461296333352
0.1348314606741573,0.7415730337078652,0.09185443703349193,-0.047047541664978064,0.030655052101777863,0.022422699427233957
0.1348314606741573,0.7528089887640449,0.05235328439716204,-0.03942591643874105,0.037071058747859,0.01398977543037362
0.1348314606741573,0.7640449438202247,0.030278384403057513,-0.020462146269416687,0.028155867034716762,0.009632946238134791
0.1348314606741573,0.7752808988764045,0.03988959026688784,-0.0125316746980628,0.010680537226488781,0.012388909322589646
0.1348314606741573,0.7865168539325842,0.03983014794175073,-0.014351200722461764,0.017738472575389613,0.01044206715647371
0.1348314606741573,0.797752808988764,0.02359332159008994,-0.013962793344300242,0.018264602117904323,0.0037631522936424407
0.1348314606741573,0.8089887640449438,0.007737551330089567,-0.014721358683207895,0.00978920588764326,-0.0017152297998546135
0.1348314606741573,0.8202247191011236,0.004351922779928851,-0.01774880459086675,0.006036391379195428,-0.0022801949243187796
0.1348314606741573,0.8314606741573034,0.005430094060693129,-0.020546097584027576,-0.011621892302395609,-0.0007937340171781819
0.1348314606741573,0.8426966292134831,0.005892042670091871,-0.02180341576714512,-0.0025722163093917943,0.00031200828679964394
0.1348314606741573,0.8539325842696629,0.008158072672711418,-0.022954383843771374,0.00014301030180341128,0.0020587592731159325
0.1348314606741573,0.8651685393258427,0.008730096878004205,-0.023315562877714323,-0.0034390306935327343,0.00339940510974814
0.1348314606741573,0.8764044943820224,0.00824320353687078,-0.01934065646234228,0.0009549782431363559,0.004013600515177176
0.1348314606741573,0.8876404494382022,0.006369643846126131,-0.012613531207406015,0.00042935154709271045,0.0035124188798585855
0.1348314606741573,0.898876404494382,-0.00037944913730230057,-0.007440880212008362,-0.0012638508903838987,0.0008929854882131842
0.1348314606741573,0.9101123595505618,-0.0019691549909527984,-0.005575321463527977,-0.0020229717142036703,-0.00032441353027131857
0.1348314606741573,0.9213483146067416,-0.002335060324441854,-0.005992992349372989,-0.00038591568792215844,-0.0010900837363563467
0.1348314606741573,0.9325842696629213,-0.00175716453057582,-0.006237200730750982,0.001019638423009436,-0.0015036383861164596
0.1348314606741573,0.9438202247191011,-0.001014013121531474,-0.005198989673156752,0.00017721441559915944,-0.0012433498833845566
0.1348314606741573,0.9550561797752809,-0.0008717537820514233,-0.0034873875993813174,-0.0006785776879687584,-0.0006035226650455303
0.1348314606741573,0.9662921348314606,-0.0007903685675829603,-0.002511803381058075,-0.001061656876563561,-0.0005244224675191039
0.1348314606741573,0.9775280898876404,-0.00043275117946631566,-0.0020096533799741968,-0.0007208049888042448,-0.0005752854846613475
0.1348314606741573,0.9887640449438202,-7.305773594165715e-05,-0.001191161254347543,-4.3847600052585754e-05,-0.0001628257991919614
0.1348314606741573,1.0,4.216105191344218e-19,-4.3041663812851636e-18,1.5831498912289009e-18,3.2887030665045193e-19
0.14606741573033707,0.0,-0.0,-0.0,-0.0,0.0
0.14606741573033707,0.011235955056179775,-0.0007411154651846935,0.0004824536889843274,0.0009403399094181677,0.0004632227366396703
0.14606741573033707,0.02247191011235955,-0.000707422392661015,0.0008913590579169413,0.0014228042690220672,0.0005663090590239033
0.14606741573033707,0.033707865168539325,-0.00029303428610587176,0.0007553808335083503,0.001416271498469762,0.0004848410714967301
0.14606741573033707,0.0449438202247191,-0.00018249352285858864,0.0005420341032351344,0.0018383207286510334,0.00015211038537505203
0.14606741573033707,0.056179775280898875,-0.00015883594279233215,-0.00010483188416836477,0.0028758097639242793,-0.00083069055294052
0.14606741573033707,0.06741573033707865,-7.81748705823938e-05,-0.00025330198351592153,0.00369330037351274,-0.0016146372055659654
0.14606741573033707,0.07865168539325842,0.0002848759558496969,0.0013621523626813593,0.002390989033832395,-0.001273287324901244
0.14606741573033707,0.0898876404494382,0.0005558748982752748,0.002839588612568224,0.0005399254609835619,-0.0010172678818888355
0.14606741573033707,0.10112359550561797,-0.0004942836744256799,0.000975263030583575,0.0020690780003058433,-0.0030080513778121456
0.14606741573033707,0.11235955056179775,-0.004806621689699484,-0.002342584009434549,0.00575637443360894,-0.006372798856336525
0.14606741573033707,0.12359550561797752,-0.004739158787822373,-0.002333098774935858,0.006029229518096402,-0.006731691675146717
0.14606741573033707,0.1348314606741573,0.01631951092145946,0.0005177894096912943,0.003105825553812231,-0.0003388409662800815
0.14606741573033707,0.14606741573033707,0.036285512086421993,0.0026818352268573624,0.002527132473515355,0.005017227445865845
0.14606741573033707,0.15730337078651685,0.033894077070951406,0.0008752730709158285,0.0032815329570777554,0.003537869098604256
0.14606741573033707,0.16853932584269662,0.02861109129702824,-0.006016297766117887,0.0039046183788874413,-0.0008622616153736403
0.14606741573033707,0.1797752808988764,0.026022836528814708,-0.012388946243496393,0.0053786027875147024,-0.0060431290097461825
0.14606741573033707,0.19101123595505617,0.029193405997866757,-0.00979105709459281,0.00447756443822034,-0.004138592830372683
0.14606741573033707,0.20224719101123595,0.05215132686411817,-0.0035341331879544186,0.003683321456377628,0.009815597754191783
0.14606741573033707,0.21348314606741572,0.08883108307420097,-0.0050009237397426794,0.010940375961882761,0.026478712541070797
0.14606741573033707,0.2247191011235955,0.09635158986703234,-0.008980607699294095,0.008980778835727317,0.02929267031420542
0.14606741573033707,0.23595505617977527,0.1163022624313273,-0.002493014732870497,0.0010016891655905075,0.034892693046520804
0.14606741573033707,0.24719101123595505,0.18774722264208282,0.009630805846036442,-0.019447737154237324,0.06653002528803593
0.14606741573033707,0.2584269662921348,0.235197818295819,0.01634937732889643,-0.01669447209388114,0.09416967599428712
0.14606741573033707,0.2696629213483146,0.23160033863608445,0.02921232756382943,-0.022868393301546715,0.08777907775171089
0.14606741573033707,0.2808988764044944,0.24955547610668913,0.061472084992729006,-0.03863541765685018,0.08083242558917468
0.14606741573033707,0.29213483146067415,0.30629384679207283,0.08127605185257342,-0.0397161609883112,0.10545944226680688
0.14606741573033707,0.3033707865168539,0.3196566560747466,0.0800311790677242,-0.037188822641138486,0.11464340084636193
0.14606741573033707,0.3146067415730337,0.3143647587007142,0.10660998244567041,-0.059513877578249594,0.11309936783561947
0.14606741573033707,0.3258426966292135,0.33300227306020425,0.19253470139304368,-0.057444066527115326,0.12828688019709936
0.14606741573033707,0.33707865168539325,0.36412069857954316,0.2544468489695578,-0.04049684908222772,0.13899845223954008
0.14606741573033707,0.348314606741573,0.37068695082187675,0.2569803778221644,-0.036939263182573207,0.13838284720810007
0.14606741573033707,0.3595505617977528,0.3444176577834987,0.27123408374599983,-0.02804856812339522,0.1326371337562582
0.14606741573033707,0.3707865168539326,0.34678352378796656,0.35418014559182426,-0.020037383892097516,0.12887422354572084
0.14606741573033707,0.38202247191011235,0.3828106494031302,0.4457989264433642,-0.02258465725780645,0.13741707849291723
0.14606741573033707,0.3932584269662921,0.384676029366013,0.456687614039738,-0.021149133432392515,0.13853171883550053
0.14606741573033707,0.4044943820224719,0.37754754375200283,0.422085054210688,-0.01774870059202051,0.12838708196727983
0.14606741573033707,0.4157303370786517,0.393879558649809,0.5218227895968028,-0.021727744489739537,0.10295705683443561
0.14606741573033707,0.42696629213483145,0.4132592170499718,0.6507425136165352,-0.023660192022629277,0.05365721449436033
0.14606741573033707,0.4382022471910112,0.41174955138106056,0.6341332037269758,-0.026588464006353073,0.05307623440292449
0.14606741573033707,0.449438202247191,0.4146422775319291,0.4396579561495028,-0.03558895103796754,0.08051894578850873
0.14606741573033707,0.4606741573033708,0.42975151241775106,0.2073940656725106,-0.03555622128910326,0.07225787185245153
0.14606741573033707,0.47191011235955055,0.44278828246787794,0.13420328771280712,-0.03230683409504534,0.05473219080751579
0.14606741573033707,0.4831460674157303,0.4406484270551041,0.11655763540624732,-0.03197876827932112,0.05227493012104668
0.14606741573033707,0.4943820224719101,0.42728325517650545,-0.0028215946630107216,-0.030576911578484658,0.049772822569458135
0.14606741573033707,0.5056179775280899,0.4228138955425584,-0.23654807045282897,-0.026217926994483647,0.04272694830682687
0.14606741573033707,0.5168539325842696,0.4376290006531139,-0.42631627019156537,-0.01943437288151232,0.04816423990461746
0.14606741573033707,0.5280898876404494,0.4415114406681643,-0.43285221833936843,-0.019280952930860358,0.055325055416177764
0.14606741573033707,0.5393258426966292,0.42360603035917127,-0.403792917487271,-0.026122173634209905,0.06271425722696539
0.14606741573033707,0.550561797752809,0.41269251585535754,-0.44203857005926506,-0.03263048454126187,0.08009767721306749
0.14606741573033707,0.5617977528089888,0.4225100457750219,-0.5040126888008655,-0.03944247277186636,0.10225394365808303
0.14606741573033707,0.5730337078651685,0.4269340172385818,-0.5054282263618276,-0.042454206072410385,0.11015943708811997
0.14606741573033707,0.5842696629213483,0.4138136624769314,-0.4247685264602735,-0.05020873108332089,0.10910529801938153
0.14606741573033707,0.5955056179775281,0.40275126787331267,-0.3550095863835156,-0.0569421046636561,0.1153493415392617
0.14606741573033707,0.6067415730337078,0.41053893567243227,-0.3569233229728875,-0.05574145074233084,0.12561650325670612
0.14606741573033707,0.6179775280898876,0.404794257814587,-0.35822251167264363,-0.05185958999668459,0.12458803318466674
0.14606741573033707,0.6292134831460674,0.345298031567642,-0.3328959490411806,-0.038887505224728676,0.1085178493566783
0.14606741573033707,0.6404494382022472,0.2896994047052631,-0.3173432017409619,-0.01695172495734935,0.10329744827122675
0.14606741573033707,0.651685393258427,0.27478545639060126,-0.32549986333531034,0.00920721977008966,0.11364334630853722
0.14606741573033707,0.6629213483146067,0.2699045379069626,-0.3190709044830385,0.01074044165721892,0.11430174706874824
0.14606741573033707,0.6741573033707865,0.2557296005487706,-0.286782194894333,-0.006030373846027406,0.1018308551945868
0.14606741573033707,0.6853932584269663,0.2604144708094087,-0.2704959748562811,-0.003152804136436544,0.09692010250484465
0.14606741573033707,0.696629213483146,0.2787098239443375,-0.28104023283991436,0.008018068702001583,0.1003796213908194
0.14606741573033707,0.7078651685393258,0.270383684999217,-0.2676242063259011,-0.002614684432273696,0.09222445103048517
0.14606741573033707,0.7191011235955056,0.23734110471153771,-0.20005719492776772,-0.013210685203492485,0.07117654362675026
0.14606741573033707,0.7303370786516854,0.2212996686627187,-0.1293786472112005,-0.00967741923800254,0.05923077878366582
0.14606741573033707,0.7415730337078652,0.22679294803089042,-0.1037381395184918,-0.009965075532272306,0.06017658511250728
0.14606741573033707,0.7528089887640449,0.16870442433053087,-0.08743364623875909,0.0038390888851045682,0.04681746882507416
0.14606741573033707,0.7640449438202247,0.10415911720367993,-0.03384226835128017,0.00837592830415712,0.03248553215615004
0.14606741573033707,0.7752808988764045,0.09977604946489614,0.004283160169260429,-0.006518195174013075,0.03355001807550788
0.14606741573033707,0.7865168539325842,0.090368624012507,0.0016574632690985085,-0.0006267821164738493,0.03003672058584456
0.14606741573033707,0.797752808988764,0.049707104940392884,-0.00152308205196168,0.0008451263109655288,0.016160033645234856
0.14606741573033707,0.8089887640449438,0.019891004847114056,-0.0007297675837697244,-0.0015317372237293545,0.006242808510098549
0.14606741573033707,0.8202247191011236,0.01694358410857537,-0.002043577889925136,-0.002814163651513762,0.005511153636422596
0.14606741573033707,0.8314606741573034,0.015904653426130903,-0.003542191122348879,-0.015011178284224512,0.005603813049225863
0.14606741573033707,0.8426966292134831,0.014648761375574849,-0.004751362416187788,-0.0007306603275743146,0.004981426894867058
0.14606741573033707,0.8539325842696629,0.015492577131122977,-0.006326592553421223,0.0024668038689585363,0.005315547340408981
0.14606741573033707,0.8651685393258427,0.015415247533143198,-0.008140461153285065,-0.003310071444984048,0.005804229637118275
0.14606741573033707,0.8764044943820224,0.017319533670467922,-0.010172331398124443,0.00027063147005801884,0.0067901406683412045
0.14606741573033707,0.8876404494382022,0.01411480600203052,-0.007984490297284059,-0.00019529979941339877,0.006174866927764139
0.14606741573033707,0.898876404494382,0.0004950451381543062,-0.0027941501988195862,-0.002138098885582419,0.0022887700375142724
0.14606741573033707,0.9101123595505618,-0.002954941142201453,-0.001299307326213619,-0.003254866050835116,0.0011845181431576332
0.14606741573033707,0.9213483146067416,-0.0024234307132484584,-0.00257044106769922,-0.0012457271232194339,0.0009667447883658748
0.14606741573033707,0.9325842696629213,-0.0018576125121451633,-0.003490254652859287,0.0010981494162549475,0.0005266919895980432
0.14606741573033707,0.9438202247191011,-0.0017363703065802667,-0.003678765918877683,0.0006000778126576589,0.0003655981124042105
0.14606741573033707,0.9550561797752809,-0.0019556041413850084,-0.0029761129054780553,-0.00016346826313825625,0.00029568757331992
0.14606741573033707,0.9662921348314606,-0.0017141348787728802,-0.0021884722369843877,-0.00019471599335448383,-0.0005104678795041364
0.14606741573033707,0.9775280898876404,-0.0007337217972803221,-0.0016576202587421508,0.0002569872159711161,-0.00114590388588873
0.14606741573033707,0.9887640449438202,0.00015237161236979156,-0.0007813187487209199,0.0005214814919734616,-0.0006609453542181327
0.14606741573033707,1.0,2.435843060692417e-18,-1.5588885042362517e-18,3.549603116270161e-18,-1.5577750434378365e-18
0.15730337078651685,0.0,-0.0,-0.0,-0.0,0.0
0.15730337078651685,0.011235955056179775,-0.0009870200507309768,0.00109758214585995,0.0006214386743447443,-0.00019041195673714283
0.15730337078651685,0.02247191011235955,-0.0007961357143401788,0.0012217176571547952,0.0010480124301052946,-0.00028658819947667915
0.15730337078651685,0.033707865168539325,-0.0001874258831392506,0.0003545986603112241,0.0011712349470971832,0.00036138959525975093
0.15730337078651685,0.0449438202247191,-0.00018097474088842925,-0.00040438758552129386,0.0017888648190046688,0.0008313523471012824
0.15730337078651685,0.056179775280898875,-0.00039318694783003675,-0.0008699138034292701,0.002693085071947757,-0.0005323679597467566
0.15730337078651685,0.06741573033707865,-0.00031161464280413413,-0.00024401091070765026,0.003314695734508588,-0.0021655266206467255
0.15730337078651685,0.07865168539325842,-0.00011529627653234489,0.0015785447641237355,0.002652985903667649,-0.0014746480404494926
0.15730337078651685,0.0898876404494382,-4.410585271084678e-06,0.002466571512663608,0.0011251266899387964,-7.220940462866717e-05
0.15730337078651685,0.10112359550561797,-0.00023893952170960935,0.0007667990108326684,0.0016651228779331919,-0.0016602328883201225
0.15730337078651685,0.11235955056179775,-0.003846805692876902,-0.0017032155089763226,0.0051996089929555464,-0.005797308773922058
0.15730337078651685,0.12359550561797752,-0.007443500222599431,-0.0024834652850420367,0.00705252117069714,-0.008155681668111953
0.15730337078651685,0.1348314606741573,0.007046171071622219,-0.0009763000910259936,0.004993339984477452,-0.004073821917625725
0.15730337078651685,0.14606741573033707,0.03201966064991012,0.002308278063663813,0.0023010087118337207,0.003254665711135055
0.15730337078651685,0.15730337078651685,0.03411182733476371,0.003387184057156848,0.0016249067920241847,0.004135675356730584
0.15730337078651685,0.16853932584269662,0.029461143056237805,-0.001875508050437038,0.002999816071695641,0.0006849733766638775
0.15730337078651685,0.1797752808988764,0.025904828849340963,-0.010111078950491341,0.004996468873573059,-0.005678222362571408
0.15730337078651685,0.19101123595505617,0.026055683828628332,-0.011078135063435895,0.004191261050387913,-0.005948961613068495
0.15730337078651685,0.20224719101123595,0.0485949654714533,-0.0054640163518909785,0.0032061715945889105,0.008743452680576885
0.15730337078651685,0.21348314606741572,0.08596150012884564,-0.004459138095857188,0.00628932963380722,0.0265808993404787
0.15730337078651685,0.2247191011235955,0.09343321734120597,-0.0053496501537297425,0.011104006402548418,0.03000013314890811
0.15730337078651685,0.23595505617977527,0.11821832178906215,0.0074873730172653925,0.009075660288619537,0.04028923373751119
0.15730337078651685,0.24719101123595505,0.20130701799007025,0.02424104490435786,-0.011340012836516688,0.07897576277904511
0.15730337078651685,0.2584269662921348,0.23924570618701935,0.022766135865821227,-0.013196532637272869,0.10054261952140618
0.15730337078651685,0.2696629213483146,0.23045749417073605,0.024022664343610205,-0.023893463581526345,0.0848653540779095
0.15730337078651685,0.2808988764044944,0.2525241761957241,0.060575430643475155,-0.046004514113382355,0.07851055897281813
0.15730337078651685,0.29213483146067415,0.302763258185991,0.09124027056997186,-0.043303969291564624,0.10757507212287962
0.15730337078651685,0.3033707865168539,0.3209405600697438,0.09734819483514688,-0.025198375848532177,0.11850225317306254
0.15730337078651685,0.3146067415730337,0.3233538643241027,0.12364190169304683,-0.04032227226729532,0.1131159062462785
0.15730337078651685,0.3258426966292135,0.34589447960923747,0.2078800949832038,-0.03809760464122442,0.12780838536930864
0.15730337078651685,0.33707865168539325,0.37212442508317395,0.27369086641411566,-0.026788891760661303,0.14195802612624922
0.15730337078651685,0.348314606741573,0.36630848205887573,0.2727345512500062,-0.02514279784337776,0.14647144797360986
0.15730337078651685,0.3595505617977528,0.33328624448843763,0.2757261993114654,-0.007818390275893835,0.14499659644631946
0.15730337078651685,0.3707865168539326,0.34638318646025856,0.3616166543623393,0.0044208761013130446,0.14181843895179555
0.15730337078651685,0.38202247191011235,0.3891276610392157,0.46903571518412257,-0.006909678287376772,0.14424819091267968
0.15730337078651685,0.3932584269662921,0.3910736524215012,0.46429800474074745,-0.014429356111404005,0.1407417837107693
0.15730337078651685,0.4044943820224719,0.38560154380698125,0.4233821569201078,-0.014905497912802409,0.12658235159677605
0.15730337078651685,0.4157303370786517,0.39802831468218547,0.5428568660927893,-0.017318816384341105,0.09396783718740072
0.15730337078651685,0.42696629213483145,0.41482256232651504,0.6837619366677133,-0.013862002758454523,0.03881320081718049
0.15730337078651685,0.4382022471910112,0.41732740348576874,0.6615149485259392,-0.011587848989157453,0.04485793906434595
0.15730337078651685,0.449438202247191,0.41851548678027345,0.44068197570436607,-0.021378974318547645,0.07610302762841055
0.15730337078651685,0.4606741573033708,0.43264898409959957,0.20305665277557156,-0.024061112331012574,0.06092604708033849
0.15730337078651685,0.47191011235955055,0.4459832640011011,0.13998879625066213,-0.020640458313016957,0.03824625443276112
0.15730337078651685,0.4831460674157303,0.4464310202021837,0.1370051628458908,-0.019836294474364902,0.04131844780747518
0.15730337078651685,0.4943820224719101,0.43708021284988047,0.005972147190556139,-0.019176292525035585,0.05146490713071548
0.15730337078651685,0.5056179775280899,0.43342232904366257,-0.24555566363229991,-0.014444613691207373,0.05177609155223074
0.15730337078651685,0.5168539325842696,0.4430487187332407,-0.4502278187405259,-0.00602661176740308,0.04713920128428664
0.15730337078651685,0.5280898876404494,0.44514161032225935,-0.466964860346251,-0.005962324481666816,0.04044890828202218
0.15730337078651685,0.5393258426966292,0.4328870251625674,-0.4298197931795542,-0.015094286873127366,0.04899954572025621
0.15730337078651685,0.550561797752809,0.4251906619777513,-0.4589949153703874,-0.023319021536998056,0.07851869064137829
0.15730337078651685,0.5617977528089888,0.42770068645606857,-0.5229358695820718,-0.027656559210175225,0.10536369869256225
0.15730337078651685,0.5730337078651685,0.42467957775238374,-0.524814091217849,-0.025124070203819016,0.09779937304006818
0.15730337078651685,0.5842696629213483,0.41185408546398783,-0.4366676876138753,-0.02722776770197529,0.08445151533192369
0.15730337078651685,0.5955056179775281,0.4033905612963634,-0.37218594406183797,-0.03495611013561146,0.10233141983654138
0.15730337078651685,0.6067415730337078,0.4123972353580221,-0.38328748352743863,-0.03761788650525183,0.12479029348089836
0.15730337078651685,0.6179775280898876,0.41259226984043956,-0.3813166097394136,-0.044172851494131575,0.12719318651873776
0.15730337078651685,0.6292134831460674,0.3576965048628305,-0.34324367667703887,-0.040286999353162115,0.11375408652636418
0.15730337078651685,0.6404494382022472,0.2935029390593941,-0.32188321759378224,-0.013023330781273438,0.11084141641369531
0.15730337078651685,0.651685393258427,0.2749022767884128,-0.33931681504924227,0.0194287496742812,0.11927933275739971
0.15730337078651685,0.6629213483146067,0.2801585669655626,-0.33718287555845583,0.0125992214964036,0.11584179163086797
0.15730337078651685,0.6741573033707865,0.27572415506478887,-0.2992950862981898,-0.0077559629290562294,0.10081180662651715
0.15730337078651685,0.6853932584269663,0.27230352043516415,-0.28138558779750583,-0.0002335319435494691,0.09389242884442077
0.15730337078651685,0.696629213483146,0.2778648243681113,-0.29885451699467125,0.014007712340580679,0.09936198122338355
0.15730337078651685,0.7078651685393258,0.2667280871102676,-0.2826395529362215,0.005539040543425625,0.09656114814807651
0.15730337078651685,0.7191011235955056,0.2372462186523172,-0.19465636784680274,-0.006112734290894564,0.07697008509027718
0.15730337078651685,0.7303370786516854,0.22248085148343416,-0.11951479691176506,-0.001225802499750755,0.06191727271641629
0.15730337078651685,0.7415730337078652,0.2265595832670291,-0.11575261633199761,-0.005030895395718179,0.05967136676543186
0.15730337078651685,0.7528089887640449,0.17455048033500953,-0.11531243002782972,0.006325813214241523,0.04721229091129894
0.15730337078651685,0.7640449438202247,0.10097736337422891,-0.05569904030785417,0.013598365976612216,0.030983295718156688
0.15730337078651685,0.7752808988764045,0.09477002762590758,0.001235336302316561,-0.003013983334457759,0.03228357106735151
0.15730337078651685,0.7865168539325842,0.09294926358953669,0.0008563661238560683,-0.002230782466133717,0.0308785923919841
0.15730337078651685,0.797752808988764,0.05090194813604775,-0.0053111685159183165,-0.0050010067980169725,0.016185425986918613
0.15730337078651685,0.8089887640449438,0.018126576027834785,-0.0011496601278610788,-0.0011805593179211725,0.0052435647064071386
0.15730337078651685,0.8202247191011236,0.016254338906156265,0.0005751486759117555,0.00023125894264900773,0.00505861576229426
0.15730337078651685,0.8314606741573034,0.015165406207965812,-0.0026048223596795757,-0.00902260882433905,0.0052425563548677175
0.15730337078651685,0.8426966292134831,0.014456813717745804,-0.005656513994427958,0.0003870660301417847,0.004784817639733731
0.15730337078651685,0.8539325842696629,0.014701889607059582,-0.004723789550177666,0.0019292544708876397,0.005211714983946831
0.15730337078651685,0.8651685393258427,0.014167766961082188,-0.00425054995073038,-0.004538100359576359,0.005882473871868949
0.15730337078651685,0.8764044943820224,0.01690836716367296,-0.00831023796770047,-0.0004545907222259218,0.00714505429998272
0.15730337078651685,0.8876404494382022,0.014339831727995616,-0.008624733263444675,0.00030957881686508075,0.006447885117057054
0.15730337078651685,0.898876404494382,0.0004176086129114752,-0.003046101818969952,-0.0016173217644857528,0.0023575885990221577
0.15730337078651685,0.9101123595505618,-0.0033430285084409704,-0.0002343178124450096,-0.0031628989176859658,0.0016061046366646972
0.15730337078651685,0.9213483146067416,-0.001859802070774177,-0.001549462152415352,-0.0018346928058794384,0.0020464312145469033
0.15730337078651685,0.9325842696629213,-0.0014851012342994583,-0.003080568326006804,0.0003639807575991397,0.001118859525736404
0.15730337078651685,0.9438202247191011,-0.00171631930323798,-0.0037297649496831524,0.0004067664868157428,0.00018768964202147822
0.15730337078651685,0.9550561797752809,-0.0019379437168451851,-0.0034016460339169304,0.00029688203760327715,-0.00026112657671793467
0.15730337078651685,0.9662921348314606,-0.0016874921300193805,-0.0022549142956461974,0.0007093021251351145,-0.0013045754177363627
0.15730337078651685,0.9775280898876404,-0.0009408507556056292,-0.0009388540644235089,0.0013046263910448932,-0.0022048988192255397
0.15730337078651685,0.9887640449438202,-0.0001713555345793582,2.9272385051387304e-06,0.0010959703219476378,-0.0015459665862144023
0.15730337078651685,1.0,9.727472940525437e-19,1.797877905638189e-18,4.850420175130728e-18,-5.486077850423496e-18
0.16853932584269662,0.0,-0.0,-0.0,-0.0,0.0
0.16853932584269662,0.011235955056179775,-0.001091301516859131,0.0007595672717821318,-0.00017660651850475657,-0.0003327690286626238
0.16853932584269662,0.02247191011235955,-0.0012480179459714179,-9.07016236692207e-05,-0.0003003610210376883,-0.0012384127558991394
0.16853932584269662,0.033707865168539325,-0.0007503958731495078,-0.0018991925288008636,-0.00011135305527088329,-0.0009886939433193709
0.16853932584269662,0.0449438202247191,-0.00031885371437375716,-0.0031429157334601507,0.0005810687382822729,0.00022308068432988658
0.16853932584269662,0.056179775280898875,-0.0003770394643659415,-0.0034545403804881664,0.0008726606498892195,-0.00027885682222267375
0.16853932584269662,0.06741573033707865,-0.0009685813317812579,-0.00262364822041294,0.0009335158959427663,-0.0017317847146995726
0.16853932584269662,0.07865168539325842,-0.001703290576106112,-0.0010293967152534538,0.0007431755191336768,-0.0007262101614529654
0.16853932584269662,0.0898876404494382,-0.0020185826028788507,-0.0007111524627840616,8.32987137026525e-05,0.0013420564403888201
0.16853932584269662,0.10112359550561797,-0.0017988832406484777,-0.003009421171004905,0.0009828387786436302,-5.678349820109755e-05
0.16853932584269662,0.11235955056179775,-0.004602345154999147,-0.005467655782384935,0.005109151019610159,-0.0045875921782759285
0.16853932584269662,0.12359550561797752,-0.008781479293927266,-0.005678097395097483,0.00796452212720656,-0.007660054807622632
0.16853932584269662,0.1348314606741573,0.0004040294152218644,-0.0026860221406160554,0.006004741077109697,-0.005958193241534482
0.16853932584269662,0.14606741573033707,0.02060626066263513,0.002585390497854212,0.0016522171868398503,-0.0005500877105488284
0.16853932584269662,0.15730337078651685,0.023411459819636424,0.00413819308219038,0.0004761704548577982,0.0012986498274383633
0.16853932584269662,0.16853932584269662,0.017399165826835844,-0.0007107823182021921,0.00335161566367684,-0.0017193565581157969
0.16853932584269662,0.1797752808988764,0.01560078555912967,-0.008360863111871656,0.004307149406651556,-0.008650771911919918
0.16853932584269662,0.19101123595505617,0.01503146644763203,-0.00922293018868548,0.0013977801667732763,-0.008059351411380561
0.16853932584269662,0.20224719101123595,0.034978937450242234,-0.002159439902541255,-0.0021970065673432857,0.012571739328659442
0.16853932584269662,0.21348314606741572,0.06442569276870737,0.0007199677261811767,0.0007164802440764521,0.03153360650512007
0.16853932584269662,0.2247191011235955,0.07406424749771046,-0.0016322453300175329,0.01567445138533895,0.03556943128917686
0.16853932584269662,0.23595505617977527,0.11397076461121738,0.010464519241415934,0.025357646119756116,0.059748797835150726
0.16853932584269662,0.24719101123595505,0.20109063311479297,0.031657088647076156,0.017889548218260286,0.11387421874602961
0.16853932584269662,0.2584269662921348,0.2327542917594603,0.03208212126404795,0.016866040728355014,0.13853580494341552
0.16853932584269662,0.2696629213483146,0.22311939197791328,0.041609266585482474,0.0017099531143803279,0.12157743926477015
0.16853932584269662,0.2808988764044944,0.24098685345111492,0.09953145440345477,-0.015331151881884747,0.11842107288485496
0.16853932584269662,0.29213483146067415,0.2789592239907034,0.14595875687074084,0.006520928865434194,0.14857469765259315
0.16853932584269662,0.3033707865168539,0.29459388611716136,0.15449935616336988,0.032614759758209814,0.15456438468776187
0.16853932584269662,0.3146067415730337,0.2992358198518906,0.16890918285901352,0.015246612780136318,0.14163217104078746
0.16853932584269662,0.3258426966292135,0.3265957651693128,0.23691166683997342,0.017200356348053534,0.16022811770932055
0.16853932584269662,0.33707865168539325,0.35741952319251474,0.30263501969444967,0.029521707965843393,0.19211541250720948
0.16853932584269662,0.348314606741573,0.35221887293818627,0.30355550086391797,0.036096763822244936,0.21064943135166853
0.16853932584269662,0.3595505617977528,0.3268972754342599,0.3002084942466408,0.06610862077220511,0.20185965404104533
0.16853932584269662,0.3707865168539326,0.3510651703474176,0.377745467089239,0.09707873630805282,0.1792854919488624
0.16853932584269662,0.38202247191011235,0.3909417688950763,0.4912097617825901,0.08593950420338066,0.1691793200735192
0.16853932584269662,0.3932584269662921,0.3914970289114212,0.4995440797220151,0.06390772611915062,0.1561067709155074
0.16853932584269662,0.4044943820224719,0.3858805756201509,0.4939106478212864,0.0570178870424813,0.10440712261579844
0.16853932584269662,0.4157303370786517,0.39547943287595727,0.6444815000267142,0.0635297331160287,0.01022388017923945
0.16853932584269662,0.42696629213483145,0.40725006069759406,0.7900310331984113,0.08141110506720538,-0.09504686533128304
0.16853932584269662,0.4382022471910112,0.40908003250874003,0.7597895981679836,0.08907582278149198,-0.09945600767676262
0.16853932584269662,0.449438202247191,0.40856119657400186,0.5140943491040508,0.07364455145101816,-0.06784228877370449
0.16853932584269662,0.4606741573033708,0.42207304151967956,0.24045870716839415,0.0659407088360044,-0.09577943718576497
0.16853932584269662,0.47191011235955055,0.43953614461633356,0.15098846763572193,0.07049178580054498,-0.12998590167356666
0.16853932584269662,0.4831460674157303,0.44182038421550696,0.14127187153105622,0.07475950492222486,-0.12132447657215686
0.16853932584269662,0.4943820224719101,0.4288596023315328,-0.013021180936394549,0.07976284586746417,-0.09055991427486669
0.16853932584269662,0.5056179775280899,0.42049483185562203,-0.29558981594127187,0.09083320385059865,-0.06972614983671087
0.16853932584269662,0.5168539325842696,0.4270118020347259,-0.5116065111357437,0.10280044419556338,-0.0705149797875103
0.16853932584269662,0.5280898876404494,0.4285395565512387,-0.5279577183751494,0.10141396651615296,-0.07381378993705237
0.16853932584269662,0.5393258426966292,0.4150400493508324,-0.48471105846062423,0.0902763045037483,-0.046447162024867185
0.16853932584269662,0.550561797752809,0.4011578703447656,-0.509139792181024,0.08119587993818403,0.011053889666123534
0.16853932584269662,0.5617977528089888,0.3962876181978696,-0.57513686538234,0.07864089294378143,0.055311120391499845
0.16853932584269662,0.5730337078651685,0.39337388828360187,-0.5733120910579389,0.08252327413056927,0.04311569870932386
0.16853932584269662,0.5842696629213483,0.3890140566639201,-0.4866911140463878,0.07963088499736364,0.03704886400478495
0.16853932584269662,0.5955056179775281,0.39038735135855535,-0.44964666757953936,0.06973976629064385,0.082744121958884
0.16853932584269662,0.6067415730337078,0.40452248451594625,-0.4789260373611738,0.06583897359532044,0.12177613733526489
0.16853932584269662,0.6179775280898876,0.40549626723797233,-0.4737520846431856,0.05257272607178371,0.12711167467411882
0.16853932584269662,0.6292134831460674,0.35752150406632976,-0.41834449369277177,0.044064689420393655,0.12172947859244759
0.16853932584269662,0.6404494382022472,0.3000734244706053,-0.3737741324371809,0.06378024133976277,0.1294737381605343
0.16853932584269662,0.651685393258427,0.2784351780014162,-0.37620517660087927,0.09384048967509212,0.138522744124676
0.16853932584269662,0.6629213483146067,0.2835576003759289,-0.3745985093464637,0.08500996595033382,0.13316686151261098
0.16853932584269662,0.6741573033707865,0.2748638086970571,-0.3485832365695615,0.0616876490912548,0.11552457672627438
0.16853932584269662,0.6853932584269663,0.2549942728981185,-0.34723639532733536,0.06351487774835594,0.1023110307408421
0.16853932584269662,0.696629213483146,0.24545333610552694,-0.3795575866567451,0.07243507855257929,0.10110126267229018
0.16853932584269662,0.7078651685393258,0.23411974955135342,-0.36459818501005425,0.06542305896718968,0.09556529096907167
0.16853932584269662,0.7191011235955056,0.21497855864319665,-0.2578299176129083,0.04741747963705618,0.07507317009235523
0.16853932584269662,0.7303370786516854,0.20585223242570905,-0.1723978623542004,0.05049086263624917,0.058899426713152785
0.16853932584269662,0.7415730337078652,0.20957377699454674,-0.17026403296660192,0.04439750642706999,0.057564429454356934
0.16853932584269662,0.7528089887640449,0.16313257089014857,-0.15748481086399058,0.041819487663627614,0.04791960278202532
0.16853932584269662,0.7640449438202247,0.0878308100882263,-0.07796177060999596,0.03453771763741363,0.02991893434880726
0.16853932584269662,0.7752808988764045,0.07389430249226328,-0.007422813876451723,0.01035534953208896,0.026132475394419704
0.16853932584269662,0.7865168539325842,0.07326054707174766,-0.0037535067366132324,0.01228664244652934,0.02268482935257365
0.16853932584269662,0.797752808988764,0.035936551737512805,-0.007447192063793232,0.01002856897051302,0.009540849100456602
0.16853932584269662,0.8089887640449438,0.00935903038261065,0.0022556013595300397,0.016069410397833342,0.0028668970241541433
0.16853932584269662,0.8202247191011236,0.009792665162167955,0.004860643877097294,0.018519038869535515,0.004953994032471023
0.16853932584269662,0.8314606741573034,0.00942475755090735,-0.00360705426647573,0.00695613298389881,0.004618687996832242
0.16853932584269662,0.8426966292134831,0.010291885497700564,-0.010708914633109932,0.0006268976921820881,0.00329445520594187
0.16853932584269662,0.8539325842696629,0.011181539907764392,-0.010589684790499782,-0.0021742666403655143,0.0038219786568264268
0.16853932584269662,0.8651685393258427,0.011747742533214,-0.010255178559813163,-0.005253547806341134,0.005846224336162282
0.16853932584269662,0.8764044943820224,0.015395970383248516,-0.013915727246528068,-0.000874930809734723,0.00832491212284101
0.16853932584269662,0.8876404494382022,0.012928152837499362,-0.012098132222840502,0.0006550406451850961,0.007726729689345178
0.16853932584269662,0.898876404494382,0.0005206005346804617,-0.004662778398236904,-0.0008986357727368895,0.003473281345466924
0.16853932584269662,0.9101123595505618,-0.0027484152974020415,-0.0013415281450498058,-0.0020740876189511924,0.0023990514867059188
0.16853932584269662,0.9213483146067416,-0.00044858761884625887,-0.003218036944878023,-0.0013936225763440451,0.002632045324604147
0.16853932584269662,0.9325842696629213,0.0002447349921693481,-0.005162101828660911,0.00010005441707930237,0.001330733068710361
0.16853932584269662,0.9438202247191011,-4.367929605591532e-05,-0.005031486362970042,0.00034438211673279835,0.0006517916914795328
0.16853932584269662,0.9550561797752809,-0.0003949470606866966,-0.0039340765105949395,0.0004278306095797065,0.0007415908922031143
0.16853932584269662,0.9662921348314606,-0.0005387360653769337,-0.002791954127265003,0.0011547917203343354,-0.00020610045586855668
0.16853932584269662,0.9775280898876404,-0.0004438328081306714,-0.0014302192493315911,0.0019283716690001926,-0.0014138999789225313
0.16853932584269662,0.9887640449438202,-0.00010786916501809468,-0.00019991692590096092,0.0013726870939607028,-0.001135001123310572
0.16853932584269662,1.0,8.627865804996088e-19,1.3142960337228754e-18,4.7305228533929694e-18,-4.05958014848829e-18
0.1797752808988764,0.0,-0.0,-0.0,-0.0,0.0
0.1797752808988764,0.011235955056179775,-0.0006396352784432471,0.00016970157264002927,-0.0002365161384882805,0.0009155752820454209
0.1797752808988764,0.02247191011235955,-0.001153440842076364,-0.0010654971470132968,-0.00022300691999599148,0.00031426570262936245
0.1797752808988764,0.033707865168539325,-0.0009586003391282498,-0.0025870251165470413,0.0004819380691634305,-0.0003882263547356006
0.1797752808988764,0.0449438202247191,-0.00016055592322229012,-0.0028748538737397556,0.0014808335672935253,-0.00015552270685997738
0.1797752808988764,0.056179775280898875,0.0001644307989063233,-0.0020985733828615375,0.001693247230926347,-0.00011550530803970403
0.1797752808988764,0.06741573033707865,-0.00025762100255548364,-0.0016252847641786917,0.0014880404994141144,-0.0004724034177001251
0.1797752808988764,0.07865168539325842,-0.000650591359602702,-0.0012723046818674411,0.0011454218816684986,0.0007420130718956961
0.1797752808988764,0.0898876404494382,-0.0005673130347217545,-0.001016306987573023,0.0006283054654152435,0.002596794219867807
0.1797752808988764,0.10112359550561797,-0.0004015049108576696,-0.002124035802053489,0.002185718667666521,0.0013555195912335841
0.1797752808988764,0.11235955056179775,-0.002991470648064108,-0.003300523588393572,0.006644441125263531,-0.0023351548757786517
0.1797752808988764,0.12359550561797752,-0.004750346422987455,-0.0030143510554818754,0.008530607691466078,-0.0035852218963925587
0.1797752808988764,0.1348314606741573,0.004566837085014617,0.0016288468262399013,0.0060878279094250375,-0.0015780593172756573
0.1797752808988764,0.14606741573033707,0.01849813733032854,0.008331824783507458,0.0028326965940015185,0.0009477632579340958
0.1797752808988764,0.15730337078651685,0.017936901039413845,0.008630556188004504,0.003225941431784799,0.0009864965553478663
0.1797752808988764,0.16853932584269662,0.010115669406720105,0.0029445039790030403,0.006779770652377378,-0.004550761431308338
0.1797752808988764,0.1797752808988764,0.010317151298690316,-0.00444438130271513,0.006714393574208744,-0.014984263067542846
0.1797752808988764,0.19101123595505617,0.011323582839712654,-0.004296849108078461,0.005147901322143846,-0.01231116517551497
0.1797752808988764,0.20224719101123595,0.03154294313327651,0.005255162811426357,0.006561274812318761,0.017219199765008943
0.1797752808988764,0.21348314606741572,0.05710782668916757,0.011162500456744925,0.008520918109228618,0.03559817728584146
0.1797752808988764,0.2247191011235955,0.0650195187577269,0.011031829285086356,0.014527024822003642,0.037386476410486896
0.1797752808988764,0.23595505617977527,0.11193861127344815,0.025400337465424146,0.024096123607866424,0.0800357281790664
0.1797752808988764,0.24719101123595505,0.2015694016874646,0.04895682628457484,0.027030526059294895,0.15458595095081623
0.1797752808988764,0.2584269662921348,0.2353102096517204,0.05079041965863226,0.03484917886898074,0.18865802868440806
0.1797752808988764,0.2696629213483146,0.2275354275190956,0.06935240059492638,0.021757774073137552,0.18003072977907508
0.1797752808988764,0.2808988764044944,0.24057548612249055,0.14310125101468849,0.009913051538982302,0.18286385169330535
0.1797752808988764,0.29213483146067415,0.27109390294954444,0.1986445437320669,0.030848434753757217,0.21022487087395827
0.1797752808988764,0.3033707865168539,0.2815440659153579,0.20798890845454468,0.04491621296335439,0.21533911104123757
0.1797752808988764,0.3146067415730337,0.28322200929481905,0.21602496554444708,0.024475496093212985,0.20574779817569502
0.1797752808988764,0.3258426966292135,0.31559194766644566,0.2755056123494378,0.018884711012426357,0.2371976804843892
0.1797752808988764,0.33707865168539325,0.3574461302278903,0.34643887932568046,0.022239500321902233,0.28704692287516304
0.1797752808988764,0.348314606741573,0.3603597030937767,0.3542128563656796,0.02404473912477403,0.30032296209285875
0.1797752808988764,0.3595505617977528,0.34230399687265983,0.35294405820065644,0.05110077850905365,0.258718874045788
0.1797752808988764,0.3707865168539326,0.3674640789958585,0.43168418518337914,0.09755612909241208,0.20540669164750305
0.1797752808988764,0.38202247191011235,0.4029544242557915,0.5402832219807221,0.11646255416180222,0.19323840904153852
0.1797752808988764,0.3932584269662921,0.40224954246209493,0.5440270413492859,0.10997123912658059,0.17927924628706482
0.1797752808988764,0.4044943820224719,0.39526361018894884,0.5538890062479317,0.10703309623266463,0.07928155541117696
0.1797752808988764,0.4157303370786517,0.4023770713368088,0.719820946935907,0.12019498213616164,-0.09584994843524296
0.1797752808988764,0.42696629213483145,0.41081466682504225,0.8771944480963159,0.140063560282143,-0.24556813123643872
0.1797752808988764,0.4382022471910112,0.4119714129375844,0.8582886065170421,0.14133461375713294,-0.24618093626463125
0.1797752808988764,0.449438202247191,0.41429497808046684,0.6049642220204119,0.12169212303610935,-0.20942373228060013
0.1797752808988764,0.4606741573033708,0.43178086779093383,0.28906464887970434,0.1115005609337232,-0.2482036308777017
0.1797752808988764,0.47191011235955055,0.4531153047923816,0.16474225714021776,0.11408942561345954,-0.2997627016277261
0.1797752808988764,0.4831460674157303,0.4535411138272709,0.14602321978457597,0.11634644388349229,-0.29635138231745667
0.1797752808988764,0.4943820224719101,0.43451802548647744,-0.0295781906434906,0.12127812739709919,-0.24877997205560562
0.1797752808988764,0.5056179775280899,0.42183738565897966,-0.3450848928653153,0.13614776358686934,-0.20171532996993027
0.1797752808988764,0.5168539325842696,0.4267338154877501,-0.5791601813046406,0.15198868898087356,-0.1941570403216611
0.1797752808988764,0.5280898876404494,0.4260978975334032,-0.5928929830820185,0.15229349070744191,-0.19347551122365733
0.1797752808988764,0.5393258426966292,0.40687012872375855,-0.5350684875485138,0.13967286772507606,-0.146271490159759
0.1797752808988764,0.550561797752809,0.38426922402384117,-0.5591941288796327,0.12768230517478954,-0.06546793306271158
0.1797752808988764,0.5617977528089888,0.37406348569063813,-0.6418987526145217,0.12361961379792503,-0.008292181178571485
0.1797752808988764,0.5730337078651685,0.3730724492228381,-0.6464080982843956,0.12419792514560754,-0.007514297299594213
0.1797752808988764,0.5842696629213483,0.37654743590447504,-0.5518621101926521,0.11618575811651806,0.017659689299544062
0.1797752808988764,0.5955056179775281,0.3885429523111409,-0.5159548340118995,0.10613798867725666,0.08621086877490575
0.1797752808988764,0.6067415730337078,0.4091260122544676,-0.5512118609290476,0.10930728016056698,0.12609455255517496
0.1797752808988764,0.6179775280898876,0.409714763461141,-0.5480233765431647,0.10535692266877143,0.1298209387152056
0.1797752808988764,0.6292134831460674,0.36552893205889697,-0.4826837242351834,0.0968131020405164,0.1309902951825027
0.1797752808988764,0.6404494382022472,0.31445990911446564,-0.41902682877356207,0.11045860374385402,0.14417219262720135
0.1797752808988764,0.651685393258427,0.291724046074501,-0.4097714652038779,0.1399306628413903,0.15446735190152433
0.1797752808988764,0.6629213483146067,0.2900224465478338,-0.408647687529179,0.13647251091336524,0.1512125309203882
0.1797752808988764,0.6741573033707865,0.2698076996731839,-0.39195412180336986,0.10754659762230517,0.13412696678913813
0.1797752808988764,0.6853932584269663,0.2406779128548317,-0.40294453549156956,0.09611833562652691,0.1209070294564682
0.1797752808988764,0.696629213483146,0.22908108265517702,-0.43899264043965386,0.09614602245617455,0.11994509797020603
0.1797752808988764,0.7078651685393258,0.22424431320177554,-0.41178796809182566,0.09278845983721243,0.11327936861025685
0.1797752808988764,0.7191011235955056,0.21288198247465018,-0.28656442295779,0.07589914468737846,0.08871210025728354
0.1797752808988764,0.7303370786516854,0.20485694158706244,-0.20014851259338226,0.08044479370056258,0.06829895128085217
0.1797752808988764,0.7415730337078652,0.20802047485116,-0.19483193669558693,0.08052897541279345,0.06733978851074736
0.1797752808988764,0.7528089887640449,0.16798305689607584,-0.1595645462613397,0.07026112498851687,0.05775700929643634
0.1797752808988764,0.7640449438202247,0.09478794291441134,-0.060931414462340294,0.0439668445805092,0.033697073346746716
0.1797752808988764,0.7752808988764045,0.07357104449908715,0.009007057583942275,0.0075750980509337405,0.02383147960182789
0.1797752808988764,0.7865168539325842,0.06693889730943044,0.008156580440169238,0.010723701092643258,0.020270708703465916
0.1797752808988764,0.797752808988764,0.026864769042135368,0.005419309475157669,0.015097593846889523,0.010552029183423614
0.1797752808988764,0.8089887640449438,0.0068016948837259054,0.017638776775474763,0.02132971459247954,0.008993179594903884
0.1797752808988764,0.8202247191011236,0.006983196931281939,0.019391706162249382,0.02255175726258616,0.01025970272188167
0.1797752808988764,0.8314606741573034,0.006089511694063535,0.007397796995186419,0.009872087087739677,0.006391011572228043
0.1797752808988764,0.8426966292134831,0.007056999431748339,-0.0013445221818969401,-0.000279950276481216,0.002382202771054928
0.1797752808988764,0.8539325842696629,0.007448862976456124,-0.002445453835162251,-0.0020126197380116633,0.0014361286164088908
0.1797752808988764,0.8651685393258427,0.00961508979892972,-0.00432482121590284,-0.0005853180319828548,0.0033935177608334197
0.1797752808988764,0.8764044943820224,0.015476384472734587,-0.009323731779341477,0.002335935464821964,0.006361811558344806
0.1797752808988764,0.8876404494382022,0.013311038628861757,-0.006989333327289534,0.0026319865681507957,0.005846141653768635
0.1797752808988764,0.898876404494382,0.0019045942115976093,0.0004363398542870946,0.0010316628251609522,0.0019512788087330175
0.1797752808988764,0.9101123595505618,-0.0010959188552147059,0.0027307168609852104,0.00027042789128053565,0.0009704820891119709
0.1797752808988764,0.9213483146067416,0.0010202063104959905,0.0002020024556678034,0.0008524773019666107,0.0009951741724583789
0.1797752808988764,0.9325842696629213,0.0017104218081131829,-0.0011666619553327316,0.001963229327114606,-1.4631927274319347e-05
0.1797752808988764,0.9438202247191011,0.0012889481668814855,-0.00023933742266672936,0.0018267359563666533,0.00019709992438028147
0.1797752808988764,0.9550561797752809,0.0007998847427065808,0.0005436431399331246,0.001406796044019782,0.001282937415672878
0.1797752808988764,0.9662921348314606,0.0004536935208881987,0.0005696429067508909,0.0020775118456017676,0.0014557698400820029
0.1797752808988764,0.9775280898876404,0.0002601967687682632,0.0005756765402906701,0.0026815396758922195,0.0008703630739593135
0.1797752808988764,0.9887640449438202,0.00030059189151724144,0.0004753638230179741,0.0016657530824860608,0.0005369839955696586
0.1797752808988764,1.0,2.2332803049618243e-18,1.8505487164038203e-18,5.260366514505806e-18,3.0202875639638108e-18
0.19101123595505617,0.0,-0.0,-0.0,-0.0,0.0
0.19101123595505617,0.011235955056179775,-0.0006861475234175712,-8.300610667352937e-05,-9.445249946403791e-05,0.000941223609530373
0.19101123595505617,0.02247191011235955,-0.0015944841143742821,-0.0013514230359986574,-1.079735300596588e-05,0.00033432457842796166
0.19101123595505617,0.033707865168539325,-0.0016739232637250035,-0.0029111503661458844,0.0006564712588216748,-0.00030065330819726915
0.19101123595505617,0.0449438202247191,-0.0008708499973894736,-0.0031249731648398723,0.0016079327484952123,-5.066667229716467e-06
0.19101123595505617,0.056179775280898875,-0.00023475540976578346,-0.00224799866468254,0.002075116042389977,0.00038363600678018766
0.19101123595505617,0.06741573033707865,-4.94626979941804e-05,-0.0024404725783221085,0.0021277002996264935,0.0005871314462901562
0.19101123595505617,0.07865168539325842,0.00016403778422845262,-0.003111240657108226,0.0015239167160769245,0.0017109838508755388
0.19101123595505617,0.0898876404494382,0.00022707235474294846,-0.0029415328555362306,0.0004165445235597356,0.003200901085912021
0.19101123595505617,0.10112359550561797,-0.0008495446583996342,-0.0035453240762626822,0.002245017938830824,0.0014627776985851712
0.19101123595505617,0.11235955056179775,-0.004307758663077063,-0.005307915508853034,0.007288119577192103,-0.002761500918955612
0.19101123595505617,0.12359550561797752,-0.00374466843498573,-0.006263087168230787,0.008026066082188149,-0.0032234809321743814
0.19101123595505617,0.1348314606741573,0.007871294508399036,-0.0009738556685368302,0.004654259672771566,-0.00030845759936254895
0.19101123595505617,0.14606741573033707,0.020286099251145613,0.006137545945764084,0.001937318494299132,0.001555759230108127
0.19101123595505617,0.15730337078651685,0.016525518536515613,0.00517831045020354,0.002921356955528307,0.0006941950119005398
0.19101123595505617,0.16853932584269662,0.0067330639072716615,-0.0010051803480672047,0.005654687400710766,-0.005841704455626652
0.19101123595505617,0.1797752808988764,0.00896522078790299,-0.00697940414350202,0.004918604666370915,-0.015223725376390383
0.19101123595505617,0.19101123595505617,0.012865443328283644,-0.0051213966718494505,0.00786294703445617,-0.008315910887480281
0.19101123595505617,0.20224719101123595,0.03752320825984306,0.004477560208027194,0.01910611603379832,0.024184872249343375
0.19101123595505617,0.21348314606741572,0.06541261191891841,0.00863925732888032,0.02259397690436164,0.04040759612181995
0.19101123595505617,0.2247191011235955,0.06317190376608454,0.007966876307924305,0.01114273928313276,0.03707753073124287
0.19101123595505617,0.23595505617977527,0.09703940868070345,0.023734833216363254,0.013239932489609472,0.08038943611295858
0.19101123595505617,0.24719101123595505,0.18965103540243738,0.04808051308455342,0.020187632095796694,0.1573132940948178
0.19101123595505617,0.2584269662921348,0.23683279279666622,0.050807531599757066,0.03682359043188732,0.19111278845970942
0.19101123595505617,0.2696629213483146,0.23721331361921982,0.07228511294690367,0.03270686746564894,0.18379296225947492
0.19101123595505617,0.2808988764044944,0.24957741851371884,0.14782247068773488,0.027012552108859274,0.18408294619226578
0.19101123595505617,0.29213483146067415,0.27961231630603633,0.20180315543740526,0.04107788062424338,0.20847398056386618
0.19101123595505617,0.3033707865168539,0.2863520347990207,0.2075506546425477,0.052183805667472064,0.2216724301204518
0.19101123595505617,0.3146067415730337,0.283256699436868,0.21409692716538764,0.03663969550283559,0.22306571231148228
0.19101123595505617,0.3258426966292135,0.3181884022269671,0.2753682470017563,0.028816145075106058,0.25779666565433984
0.19101123595505617,0.33707865168539325,0.3625854030924385,0.3508764889300339,0.02974331575651143,0.29985661954749493
0.19101123595505617,0.348314606741573,0.36445894724337996,0.35358245201305843,0.03196341449927174,0.2948287388405591
0.19101123595505617,0.3595505617977528,0.34346538215410416,0.3445493760032618,0.05382992162610186,0.24104150042188324
0.19101123595505617,0.3707865168539326,0.365173187668268,0.4330971530149668,0.09320626902071652,0.18947442042345958
0.19101123595505617,0.38202247191011235,0.4042732238565434,0.5534402433226445,0.11676205792568298,0.18984454510553567
0.19101123595505617,0.3932584269662921,0.408150396183457,0.5512851286334103,0.12181633290645949,0.18917831203236754
0.19101123595505617,0.4044943820224719,0.4028396535336081,0.555121400273521,0.12562394142967412,0.0978241307119713
0.19101123595505617,0.4157303370786517,0.41058382772409485,0.7229735253125016,0.13869880919863337,-0.08973394436648123
0.19101123595505617,0.42696629213483145,0.41842257053622045,0.8911820666191027,0.15021148828215308,-0.2512842612040058
0.19101123595505617,0.4382022471910112,0.416039832701244,0.86982673562961,0.14727282583491902,-0.251750909341523
0.19101123595505617,0.449438202247191,0.41517640304330344,0.6033465506470657,0.13261136037097487,-0.21305841795044395
0.19101123595505617,0.4606741573033708,0.4332592699343471,0.28269040148982866,0.12300461634819256,-0.24772908526265888
0.19101123595505617,0.47191011235955055,0.45629803513763745,0.15968103141780665,0.12162155321528077,-0.30073127050440496
0.19101123595505617,0.4831460674157303,0.45573242989524604,0.1503773054948169,0.11917734985469111,-0.3032107613030983
0.19101123595505617,0.4943820224719101,0.4348705903799226,-0.028655650560926334,0.12250385262369526,-0.2602259638811537
0.19101123595505617,0.5056179775280899,0.422238536152103,-0.35503430358650867,0.13954175721767037,-0.21320948989209684
0.19101123595505617,0.5168539325842696,0.4302007373644213,-0.5887315014332424,0.1575279778420571,-0.2036742971739417
0.19101123595505617,0.5280898876404494,0.43171381995755226,-0.5990284797025458,0.15894063118490312,-0.19886694395906207
0.19101123595505617,0.5393258426966292,0.41182502167267593,-0.5303734732791355,0.1466394240658737,-0.1455126161474588
0.19101123595505617,0.550561797752809,0.3883572824297018,-0.5539732383714594,0.13635146871307338,-0.06587639199847788
0.19101123595505617,0.5617977528089888,0.38045206501710116,-0.6455912062494639,0.1337497327562627,-0.01324067211729979
0.19101123595505617,0.5730337078651685,0.38033688745908917,-0.6532288666078695,0.13092947313691364,-0.0008363393905978432
0.19101123595505617,0.5842696629213483,0.3813203805004907,-0.5501250653131479,0.11665827398563222,0.03957508998156134
0.19101123595505617,0.5955056179775281,0.3927688994973574,-0.5075741255228667,0.10396191087254064,0.1035279121872616
0.19101123595505617,0.6067415730337078,0.4138685014616237,-0.549852717233077,0.10875654210504009,0.13119438753508422
0.19101123595505617,0.6179775280898876,0.41279657236836026,-0.5597746380584017,0.1126660600619108,0.1304797506181994
0.19101123595505617,0.6292134831460674,0.36488785585311057,-0.5000165658322454,0.11040997920433841,0.13091562477755803
0.19101123595505617,0.6404494382022472,0.312138055733708,-0.4318067909155878,0.121503499098459,0.141009809454916
0.19101123595505617,0.651685393258427,0.2930093227464388,-0.4174235221457556,0.14575438128878312,0.15278879422955058
0.19101123595505617,0.6629213483146067,0.2927157027669933,-0.41332300615839584,0.1433474662219184,0.1558136986895729
0.19101123595505617,0.6741573033707865,0.2663677313609344,-0.39884737661982916,0.11833306558624672,0.14054731956318542
0.19101123595505617,0.6853932584269663,0.23560730180941922,-0.4132061934996618,0.10901943872666091,0.12494456003660816
0.19101123595505617,0.696629213483146,0.23143311089342397,-0.4463863438166042,0.10645604520609284,0.12182710078438527
0.19101123595505617,0.7078651685393258,0.23596478755893532,-0.41047509488341816,0.09893687280502243,0.11694733679358298
0.19101123595505617,0.7191011235955056,0.22759026142427627,-0.28142016076862025,0.07633930775132738,0.09507522462801206
0.19101123595505617,0.7303370786516854,0.21406029185699532,-0.2008940402606563,0.0762903843518583,0.07271788429411669
0.19101123595505617,0.7415730337078652,0.2099278367993879,-0.19683566239879333,0.08428730249424839,0.06571124626640813
0.19101123595505617,0.7528089887640449,0.17041796715373145,-0.15146223397977207,0.08269479020076681,0.05159369344341888
0.19101123595505617,0.7640449438202247,0.09486134909745711,-0.047987498480838026,0.05362672055228344,0.02748681108212508
0.19101123595505617,0.7752808988764045,0.07160432706428407,0.010309678990046188,0.011638279193302372,0.022010495485120376
0.19101123595505617,0.7865168539325842,0.06708914337724124,0.0008864637170061527,0.014594048617368852,0.022763143439918334
0.19101123595505617,0.797752808988764,0.025610493087054917,0.00010358866214847084,0.021948439432236212,0.0131925884939469
0.19101123595505617,0.8089887640449438,0.007192906246262081,0.015152735123916258,0.024967758615213335,0.011162660129324412
0.19101123595505617,0.8202247191011236,0.006536850164042836,0.017126129180912487,0.024678280924394207,0.010598478259974715
0.19101123595505617,0.8314606741573034,0.006109121062545867,0.004310897141588937,0.011994117860365056,0.005379576275444374
0.19101123595505617,0.8426966292134831,0.007599460974201417,-0.003715181675129185,0.0013168126927303255,0.001880286999099206
0.19101123595505617,0.8539325842696629,0.00744106434353804,-0.003170403118591628,-0.0021441371277265146,0.0021348683848624143
0.19101123595505617,0.8651685393258427,0.009531468878282922,-0.0037924824090234447,-0.0005058336573758763,0.004538378815756546
0.19101123595505617,0.8764044943820224,0.015552664949102235,-0.009336180272322268,0.002105445949524128,0.007125253707827228
0.19101123595505617,0.8876404494382022,0.012805646787647455,-0.00831866731876753,0.0022846771533880945,0.005699917871872676
0.19101123595505617,0.898876404494382,0.0013962024315543867,-0.0009729651274817425,0.0013740054502844206,0.0016430538900024786
0.19101123595505617,0.9101123595505618,-0.0015277586892901611,0.0015650844847963222,0.0005654952600629752,0.0008695741652374931
0.19101123595505617,0.9213483146067416,0.00016618609528289886,-0.00038077335840943955,0.0007577918270379462,0.0008837192599008928
0.19101123595505617,0.9325842696629213,0.0008409956362346475,-0.0011427399289562865,0.0017934544483245842,0.0002450346492793575
0.19101123595505617,0.9438202247191011,0.0006603106908247387,-0.0007325865129426174,0.0018375669269815296,0.000445933103776783
0.19101123595505617,0.9550561797752809,0.0002384095451374222,-0.0007420184873752469,0.001408381703433712,0.001136956471424863
0.19101123595505617,0.9662921348314606,5.97525565469512e-05,-0.00046556967738610385,0.0020146520462640195,0.0013147203042336573
0.19101123595505617,0.9775280898876404,0.00014592079273148016,0.0003412783634598519,0.0024519936775597873,0.0010066318170634573
0.19101123595505617,0.9887640449438202,0.0003236779818963549,0.000550496134557035,0.0014239900386757492,0.0007201931920666103
0.19101123595505617,1.0,2.150365988795428e-18,1.812476707369167e-18,4.511879949444568e-18,3.719207398315443e-18
0.20224719101123595,0.0,-0.0,-0.0,-0.0,0.0
0.20224719101123595,0.011235955056179775,-0.0013902461771163588,-0.0013662514012431168,-0.00043193035704697783,0.0005817209832608026
0.20224719101123595,0.02247191011235955,-0.0025409261867883814,-0.0032687258024405286,-0.0007641763493837293,-0.00011110504485995035
0.20224719101123595,0.033707865168539325,-0.002767424989760253,-0.005635391954463541,-0.0006120220869202154,-0.0003562931644296571
0.20224719101123595,0.0449438202247191,-0.002100777222711537,-0.007445131712516817,-0.00015985601815843504,0.0007248086725227335
0.20224719101123595,0.056179775280898875,-0.0007835567914313441,-0.008695719528281857,2.1189033241529704e-05,0.002232205116525658
0.20224719101123595,0.06741573033707865,0.0004583620246813435,-0.01098957783917917,2.856420051613886e-05,0.0035327665869870246
0.20224719101123595,0.07865168539325842,0.0010033369755477332,-0.013593706811057206,-0.0004889943866944133,0.005412975176853254
0.20224719101123595,0.0898876404494382,0.0006816951093564773,-0.015647199738741024,-0.001539640345248303,0.0068189139524968195
0.20224719101123595,0.10112359550561797,-0.0011922884016573193,-0.019222432367303983,0.0008835270292319326,0.003551422177480009
0.20224719101123595,0.11235955056179775,-0.005288497728459439,-0.02363880022980977,0.0069702587972227045,-0.0024483579372361654
0.20224719101123595,0.12359550561797752,-0.0025410386910535328,-0.025301823126983515,0.006864042046387209,-0.0025836016471984893
0.20224719101123595,0.1348314606741573,0.015347294064855759,-0.01907476979636008,0.001767264350386445,0.001953835554488389
0.20224719101123595,0.14606741573033707,0.033092995690830324,-0.011020677451947366,-0.0019942222838496993,0.004294955260524619
0.20224719101123595,0.15730337078651685,0.025616840277667936,-0.012205816894341462,-0.001523315329277531,0.0027068287253638407
0.20224719101123595,0.16853932584269662,0.009892170905577853,-0.018951285780649488,-0.00042116052811215477,-0.002675062580991532
0.20224719101123595,0.1797752808988764,0.0095961038102509,-0.024435935300877367,-0.0028870181727347344,-0.008283456819668914
0.20224719101123595,0.19101123595505617,0.01643824443455582,-0.02270777079035597,0.002474958215402075,0.00042239317796203716
0.20224719101123595,0.20224719101123595,0.054336897591573834,-0.016274947300370442,0.021208667129630272,0.03173590333786992
0.20224719101123595,0.21348314606741572,0.10387759303250317,-0.016972003712732716,0.03646245000742605,0.05057908651425569
0.20224719101123595,0.2247191011235955,0.104375850224694,-0.017258644736632058,0.02580281923515619,0.04794473021148968
0.20224719101123595,0.23595505617977527,0.12002827599213185,0.00869509696418214,0.03529281995544162,0.08815047213252589
0.20224719101123595,0.24719101123595505,0.21868298989043075,0.0490780923315183,0.05270411443388672,0.16883414827148668
0.20224719101123595,0.2584269662921348,0.2852750153425632,0.059953559248690336,0.07058269497037872,0.21012398212284786
0.20224719101123595,0.2696629213483146,0.2941169743667233,0.08162339166607363,0.06971364501158736,0.2069643493396039
0.20224719101123595,0.2808988764044944,0.31402019288168,0.1623225945751122,0.07686571488239094,0.20537926444481355
0.20224719101123595,0.29213483146067415,0.3600419360742856,0.22229278366043548,0.097876634804773,0.22793553842246211
0.20224719101123595,0.3033707865168539,0.36905873059354716,0.2274741580579272,0.11343060598798833,0.2426820678671095
0.20224719101123595,0.3146067415730337,0.3612210545014666,0.24149813576914708,0.09920256072678516,0.2434468209739223
0.20224719101123595,0.3258426966292135,0.39645939191823565,0.32665124561919157,0.09485049875425744,0.2714221797956905
0.20224719101123595,0.33707865168539325,0.43759272422031925,0.4239856076177896,0.10268892065123869,0.3094078598233283
0.20224719101123595,0.348314606741573,0.435869065657035,0.4235724529605849,0.1113897535709042,0.3019396279354312
0.20224719101123595,0.3595505617977528,0.4087700372918325,0.4158914483784671,0.13170012446434373,0.24974732659272225
0.20224719101123595,0.3707865168539326,0.42374099101192925,0.5566788955788003,0.15708105145231394,0.20627547938711158
0.20224719101123595,0.38202247191011235,0.46731946341501496,0.7440895605803864,0.16847911164857385,0.21287347286298125
0.20224719101123595,0.3932584269662921,0.4759601076195159,0.7508213481832268,0.17298599335172588,0.21181221831688843
0.20224719101123595,0.4044943820224719,0.4751788236433338,0.7364361362089344,0.18320080716114415,0.11994831948153026
0.20224719101123595,0.4157303370786517,0.4920145085776271,0.9237052313373355,0.2008451637351474,-0.07742267679032727
0.20224719101123595,0.42696629213483145,0.5088556923482821,1.1436824740064948,0.2137607991365488,-0.2503416145275812
0.20224719101123595,0.4382022471910112,0.5038024880002411,1.1117395056943626,0.21211048806272206,-0.25789426687445943
0.20224719101123595,0.449438202247191,0.49012493841955884,0.7404032048630136,0.1962799953548563,-0.21942111728715055
0.20224719101123595,0.4606741573033708,0.4978882742064816,0.3223217471496841,0.1811927896047659,-0.24523726760617015
0.20224719101123595,0.47191011235955055,0.5148555234054473,0.18209316621330277,0.17440264252846185,-0.28958680362872674
0.20224719101123595,0.4831460674157303,0.5139122451351841,0.19036894170938723,0.16806418967202968,-0.29495526818106343
0.20224719101123595,0.4943820224719101,0.498192371120672,-0.023506784776136835,0.1712081032036294,-0.26204517559810003
0.20224719101123595,0.5056179775280899,0.48978181520692243,-0.43423939341969503,0.191460376260537,-0.22409669008076213
0.20224719101123595,0.5168539325842696,0.4993778952079184,-0.7118439980344615,0.21291273100027147,-0.2201595021579346
0.20224719101123595,0.5280898876404494,0.5016365077990014,-0.7149091518513379,0.2195257462615866,-0.2101196172493271
0.20224719101123595,0.5393258426966292,0.48409253963618626,-0.6276510199841795,0.21617813455658602,-0.1424924508717528
0.20224719101123595,0.550561797752809,0.46844214300343906,-0.6531306535907587,0.2192295563865683,-0.0547425649680037
0.20224719101123595,0.5617977528089888,0.47302733822139015,-0.7542549524277807,0.22638098511956486,0.0013528780167701138
0.20224719101123595,0.5730337078651685,0.477500789753498,-0.7638895099565969,0.21666216984018155,0.020927233808664233
0.20224719101123595,0.5842696629213483,0.4710215306248803,-0.6415297647874708,0.17854340595640705,0.06854541626189668
0.20224719101123595,0.5955056179775281,0.4705811122963814,-0.5770013461786682,0.14270990166052228,0.13131403986002954
0.20224719101123595,0.6067415730337078,0.4822549235024153,-0.6259736695839376,0.1340915041561711,0.15272685303553898
0.20224719101123595,0.6179775280898876,0.4754747577100147,-0.6487360786490973,0.1350209607202023,0.14792333099978788
0.20224719101123595,0.6292134831460674,0.4165407055412901,-0.5955517665065252,0.13818847491049718,0.1443367981270466
0.20224719101123595,0.6404494382022472,0.35215350270658724,-0.5333411372682696,0.15733521407222759,0.14848540979446417
0.20224719101123595,0.651685393258427,0.33397679458709756,-0.5294918981437258,0.18849274537185332,0.16174555923295722
0.20224719101123595,0.6629213483146067,0.3393004724281021,-0.5269071871127983,0.1932225876389356,0.17193137162591302
0.20224719101123595,0.6741573033707865,0.31480609252826425,-0.5048737055332115,0.18374914129269193,0.15954149647120355
0.20224719101123595,0.6853932584269663,0.28999659764826413,-0.5051582484463679,0.19201589573858935,0.14289675024332288
0.20224719101123595,0.696629213483146,0.29743172971324283,-0.5243768963437127,0.1943418099880391,0.1376484957843021
0.20224719101123595,0.7078651685393258,0.30882804109987055,-0.47546088481889437,0.17278831360235763,0.13154431603317626
0.20224719101123595,0.7191011235955056,0.2952018795254387,-0.3263295394131514,0.12319852696487693,0.10845749953891849
0.20224719101123595,0.7303370786516854,0.2698197489752567,-0.23129758532755634,0.10213935700854426,0.0812020877916034
0.20224719101123595,0.7415730337078652,0.25350473375480875,-0.22618826485916363,0.10744124239490191,0.06848118685111765
0.20224719101123595,0.7528089887640449,0.2009283154972225,-0.1696808254008694,0.1136752075289708,0.054120528071734925
0.20224719101123595,0.7640449438202247,0.10349430727311314,-0.054441158882736124,0.08648170701811281,0.03027381398096437
0.20224719101123595,0.7752808988764045,0.06976554698478367,-0.009155888158404069,0.0420038496198021,0.025400762465970148
0.20224719101123595,0.7865168539325842,0.07046350823372804,-0.0300861220848806,0.04348658053243203,0.0282830022964479
0.20224719101123595,0.797752808988764,0.03127729374137512,-0.024448764064233984,0.04217373963283104,0.018988066593245746
0.20224719101123595,0.8089887640449438,0.011365679200486893,1.457496156833887e-05,0.039507079041697826,0.01627064590372703
0.20224719101123595,0.8202247191011236,0.00858537852385698,0.005589217078621791,0.04062326226516073,0.015031919287568783
0.20224719101123595,0.8314606741573034,0.00735800454596341,-0.00804560978552756,0.026253563077103,0.008989289784492687
0.20224719101123595,0.8426966292134831,0.010517772361438252,-0.015612252456110271,0.009622715412002098,0.00494833232639453
0.20224719101123595,0.8539325842696629,0.010931619469820011,-0.01268720335510249,-0.0008605614395425187,0.004930309982282057
0.20224719101123595,0.8651685393258427,0.01172221522391891,-0.010602611496002215,-0.0036264551339440037,0.007091830490739578
0.20224719101123595,0.8764044943820224,0.016136353196180373,-0.01592977534684343,-0.0017554620270023144,0.009075766899461917
0.20224719101123595,0.8876404494382022,0.011643266978565197,-0.01514936279049377,-0.00083851593690483,0.00654634224249843
0.20224719101123595,0.898876404494382,-0.001372613622067755,-0.005857026746496819,-0.00010240130226446937,0.0018727084053552713
0.20224719101123595,0.9101123595505618,-0.004663635654757405,-0.0023738252079808734,-0.0006929422174175705,0.0011577539070593806
0.20224719101123595,0.9213483146067416,-0.002835336160991855,-0.004659597423298479,-0.0007942069325139805,0.0009700393740187577
0.20224719101123595,0.9325842696629213,-0.0016438474027699285,-0.0058051090723388425,1.7811323619614887e-05,0.0002224157097398433
0.20224719101123595,0.9438202247191011,-0.0011780685856532397,-0.005787211505221859,0.00018686401705410836,0.0007296483891521204
0.20224719101123595,0.9550561797752809,-0.0012751698108462509,-0.006179333437463022,-0.0002237942758395455,0.0015984591571183114
0.20224719101123595,0.9662921348314606,-0.0010214423376619709,-0.005369452090541096,0.0002697395888127281,0.0015926694993121757
0.20224719101123595,0.9775280898876404,-0.0005015751401392826,-0.0028825338623770535,0.0007892803714977154,0.001067873318805595
0.20224719101123595,0.9887640449438202,-6.82996837146153e-05,-0.0008166048841853681,0.0003821622298683531,0.0006775463597103901
0.20224719101123595,1.0,4.2268683955071197e-19,-2.242749544254601e-18,9.835862640119482e-19,3.0876381045942928e-18
0.21348314606741572,0.0,-0.0,-0.0,-0.0,0.0
0.21348314606741572,0.011235955056179775,-0.0010607629788866573,-0.0015992765894761725,-0.0009328136629442863,0.00028358758141591077
0.21348314606741572,0.02247191011235955,-0.0012120269431343457,-0.0030921906680743422,-0.0017523163581705215,2.524764952608974e-05
0.21348314606741572,0.033707865168539325,-0.0014788615522337068,-0.0045795022987877585,-0.0021335810207945873,0.00012525142616465692
0.21348314606741572,0.0449438202247191,-0.0017901745925920725,-0.006305998207755657,-0.002457291857820145,0.0007145527731937505
0.21348314606741572,0.056179775280898875,-0.0009789359423983085,-0.00783871957060976,-0.003234375601104239,0.0009507057365474067
0.21348314606741572,0.06741573033707865,5.386597944748536e-05,-0.009524600430551759,-0.0036892680286663734,0.0009902234185619504
0.21348314606741572,0.07865168539325842,-0.00012783932376384547,-0.010570338709755012,-0.00386702404439564,0.003061072553423251
0.21348314606741572,0.0898876404494382,-0.0008175997339374384,-0.011237170425749725,-0.004599188025662878,0.005643052775951245
0.21348314606741572,0.10112359550561797,-0.0011662185941934675,-0.014629472646328539,-0.0020547384173096686,0.0025668416418511424
0.21348314606741572,0.11235955056179775,-0.004365172026887459,-0.019390025231846394,0.004803686330637619,-0.004282355984149839
0.21348314606741572,0.12359550561797752,-0.0028632221541664677,-0.020688330413041373,0.005036703813589428,-0.00493665586541673
0.21348314606741572,0.1348314606741573,0.02212176471705181,-0.013067783120968703,-0.000888087909538295,0.0006853632158709317
0.21348314606741572,0.14606741573033707,0.05144346270118754,-0.0028087978572159922,-0.005762591153563946,0.004866764245503296
0.21348314606741572,0.15730337078651685,0.04600520696176326,-0.0028885384705167093,-0.005536123893710553,0.003807061218414971
0.21348314606741572,0.16853932584269662,0.026786219699329684,-0.01149616111955943,-0.006016832691107302,-0.0023984676911071976
0.21348314606741572,0.1797752808988764,0.018967766518033374,-0.020332743023483216,-0.011629878861790064,-0.011078041086890287
0.21348314606741572,0.19101123595505617,0.027430021347195428,-0.02096084865126417,-0.009671521503760652,-0.006019747998835166
0.21348314606741572,0.20224719101123595,0.08642144353266037,-0.01655183312285566,0.0059968597913166435,0.027019473198405478
0.21348314606741572,0.21348314606741572,0.17129481248314923,-0.02126416244565088,0.030470087083839494,0.05691056038384258
0.21348314606741572,0.2247191011235955,0.18674446862734106,-0.020214060533030005,0.030344510264425834,0.061320140886921705
0.21348314606741572,0.23595505617977527,0.19634587044806254,0.02873715000235889,0.05523613597744515,0.1048770845529478
0.21348314606741572,0.24719101123595505,0.3025463998668076,0.10898579366878464,0.09399345428846884,0.19766140486263278
0.21348314606741572,0.2584269662921348,0.3732612207757165,0.13667896233609375,0.12166309051202981,0.2469739941476303
0.21348314606741572,0.2696629213483146,0.3756980301473061,0.16517779064781452,0.11874711238429611,0.24068630669596133
0.21348314606741572,0.2808988764044944,0.4064087151874578,0.28518507426885487,0.13817756465750358,0.23534693912251659
0.21348314606741572,0.29213483146067415,0.486294872455487,0.38062857196522365,0.17149411386991428,0.2602029905509846
0.21348314606741572,0.3033707865168539,0.5082500952165186,0.39549898156570223,0.18591655749082964,0.27365210042595745
0.21348314606741572,0.3146067415730337,0.5046355833836242,0.4356773862190981,0.16915297572141028,0.27109646089352607
0.21348314606741572,0.3258426966292135,0.5455903478570674,0.58383752396412,0.16892868012021148,0.2970378286185059
0.21348314606741572,0.33707865168539325,0.5896103765153239,0.7335186551101611,0.17752392407437895,0.340456499273136
0.21348314606741572,0.348314606741573,0.5922709353389831,0.7472674777076539,0.18603713494422613,0.33900491926022336
0.21348314606741572,0.3595505617977528,0.5650424733520116,0.7848076047879344,0.21320179103340345,0.28840824314712943
0.21348314606741572,0.3707865168539326,0.5713398492333985,1.070480509721179,0.2373805863518441,0.24744576358542325
0.21348314606741572,0.38202247191011235,0.6101238629172359,1.371750028621801,0.24168529365132413,0.25468008470161624
0.21348314606741572,0.3932584269662921,0.6119136015557711,1.3660488460628366,0.24572035820065272,0.24667159924567664
0.21348314606741572,0.4044943820224719,0.6082062893295103,1.312959876764116,0.26347246275006964,0.14309329666289905
0.21348314606741572,0.4157303370786517,0.6374947566439103,1.5641184377889024,0.28964180995499206,-0.06607873206446394
0.21348314606741572,0.42696629213483145,0.6735366105552794,1.8910021173908382,0.31244259233631044,-0.2390795038803531
0.21348314606741572,0.4382022471910112,0.6731152220891968,1.8615824068034292,0.30947291523445636,-0.24472848415525297
0.21348314606741572,0.449438202247191,0.6536833889733407,1.3243253594109963,0.2813235958238658,-0.20802951165702488
0.21348314606741572,0.4606741573033708,0.6570619842113342,0.6849775278982095,0.2580543963636796,-0.23118549418617707
0.21348314606741572,0.47191011235955055,0.6688673456417216,0.4662464461542026,0.25142831811021693,-0.2668921085245435
0.21348314606741572,0.4831460674157303,0.6675595225925572,0.45884465134033403,0.24680226567072017,-0.2693258002003803
0.21348314606741572,0.4943820224719101,0.6561887063078145,0.11439645453785904,0.2500339278780689,-0.23729675131327319
0.21348314606741572,0.5056179775280899,0.6486674194644662,-0.6153037589483832,0.26852974403703533,-0.19856990369503844
0.21348314606741572,0.5168539325842696,0.6531651330880708,-1.1181854586298126,0.28836496078631246,-0.19781743839506163
0.21348314606741572,0.5280898876404494,0.6491786809077916,-1.1399681458014754,0.29691523144935394,-0.1899362649023102
0.21348314606741572,0.5393258426966292,0.6263784363332038,-1.02047797718252,0.3022022532344762,-0.11736178768033874
0.21348314606741572,0.550561797752809,0.6107837553815714,-1.0404487510108331,0.3241783906170785,-0.024265297408272282
0.21348314606741572,0.5617977528089888,0.6216251033472535,-1.1498430833752367,0.3537385507103149,0.03394916330953767
0.21348314606741572,0.5730337078651685,0.6269100922059858,-1.1629793543947125,0.34677285194203766,0.04773077248071688
0.21348314606741572,0.5842696629213483,0.6150498430723363,-1.0033119752132438,0.27674736061934796,0.09102171214031732
0.21348314606741572,0.5955056179775281,0.6066006881687465,-0.8789756370431232,0.20153873487953264,0.1579577589996494
0.21348314606741572,0.6067415730337078,0.6129859858155542,-0.9138801009014104,0.17090403084973255,0.18325005573875888
0.21348314606741572,0.6179775280898876,0.6093825449482593,-0.9359859269154817,0.16527717874160028,0.18103300184841456
0.21348314606741572,0.6292134831460674,0.5507292358389635,-0.8886193179940186,0.171654877366653,0.1793015257088224
0.21348314606741572,0.6404494382022472,0.47598376798956726,-0.8511096665391318,0.2013978029213937,0.18109606264054237
0.21348314606741572,0.651685393258427,0.45029576626882634,-0.8877646888792572,0.24211656731204467,0.19140790059965604
0.21348314606741572,0.6629213483146067,0.45525736673903405,-0.8819050457187082,0.24940503815113627,0.19822101220468585
0.21348314606741572,0.6741573033707865,0.4374420204096245,-0.798405732256722,0.24860107536049436,0.18240797567420466
0.21348314606741572,0.6853932584269663,0.41814107895903047,-0.7427609767255748,0.27388182979269293,0.16463454157876767
0.21348314606741572,0.696629213483146,0.42416691709795934,-0.7414794200438027,0.2934897352602926,0.16009455335942543
0.21348314606741572,0.7078651685393258,0.4255517094654146,-0.6890447499450312,0.27112317141207365,0.1551503573063097
0.21348314606741572,0.7191011235955056,0.3936896219457488,-0.5002464407852144,0.19810624940911262,0.12961461688614145
0.21348314606741572,0.7303370786516854,0.35416613078231585,-0.3619419668555153,0.15699644821516154,0.09682210654299553
0.21348314606741572,0.7415730337078652,0.3393257392312859,-0.3461270208981293,0.1538366457807112,0.08442689592891836
0.21348314606741572,0.7528089887640449,0.28444700258615435,-0.24996917513530953,0.15330253449204115,0.07434763481680304
0.21348314606741572,0.7640449438202247,0.15255415779709539,-0.07973237034790506,0.11721664165392769,0.045036159781366415
0.21348314606741572,0.7752808988764045,0.09621635606114472,-0.01482358468668308,0.06748109966433923,0.034272825022617796
0.21348314606741572,0.7865168539325842,0.09417726214165847,-0.033600939218464326,0.06191343446818883,0.034417495582772475
0.21348314606741572,0.797752808988764,0.05007421604821935,-0.018210904829932328,0.044154757906297,0.021687444927899993
0.21348314606741572,0.8089887640449438,0.022994729799573555,0.019529622044468963,0.03742374195937164,0.016325248920100073
0.21348314606741572,0.8202247191011236,0.0179252369652203,0.028344996402191926,0.03897320592019028,0.015000704359461745
0.21348314606741572,0.8314606741573034,0.012677011882672602,0.006406396444277157,0.020843148345957692,0.008492365728184808
0.21348314606741572,0.8426966292134831,0.017166571538316553,-0.007989017092456417,0.00242952379412631,0.004712903298525681
0.21348314606741572,0.8539325842696629,0.019213318047366063,-0.008303254936746371,-0.005362583882437146,0.00469580718694637
0.21348314606741572,0.8651685393258427,0.0189363670332857,-0.008864867956053594,-0.007105749405420478,0.006544785368434179
0.21348314606741572,0.8764044943820224,0.023443183445164686,-0.016877256737535016,-0.005779634702713301,0.008889267317968014
0.21348314606741572,0.8876404494382022,0.018185991841895864,-0.014022720583343692,-0.0046190790097307465,0.006702829280142077
0.21348314606741572,0.898876404494382,0.0012183558663436415,0.0009370743785914457,-0.0021317102982087457,0.0017751867577698983
0.21348314606741572,0.9101123595505618,-0.0038738789405665234,0.0056980190198454355,-0.001855832568425898,0.0009822387155606121
0.21348314606741572,0.9213483146067416,-0.0019496015223488636,0.0004246016468232978,-0.0018065264350702508,0.00025215725094527945
0.21348314606741572,0.9325842696629213,-0.0009382076827858125,-0.002328309255954686,-0.0014494163124186353,-0.001124412715359522
0.21348314606741572,0.9438202247191011,-0.0005305582875415189,-0.0015715157945409217,-0.0014445018027013168,-0.0004442254915871649
0.21348314606741572,0.9550561797752809,-0.0005219605431150094,-0.001817408747156898,-0.0020088001363997546,0.0007592412861461072
0.21348314606741572,0.9662921348314606,-4.761729005233692e-05,-0.002193530704236488,-0.0016896398830454366,0.0007933093211268812
0.21348314606741572,0.9775280898876404,0.0003228929432200591,-0.0009801429664708394,-0.00100065173802166,0.0004096470092357003
0.21348314606741572,0.9887640449438202,0.0002670677789891816,6.78783101458126e-05,-0.0007319367934731821,0.00037326263081374837
0.21348314606741572,1.0,1.665570093812122e-18,6.230850531585946e-19,-3.055984037703085e-18,2.3927624024713185e-18
0.2247191011235955,0.0,-0.0,-0.0,-0.0,0.0
0.2247191011235955,0.011235955056179775,-0.001100340784058265,-0.001145991828430123,-0.0008145306588227878,-0.0001910408852930308
0.2247191011235955,0.02247191011235955,-0.0006686864811180014,-0.002258587742628418,-0.0016367191366030512,-8.679338619410273e-05
0.2247191011235955,0.033707865168539325,-0.0009819026792354192,-0.002625952223408739,-0.001899316759441091,0.00029599154793702795
0.2247191011235955,0.0449438202247191,-0.0015531814214908275,-0.0033840495591335104,-0.002086663710542886,0.0006718776021709224
0.2247191011235955,0.056179775280898875,-0.0007321573635464893,-0.004171234782560767,-0.0034457408870679925,0.00038779533107220125
0.2247191011235955,0.06741573033707865,-6.29764683235771e-05,-0.004600506316902385,-0.004473801616337145,-0.0003155612041579417
0.2247191011235955,0.07865168539325842,-0.0009812690927505877,-0.0033584841452555013,-0.0043304416410478675,0.0013659843813319298
0.2247191011235955,0.0898876404494382,-0.0018714315045542378,-0.0019249490209363367,-0.005190313576260511,0.004416693237548666
0.2247191011235955,0.10112359550561797,-0.0011587185160667683,-0.0036213544919153147,-0.003184256798508547,0.0017126393976351947
0.2247191011235955,0.11235955056179775,-0.0039160144012428426,-0.00683168353102505,0.003943878071258537,-0.005565690465896334
0.2247191011235955,0.12359550561797752,-0.005326026328671139,-0.00724796491080987,0.005197083913189603,-0.006898733579019358
0.2247191011235955,0.1348314606741573,0.02152242666529339,0.0008461210821717185,-0.0006785850531709091,-0.0007618584710354973
0.2247191011235955,0.14606741573033707,0.054133331769086086,0.012555766028836375,-0.006309538535992494,0.004169920774542785
0.2247191011235955,0.15730337078651685,0.0521950484056565,0.013336017033074219,-0.005823055935310493,0.0032202833921816747
0.2247191011235955,0.16853932584269662,0.040053985466439936,0.002989827637336446,-0.007151079393510339,-0.0018263991595490786
0.2247191011235955,0.1797752808988764,0.025645937597915607,-0.008401342752680455,-0.01335472507088129,-0.012160602624426343
0.2247191011235955,0.19101123595505617,0.028305357194076376,-0.006434580208691177,-0.01348399125508095,-0.009390796404040003
0.2247191011235955,0.20224719101123595,0.09236545050187403,0.0036890412322289597,-0.002235919160488185,0.024924528169596775
0.2247191011235955,0.21348314606741572,0.1859003428999472,-0.00337302335824748,0.02574106043424354,0.05878017836119491
0.2247191011235955,0.2247191011235955,0.20474043849643903,-0.011429763118977131,0.026347237663232655,0.06201346975227715
0.2247191011235955,0.23595505617977527,0.2206177088133136,0.04148050387175121,0.044995351325276614,0.10590722082991379
0.2247191011235955,0.24719101123595505,0.33206694545924387,0.1419390109816542,0.08955177373646153,0.20665483937571574
0.2247191011235955,0.2584269662921348,0.3915436507101521,0.17797899493011485,0.13147437825406308,0.25410589030241315
0.2247191011235955,0.2696629213483146,0.38153941252830087,0.20931085160461532,0.12773183860438825,0.23866730268563927
0.2247191011235955,0.2808988764044944,0.41361571307375394,0.3427025376661748,0.14564697364143056,0.23432004633002157
0.2247191011235955,0.29213483146067415,0.5086630371585805,0.45195790560702936,0.18439018990945538,0.2667585243973486
0.2247191011235955,0.3033707865168539,0.5362117371986087,0.4694378105032763,0.20072811118683132,0.27560528176848004
0.2247191011235955,0.3146067415730337,0.5368996318890571,0.5137581725721118,0.19117323905457012,0.26507711317243865
0.2247191011235955,0.3258426966292135,0.57995887756508,0.6798435346008083,0.19640694907647133,0.2911175248636671
0.2247191011235955,0.33707865168539325,0.6239379034917565,0.8349211846534387,0.19615231826304516,0.3425684929875637
0.2247191011235955,0.348314606741573,0.6255427275899051,0.8490423339298279,0.1929190215493513,0.3475602757511456
0.2247191011235955,0.3595505617977528,0.5981452888858269,0.9056899913265779,0.2270470434833759,0.294199521141474
0.2247191011235955,0.3707865168539326,0.6004534875680146,1.2267228412970452,0.26020592483383737,0.2491576381448539
0.2247191011235955,0.38202247191011235,0.6388527250506643,1.5496076745823542,0.2608262398107759,0.2594280506798737
0.2247191011235955,0.3932584269662921,0.6409257514429391,1.550688231216803,0.26049818145084885,0.25592905766666846
0.2247191011235955,0.4044943820224719,0.6341284318631581,1.484363316799943,0.27747425515394103,0.14810429311526174
0.2247191011235955,0.4157303370786517,0.665293717181886,1.7538540118575108,0.3028396178423707,-0.0694663610352438
0.2247191011235955,0.42696629213483145,0.7084327297979959,2.0959200063621135,0.33183168588939016,-0.23867001257023013
0.2247191011235955,0.4382022471910112,0.7051858919870708,2.058921879408103,0.33022420112688633,-0.23525270598754175
0.2247191011235955,0.449438202247191,0.6841328433129735,1.5078348210948531,0.2954688665665757,-0.19974824249945883
0.2247191011235955,0.4606741573033708,0.6919666804681381,0.833355932415915,0.268907375566977,-0.22734500537951266
0.2247191011235955,0.47191011235955055,0.7066367719635177,0.5733691304762513,0.2651767489127716,-0.26012324180172364
0.2247191011235955,0.4831460674157303,0.7054151102273164,0.5322812391155124,0.2666270064114612,-0.2586956708146328
0.2247191011235955,0.4943820224719101,0.6914502518197775,0.14200605595286148,0.27509728556121205,-0.22471537386420565
0.2247191011235955,0.5056179775280899,0.6821891781552595,-0.653565015965631,0.2945687427242151,-0.18178484316657
0.2247191011235955,0.5168539325842696,0.6892173418851224,-1.231001683594094,0.308400037967761,-0.18308523523071174
0.2247191011235955,0.5280898876404494,0.6908544077350423,-1.2697047630607612,0.3061740391244961,-0.18483461399684525
0.2247191011235955,0.5393258426966292,0.6705871842481443,-1.1552041115578948,0.30500567165327563,-0.11587077820198195
0.2247191011235955,0.550561797752809,0.6495280790259309,-1.1750532459398242,0.33055735427453903,-0.018172400964639013
0.2247191011235955,0.5617977528089888,0.6549259999546869,-1.2741176403298067,0.3731675060855267,0.04393923812514048
0.2247191011235955,0.5730337078651685,0.6562237330987895,-1.2735900219144667,0.3776028871837175,0.04886035764677518
0.2247191011235955,0.5842696629213483,0.6442619451636651,-1.1149875369958404,0.3000096078451828,0.08160682326047838
0.2247191011235955,0.5955056179775281,0.6374109280363404,-1.0008187085277345,0.20794140157740684,0.15173009802307036
0.2247191011235955,0.6067415730337078,0.6420070083037429,-1.021868590998498,0.17426285497609192,0.1859821488365816
0.2247191011235955,0.6179775280898876,0.6395848466535455,-1.019760739511782,0.1771577340848546,0.1891375232646534
0.2247191011235955,0.6292134831460674,0.5896721170449243,-0.9640638244332645,0.19207050671666345,0.1930191535333022
0.2247191011235955,0.6404494382022472,0.5198478394566542,-0.9354537223048464,0.2234964287746712,0.19907648019104093
0.2247191011235955,0.651685393258427,0.4879566724889039,-0.9693149372770711,0.25571998870289936,0.20422167454789023
0.2247191011235955,0.6629213483146067,0.4815009646355575,-0.9570049802508568,0.2561910311452793,0.19783434302479116
0.2247191011235955,0.6741573033707865,0.46216053306370347,-0.862229492877135,0.25712458937293375,0.1750629333158159
0.2247191011235955,0.6853932584269663,0.44839586024932837,-0.7950140665699811,0.283681755959761,0.16130948100353168
0.2247191011235955,0.696629213483146,0.4527503454702059,-0.7967911391456467,0.30836736129682446,0.16242980199643442
0.2247191011235955,0.7078651685393258,0.4421026208421408,-0.7562229739363255,0.2881109633381862,0.15825397366192556
0.2247191011235955,0.7191011235955056,0.39990850142287215,-0.5615729433421984,0.20827445680423515,0.12961689740543153
0.2247191011235955,0.7303370786516854,0.3603859662962784,-0.4181399457906117,0.16754362754390836,0.09520228182155095
0.2247191011235955,0.7415730337078652,0.35824440724198203,-0.4210372245492972,0.16534122061537812,0.0876017132515086
0.2247191011235955,0.7528089887640449,0.32189880972406165,-0.32648123075461005,0.15640973048321216,0.08549559361216513
0.2247191011235955,0.7640449438202247,0.18133959684559967,-0.12886042130423525,0.1126999977383001,0.054411046324183726
0.2247191011235955,0.7752808988764045,0.10585589200502765,-0.020946040455421863,0.06644857510351396,0.0368178707608306
0.2247191011235955,0.7865168539325842,0.09804394101118985,-0.015967436033779422,0.06633646641663295,0.033386590882886244
0.2247191011235955,0.797752808988764,0.051928861061306654,0.0010747886882964883,0.04205788874748195,0.019526658088434658
0.2247191011235955,0.8089887640449438,0.02244664717513467,0.03669141351296029,0.0351121183381031,0.014214020226709808
0.2247191011235955,0.8202247191011236,0.024828037886486753,0.03828331059972364,0.03352162269812296,0.01570695897488406
0.2247191011235955,0.8314606741573034,0.01922363942510314,0.009819605981150914,0.009645502293084094,0.009429920212017339
0.2247191011235955,0.8426966292134831,0.021245642519081388,-0.005196480111588865,-0.006138775392434318,0.0048526344441076645
0.2247191011235955,0.8539325842696629,0.02089068563595268,-0.004622252260264914,-0.004198151668805725,0.003744798325896216
0.2247191011235955,0.8651685393258427,0.018562012228082663,-0.006573519860757707,-0.004854578653319677,0.005073443306712551
0.2247191011235955,0.8764044943820224,0.025049839027298737,-0.016664752467312825,-0.006081636761387368,0.008444248943265729
0.2247191011235955,0.8876404494382022,0.02241383426697678,-0.014089340344575586,-0.005949288768966519,0.007517737924621703
0.2247191011235955,0.898876404494382,0.0029500552582423776,0.002807408668454462,-0.002801778791536292,0.0022230114035664858
0.2247191011235955,0.9101123595505618,-0.002818381236931741,0.009651786547827914,-0.0020373587757106983,0.0010212389463003953
0.2247191011235955,0.9213483146067416,-0.0003146934943861351,0.003279875527045039,-0.0019962770545925964,3.7571724119749355e-06
0.2247191011235955,0.9325842696629213,0.000240279394708527,-0.0006347836642263385,-0.0020313670258937547,-0.0014037044614412448
0.2247191011235955,0.9438202247191011,0.0002183374551497208,0.0005979411877914172,-0.0017574511222186436,-0.0004808588822045819
0.2247191011235955,0.9550561797752809,-3.074473021922902e-05,0.0011140067762064679,-0.0020182881455123414,0.0005189540740083982
0.2247191011235955,0.9662921348314606,0.00012163202344691355,0.00029818559978495436,-0.0017757423292393117,-1.632173102961809e-05
0.2247191011235955,0.9775280898876404,0.0002613151497204386,0.0004185118428500313,-0.0011852316465243422,-0.0004861573264248961
0.2247191011235955,0.9887640449438202,0.00027296473924957225,0.0007257502347540718,-0.0009422370154913039,-2.3860606077022413e-05
0.2247191011235955,1.0,2.741996989440073e-18,2.930404331769614e-18,-4.246925041196433e-18,1.9622633761149828e-18
0.23595505617977527,0.0,-0.0,-0.0,-0.0,0.0
0.23595505617977527,0.011235955056179775,-0.0012272606662655072,0.0002025959447492324,-0.00046994630673799135,0.0003098809750151881
0.23595505617977527,0.02247191011235955,-0.0010307591120891921,-0.00026182950713633964,-0.0012836555330467477,0.0008107478737167743
0.23595505617977527,0.033707865168539325,-0.00141743469874524,-0.001976985935581284,-0.0014419300381985803,0.001661958292356158
0.23595505617977527,0.0449438202247191,-0.001597127825630068,-0.004829875724404424,-0.0007617757553208378,0.0029880910501499207
0.23595505617977527,0.056179775280898875,-0.00012497050490706195,-0.007245551709661371,-0.0013050264076984166,0.0041880904653708384
0.23595505617977527,0.06741573033707865,0.0013252422146367777,-0.008942366295964394,-0.002496167127730041,0.0050879168973861156
0.23595505617977527,0.07865168539325842,0.0011462239734595498,-0.008748621162946493,-0.002394364765524338,0.00760259078680413
0.23595505617977527,0.0898876404494382,0.0008867345903062352,-0.008505734314323521,-0.0035421566090589013,0.011068778999132623
0.23595505617977527,0.10112359550561797,0.0029810128496443916,-0.009552205782275447,-0.0016188028584160608,0.009866453856160622
0.23595505617977527,0.11235955056179775,0.003417826182497882,-0.00752734762913022,0.005931976107092614,0.005553629607739926
0.23595505617977527,0.12359550561797752,0.0026331051173479982,-0.0016431907888244113,0.007140881491492926,0.0066851957804061595
0.23595505617977527,0.1348314606741573,0.02492973026414294,0.007661493670649181,0.00029899682746596304,0.012387418607872529
0.23595505617977527,0.14606741573033707,0.05410977759954233,0.01937007591862273,-0.006477823875616901,0.015518987119553278
0.23595505617977527,0.15730337078651685,0.05336404239900361,0.02592642987648383,-0.005278143864749518,0.011843867587926955
0.23595505617977527,0.16853932584269662,0.04738541438002029,0.02261373466957834,-0.005248758139216858,0.005823982348331601
0.23595505617977527,0.1797752808988764,0.03358117130094329,0.013157169009329542,-0.008126681064383209,-0.004246534979429098
0.23595505617977527,0.19101123595505617,0.030380434701050705,0.012999792882798891,-0.007420190188426658,0.0013646290382001596
0.23595505617977527,0.20224719101123595,0.09341022198816777,0.020628357026640946,0.001075999993274027,0.047161831138905756
0.23595505617977527,0.21348314606741572,0.18974381807030263,0.010442395008498516,0.029880688222385255,0.0920307404094166
0.23595505617977527,0.2247191011235955,0.21542542949733307,-0.002621186594269,0.03045562872435926,0.0944171235108903
0.23595505617977527,0.23595505617977527,0.24737479993074535,0.043331422043133706,0.04055026594734912,0.14316994707849268
0.23595505617977527,0.24719101123595505,0.37242196571217384,0.13823470734040477,0.08299133073204562,0.2620432768369907
0.23595505617977527,0.2584269662921348,0.4387584077626591,0.18008989701404754,0.12786558737911194,0.3168367277193898
0.23595505617977527,0.2696629213483146,0.4282850462596397,0.2068216744449327,0.1200964671994075,0.3007447706389211
0.23595505617977527,0.2808988764044944,0.46228719333629387,0.31597675252210294,0.12917869388758205,0.31373218676831705
0.23595505617977527,0.29213483146067415,0.553887562590621,0.4133627704148533,0.17856528876986885,0.3622928761411313
0.23595505617977527,0.3033707865168539,0.5792992184659744,0.435501080791665,0.20429049130626295,0.3639733723846452
0.23595505617977527,0.3146067415730337,0.5832016202611995,0.4788825734492448,0.21355882538627513,0.3428432184249872
0.23595505617977527,0.3258426966292135,0.6239959930708989,0.6308286158093478,0.24480420403924064,0.37835361265371986
0.23595505617977527,0.33707865168539325,0.6592182345030866,0.768577356096841,0.26652615537434843,0.4436471895971033
0.23595505617977527,0.348314606741573,0.6533187657331979,0.7869114096799487,0.26075509543317854,0.4481589460430923
0.23595505617977527,0.3595505617977528,0.6285279169413512,0.8638498611052456,0.27588727057767726,0.3725471336830708
0.23595505617977527,0.3707865168539326,0.6327919024124375,1.1591844046170707,0.29480022038478726,0.3001958480636872
0.23595505617977527,0.38202247191011235,0.6756536687254557,1.4344200985040458,0.2876660078900656,0.31128637494769196
0.23595505617977527,0.3932584269662921,0.6822396655595234,1.4379769898121402,0.29152490223951266,0.3211606530211442
0.23595505617977527,0.4044943820224719,0.6704892730716804,1.3770453179756637,0.3193414376008646,0.189334416482411
0.23595505617977527,0.4157303370786517,0.691866825040848,1.604324079719835,0.355363100962232,-0.09136850101624051
0.23595505617977527,0.42696629213483145,0.7292047517658012,1.9067498099100957,0.3905312307027799,-0.29792125587327023
0.23595505617977527,0.4382022471910112,0.7270588804109,1.8749615642984965,0.38576408277236707,-0.2860671775374321
0.23595505617977527,0.449438202247191,0.7161640658713976,1.3774447264516243,0.34847982627991714,-0.24647396305884522
0.23595505617977527,0.4606741573033708,0.7327654238552266,0.7777787090668069,0.32277841339334196,-0.2893178190910571
0.23595505617977527,0.47191011235955055,0.7495957944960985,0.54035761438033,0.31977304953265967,-0.333934791675696
0.23595505617977527,0.4831460674157303,0.7464211181842162,0.4887870291347207,0.31909094749955874,-0.3304276377711446
0.23595505617977527,0.4943820224719101,0.7300951334676198,0.11782245066105865,0.32207084375053974,-0.2869994216642097
0.23595505617977527,0.5056179775280899,0.7158346355493824,-0.5890488268226695,0.34000218210365396,-0.24028232981899442
0.23595505617977527,0.5168539325842696,0.7141831699572678,-1.1080761762883515,0.35691233848985937,-0.26061690071809696
0.23595505617977527,0.5280898876404494,0.7082841050300821,-1.1485885981411936,0.3550944460646277,-0.2809939291480066
0.23595505617977527,0.5393258426966292,0.6859399323397513,-1.045364392227154,0.3505024574650424,-0.19987958697787714
0.23595505617977527,0.550561797752809,0.661936152396346,-1.0661786728358866,0.36935707421559005,-0.07243774652842704
0.23595505617977527,0.5617977528089888,0.6668433963348405,-1.157678574337924,0.404950169495589,0.010727872951394369
0.23595505617977527,0.5730337078651685,0.6753433490435378,-1.1599820755076855,0.4067234899247553,0.024697959896194242
0.23595505617977527,0.5842696629213483,0.6733530717781742,-1.0427141885036106,0.3252226291383464,0.07674035978726618
0.23595505617977527,0.5955056179775281,0.6742553827515139,-0.9516720576310923,0.2251534268982972,0.1783951365598365
0.23595505617977527,0.6067415730337078,0.6818278295860525,-0.9587206228630957,0.19317630644144881,0.23501415553965116
0.23595505617977527,0.6179775280898876,0.6768661333993755,-0.9511693763456459,0.20478656759448355,0.24168258299031264
0.23595505617977527,0.6292134831460674,0.6263787227483505,-0.9088865062600159,0.22798407575778806,0.24345622556867597
0.23595505617977527,0.6404494382022472,0.5591590723382006,-0.9069762865524742,0.2654233502973322,0.25133129453056
0.23595505617977527,0.651685393258427,0.5238430055409419,-0.957698494727347,0.3045687176669873,0.25200400562752145
0.23595505617977527,0.6629213483146067,0.5104641883317432,-0.9397594850643098,0.3175647393366309,0.234559763700147
0.23595505617977527,0.6741573033707865,0.4890783825991021,-0.8226586987861412,0.322211556886149,0.20608038449263288
0.23595505617977527,0.6853932584269663,0.48084194189176677,-0.7358024355039503,0.3384041882904906,0.19464844850827093
0.23595505617977527,0.696629213483146,0.49086456052585864,-0.7241683039465422,0.3526942259544552,0.19899717904204503
0.23595505617977527,0.7078651685393258,0.47805848427060166,-0.6642007515247208,0.32082310333386027,0.19131627692772393
0.23595505617977527,0.7191011235955056,0.4381025073654628,-0.44243129813972637,0.2185606742364946,0.1559374319926601
0.23595505617977527,0.7303370786516854,0.409852574100694,-0.27294976302829005,0.17178634812373045,0.12035639444730142
0.23595505617977527,0.7415730337078652,0.4208171668413383,-0.26944408713762674,0.1730382640864981,0.11767941215919482
0.23595505617977527,0.7528089887640449,0.38944627248751446,-0.2182611397875145,0.1627515179750416,0.11751036089116824
0.23595505617977527,0.7640449438202247,0.24092932849313398,-0.07549757493090015,0.122941057712745,0.08163205747469673
0.23595505617977527,0.7752808988764045,0.14329694985888577,0.011522744851025014,0.09182106532025694,0.05475453408000508
0.23595505617977527,0.7865168539325842,0.12095536185547567,0.013455164723619677,0.10236140876095223,0.045305295854278366
0.23595505617977527,0.797752808988764,0.05945572588863286,0.017022000142635888,0.07120893992540965,0.02704175615073981
0.23595505617977527,0.8089887640449438,0.012872861503911924,0.033859106220220606,0.06284233569306062,0.018044686262968186
0.23595505617977527,0.8202247191011236,0.015834733817026124,0.02798949316732365,0.05832126432216065,0.020490368975034354
0.23595505617977527,0.8314606741573034,0.01423666519494709,0.012686856256523474,0.02570392103776533,0.015466335986941368
0.23595505617977527,0.8426966292134831,0.014817586681118324,0.011422664719144235,0.0030975755291856645,0.010342813758024238
0.23595505617977527,0.8539325842696629,0.012475013564061489,0.01509837837927696,0.006788950179656197,0.00809673858875403
0.23595505617977527,0.8651685393258427,0.011088530452164945,0.011028550721085254,0.0010970922828999468,0.009360568340181294
0.23595505617977527,0.8764044943820224,0.02026973237767998,-0.0005775843769665355,-0.004866799767097007,0.013777259700094023
0.23595505617977527,0.8876404494382022,0.019882904095173338,-0.0007579191079558525,-0.00556847944859049,0.013659634286485242
0.23595505617977527,0.898876404494382,-0.00030048541525024415,0.009587712211146848,-0.002321429235854108,0.007810476867328442
0.23595505617977527,0.9101123595505618,-0.005091059005451771,0.012594251269435638,-0.0014810641428352595,0.006293749325579474
0.23595505617977527,0.9213483146067416,-0.002219752270241441,0.007161775532283006,-0.0012081647981369574,0.004785446025482787
0.23595505617977527,0.9325842696629213,-0.0018743589919126744,0.004192775616287155,-0.001084267889269891,0.0027284328762648287
0.23595505617977527,0.9438202247191011,-0.0017778918431932025,0.004501983449008871,-0.00046103609704364494,0.003165389453181681
0.23595505617977527,0.9550561797752809,-0.0017962056078080347,0.003960670286066805,-0.0005987091964656916,0.0034189427418293253
0.23595505617977527,0.9662921348314606,-0.0017169340734980519,0.003188941388786705,-0.0007838337662476096,0.0019302442809409589
0.23595505617977527,0.9775280898876404,-0.001173636812613829,0.002982183269593289,-0.0006448598511819258,0.0008889175300742357
0.23595505617977527,0.9887640449438202,-0.0002468034119130655,0.0020845350723807396,-0.0007306610981685938,0.0008760115747494587
0.23595505617977527,1.0,2.0611843392775725e-18,7.84461629972622e-18,-3.978702152448968e-18,5.766441197721864e-18
0.24719101123595505,0.0,-0.0,-0.0,-0.0,0.0
0.24719101123595505,0.011235955056179775,-0.0007430189195548703,0.0003938037783285671,2.5991268560963763e-05,0.0010421575082518674
0.24719101123595505,0.02247191011235955,-0.0006239902717553878,0.0006362892769780308,-0.0006774901514856663,0.0015164843554682401
0.24719101123595505,0.033707865168539325,-0.001138592505031976,9.844534379512655e-05,-0.0011503520820520584,0.0017479315619225218
0.24719101123595505,0.0449438202247191,-0.0015841608605974104,-0.0011104076455521977,-0.0005673989535017038,0.002038689104832513
0.24719101123595505,0.056179775280898875,-0.0007351070660855983,-0.002030190855384729,-0.0005151186557444499,0.0016625634808890878
0.24719101123595505,0.06741573033707865,0.00024805477570164023,-0.002926981857879797,-0.001340849491785121,0.0013256777815172142
0.24719101123595505,0.07865168539325842,-0.00032310398898750483,-0.002928574740055019,-0.0007230142926153812,0.002576355904249064
0.24719101123595505,0.0898876404494382,-0.0013961407174423541,-0.0031239540275677376,-0.0013610529399297954,0.0042922815863352375
0.24719101123595505,0.10112359550561797,0.0009687176559445017,-0.0025517854188858414,0.0007066365561580386,0.003560752559997228
0.24719101123595505,0.11235955056179775,0.005206545531070234,0.0026956155242982994,0.008247428235698809,0.003183838200162615
0.24719101123595505,0.12359550561797752,0.005860451050451859,0.006183038640732482,0.009049819274428241,0.00816684577143056
0.24719101123595505,0.1348314606741573,0.020538819662102234,0.0026692193795130785,0.002209286964738765,0.014731190190609074
0.24719101123595505,0.14606741573033707,0.044268588124740715,-0.00037918156009404387,-0.0046247294826962815,0.018229270416217972
0.24719101123595505,0.15730337078651685,0.047359056639575355,0.0025527570047347483,-0.003414520028822502,0.010041517511971458
0.24719101123595505,0.16853932584269662,0.05520311213847497,0.006014689536130979,-0.00352593656852035,-0.006528646499519197
0.24719101123595505,0.1797752808988764,0.05779159633116784,0.003631442938691275,-0.004562523227447855,-0.02188045272876466
0.24719101123595505,0.19101123595505617,0.059357880121724764,0.0035392858782381576,-0.005354725312516271,-0.004486199712855985
0.24719101123595505,0.20224719101123595,0.12912319755201518,0.008825305336468648,-0.003171321573861147,0.07662806104455282
0.24719101123595505,0.21348314606741572,0.23444219080285972,0.00024366948196995894,0.019741996774984658,0.15096812514647776
0.24719101123595505,0.2247191011235955,0.2667264832881025,-0.007684709016159404,0.022610014355412093,0.15610089890569592
0.24719101123595505,0.23595505617977527,0.3090477534291616,0.04129701080306243,0.036957208111297754,0.22787214580596313
0.24719101123595505,0.24719101123595505,0.45076416181808077,0.13486347294877044,0.08613222568212894,0.39937749416342233
0.24719101123595505,0.2584269662921348,0.5296967016908425,0.17734494705724477,0.13201231477795405,0.48745390301938957
0.24719101123595505,0.2696629213483146,0.5205326489739587,0.19752224702641216,0.12388954662549814,0.48865413921879375
0.24719101123595505,0.2808988764044944,0.5596928389436145,0.29622834628311917,0.13845922647891037,0.5467438599387408
0.24719101123595505,0.29213483146067415,0.6462489376128832,0.39256320858900245,0.21237042426836,0.6354431768175884
0.24719101123595505,0.3033707865168539,0.6683790103903572,0.4155730139501297,0.24081484626059396,0.6424300829170457
0.24719101123595505,0.3146067415730337,0.6767670853430396,0.4567014079940874,0.26413677472017916,0.6303734516148779
0.24719101123595505,0.3258426966292135,0.7206271792084751,0.6015718647928441,0.3267523636152498,0.7254617238571572
0.24719101123595505,0.33707865168539325,0.7550368281161781,0.726197139402262,0.37925991325022634,0.8504296102807835
0.24719101123595505,0.348314606741573,0.7516279934976288,0.7451411364673773,0.3812014626802093,0.8496786016910148
0.24719101123595505,0.3595505617977528,0.7368584707258886,0.8443666241915688,0.3805635181406153,0.6932703753103274
0.24719101123595505,0.3707865168539326,0.7478635971895963,1.140647836332312,0.3841536411676744,0.5321648947431316
0.24719101123595505,0.38202247191011235,0.7923438462228903,1.3948182806947202,0.3717645730718536,0.5288951815352004
0.24719101123595505,0.3932584269662921,0.7959001741753172,1.3987426717865763,0.37807039092395844,0.5304431796261131
0.24719101123595505,0.4044943820224719,0.7775094549636924,1.3473535640511296,0.4125358150669516,0.2696799461277117
0.24719101123595505,0.4157303370786517,0.7945803676696926,1.5598244831967025,0.46474570429865014,-0.2404712437187832
0.24719101123595505,0.42696629213483145,0.830017165249168,1.8494612935372534,0.5133877403694107,-0.5960870532033322
0.24719101123595505,0.4382022471910112,0.8325944704232466,1.8216072230353508,0.5060712533221856,-0.5827874719839033
0.24719101123595505,0.449438202247191,0.8326758476160896,1.3263402610235422,0.4651666611001856,-0.5269047204738982
0.24719101123595505,0.4606741573033708,0.8578093574731204,0.7320377278485937,0.4436215934154812,-0.6029983135201913
0.24719101123595505,0.47191011235955055,0.8828692348739268,0.5004182946810987,0.4476309680204124,-0.6819191899163533
0.24719101123595505,0.4831460674157303,0.8842403328159777,0.44856035416841633,0.4494336082320685,-0.6700235377628055
0.24719101123595505,0.4943820224719101,0.8637503488671898,0.08937194414087327,0.4476564166338199,-0.5951730484869575
0.24719101123595505,0.5056179775280899,0.8350165743943642,-0.5620366472645124,0.46334181604383845,-0.5543444555092788
0.24719101123595505,0.5168539325842696,0.8167956067483938,-1.0264438776455302,0.4838668249346404,-0.6382831634969828
0.24719101123595505,0.5280898876404494,0.8026074737622778,-1.0557914156759898,0.48103783649783655,-0.6650086467052424
0.24719101123595505,0.5393258426966292,0.7800555068226533,-0.9611916222906652,0.46747667012886174,-0.48722879323160145
0.24719101123595505,0.550561797752809,0.7597491353761676,-0.9849095892607227,0.4726857876205675,-0.24973805173958802
0.24719101123595505,0.5617977528089888,0.7683338810257203,-1.076884281644329,0.49676467270410524,-0.11426922835408089
0.24719101123595505,0.5730337078651685,0.7804399765470995,-1.0940332657348186,0.49938985191612295,-0.07921951159788054
0.24719101123595505,0.5842696629213483,0.7792150013681702,-1.0137948500319323,0.4266426903005126,0.03206912835398804
0.24719101123595505,0.5955056179775281,0.7802680369494599,-0.9453499252658042,0.3290510114244452,0.22950335474295547
0.24719101123595505,0.6067415730337078,0.7907960192092327,-0.9524472160117589,0.296484916679964,0.3471191831204035
0.24719101123595505,0.6179775280898876,0.7843602317195403,-0.9427936518727469,0.3038716557337657,0.35913516465583983
0.24719101123595505,0.6292134831460674,0.7252039776265917,-0.8996076784956103,0.325544143574309,0.3480719700917599
0.24719101123595505,0.6404494382022472,0.6476373669670511,-0.9015885259584023,0.36521899685302284,0.3549451204379013
0.24719101123595505,0.651685393258427,0.6075233441402439,-0.9654552044405057,0.401198903920966,0.35845573253819035
0.24719101123595505,0.6629213483146067,0.598112077759535,-0.9544079530845061,0.4073659084374161,0.33813177312828296
0.24719101123595505,0.6741573033707865,0.5856475758481018,-0.8143863123230818,0.4002336639989339,0.2992925160508199
0.24719101123595505,0.6853932584269663,0.5845738887973067,-0.7014181397720396,0.40502350032435225,0.2742631225442279
0.24719101123595505,0.696629213483146,0.5966919990469765,-0.6861071702836973,0.41764146680946873,0.269047156044522
0.24719101123595505,0.7078651685393258,0.5792705212901375,-0.6363426599057208,0.39123633217115505,0.2518896243081575
0.24719101123595505,0.7191011235955056,0.534723427762806,-0.4267495882519317,0.28807325708290765,0.20290485224992383
0.24719101123595505,0.7303370786516854,0.5061777184740448,-0.2492838851292364,0.24439717632803223,0.15834871050585442
0.24719101123595505,0.7415730337078652,0.5148631843704969,-0.23017868425128857,0.24662023559367696,0.1534722848199773
0.24719101123595505,0.7528089887640449,0.460170712099182,-0.18481996791649302,0.2286693648174621,0.14170282405952875
0.24719101123595505,0.7640449438202247,0.2978415944778427,-0.0542416237832349,0.1836568224621062,0.094469601495788
0.24719101123595505,0.7752808988764045,0.19867356838619277,0.030957940642394554,0.1476471692882247,0.06624245819056834
0.24719101123595505,0.7865168539325842,0.1748551334611068,0.026247359313649632,0.14809525172677493,0.05996021952780176
0.24719101123595505,0.797752808988764,0.09465710509381213,0.014847881998812668,0.10556825518936085,0.038624378332205125
0.24719101123595505,0.8089887640449438,0.022097194587520873,0.022296200991849976,0.09528056833050987,0.022599919047082664
0.24719101123595505,0.8202247191011236,0.013729802017656594,0.014843650383578717,0.09111513404008716,0.021757753988705913
0.24719101123595505,0.8314606741573034,0.013477959876089407,0.004746537294978045,0.05184378664146309,0.01826589603297602
0.24719101123595505,0.8426966292134831,0.014981975364115456,0.0047438006902282455,0.018311448127837398,0.015878336778885074
0.24719101123595505,0.8539325842696629,0.015196050781633181,0.005793451805692442,0.0178697261293458,0.015779125578352867
0.24719101123595505,0.8651685393258427,0.019672031601322096,0.0012753752346876706,0.005604227852738079,0.01848393250941991
0.24719101123595505,0.8764044943820224,0.03290716461114424,-0.008110721921113945,-0.0053563454186431984,0.023881581797366
0.24719101123595505,0.8876404494382022,0.029373822794874833,-0.005578773575690257,-0.005726661677799183,0.023136201325585793
0.24719101123595505,0.898876404494382,0.003874111683654289,0.0056240354550832925,-0.0017265919802890812,0.015796029190774476
0.24719101123595505,0.9101123595505618,-0.002785963104452057,0.008768215758546052,-0.0005146259009693061,0.01311969491954578
0.24719101123595505,0.9213483146067416,-0.001468093991596467,0.005301302337602581,0.00036912076413390233,0.009500685537593315
0.24719101123595505,0.9325842696629213,-0.001962833839020012,0.0037078476282832664,0.0008849990376324834,0.005683973316791374
0.24719101123595505,0.9438202247191011,-0.0017282632886415625,0.003771490079256244,0.0013797092652480432,0.0056159224866508565
0.24719101123595505,0.9550561797752809,-0.0011920217366326654,0.0028995977700768706,0.0009717734159946637,0.00581355333920397
0.24719101123595505,0.9662921348314606,-0.0010708509376090249,0.0025510782581085875,0.00022392083682860962,0.004355120745157391
0.24719101123595505,0.9775280898876404,-0.0006214968867249327,0.00266201638049126,-9.915235925931735e-05,0.00318285858157239
0.24719101123595505,0.9887640449438202,0.00016464153759412353,0.0018039967588937586,-0.00043005149293762863,0.0022992391342752756
0.24719101123595505,1.0,3.301210457037916e-18,6.786748161985341e-18,-3.0833525259456442e-18,1.0237121726721999e-17
0.2584269662921348,0.0,-0.0,-0.0,-0.0,0.0
0.2584269662921348,0.011235955056179775,-0.0003974591193916541,0.00017826240118785848,0.0006954024701731431,-0.0002063202014753485
0.2584269662921348,0.02247191011235955,-0.0002702632534289897,5.981482005148555e-05,0.0004878458282542507,-0.00010677486803679025
0.2584269662921348,0.033707865168539325,-0.0008635885790557885,-7.477890548978878e-05,4.470368905679064e-05,-0.00025574737588336243
0.2584269662921348,0.0449438202247191,-0.0016531159713345867,1.0279506043430928e-05,5.1958106804688364e-05,-0.00019747050565647613
0.2584269662921348,0.056179775280898875,-0.0015480946481062291,0.00013971877957535557,-0.0001377421435873092,-0.00027763462414942644
0.2584269662921348,0.06741573033707865,-0.001254842706855788,5.829608690664329e-05,-0.0009231894865544619,-0.00045787206116449893
0.2584269662921348,0.07865168539325842,-0.002212832350902296,0.0002946558639548174,7.631707689157e-05,0.0006347475070623217
0.2584269662921348,0.0898876404494382,-0.004067776927155103,0.00015625456352971772,7.655132506136645e-05,0.0019844290114206424
0.2584269662921348,0.10112359550561797,-0.0015661764608136785,0.0012484193483088691,0.0019362918462779435,1.2327819039031764e-05
0.2584269662921348,0.11235955056179775,0.004977017595705497,0.006546436120498914,0.00923646324310791,-0.00324116940115744
0.2584269662921348,0.12359550561797752,0.006095193527755921,0.007274381880797155,0.010457600978133799,-0.0029862404740583657
0.2584269662921348,0.1348314606741573,0.016044194435371924,-0.002109932060437563,0.004905131905925003,0.00206487315136777
0.2584269662921348,0.14606741573033707,0.03452553010396277,-0.011349009964828348,-0.0013804502746661504,0.011989428919587404
0.2584269662921348,0.15730337078651685,0.03693702521429598,-0.010956235917668025,-0.0013297935575461053,0.008356670150123178
0.2584269662921348,0.16853932584269662,0.05395476429319166,-0.005928156620648861,-0.004039651438590165,-0.018285330798952115
0.2584269662921348,0.1797752808988764,0.06923402852306912,-0.004801924653129783,-0.004120389203678826,-0.05251374361526635
0.2584269662921348,0.19101123595505617,0.07582868649813222,-0.004046568742975108,-0.005850493415619019,-0.0418959924276646
0.2584269662921348,0.20224719101123595,0.15322573405212944,-0.00015509972934104197,-0.010673461001632115,0.057561441256341425
0.2584269662921348,0.21348314606741572,0.2624430057937947,-0.006161025359990971,0.004026612212209309,0.14792373522009572
0.2584269662921348,0.2247191011235955,0.2836022351055898,-0.009587856536328657,0.009330835098190271,0.1573497408861465
0.2584269662921348,0.23595505617977527,0.31880658851554894,0.0401192110565389,0.027902224410342232,0.25882707878683076
0.2584269662921348,0.24719101123595505,0.47201388299554575,0.13162054520026104,0.0807997298173086,0.466611833060054
0.2584269662921348,0.2584269662921348,0.55868930854698,0.1705265389639831,0.12287385324306739,0.5634943644586952
0.2584269662921348,0.2696629213483146,0.5502308718615792,0.18369358996180105,0.11098855345554838,0.5640652102452995
0.2584269662921348,0.2808988764044944,0.5911097041406131,0.2773126153656672,0.1357605813727444,0.6538011697463273
0.2584269662921348,0.29213483146067415,0.6722246691476371,0.37646682881112137,0.22488728532830293,0.7852584195266745
0.2584269662921348,0.3033707865168539,0.6904797341995037,0.39573092627471107,0.24598929328567223,0.8142152875324018
0.2584269662921348,0.3146067415730337,0.7005465172805996,0.4307809538439255,0.27461641611340926,0.8224688568504425
0.2584269662921348,0.3258426966292135,0.744938811363146,0.5784547457689473,0.3567156772674308,0.9647336896842014
0.2584269662921348,0.33707865168539325,0.7799640176018062,0.7006944741674326,0.42736447116555726,1.1466594082718604
0.2584269662921348,0.348314606741573,0.7829199045288637,0.7144595560714031,0.43347684822000015,1.1571876302710469
0.2584269662921348,0.3595505617977528,0.7790758786815561,0.8161824946766525,0.42138929190727437,0.9323692244311038
0.2584269662921348,0.3707865168539326,0.7980811356159964,1.1099223886155505,0.41581603131601047,0.708115871712627
0.2584269662921348,0.38202247191011235,0.8431633858971814,1.3560915627571997,0.3992918466074738,0.6972681810999752
0.2584269662921348,0.3932584269662921,0.8422281699675526,1.354261120220877,0.4012035147550545,0.6718017665359531
0.2584269662921348,0.4044943820224719,0.8185630877708764,1.3024924948494154,0.43276711876478,0.29760192513753664
0.2584269662921348,0.4157303370786517,0.8341830815114983,1.5104628310061985,0.4940267056128366,-0.39725114808680634
0.2584269662921348,0.42696629213483145,0.8664912940964097,1.802169080893669,0.5533307140069024,-0.8871173524609953
0.2584269662921348,0.4382022471910112,0.8672354916302357,1.768079288163168,0.5507100353190927,-0.8891961835175605
0.2584269662921348,0.449438202247191,0.8699914530738531,1.2581037499537389,0.5150563583690455,-0.8118996285164006
0.2584269662921348,0.4606741573033708,0.8963593840553944,0.672201604916961,0.4992019668341271,-0.9062168110559601
0.2584269662921348,0.47191011235955055,0.923210879514119,0.459889976475253,0.5050871703430438,-1.0206645131191712
0.2584269662921348,0.4831460674157303,0.9235961086632722,0.42618391838022424,0.5054610968875523,-1.0153878736048167
0.2584269662921348,0.4943820224719101,0.8951435007317128,0.09696386990228488,0.49999632005828,-0.9132693657466862
0.2584269662921348,0.5056179775280899,0.8568229754654844,-0.5228714461431322,0.5117466085571247,-0.8724175107874713
0.2584269662921348,0.5168539325842696,0.8397385998057701,-0.9692532734133409,0.5327123931328053,-0.9841673111799221
0.2584269662921348,0.5280898876404494,0.83639791532246,-0.9939585127536055,0.5323598991147469,-0.9834276920891863
0.2584269662921348,0.5393258426966292,0.824780068665318,-0.909646766962697,0.516970965729855,-0.7225807804754145
0.2584269662921348,0.550561797752809,0.8120529470118986,-0.9357255490700226,0.5131109451638218,-0.38089395399104553
0.2584269662921348,0.5617977528089888,0.8188959361426047,-1.0214076134301888,0.5259364954622644,-0.20757865669468153
0.2584269662921348,0.5730337078651685,0.8219117466225077,-1.030466207192432,0.5263445347043272,-0.1870596944860138
0.2584269662921348,0.5842696629213483,0.8121776475735913,-0.9467286347028365,0.46125945960728354,-0.064625814217636
0.2584269662921348,0.5955056179775281,0.8105708618645059,-0.894579546876963,0.37479619839632033,0.19809449337983176
0.2584269662921348,0.6067415730337078,0.8277541175722738,-0.9258521366224987,0.3493166224755962,0.36923438222669913
0.2584269662921348,0.6179775280898876,0.8257881428203231,-0.9269249792345668,0.3493998820306791,0.382599462953446
0.2584269662921348,0.6292134831460674,0.7593983962525249,-0.8828063530007835,0.3649870854976845,0.35599134631378176
0.2584269662921348,0.6404494382022472,0.6717894306417336,-0.88508950742627,0.4025472147493912,0.3737117227174122
0.2584269662921348,0.651685393258427,0.6316148350516009,-0.95549379142607,0.43348193926257944,0.4041024732619374
0.2584269662921348,0.6629213483146067,0.6294790684864101,-0.9428006048663203,0.43264617077518064,0.398488235168331
0.2584269662921348,0.6741573033707865,0.6201524354799473,-0.7869946708288832,0.41809180682296143,0.35260120394376177
0.2584269662921348,0.6853932584269663,0.6211193635687686,-0.665087882408982,0.4213094272732209,0.31342266929711166
0.2584269662921348,0.696629213483146,0.6400444401401809,-0.6580001585877406,0.4364607657447211,0.3056801375468843
0.2584269662921348,0.7078651685393258,0.624416739814784,-0.6193018412313319,0.413247442856761,0.2933635695187556
0.2584269662921348,0.7191011235955056,0.570784839047745,-0.4180215081258019,0.31413096858491585,0.2395166909873772
0.2584269662921348,0.7303370786516854,0.5333505941615602,-0.243102019245867,0.279608580747128,0.1868191961383026
0.2584269662921348,0.7415730337078652,0.5360927442201806,-0.21957537985204537,0.2842711792829127,0.17841346595767266
0.2584269662921348,0.7528089887640449,0.4582958566451448,-0.1760742208533689,0.2665155228344211,0.152155721525293
0.2584269662921348,0.7640449438202247,0.28909274345657726,-0.04947611041004078,0.22013639563644422,0.08562842544355304
0.2584269662921348,0.7752808988764045,0.2072251187506837,0.036410697435497595,0.17332154281807474,0.04943125471363379
0.2584269662921348,0.7865168539325842,0.19677866276867817,0.027366657330171806,0.16531674267172736,0.04897710931144014
0.2584269662921348,0.797752808988764,0.10504050063158703,0.004290626564331742,0.1188462748789307,0.032834827528369026
0.2584269662921348,0.8089887640449438,0.023256094099855202,0.011889135718076666,0.1075208803055327,0.019160743282104847
0.2584269662921348,0.8202247191011236,0.015684043959538957,0.012147696812394979,0.10624901921853405,0.017943067099369683
0.2584269662921348,0.8314606741573034,0.016296285506864266,0.004388197333378051,0.06471795302359881,0.010498879287305387
0.2584269662921348,0.8426966292134831,0.017635749888308537,0.00021942267423587139,0.02569173892993707,0.005093179630875887
0.2584269662921348,0.8539325842696629,0.01835672926898124,-0.0005679897365695739,0.022775629146755978,0.004452984836583014
0.2584269662921348,0.8651685393258427,0.025575373741232938,-0.0034312093746274217,0.007758683612768667,0.006943506954755075
0.2584269662921348,0.8764044943820224,0.04327460205892487,-0.012481433195440832,-0.005297328704759779,0.012366559156596941
0.2584269662921348,0.8876404494382022,0.0363684739502815,-0.00994801656771203,-0.004451345234372736,0.01039637255041802
0.2584269662921348,0.898876404494382,0.006702954088546472,0.002115380904772476,9.353940637741815e-07,0.0020360941038970095
0.2584269662921348,0.9101123595505618,-0.00021404365213011802,0.005819596637250912,0.000758500680992664,0.0004932049139166475
0.2584269662921348,0.9213483146067416,0.0006756398244476797,0.003274012484533464,0.0017829623459214034,-0.0002311424064175354
0.2584269662921348,0.9325842696629213,0.00011356130907637028,0.002071107741073019,0.002297994896416392,-0.0011771417497181025
0.2584269662921348,0.9438202247191011,0.000561933905328328,0.0019342297367695327,0.0022793540465384492,-0.00011274455373739097
0.2584269662921348,0.9550561797752809,0.0010924748719401392,0.001345221887352907,0.001798465932023247,0.00038396796903324474
0.2584269662921348,0.9662921348314606,0.0007924585468420673,0.0014993420324905455,0.0010516098009681683,-0.00010142984172674807
0.2584269662921348,0.9775280898876404,0.0004578009276387085,0.0017772786863004266,0.000702065937183574,3.5839440620389886e-05
0.2584269662921348,0.9887640449438202,0.0004881046516740737,0.0011078820888458676,0.00019463455239791664,0.00048785914578404325
0.2584269662921348,1.0,3.3601525399271425e-18,3.7419621597967254e-18,-7.245987119416528e-19,3.0239883423585866e-18
0.2696629213483146,0.0,-0.0,-0.0,-0.0,0.0
0.2696629213483146,0.011235955056179775,-0.0006308799078692009,-0.0004694142014068233,0.0005961269597745065,-0.00046211646683291325
0.2696629213483146,0.02247191011235955,-0.0005054985162514117,-0.0014534178190033023,0.00035317929722067425,-0.0003260924875657395
0.2696629213483146,0.033707865168539325,-0.0008818853950891931,-0.001806980053116449,0.0002580535001606379,-0.0010982541509511636
0.2696629213483146,0.0449438202247191,-0.001505008473485866,-0.0015362836857819963,0.00021054617547573064,-0.002817090482389068
0.2696629213483146,0.056179775280898875,-0.0012872478586985659,-0.001543962126381744,-0.0005483675868772595,-0.004538216898243645
0.2696629213483146,0.06741573033707865,-0.0009423560401941206,-0.0014885039924254896,-0.001749277775468976,-0.006595343909987295
0.2696629213483146,0.07865168539325842,-0.0022311475690257043,-0.0012762160701532148,-0.0008158876101310014,-0.007305863314165875
0.2696629213483146,0.0898876404494382,-0.004739046815491043,-0.0019059465571119566,-0.0011923305365118908,-0.005816209509534941
0.2696629213483146,0.10112359550561797,-0.0032595248953018307,-0.0013804543211097715,0.00012190222402606183,-0.005340185389130482
0.2696629213483146,0.11235955056179775,0.0012882897056013698,0.003767533250098696,0.007963389829809184,-0.00786596419911031
0.2696629213483146,0.12359550561797752,0.0037583677582528857,0.005220973689370277,0.009987181868571716,-0.010134628626189702
0.2696629213483146,0.1348314606741573,0.02581999425086612,-0.0030136563911298,0.0037987012813607817,-0.004822115148765744
0.2696629213483146,0.14606741573033707,0.04768906128034094,-0.011558273437348353,-0.004314026883493977,0.005217196795411314
0.2696629213483146,0.15730337078651685,0.040049854795518675,-0.010277745338745543,-0.00595385505828744,-0.0005356456488902611
0.2696629213483146,0.16853932584269662,0.053373189122016274,-0.005385716994673902,-0.009882319183988316,-0.029604209262360903
0.2696629213483146,0.1797752808988764,0.07092228235511176,-0.006318965748297214,-0.00618711667103356,-0.06790078344344073
0.2696629213483146,0.19101123595505617,0.08034585794091224,-0.009589889231969559,-0.004738099034506712,-0.06137010320879267
0.2696629213483146,0.20224719101123595,0.16735125431665623,-0.009754856634824555,-0.0077350004462301515,0.04084613227478242
0.2696629213483146,0.21348314606741572,0.28190796364927123,-0.015571735030551892,0.01613463416454022,0.13922600158928358
0.2696629213483146,0.2247191011235955,0.2898277194200008,-0.015657607575098945,0.030074513411152966,0.16039135726754705
0.2696629213483146,0.23595505617977527,0.3240200153977968,0.03756931446421327,0.04652321339850133,0.27884925003959143
0.2696629213483146,0.24719101123595505,0.4951395109392884,0.13431412034466034,0.1078910594580058,0.4905806951840574
0.2696629213483146,0.2584269662921348,0.588944372310814,0.1754577379061233,0.15491382204106768,0.57139829707157
0.2696629213483146,0.2696629213483146,0.5780128525546667,0.18964477661089799,0.13628318608664602,0.5596995398171284
0.2696629213483146,0.2808988764044944,0.6204746157750423,0.29334129735790215,0.1741472463896404,0.6470664837748452
0.2696629213483146,0.29213483146067415,0.712406727270216,0.4020539214547366,0.2733458628079986,0.7893166179343398
0.2696629213483146,0.3033707865168539,0.7411846096746157,0.41375294829853126,0.2788285634732696,0.8294115307645474
0.2696629213483146,0.3146067415730337,0.7612482920148529,0.44053048149735835,0.2943820878426488,0.838941430465409
0.2696629213483146,0.3258426966292135,0.8126684602718168,0.6030594288025876,0.36918050278969367,0.9727345974614675
0.2696629213483146,0.33707865168539325,0.8483883754831602,0.7385666175104787,0.4317868040406845,1.1527435577626197
0.2696629213483146,0.348314606741573,0.8446985247523335,0.7443129829340983,0.43372112508111416,1.16379940078777
0.2696629213483146,0.3595505617977528,0.831134149881576,0.8419448355256021,0.42194635786889767,0.9235932565105053
0.2696629213483146,0.3707865168539326,0.8440682184644996,1.1607744801634865,0.42782594281700054,0.6919698496475544
0.2696629213483146,0.38202247191011235,0.8858730247308336,1.4293990588778638,0.42441350542162437,0.6913694224928287
0.2696629213483146,0.3932584269662921,0.8864328675619996,1.4209631299391274,0.42513806819354727,0.6762730988479596
0.2696629213483146,0.4044943820224719,0.8672130944931238,1.360312471251861,0.44932038759593684,0.3047726738216909
0.2696629213483146,0.4157303370786517,0.8892889316370247,1.5839355393959478,0.5121469459398792,-0.414890609072614
0.2696629213483146,0.42696629213483145,0.9270104348306024,1.9068422236971552,0.5743713948277278,-0.9058681977917409
0.2696629213483146,0.4382022471910112,0.9361416686097753,1.8586157496204951,0.5787345094059716,-0.8984125162297977
0.2696629213483146,0.449438202247191,0.9506336513382323,1.2879915604694072,0.5506948253996906,-0.8025968788214279
0.2696629213483146,0.4606741573033708,0.9819684414757452,0.676327168465658,0.5296465808613748,-0.9046815513598891
0.2696629213483146,0.47191011235955055,1.0038321188457808,0.4827230141517448,0.5225703948733582,-1.0529299039879438
0.2696629213483146,0.4831460674157303,0.991144163513223,0.4710951559620319,0.5147323767843408,-1.0676441073530774
0.2696629213483146,0.4943820224719101,0.9473223885986388,0.14157656957623002,0.506245647247691,-0.9458024473924174
0.2696629213483146,0.5056179775280899,0.9035727321882091,-0.5400664197230148,0.5157660780517941,-0.8724504488521719
0.2696629213483146,0.5168539325842696,0.8976293419060897,-1.0426165852146272,0.5420795159136519,-0.9655638648420599
0.2696629213483146,0.5280898876404494,0.9110785421049825,-1.0789729236060395,0.5566576595828998,-0.9674195440398131
0.2696629213483146,0.5393258426966292,0.9102154722304174,-1.0047617327538731,0.5546003152524854,-0.7206923411046854
0.2696629213483146,0.550561797752809,0.8981345891225438,-1.0404823034128519,0.5547193387430043,-0.35582142533903527
0.2696629213483146,0.5617977528089888,0.8942133397649747,-1.1220960532784827,0.5639165213793549,-0.1694058147760678
0.2696629213483146,0.5730337078651685,0.8800514879312167,-1.1036586100137449,0.5595319890489608,-0.17310794792257855
0.2696629213483146,0.5842696629213483,0.8555486952636128,-0.9741545324713152,0.48600977547541657,-0.0714852405667107
0.2696629213483146,0.5955056179775281,0.8521339859880467,-0.9142911233159708,0.38892589733090793,0.19876754956566586
0.2696629213483146,0.6067415730337078,0.8853500820921509,-0.9691230976508584,0.36276964911818865,0.3973346677731745
0.2696629213483146,0.6179775280898876,0.8965167555446167,-0.9776321062130904,0.3589799870118253,0.4122069379409678
0.2696629213483146,0.6292134831460674,0.8258278169790808,-0.9265307521570019,0.37528755374670036,0.35874602915721626
0.2696629213483146,0.6404494382022472,0.7237561583248591,-0.9266183992846625,0.4163132530332047,0.373309935229588
0.2696629213483146,0.651685393258427,0.6707680181724587,-1.0005972923065076,0.45004655132666277,0.4230046846800149
0.2696629213483146,0.6629213483146067,0.6592461040740986,-0.984833908109907,0.44794900063161847,0.4203497286167421
0.2696629213483146,0.6741573033707865,0.632142269816755,-0.8231771346553219,0.43043970107512314,0.3569656785615969
0.2696629213483146,0.6853932584269663,0.6227933913095217,-0.7041716399936224,0.437270118130796,0.3063468541313228
0.2696629213483146,0.696629213483146,0.6533411433414362,-0.7055891906856482,0.45492497298263723,0.3089341575345257
0.2696629213483146,0.7078651685393258,0.6504267114288013,-0.6649700312622198,0.42852706356294934,0.30775310795117317
0.2696629213483146,0.7191011235955056,0.5931514530369528,-0.4474536950165225,0.3234096629807028,0.243887417705535
0.2696629213483146,0.7303370786516854,0.555779145033973,-0.2672100845055813,0.2922319026911199,0.1786782980765291
0.2696629213483146,0.7415730337078652,0.5732465114126417,-0.24680874165380787,0.2934684084092295,0.17260042701084388
0.2696629213483146,0.7528089887640449,0.4915687988216071,-0.20085612306449413,0.2753114905869537,0.15185569845810654
0.2696629213483146,0.7640449438202247,0.30355511766785503,-0.06310234105660016,0.23141084511236615,0.08635044544249805
0.2696629213483146,0.7752808988764045,0.22063089350936413,0.030380808916370284,0.18389201970017374,0.05181204291976581
0.2696629213483146,0.7865168539325842,0.20394896734789278,0.020863559329279333,0.1790504005316816,0.05186624547122291
0.2696629213483146,0.797752808988764,0.09141887813448213,-0.0050955734138005805,0.12625770162596586,0.03450294936314325
0.2696629213483146,0.8089887640449438,0.020040456886204122,0.006585550889223181,0.10664759893129556,0.02866534394577441
0.2696629213483146,0.8202247191011236,0.027168710750020395,0.014775117559339912,0.10630642284507356,0.03609381920050613
0.2696629213483146,0.8314606741573034,0.026270603350314985,0.007177915995155424,0.06381512412602222,0.030143818819047215
0.2696629213483146,0.8426966292134831,0.023164841469787423,-0.002227363990479944,0.024251911588195528,0.021177443667707813
0.2696629213483146,0.8539325842696629,0.019423808433115027,-0.003531507783192599,0.022992079276522887,0.015688044201619067
0.2696629213483146,0.8651685393258427,0.020362987588857906,-0.0038377811318373953,0.005934744723316188,0.012264029340003391
0.2696629213483146,0.8764044943820224,0.0396392502077042,-0.013701948570348241,-0.007642964302209818,0.013991308905165598
0.2696629213483146,0.8876404494382022,0.03566634300524759,-0.012497124928249977,-0.0059149121123836315,0.010242359487653398
0.2696629213483146,0.898876404494382,0.0034338750372484472,0.0009444027799213959,-0.0011779769724352723,-0.00012154156978623262
0.2696629213483146,0.9101123595505618,-0.0031324063565307215,0.00556792889551258,-0.0007190377107191337,-0.00174215672965958
0.2696629213483146,0.9213483146067416,-0.0016966543381802296,0.0026051490773033223,0.0009537192069480269,-0.0022185556284903584
0.2696629213483146,0.9325842696629213,-0.0022521469209215955,0.0014647055908631505,0.0017379128700833937,-0.003506126228614461
0.2696629213483146,0.9438202247191011,-0.0018989369764670309,0.0019658852701272592,0.0014157971254681663,-0.002300847755484529
0.2696629213483146,0.9550561797752809,-0.0013083227816177451,0.0018011580131726214,0.0013956204279468904,-0.0007130785258663885
0.2696629213483146,0.9662921348314606,-0.0011697713738850438,0.001805604399104751,0.0011163399245257939,-0.00024816926644406225
0.2696629213483146,0.9775280898876404,-0.0011333140020488713,0.0016500093759911872,0.0010264327123650856,-6.967291761106338e-05
0.2696629213483146,0.9887640449438202,-0.0006224088914270182,0.0007059732371289771,0.0005529714804540244,0.00014460809229496056
0.2696629213483146,1.0,-1.37020840635334e-18,1.0493232758535737e-18,5.201289525174392e-19,9.255942455902762e-19
0.2808988764044944,0.0,-0.0,-0.0,-0.0,0.0
0.2808988764044944,0.011235955056179775,-0.0014609796568934726,-0.0013593564604495523,-0.0001819710303315216,-0.0010412001758534318
0.2808988764044944,0.02247191011235955,-0.0020666986350271026,-0.002740576338922992,-0.000983144224506189,-0.001964479243398256
0.2808988764044944,0.033707865168539325,-0.0024557663042437425,-0.0029155099376099326,-0.0008000618122425132,-0.003679187203602859
0.2808988764044944,0.0449438202247191,-0.002626568425452429,-0.002447466405646323,-0.0005594026629739024,-0.006952230853774691
0.2808988764044944,0.056179775280898875,-0.002121882027933825,-0.002190410099124113,-0.002148803593487462,-0.01030412671680634
0.2808988764044944,0.06741573033707865,-0.0022643560712829074,-0.0009383048265502941,-0.004104282649323455,-0.013321795894574188
0.2808988764044944,0.07865168539325842,-0.0040029983372547005,0.00017728863857987623,-0.0033147436757034903,-0.015102085045671952
0.2808988764044944,0.0898876404494382,-0.005885999627845657,-0.0019047567204813537,-0.004669816808096902,-0.014281176628106169
0.2808988764044944,0.10112359550561797,-0.0068460335681099676,-0.004791215497271845,-0.003178350656586445,-0.013786724656830082
0.2808988764044944,0.11235955056179775,-0.011167024934949577,-0.001814659180421038,0.006671248298574987,-0.017888535490567212
0.2808988764044944,0.12359550561797752,-0.009206841150642494,-0.00018584385892150148,0.00939156318608892,-0.020250346540144123
0.2808988764044944,0.1348314606741573,0.04151955682422649,-0.008737264520125859,0.00010293486897505982,-0.006380508563228611
0.2808988764044944,0.14606741573033707,0.08365485904952001,-0.020059690574878462,-0.012588213291234137,0.00831202037493486
0.2808988764044944,0.15730337078651685,0.06988748449628981,-0.02108203818498356,-0.01464656520400981,-0.002161289896695252
0.2808988764044944,0.16853932584269662,0.0828842504790802,-0.017508793520694312,-0.014062598303940918,-0.036137022396280256
0.2808988764044944,0.1797752808988764,0.10555108701138008,-0.02127216889291894,-0.004677298369589917,-0.0812255521584966
0.2808988764044944,0.19101123595505617,0.12004594334463256,-0.027509536518402912,0.0008541778709488232,-0.07950200355973051
0.2808988764044944,0.20224719101123595,0.2281114031052904,-0.02660026146018326,0.014091153347655152,0.03282116392222634
0.2808988764044944,0.21348314606741572,0.3684179507242367,-0.029838888554231408,0.08059208960492144,0.15426597476560855
0.2808988764044944,0.2247191011235955,0.3799737467658781,-0.03071205045116969,0.11281066949715267,0.1905959880077254
0.2808988764044944,0.23595505617977527,0.44662125844174855,0.024047237101943432,0.12912487119588667,0.32357361864645884
0.2808988764044944,0.24719101123595505,0.6756162642033031,0.129890006428139,0.22059974200632268,0.5535223579525335
0.2808988764044944,0.2584269662921348,0.7876975890822663,0.1765313878953589,0.29792476714928817,0.6359501394628031
0.2808988764044944,0.2696629213483146,0.7719425050725494,0.2058170695754958,0.27003906853361337,0.627199535823405
0.2808988764044944,0.2808988764044944,0.8465385159541815,0.3585890633747027,0.32383914166545974,0.7369102574317098
0.2808988764044944,0.29213483146067415,0.9910870316809555,0.5026480368749661,0.4580359212698059,0.9127374809826708
0.2808988764044944,0.3033707865168539,1.0433538677711258,0.5128647555185889,0.46929206171937154,0.9634215304136241
0.2808988764044944,0.3146067415730337,1.0864216407671574,0.5435475450025096,0.46699916360756216,0.9679105551377503
0.2808988764044944,0.3258426966292135,1.1743695705401809,0.7468742263150219,0.5274602124899913,1.107793018329838
0.2808988764044944,0.33707865168539325,1.2392560380339221,0.9190558390825604,0.5685632107213731,1.303067170026801
0.2808988764044944,0.348314606741573,1.2355816009635219,0.9217960497657627,0.5547299240110789,1.3163398695007353
0.2808988764044944,0.3595505617977528,1.2092104694682648,1.038424464898478,0.5525818862924483,1.0657700831817425
0.2808988764044944,0.3707865168539326,1.217303682527458,1.4588696378708472,0.5873478589636343,0.814677939300885
0.2808988764044944,0.38202247191011235,1.2517135848160001,1.8107246705311915,0.6058384753100067,0.7985350105966682
0.2808988764044944,0.3932584269662921,1.2456938984067685,1.805343716779351,0.600883094381297,0.7722925509908464
0.2808988764044944,0.4044943820224719,1.2383681969919702,1.738266648823182,0.6169248956366736,0.369006629166887
0.2808988764044944,0.4157303370786517,1.2919683902438301,2.039856695770315,0.6894742043345943,-0.4283012617855713
0.2808988764044944,0.42696629213483145,1.3598274885817725,2.4677664707167537,0.7619654531677755,-0.9480411076142949
0.2808988764044944,0.4382022471910112,1.3809297211566511,2.3949725357157026,0.7767898666379236,-0.9530637290767213
0.2808988764044944,0.449438202247191,1.4042139242732736,1.6501796365268138,0.7496185319162871,-0.8821891653314997
0.2808988764044944,0.4606741573033708,1.4478415280489574,0.8797645387276826,0.712007786148178,-1.0241812131459156
0.2808988764044944,0.47191011235955055,1.474767848986255,0.6537973840850914,0.6874322309420141,-1.2100907587288514
0.2808988764044944,0.4831460674157303,1.4550594218528288,0.6375036730529344,0.6708466539393259,-1.2279768463806995
0.2808988764044944,0.4943820224719101,1.3972234456127905,0.19879926388363686,0.6579120683365144,-1.0511618962267042
0.2808988764044944,0.5056179775280899,1.3444740305830647,-0.7449032358260138,0.6641519479619646,-0.8880357125049062
0.2808988764044944,0.5168539325842696,1.3470048479261092,-1.419763166791413,0.6940991610944541,-0.9190961388794389
0.2808988764044944,0.5280898876404494,1.3774561230103133,-1.4828883398547288,0.7215191078836024,-0.902259157638818
0.2808988764044944,0.5393258426966292,1.381731822775462,-1.4167542325164995,0.736857843907298,-0.6495136721381297
0.2808988764044944,0.550561797752809,1.363626516503372,-1.4787321090586676,0.7530553117509298,-0.25855598046635964
0.2808988764044944,0.5617977528089888,1.354078557407704,-1.5750721851967986,0.7752240220047328,-0.05909744380139267
0.2808988764044944,0.5730337078651685,1.325169403729921,-1.5220220309827286,0.7818198534248529,-0.06961061461993977
0.2808988764044944,0.5842696629213483,1.2733478761605863,-1.2957336145561826,0.7038784429176038,0.030949990286456706
0.2808988764044944,0.5955056179775281,1.2549235891023858,-1.1702594284295995,0.5670268265225703,0.30931049092625224
0.2808988764044944,0.6067415730337078,1.2989012237743447,-1.220113822067416,0.5131928777575995,0.5264358159160251
0.2808988764044944,0.6179775280898876,1.310001785824924,-1.2212658649238508,0.5009946769026202,0.5500516784187128
0.2808988764044944,0.6292134831460674,1.1980825940701476,-1.1530183265518723,0.5212913514470047,0.48198161636508124
0.2808988764044944,0.6404494382022472,1.0414377203166245,-1.1493026140755471,0.568674798476569,0.488222443519172
0.2808988764044944,0.651685393258427,0.9553112540200559,-1.2403347749057743,0.6061215479027895,0.5476715089758684
0.2808988764044944,0.6629213483146067,0.9281710658339359,-1.2318777153925995,0.5962990585283239,0.5376853302839905
0.2808988764044944,0.6741573033707865,0.8703205129986552,-1.053108931888962,0.5636737501659848,0.4409144983688759
0.2808988764044944,0.6853932584269663,0.8239045726734694,-0.9208980881764859,0.5701749420031521,0.36417315442531084
0.2808988764044944,0.696629213483146,0.8420473740394175,-0.925216125925362,0.5942928788350049,0.36271450640156805
0.2808988764044944,0.7078651685393258,0.8385543363497324,-0.8785141921117054,0.5668262133088304,0.35756652268355577
0.2808988764044944,0.7191011235955056,0.7745518943640689,-0.6182162873336188,0.44415850963340286,0.27827939649147365
0.2808988764044944,0.7303370786516854,0.7430930064461493,-0.406338274080657,0.40842537246907884,0.20308214328766738
0.2808988764044944,0.7415730337078652,0.779179847955842,-0.3777292430198008,0.4017423736436482,0.19782091836876942
0.2808988764044944,0.7528089887640449,0.6689859207796041,-0.3078406043001297,0.3702816653898626,0.17386258754562842
0.2808988764044944,0.7640449438202247,0.3979124143548313,-0.11639031984519013,0.3194057246831289,0.09384003772564983
0.2808988764044944,0.7752808988764045,0.2889540051345998,0.015688330645702395,0.2789967567501087,0.057194148715123294
0.2808988764044944,0.7865168539325842,0.26157218191174414,0.018508261285902525,0.267574404693327,0.0570504295604614
0.2808988764044944,0.797752808988764,0.12147660645330301,-2.695313541510553e-05,0.17864824322582015,0.03576494636243112
0.2808988764044944,0.8089887640449438,0.04852119633403394,0.017143687959208564,0.1368886677145686,0.03249797651165051
0.2808988764044944,0.8202247191011236,0.05956193823776233,0.021017908907131445,0.1310082867115001,0.040392719415690184
0.2808988764044944,0.8314606741573034,0.05117339721578184,0.003306702536057472,0.08066810499450175,0.029472855831657416
0.2808988764044944,0.8426966292134831,0.04131874662915043,-0.014804084646850343,0.03376820930024609,0.016684296527836363
0.2808988764044944,0.8539325842696629,0.03598207917349621,-0.018480697011468324,0.03291208945620285,0.01141698000315687
0.2808988764044944,0.8651685393258427,0.0313848725132247,-0.017359202475359235,0.006529571294626606,0.007984206841951825
0.2808988764044944,0.8764044943820224,0.048523290202737934,-0.028086993016718933,-0.011924967960857001,0.009019565993713187
0.2808988764044944,0.8876404494382022,0.04443586117699549,-0.026821799561078923,-0.010647103685120769,0.004030316251858743
0.2808988764044944,0.898876404494382,0.0004642017220243905,-0.007981439102550069,-0.005164558576048668,-0.010397227607849086
0.2808988764044944,0.9101123595505618,-0.007292902271728312,0.00036981288078142557,-0.004649255131576495,-0.011355134515206639
0.2808988764044944,0.9213483146067416,-0.004920530156233977,-0.0034994842482375457,-0.001693797432553911,-0.009701420754209173
0.2808988764044944,0.9325842696629213,-0.005559825112720477,-0.004273115481261154,-0.0001879240005857457,-0.009919149531562288
0.2808988764044944,0.9438202247191011,-0.005562160743415431,-0.0010812783535556268,-0.00048044407426936877,-0.007940120657101297
0.2808988764044944,0.9550561797752809,-0.004877328632024276,0.00044753310486973563,0.0003581666443470489,-0.004555271674461992
0.2808988764044944,0.9662921348314606,-0.004023389800178302,0.0008005533818455684,0.0005087468961052906,-0.0022845547718493876
0.2808988764044944,0.9775280898876404,-0.002950655180415414,0.0009429084154483921,0.0004721106669760947,-0.0013518760316422057
0.2808988764044944,0.9887640449438202,-0.0014773719241518973,0.0002006206635886967,0.0002035324274784337,-0.0007464575052422437
0.2808988764044944,1.0,-4.587032032204543e-18,-1.6989641313995543e-18,-1.1084693990728274e-18,-3.4152120138466325e-18
0.29213483146067415,0.0,-0.0,-0.0,-0.0,0.0
0.29213483146067415,0.011235955056179775,-0.0006335342801824849,-0.0010056848348702502,-0.00046920185899690647,-5.3393618042378494e-05
0.29213483146067415,0.02247191011235955,-0.0012820313365029133,-0.0011178311538143598,-0.0014094132866839207,-0.0007096117714623652
0.29213483146067415,0.033707865168539325,-0.0016531213901429017,-0.00013515405355336645,-0.0010004709062609695,-0.0015798154600794915
0.29213483146067415,0.0449438202247191,-0.0018627187604842,0.0003481994580511622,-0.000291402044522173,-0.002957262391767035
0.29213483146067415,0.056179775280898875,-0.0016332998062238081,-0.0003396134243944956,-0.0020477212132151835,-0.0036492213839347
0.29213483146067415,0.06741573033707865,-0.0016343132361643622,-4.377375694606357e-05,-0.004281148983261998,-0.004082571243999794
0.29213483146067415,0.07865168539325842,-0.002176192120734983,0.0023946933834924234,-0.0034860418361880997,-0.005288852949025846
0.29213483146067415,0.0898876404494382,-0.002401514790442391,0.003574450542168578,-0.005057248661657414,-0.005374797606720913
0.29213483146067415,0.10112359550561797,-0.004333885624780703,0.002104714555828504,-0.0017674684722184823,-0.005714503668003789
0.29213483146067415,0.11235955056179775,-0.016391539958568062,0.005242921609202884,0.010513687918630285,-0.011375601719879957
0.29213483146067415,0.12359550561797752,-0.016106383519359013,0.006783175400993242,0.013260544919100526,-0.012535915015456027
0.29213483146067415,0.1348314606741573,0.05399882886173127,-0.0039695664477544185,0.0010093429629482347,0.010483830979054396
0.29213483146067415,0.14606741573033707,0.11622063697001025,-0.018810816070598507,-0.01543518161704819,0.034804085733048364
0.29213483146067415,0.15730337078651685,0.10982088315861421,-0.019224999849623062,-0.015296996472555365,0.027933126506757926
0.29213483146067415,0.16853932584269662,0.12768499698690378,-0.010549072502155421,-0.004030605401252776,-0.0046530327243795655
0.29213483146067415,0.1797752808988764,0.1516858572681513,-0.011336595634017546,0.01133868975088621,-0.049001187822813624
0.29213483146067415,0.19101123595505617,0.16634973763253375,-0.014852762161057995,0.01603428823649218,-0.043602381419085075
0.29213483146067415,0.20224719101123595,0.2960923278200747,-0.009170508359528267,0.04832233131723072,0.08144375689756768
0.29213483146067415,0.21348314606741572,0.4832882027043835,-0.008371577289414338,0.16600462596707183,0.22033474372863002
0.29213483146067415,0.2247191011235955,0.5118155104643921,-0.007955018735215173,0.21074389722556178,0.2523601707876455
0.29213483146067415,0.23595505617977527,0.6041386913546956,0.046656599530492025,0.23033305390143385,0.376709069978723
0.29213483146067415,0.24719101123595505,0.8999687243049547,0.15357769765700846,0.3447223660301797,0.6277580091039617
0.29213483146067415,0.2584269662921348,1.0310162433106287,0.1955451099467356,0.4528901434948982,0.7251685382539224
0.29213483146067415,0.2696629213483146,1.0238597215730456,0.23754164263833127,0.41691450984844103,0.72732361723237
0.29213483146067415,0.2808988764044944,1.1414033217796429,0.461797228583366,0.47868439238590005,0.8657364818613684
0.29213483146067415,0.29213483146067415,1.2905519774442655,0.6719319976879048,0.6464804604301825,1.0695594715997394
0.29213483146067415,0.3033707865168539,1.3197530806419326,0.7006261702208326,0.6883348930731062,1.121542421896563
0.29213483146067415,0.3146067415730337,1.3692885952906133,0.7490716228683673,0.6881634165271335,1.1135239785370301
0.29213483146067415,0.3258426966292135,1.4949331487835245,1.0033566172480608,0.7576362783259737,1.2559940473683395
0.29213483146067415,0.33707865168539325,1.600107851245903,1.2260932788456462,0.8164418191875424,1.463952442346794
0.29213483146067415,0.348314606741573,1.6074881014679612,1.243360805881796,0.8096069897402762,1.4749351755705506
0.29213483146067415,0.3595505617977528,1.5861530932437196,1.4052627774367088,0.7973163254352565,1.2226843615244114
0.29213483146067415,0.3707865168539326,1.6313147928963536,1.946776422538627,0.8293072418356605,0.9710783594412868
0.29213483146067415,0.38202247191011235,1.7073352685773049,2.3648776708157784,0.8542904364480762,0.9501475474171056
0.29213483146067415,0.3932584269662921,1.7021818063902412,2.362911257374377,0.8546030075317018,0.9182538145831087
0.29213483146067415,0.4044943820224719,1.6894777547466826,2.29617585001496,0.8868811886893314,0.48996284187983197
0.29213483146067415,0.4157303370786517,1.741535677966095,2.650625164083311,0.9857427772405315,-0.40139397528358567
0.29213483146067415,0.42696629213483145,1.7977690924447964,3.131141626753151,1.0647109671613382,-0.9790767995353702
0.29213483146067415,0.4382022471910112,1.8020426850851707,3.0491932773325248,1.0717259013674216,-1.0003003206993262
0.29213483146067415,0.449438202247191,1.8227404759403245,2.1830225732458772,1.0278883237497314,-0.9605326631836735
0.29213483146067415,0.4606741573033708,1.8816655950327963,1.2350416558304014,0.973137594297293,-1.153562577454871
0.29213483146067415,0.47191011235955055,1.9245314185939522,0.9459635713365955,0.9437717929833292,-1.3744389136145265
0.29213483146067415,0.4831460674157303,1.920502249343011,0.9083664139020952,0.934891204018395,-1.3716097756420196
0.29213483146067415,0.4943820224719101,1.8818818867291325,0.3124156751122295,0.9323666756086524,-1.1099661419532714
0.29213483146067415,0.5056179775280899,1.8378271478350854,-1.0541044067239578,0.9385672477451763,-0.8497648657306262
0.29213483146067415,0.5168539325842696,1.828452828757234,-1.9364420735600265,0.9565759084560488,-0.8368077500952967
0.29213483146067415,0.5280898876404494,1.8387584238202799,-1.9951213079655594,0.9737234698913296,-0.8181987151820278
0.29213483146067415,0.5393258426966292,1.82429596358865,-1.9006216497509654,0.9906219300648599,-0.5566709067578822
0.29213483146067415,0.550561797752809,1.7972299389796047,-1.962649289079594,1.0125803956148944,-0.14207539774655334
0.29213483146067415,0.5617977528089888,1.7987060079127164,-2.0916157297591575,1.0357642536935885,0.06654018908198651
0.29213483146067415,0.5730337078651685,1.7829965508993633,-2.0597615020251614,1.0377216775172156,0.0682971862700753
0.29213483146067415,0.5842696629213483,1.7258824003719195,-1.7662961193323348,0.9512140548560335,0.19471889725027333
0.29213483146067415,0.5955056179775281,1.693634917689837,-1.532598241589833,0.7823868933089266,0.47976966849500285
0.29213483146067415,0.6067415730337078,1.734151651265701,-1.551099657544917,0.704812400054509,0.6841146774843585
0.29213483146067415,0.6179775280898876,1.7385852862378348,-1.547846695835941,0.696298104027241,0.7010517419328559
0.29213483146067415,0.6292134831460674,1.581042264049131,-1.4680142984069375,0.7343587109996312,0.6202216395581566
0.29213483146067415,0.6404494382022472,1.370146268126693,-1.4661913590093538,0.8063563202822097,0.6181321675183037
0.29213483146067415,0.651685393258427,1.2734310969388052,-1.5889602906171467,0.8700771726165258,0.6831756827949661
0.29213483146067415,0.6629213483146067,1.2642744353076616,-1.5749887353638516,0.8580497765503452,0.676973499686463
0.29213483146067415,0.6741573033707865,1.2017605942712846,-1.3326727935969707,0.793439124774605,0.568169612264842
0.29213483146067415,0.6853932584269663,1.1207127017860063,-1.1541930859033604,0.7861597915546165,0.47525955773371514
0.29213483146067415,0.696629213483146,1.1088578342798745,-1.1504013857579012,0.8105178252199624,0.4664067875598816
0.29213483146067415,0.7078651685393258,1.0877584255612034,-1.0912478132586674,0.7752936864713816,0.44913840162522223
0.29213483146067415,0.7191011235955056,1.0079791960824862,-0.7664147120435392,0.6177939003113562,0.35296577963825915
0.29213483146067415,0.7303370786516854,0.9699527227435341,-0.5091076995803403,0.5574383984437269,0.2691062739225821
0.29213483146067415,0.7415730337078652,1.0017435822876406,-0.472215422683991,0.5454500031537606,0.2599596412486076
0.29213483146067415,0.7528089887640449,0.834916309456775,-0.379385908084195,0.5100406416230479,0.2223313924400892
0.29213483146067415,0.7640449438202247,0.46678688735596646,-0.1269047061503575,0.45454238601008057,0.12108544655694709
0.29213483146067415,0.7752808988764045,0.3446018512080894,0.04878585225837749,0.43411422461013727,0.0832963731910847
0.29213483146067415,0.7865168539325842,0.32079290401369154,0.05036706672379457,0.40491388720494964,0.08117559348130758
0.29213483146067415,0.797752808988764,0.17482102489455942,0.02545651832623932,0.26656556978399604,0.05493491860401553
0.29213483146067415,0.8089887640449438,0.08399679029792209,0.04390956967789842,0.20654645980768813,0.04406198318403471
0.29213483146067415,0.8202247191011236,0.0848167117939439,0.04122601414863805,0.197171756953691,0.044831092801386335
0.29213483146067415,0.8314606741573034,0.06777821816110266,0.011131903548207478,0.12966199634276496,0.0255209847063121
0.29213483146067415,0.8426966292134831,0.05243938583985268,-0.011732765147976838,0.060486343905027086,0.008530545978654186
0.29213483146067415,0.8539325842696629,0.04983694551053963,-0.014714974104302104,0.05411941452455323,0.007658342844737107
0.29213483146067415,0.8651685393258427,0.05076554114703331,-0.014515201787521524,0.013432629031070257,0.012593836800517885
0.29213483146067415,0.8764044943820224,0.06888271166371826,-0.02863882996412671,-0.012564715160507783,0.01885470226931873
0.29213483146067415,0.8876404494382022,0.058187819305606306,-0.026668090028439784,-0.011908402787652095,0.013607637380400526
0.29213483146067415,0.898876404494382,0.005291714701979767,-0.002195283198100634,-0.006905953878196782,-0.004002249774443937
0.29213483146067415,0.9101123595505618,-0.004325752097478463,0.007509619534845643,-0.007197420383142858,-0.006408860450022353
0.29213483146067415,0.9213483146067416,-0.001818400532337157,-0.000549013113794232,-0.0034678712902338846,-0.00411813395976598
0.29213483146067415,0.9325842696629213,-0.001978778882821095,-0.004450689393918291,-0.001087061941614324,-0.003721686714891209
0.29213483146067415,0.9438202247191011,-0.00192355820520281,-0.0008062243236339454,-0.0010915102965742647,-0.0029520393269435088
0.29213483146067415,0.9550561797752809,-0.0017102109229438782,0.0010256702116437208,0.00018085098650186284,-0.0012535686091348956
0.29213483146067415,0.9662921348314606,-0.0017093664730840896,0.0006753976888982004,0.00010261443479077397,-0.0004653399380212334
0.29213483146067415,0.9775280898876404,-0.0014434617730559067,0.0012225233064607562,-0.0002302042757805349,-0.0007311307915136144
0.29213483146067415,0.9887640449438202,-0.0006341416305435452,0.0007784626574512632,-0.00026859788866464483,-0.0006496809042342978
0.29213483146067415,1.0,-1.2310706530106013e-18,1.5744211145196256e-18,-2.694529529397653e-18,-3.576631109550219e-18
0.3033707865168539,0.0,-0.0,-0.0,-0.0,0.0
0.3033707865168539,0.011235955056179775,-0.0006239285485468988,-0.001102495987840103,-3.031946379483326e-05,0.0005745228469835242
0.3033707865168539,0.02247191011235955,-0.0009620898060020895,-0.0012940922319133812,-0.0010582978676446167,0.0006813613215523157
0.3033707865168539,0.033707865168539325,-0.0010019155795719422,-0.0007756582661857755,-0.001070062444953614,0.00031940252501679836
0.3033707865168539,0.0449438202247191,-0.0011650757331583693,-0.00042222923848023674,-0.00044255177381523624,-0.0002755785374624521
0.3033707865168539,0.056179775280898875,-0.0010377562333138844,-0.001280957390669085,-0.0016802527235978946,5.333173886307829e-05
0.3033707865168539,0.06741573033707865,-0.000957855396282941,-0.002327588973283946,-0.0031634163740838312,0.00046720110924842074
0.3033707865168539,0.07865168539325842,-0.0010294603525481654,-0.0007048462199073845,-0.00227228279314102,-0.00036379034332279604
0.3033707865168539,0.0898876404494382,-0.0007807534469527258,0.0018143380093052477,-0.0037757135446826826,-0.0008277500816402814
0.3033707865168539,0.10112359550561797,-0.001547933939195824,0.001551088433295344,0.0008864101512717985,-0.0012741557931584412
0.3033707865168539,0.11235955056179775,-0.013422636516540258,0.004702012792508266,0.01329357526273929,-0.0065634590790210065
0.3033707865168539,0.12359550561797752,-0.017420426188840408,0.005466161798598387,0.015088676138201012,-0.00842616447183875
0.3033707865168539,0.1348314606741573,0.050364695564505096,-0.005968321885901295,0.0018595313189439557,0.014666150175117434
0.3033707865168539,0.14606741573033707,0.11985970393461713,-0.01942702334438837,-0.015302182526921353,0.0430916846371417
0.3033707865168539,0.15730337078651685,0.12236228088439953,-0.018619735860757557,-0.012149412192620467,0.03959675053961395
0.3033707865168539,0.16853932584269662,0.1436072164284627,-0.010515188528422348,0.005898114254272622,0.006398420824187831
0.3033707865168539,0.1797752808988764,0.16316004303302872,-0.00931335120580448,0.02103446196209576,-0.0375016685899183
0.3033707865168539,0.19101123595505617,0.17323842182185428,-0.007250331844611878,0.02090548395172917,-0.023485289400077825
0.3033707865168539,0.20224719101123595,0.30254784345734437,0.001453029549061552,0.06489777906625752,0.1100135146693202
0.3033707865168539,0.21348314606741572,0.5046170051266117,-1.913256597161434e-05,0.20362336437668938,0.24721999432465444
0.3033707865168539,0.2247191011235955,0.5432110557038408,-0.0028791969011150087,0.22999743986711838,0.2629879810838251
0.3033707865168539,0.23595505617977527,0.6296602255981694,0.05531779403199502,0.23108091882825033,0.36941690030695123
0.3033707865168539,0.24719101123595505,0.9395521037743828,0.16752091150953563,0.33909839259980273,0.629351631365067
0.3033707865168539,0.2584269662921348,1.0744815479519532,0.2073584304433567,0.4785381421758613,0.740491162214604
0.3033707865168539,0.2696629213483146,1.0940443068058043,0.24816939767977617,0.46372202220223924,0.753159665699242
0.3033707865168539,0.2808988764044944,1.2170393900984842,0.47894864187412395,0.5342218361715403,0.8932698709548975
0.3033707865168539,0.29213483146067415,1.3405039908189336,0.7067756674596718,0.691061742039641,1.097725593397069
0.3033707865168539,0.3033707865168539,1.3547485482610324,0.7483980198198128,0.7276057426072772,1.1486095139623487
0.3033707865168539,0.3146067415730337,1.3996294866710999,0.8038473415373059,0.7284082894672341,1.1286621274710185
0.3033707865168539,0.3258426966292135,1.5323968933401788,1.0641334200982158,0.7990431375875128,1.2643406994475033
0.3033707865168539,0.33707865168539325,1.6510337510639477,1.3030398078138237,0.8677828121657066,1.4808670021418504
0.3033707865168539,0.348314606741573,1.6597402641836059,1.328384286131588,0.8757557522919741,1.4978065046264006
0.3033707865168539,0.3595505617977528,1.6285455302356358,1.4994116776851683,0.8552160561954313,1.2497414047822426
0.3033707865168539,0.3707865168539326,1.6838971727331862,2.0576768004372195,0.8795623409156096,0.9980074249961807
0.3033707865168539,0.38202247191011235,1.7870825861467512,2.477272438327109,0.9019534310679529,0.9748751289909341
0.3033707865168539,0.3932584269662921,1.7915530542318072,2.4765033320670753,0.9051779177664772,0.9555113802400047
0.3033707865168539,0.4044943820224719,1.7765089996489711,2.4062683603336636,0.9485132862663248,0.5328146006355486
0.3033707865168539,0.4157303370786517,1.8133956726541065,2.7501672116261817,1.059600502482794,-0.3978304559013723
0.3033707865168539,0.42696629213483145,1.8538659899940162,3.235879949011548,1.1365903534087545,-0.9961481429032205
0.3033707865168539,0.4382022471910112,1.856576488080925,3.188895715925326,1.1306522071497866,-0.9967467337634468
0.3033707865168539,0.449438202247191,1.8815704946327696,2.3303079158724915,1.0742719708560167,-0.9533844539990293
0.3033707865168539,0.4606741573033708,1.9491971875322769,1.327763206214319,1.0192662234528411,-1.1626921993360548
0.3033707865168539,0.47191011235955055,1.9974443215981232,1.0176082873803876,0.9971275674195655,-1.4092588866136946
0.3033707865168539,0.4831460674157303,1.9961708444599013,0.9712762024240461,0.9991837547791319,-1.4023558414379398
0.3033707865168539,0.4943820224719101,1.9630301690220948,0.34724907837439606,1.009122944892624,-1.103279455955276
0.3033707865168539,0.5056179775280899,1.9226311370346734,-1.1050187892788679,1.0187260962158127,-0.8137056198847984
0.3033707865168539,0.5168539325842696,1.903589450000704,-2.042300447185851,1.0216012649747648,-0.8037091045762561
0.3033707865168539,0.5280898876404494,1.9017325799208904,-2.089914387911443,1.0179287425646728,-0.800888126560125
0.3033707865168539,0.5393258426966292,1.880776392506251,-1.958413872300914,1.0254359706523395,-0.5334398574490191
0.3033707865168539,0.550561797752809,1.8487202222448202,-2.0025520928964378,1.0500472850452771,-0.11772334881346432
0.3033707865168539,0.5617977528089888,1.8537851673361596,-2.1657389211695772,1.0782931307048342,0.08789958087441244
0.3033707865168539,0.5730337078651685,1.8577724420867652,-2.1828819035685396,1.0808350363166703,0.11023867230807333
0.3033707865168539,0.5842696629213483,1.8192892117587727,-1.8979056366209657,0.9939155978197366,0.2667290529712635
0.3033707865168539,0.5955056179775281,1.7876263508783403,-1.6226025271829603,0.8211106693638855,0.5443398074421122
0.3033707865168539,0.6067415730337078,1.8153120131539149,-1.6232625259131006,0.7364434596012512,0.7218866387569025
0.3033707865168539,0.6179775280898876,1.8101987122706036,-1.625175160414257,0.7328373807636903,0.7301336353367329
0.3033707865168539,0.6292134831460674,1.6403971179216124,-1.5332916595121755,0.7743701154081911,0.6535867578928286
0.3033707865168539,0.6404494382022472,1.4195969477655448,-1.524306549240916,0.8514055541653337,0.6555263890599776
0.3033707865168539,0.651685393258427,1.3252602200314023,-1.6725418221278174,0.9279502470655179,0.713265712170652
0.3033707865168539,0.6629213483146067,1.3173713494816557,-1.6491249923709417,0.9192099465112393,0.7030480987229865
0.3033707865168539,0.6741573033707865,1.2573306223190828,-1.3774051737119481,0.84255332867286,0.5989490748392025
0.3033707865168539,0.6853932584269663,1.1741303094300504,-1.1903908256499973,0.8332594634882914,0.5078474107798757
0.3033707865168539,0.696629213483146,1.1605858162987823,-1.1882007928200622,0.8605578745091157,0.49847688375201227
0.3033707865168539,0.7078651685393258,1.1466148816688555,-1.1171572468013438,0.8200862815020714,0.477443617802572
0.3033707865168539,0.7191011235955056,1.0733792261260457,-0.7548637302629498,0.6460065345752738,0.3770521296236513
0.3033707865168539,0.7303370786516854,1.0297679671898388,-0.4953108565349946,0.5727928718847051,0.29163101512946055
0.3033707865168539,0.7415730337078652,1.0403457968185252,-0.4729596287452069,0.5731607860701804,0.27786706916726944
0.3033707865168539,0.7528089887640449,0.8371915081323227,-0.3756438351576383,0.5526823230430792,0.23131852251174467
0.3033707865168539,0.7640449438202247,0.4563465893238299,-0.10580187374347133,0.4903354067963401,0.12869853942842507
0.3033707865168539,0.7752808988764045,0.35051645236292645,0.07053003606609229,0.47296373679679,0.09620066702452017
0.3033707865168539,0.7865168539325842,0.3326619351341934,0.05029974484091087,0.4281062222795109,0.09271067093902241
0.3033707865168539,0.797752808988764,0.19490453913487849,0.01517986194189057,0.2774137459743523,0.06540533979715621
0.3033707865168539,0.8089887640449438,0.09640162845822832,0.04019901814065337,0.2246159939985366,0.052071073522369726
0.3033707865168539,0.8202247191011236,0.08800940639904668,0.04693355900208329,0.2212440540978082,0.05211997146134434
0.3033707865168539,0.8314606741573034,0.06875534772169457,0.015833790886992126,0.145615792300498,0.03224093828370801
0.3033707865168539,0.8426966292134831,0.05278951530522328,-0.010263880276861486,0.06794442605348967,0.012079911641226702
0.3033707865168539,0.8539325842696629,0.05173154733121226,-0.013883239669680322,0.062198620549468245,0.008998060660475501
0.3033707865168539,0.8651685393258427,0.05653980833610826,-0.013912546434237604,0.015014636441704653,0.015375176291273421
0.3033707865168539,0.8764044943820224,0.07501172006034933,-0.027861456554917452,-0.012667876268824744,0.024211501012403904
0.3033707865168539,0.8876404494382022,0.06144972117227291,-0.02226433880295335,-0.011029785973489843,0.02015632249479729
0.3033707865168539,0.898876404494382,0.008286057481916973,0.003473869060386919,-0.006517220372463361,0.002130206199829095
0.3033707865168539,0.9101123595505618,-0.002809369555171267,0.012163223700053993,-0.007395312558825081,-0.002480094267858233
0.3033707865168539,0.9213483146067416,-0.0002825079244230649,0.003471057901246496,-0.003708061381145251,-0.0008619433470296782
0.3033707865168539,0.9325842696629213,-9.368217845895622e-05,-0.0016975074390562144,-0.0005713317667624557,8.684245203846213e-05
0.3033707865168539,0.9438202247191011,-0.00010307074109741206,0.001084278972906251,-0.00012782764702068031,0.00042216788202226993
0.3033707865168539,0.9550561797752809,-0.00016142743504432268,0.002531398023507152,0.0006489696141434206,0.0009371083479384947
0.3033707865168539,0.9662921348314606,-0.0004943689410584641,0.0015430712758535776,-0.00028738368766290627,0.0007144256224641916
0.3033707865168539,0.9775280898876404,-0.0006994802167790567,0.0021158671056334013,-0.0008250087218999279,-0.00019320850713663208
0.3033707865168539,0.9887640449438202,-0.0003734857812093694,0.0017465932812421423,-0.0005096486171110883,-0.00035583717208532176
0.3033707865168539,1.0,-7.392607947278769e-19,6.5818277056957564e-18,-2.8713208431832143e-18,-1.7738862091593644e-18
0.3146067415730337,0.0,-0.0,-0.0,-0.0,0.0
0.3146067415730337,0.011235955056179775,-0.001930579129430839,-0.0008487356037839563,0.00047810228804808836,-0.0009280975055729014
0.3146067415730337,0.02247191011235955,-0.00301430701329615,-0.0007402315368725716,-0.0005533623800550282,-0.00181894224915887
0.3146067415730337,0.033707865168539325,-0.003156030851454087,-0.00019206421845798378,-0.0012362003135652088,-0.0034964605627869853
0.3146067415730337,0.0449438202247191,-0.003373689783416965,0.0010083320716175932,-0.0013297813044470632,-0.006620870374116851
0.3146067415730337,0.056179775280898875,-0.003308002755999618,0.001428531841391195,-0.002335299659730252,-0.009303228302884308
0.3146067415730337,0.06741573033707865,-0.0030962580561122647,0.00038513454715466324,-0.003415331122963482,-0.00976247469693198
0.3146067415730337,0.07865168539325842,-0.003213385325015187,0.0011552990106585377,-0.003920719465904904,-0.009131763309312074
0.3146067415730337,0.0898876404494382,-0.0038249756217020505,0.003828183856468326,-0.006979274095234846,-0.008873417358142167
0.3146067415730337,0.10112359550561797,-0.0043833953936572015,0.004117814839865168,-0.0023944580654325248,-0.00997883810777542
0.3146067415730337,0.11235955056179775,-0.014592926530096901,0.007517764271049557,0.009223687341732208,-0.01612052312453344
0.3146067415730337,0.12359550561797752,-0.023614691416464478,0.007538897550638669,0.01104650578184009,-0.021851288970164567
0.3146067415730337,0.1348314606741573,0.03753102094171706,-0.005264820050202618,-0.0014278903601669835,-0.0052515481420687925
0.3146067415730337,0.14606741573033707,0.11147151605668691,-0.019972923454661232,-0.018848905937817326,0.020864648814597243
0.3146067415730337,0.15730337078651685,0.1178215041965237,-0.02253816656863005,-0.01475132073192631,0.01785823595021575
0.3146067415730337,0.16853932584269662,0.143750793606576,-0.018332326693928876,0.0012756097999020875,-0.01502275298954631
0.3146067415730337,0.1797752808988764,0.1640224471991306,-0.018207182353422984,0.004951972457781377,-0.06046186322618288
0.3146067415730337,0.19101123595505617,0.1726706858840667,-0.013939620399216614,-0.0008938570443892921,-0.037717709796627384
0.3146067415730337,0.20224719101123595,0.2935242137623681,-0.0038759219000429044,0.05652228378015923,0.11334350788931195
0.3146067415730337,0.21348314606741572,0.4852067960678308,-0.008183246931986984,0.20494275748598106,0.2502125876552689
0.3146067415730337,0.2247191011235955,0.5248250630188231,-0.01288705844261314,0.20927289591010198,0.2474244224554846
0.3146067415730337,0.23595505617977527,0.6050490830362978,0.05233406906114174,0.20159400529080962,0.34304578859356355
0.3146067415730337,0.24719101123595505,0.9202869746792437,0.16464431647954422,0.3292954056914283,0.6204439269360186
0.3146067415730337,0.2584269662921348,1.0722248776784664,0.19318172135463269,0.5047159453045381,0.7557058803738417
0.3146067415730337,0.2696629213483146,1.108462816196047,0.2285953697292255,0.5121459366462555,0.7794448348757007
0.3146067415730337,0.2808988764044944,1.2316779595069116,0.4523389863818866,0.5952046317325165,0.9274719574107654
0.3146067415730337,0.29213483146067415,1.3622911618769817,0.6806881623697765,0.7506312430996116,1.147243711990231
0.3146067415730337,0.3033707865168539,1.3791382136335932,0.7292834449661881,0.7772495638279475,1.2030037576203432
0.3146067415730337,0.3146067415730337,1.4140907692424822,0.7812402670964497,0.761286690841788,1.1781324387201564
0.3146067415730337,0.3258426966292135,1.5423599876442813,1.021886023395046,0.8100660046272099,1.3271180730229366
0.3146067415730337,0.33707865168539325,1.6643740716144368,1.2498913895347523,0.8740990287327873,1.5762548040874067
0.3146067415730337,0.348314606741573,1.6679627814631826,1.276156436589152,0.8960629605113598,1.5960306198212713
0.3146067415730337,0.3595505617977528,1.6203589768586835,1.455735302542395,0.8917819351046489,1.3148684973120803
0.3146067415730337,0.3707865168539326,1.6691231571935168,2.0160543204470347,0.9337528832058338,1.0274610725807107
0.3146067415730337,0.38202247191011235,1.7723361856439792,2.4400628590554723,0.9667287465461843,0.9999446479141444
0.3146067415730337,0.3932584269662921,1.787323866237204,2.440156587681774,0.9727603140517599,1.0029968266379918
0.3146067415730337,0.4044943820224719,1.7921480196837505,2.364856898536115,1.0145490601978453,0.5458690426717426
0.3146067415730337,0.4157303370786517,1.8477878110277,2.7072119859827737,1.1316832009817024,-0.48654591012655357
0.3146067415730337,0.42696629213483145,1.9014335064760155,3.1950639215513,1.2157753826970628,-1.1290811123112758
0.3146067415730337,0.4382022471910112,1.905237964928955,3.1800008781369735,1.1953266041625212,-1.102424486659979
0.3146067415730337,0.449438202247191,1.9160850531942908,2.353209403937769,1.1162160846136306,-1.0310037055483836
0.3146067415730337,0.4606741573033708,1.9666689776103308,1.310058568626708,1.053250417260681,-1.223799098160921
0.3146067415730337,0.47191011235955055,2.0005439803961944,0.9684598425762788,1.0350929342150477,-1.488048641633216
0.3146067415730337,0.4831460674157303,1.988963902708177,0.9100296142846218,1.047829813232291,-1.5024889543139905
0.3146067415730337,0.4943820224719101,1.9546385573408678,0.2812640317262727,1.0740850248770353,-1.199135647029628
0.3146067415730337,0.5056179775280899,1.9260732581180027,-1.1035448019271055,1.1016026270240935,-0.9073427850006736
0.3146067415730337,0.5168539325842696,1.921638644738693,-2.0229754125404322,1.1060103797305405,-0.917893610981461
0.3146067415730337,0.5280898876404494,1.9307372399706844,-2.0751444472260774,1.0872599207955367,-0.9335158065215263
0.3146067415730337,0.5393258426966292,1.914974867692304,-1.921333443595999,1.0877112084756075,-0.6456743747370606
0.3146067415730337,0.550561797752809,1.8788306411610807,-1.9467984939970233,1.1211250501348642,-0.2076262234321391
0.3146067415730337,0.5617977528089888,1.8800404496250223,-2.1142088701624604,1.165394835212054,0.013450641388329547
0.3146067415730337,0.5730337078651685,1.8906402143307726,-2.1448931060958016,1.1767835773137385,0.05650950549605237
0.3146067415730337,0.5842696629213483,1.8575800351741072,-1.8683571829239207,1.0857510034175173,0.24562583473451854
0.3146067415730337,0.5955056179775281,1.8146475989652109,-1.591163354475889,0.9074323380490479,0.5444228144772922
0.3146067415730337,0.6067415730337078,1.8151353998559423,-1.5841382619947943,0.8102077899667544,0.7183081793331605
0.3146067415730337,0.6179775280898876,1.789177731425655,-1.5846061660404602,0.7943565987910508,0.7123451990941828
0.3146067415730337,0.6292134831460674,1.6178500493770676,-1.4854133349485539,0.8241746591796234,0.6366678249432355
0.3146067415730337,0.6404494382022472,1.412079154100533,-1.4726728281627288,0.8968045594883997,0.6579926402158107
0.3146067415730337,0.651685393258427,1.3345266604592774,-1.6345285141629122,0.9726880567455197,0.7226856862253596
0.3146067415730337,0.6629213483146067,1.3259094141281644,-1.6234824893727742,0.9571388370539072,0.7007365777849534
0.3146067415730337,0.6741573033707865,1.2564523002086692,-1.367793573553042,0.8666552037061358,0.5787799100211849
0.3146067415730337,0.6853932584269663,1.1672404530672982,-1.1912231092164856,0.8550462450738748,0.47046374958804843
0.3146067415730337,0.696629213483146,1.1555129507745068,-1.1923448229006577,0.8945877604258524,0.4560173858532254
0.3146067415730337,0.7078651685393258,1.1516655530005018,-1.1268538169907003,0.8584519369245883,0.44251166810239534
0.3146067415730337,0.7191011235955056,1.088688809349229,-0.7817509619227047,0.6732551490297612,0.3509454415492131
0.3146067415730337,0.7303370786516854,1.0410842754561325,-0.533044375428214,0.5944237308736183,0.2715399854037754
0.3146067415730337,0.7415730337078652,1.0317779645206713,-0.5124315312425991,0.6130062151249351,0.25904732640260697
0.3146067415730337,0.7528089887640449,0.8144539560689501,-0.39765653996902695,0.6010959799338073,0.20974399911234495
0.3146067415730337,0.7640449438202247,0.44584328360476216,-0.11940153343264359,0.52062695580737,0.1050617146013511
0.3146067415730337,0.7752808988764045,0.35085989191027167,0.0434743751519136,0.48677130200483243,0.06940722120909854
0.3146067415730337,0.7865168539325842,0.33678152941434075,0.013270377585218535,0.4279983817308567,0.0653792023065942
0.3146067415730337,0.797752808988764,0.19722851246298562,-0.009244394971696712,0.26043562568021994,0.04003904775903577
0.3146067415730337,0.8089887640449438,0.09436271643543877,0.032492650767394354,0.20863145419578996,0.031238857676021154
0.3146067415730337,0.8202247191011236,0.08373853608969638,0.04957143117179289,0.20715956419126513,0.03838360364528542
0.3146067415730337,0.8314606741573034,0.067080696454878,0.020660555508079617,0.1315966032498668,0.02513879446917449
0.3146067415730337,0.8426966292134831,0.05566686986543869,-0.007977143225187154,0.058639020231482625,0.006757994465680057
0.3146067415730337,0.8539325842696629,0.05722478179135289,-0.014939358695868672,0.058440686253314944,0.001953561449185134
0.3146067415730337,0.8651685393258427,0.061033442876963696,-0.0159448757755947,0.009140422042587295,0.0074097643121065
0.3146067415730337,0.8764044943820224,0.07532861459337108,-0.02912861453780037,-0.01593242616453998,0.017048316038030396
0.3146067415730337,0.8876404494382022,0.05861165731620407,-0.02317415420618698,-0.01208531043399648,0.014494686433895773
0.3146067415730337,0.898876404494382,0.003757463495594028,0.000409821563160436,-0.007261893896177871,-0.003650081905958745
0.3146067415730337,0.9101123595505618,-0.00741421648798523,0.007730545143635653,-0.008278562916956236,-0.009754873617442582
0.3146067415730337,0.9213483146067416,-0.0036561111352388983,-0.00017744297392403025,-0.005376108268789229,-0.008412355962732477
0.3146067415730337,0.9325842696629213,-0.0032075116495336167,-0.00472008859383467,-0.002275102853946082,-0.00654412331040472
0.3146067415730337,0.9438202247191011,-0.0033360670718564143,-0.0021308641936327527,-0.0015019038528307433,-0.005132888959652272
0.3146067415730337,0.9550561797752809,-0.0029189459323273204,-0.0003017865864086261,-0.0008506264758279771,-0.003581841834897174
0.3146067415730337,0.9662921348314606,-0.002318175969505829,-0.00045131069083638583,-0.0016591513063413368,-0.0027008468338302863
0.3146067415730337,0.9775280898876404,-0.0017129443037041093,0.0008541017454444347,-0.0015443622968088985,-0.002399136219677214
0.3146067415730337,0.9887640449438202,-0.0009488489336218409,0.0012793557746038453,-0.0006792392127381282,-0.0013028033676960131
0.3146067415730337,1.0,-3.785448123125448e-18,5.801950107893451e-18,-2.85632704938413e-18,-3.9057757923423806e-18
0.3258426966292135,0.0,-0.0,-0.0,-0.0,0.0
0.3258426966292135,0.011235955056179775,-0.0019879283923917275,-0.0007111892748974562,0.0009332922761957928,-0.002436155314245581
0.3258426966292135,0.02247191011235955,-0.0033655855055288743,-0.0003336462849678692,0.0005183170116780414,-0.004688509372917892
0.3258426966292135,0.033707865168539325,-0.0036645534316860776,-0.00024295448738881275,0.00020102359313896935,-0.006864673918616658
0.3258426966292135,0.0449438202247191,-0.0038977344096366284,0.0006982026463837623,1.1204346265674087e-05,-0.010640883037357727
0.3258426966292135,0.056179775280898875,-0.0037250950400833697,0.0014119691499758426,-0.0007838337529803423,-0.01618643820600136
0.3258426966292135,0.06741573033707865,-0.0030266595340045195,5.0613143898394954e-05,-0.0013665981096057367,-0.0188653186936794
0.3258426966292135,0.07865168539325842,-0.0028850492861193355,-6.493193556000518e-05,-0.0028770705708083474,-0.017587742476233702
0.3258426966292135,0.0898876404494382,-0.004188645079718622,0.0023710086985866885,-0.007190349499948249,-0.017445256261952213
0.3258426966292135,0.10112359550561797,-0.004434557428666365,0.003141478573211818,-0.0032519391322096856,-0.02006139837043736
0.3258426966292135,0.11235955056179775,-0.011799062839110462,0.007023015622634169,0.007068770787644312,-0.026038467418331972
0.3258426966292135,0.12359550561797752,-0.020593595341760744,0.005870106925596409,0.009062075814885759,-0.03327242267625461
0.3258426966292135,0.1348314606741573,0.04108020447882668,-0.009624514971003558,-0.003051685707229912,-0.02312844771066394
0.3258426966292135,0.14606741573033707,0.12187868208482791,-0.0259906914890566,-0.022035217168952063,-0.000858189905592004
0.3258426966292135,0.15730337078651685,0.1289958157679835,-0.02842104963437633,-0.019466534090196556,-0.0019296412033600295
0.3258426966292135,0.16853932584269662,0.16406123844853024,-0.024922138796298777,-0.009229249573147325,-0.02927390385467681
0.3258426966292135,0.1797752808988764,0.19066919182673664,-0.027392942646306605,-0.017143864127125576,-0.07662230987240994
0.3258426966292135,0.19101123595505617,0.20066781944805456,-0.024654789466603766,-0.021497088813428458,-0.04753657022081065
0.3258426966292135,0.20224719101123595,0.32076954864974483,-0.015263372234853722,0.060691250826530374,0.13691254680838336
0.3258426966292135,0.21348314606741572,0.5084878584987854,-0.021887338399900792,0.2410417405303296,0.29042945416297444
0.3258426966292135,0.2247191011235955,0.5454889536672242,-0.025092229805694137,0.25405199196662653,0.2728216155639728
0.3258426966292135,0.23595505617977527,0.6263254494236382,0.05032004830057144,0.2737214401710957,0.3772311702070446
0.3258426966292135,0.24719101123595505,0.9692682393805553,0.16384896255821357,0.4577350352578284,0.7019786907397517
0.3258426966292135,0.2584269662921348,1.1402853298335034,0.18583822282630072,0.6569793077951925,0.8710284514263242
0.3258426966292135,0.2696629213483146,1.1766765764052838,0.22692276000941355,0.6603683517672295,0.9110542489995407
0.3258426966292135,0.2808988764044944,1.3055579373638047,0.465438627815878,0.7540852045338374,1.115548460164092
0.3258426966292135,0.29213483146067415,1.464934197634197,0.7001381455821826,0.9350799231226804,1.4147979044011145
0.3258426966292135,0.3033707865168539,1.4890721194227934,0.744361220596303,0.9770224294596901,1.5044333938391454
0.3258426966292135,0.3146067415730337,1.5132444287821012,0.7880206755723785,0.9594944823888388,1.4979360080237873
0.3258426966292135,0.3258426966292135,1.6415642584881454,1.0216965989529367,0.9932726024323414,1.71684557699419
0.3258426966292135,0.33707865168539325,1.7719586440959718,1.2514713639289317,1.0529771838165471,2.0534238581448485
0.3258426966292135,0.348314606741573,1.778413130525977,1.287147999510279,1.0776794261877003,2.05644348240133
0.3258426966292135,0.3595505617977528,1.7277649742691459,1.4907327146284948,1.0940761866382085,1.6584177747932223
0.3258426966292135,0.3707865168539326,1.7776761969128616,2.0927918158584466,1.1639528529305938,1.2788610382491201
0.3258426966292135,0.38202247191011235,1.882692309826088,2.551203806824776,1.2054466404748898,1.2564131603907813
0.3258426966292135,0.3932584269662921,1.9025716765308927,2.547891021467144,1.2125903990806806,1.2601608858276372
0.3258426966292135,0.4044943820224719,1.92391270402095,2.461660459528274,1.2653081864141977,0.616122703004539
0.3258426966292135,0.4157303370786517,2.007298480313178,2.816189147428459,1.4071539348280324,-0.7860933061749537
0.3258426966292135,0.42696629213483145,2.0836282614667327,3.3095274558260037,1.5222955449219613,-1.6423775636714562
0.3258426966292135,0.4382022471910112,2.0857904786989225,3.2956292506571145,1.5060205039792187,-1.6277462417916357
0.3258426966292135,0.449438202247191,2.075132098588495,2.454227336837782,1.3957741271430624,-1.539411716811105
0.3258426966292135,0.4606741573033708,2.1036732233640723,1.3410407235355946,1.303823660294497,-1.7480900272713578
0.3258426966292135,0.47191011235955055,2.124681868226597,0.9574720945492873,1.276649311953956,-2.030280546599851
0.3258426966292135,0.4831460674157303,2.1101102375770138,0.8890267336622705,1.2933465100946628,-2.0290276280382904
0.3258426966292135,0.4943820224719101,2.0830235764743756,0.2272138349008454,1.3339137010228852,-1.6642334663991742
0.3258426966292135,0.5056179775280899,2.0691390318380067,-1.176102476537618,1.3874060381195183,-1.3319483354436397
0.3258426966292135,0.5168539325842696,2.079365794331007,-2.116238573562032,1.4070354880987632,-1.3611135400979617
0.3258426966292135,0.5280898876404494,2.0967010478758277,-2.1780286280906718,1.382078929107136,-1.385934035786864
0.3258426966292135,0.5393258426966292,2.078800788025968,-2.0088222601141568,1.3763265417119566,-1.0163800593060608
0.3258426966292135,0.550561797752809,2.0330683049080323,-2.0196453494006725,1.410857064225661,-0.4626981446432545
0.3258426966292135,0.5617977528089888,2.026996876726178,-2.173401981007868,1.4607263550042022,-0.17431281768496498
0.3258426966292135,0.5730337078651685,2.0321245983231404,-2.19493894470685,1.4658245030103911,-0.10635543309580815
0.3258426966292135,0.5842696629213483,1.9892589846221198,-1.9193345942935431,1.3490346553055452,0.14325267070730616
0.3258426966292135,0.5955056179775281,1.9324513198114401,-1.638236936169239,1.148638808471699,0.5367248171765827
0.3258426966292135,0.6067415730337078,1.9162995212048315,-1.6211374631687354,1.041259846141294,0.748761740830348
0.3258426966292135,0.6179775280898876,1.8788861644776027,-1.6220265348923606,1.0229267284735084,0.7284494408732265
0.3258426966292135,0.6292134831460674,1.70320114594451,-1.5388455151375064,1.0509614729734824,0.6580727519089389
0.3258426966292135,0.6404494382022472,1.5034103716002536,-1.544059082931764,1.1264625777660564,0.7292005088359704
0.3258426966292135,0.651685393258427,1.4464649536725809,-1.7095285888161489,1.208425302130968,0.8390253275841157
0.3258426966292135,0.6629213483146067,1.44615512642137,-1.7000946697936064,1.1926093370887694,0.8156035566436957
0.3258426966292135,0.6741573033707865,1.3618455791833273,-1.4466677766218166,1.0829617473221402,0.6562944530144609
0.3258426966292135,0.6853932584269663,1.260387664120716,-1.2660942312430947,1.049001637370066,0.5089044744411789
0.3258426966292135,0.696629213483146,1.2451043239974904,-1.2615508965966522,1.0847048697964468,0.47564932195545023
0.3258426966292135,0.7078651685393258,1.2376953951564758,-1.201869355491692,1.0389302238415328,0.4571840477911547
0.3258426966292135,0.7191011235955056,1.1704235516606563,-0.8773961197869394,0.8145455843927453,0.36243682743946587
0.3258426966292135,0.7303370786516854,1.115621317553938,-0.6287228692651525,0.7107002610036406,0.28562880351659176
0.3258426966292135,0.7415730337078652,1.0979349170127062,-0.6046363658693333,0.7318573707374504,0.280139599808185
0.3258426966292135,0.7528089887640449,0.8782557204489265,-0.46784992937108444,0.7133929803400558,0.22872940100915423
0.3258426966292135,0.7640449438202247,0.49537320156032616,-0.16767339630083486,0.6221987347648766,0.10499774374003222
0.3258426966292135,0.7752808988764045,0.3867447869417071,-0.005936336131205283,0.5908459291931333,0.052806974605392916
0.3258426966292135,0.7865168539325842,0.36961046342733206,-0.03326170854072694,0.5283004010745448,0.0483975092677219
0.3258426966292135,0.797752808988764,0.2121736727027316,-0.03256177559990689,0.31110640955813845,0.028117937041607876
0.3258426966292135,0.8089887640449438,0.10380061744702018,0.025638598447881092,0.23122894760175444,0.027700565953520655
0.3258426966292135,0.8202247191011236,0.09470012547111961,0.0447705321637554,0.2235342922686448,0.03842117862296571
0.3258426966292135,0.8314606741573034,0.08046256964563515,0.01474909874224317,0.14951724002262573,0.025750558300105118
0.3258426966292135,0.8426966292134831,0.07285424053801283,-0.013035521326265885,0.07426958233814747,0.008676745244911596
0.3258426966292135,0.8539325842696629,0.07578670391537759,-0.020537739024249022,0.06841541403586802,0.005424337166628246
0.3258426966292135,0.8651685393258427,0.07652739741199087,-0.021118004992387262,0.00877199265274631,0.012441854887180992
0.3258426966292135,0.8764044943820224,0.0867045982435737,-0.03152943967527535,-0.01759751738587052,0.022811714673883876
0.3258426966292135,0.8876404494382022,0.06632519652741463,-0.025434270226205303,-0.012716738044262002,0.019261853498459904
0.3258426966292135,0.898876404494382,0.002127498709028513,-0.0025451905070916626,-0.006755164193533601,-0.0031874000008097207
0.3258426966292135,0.9101123595505618,-0.011302213885386013,0.005140823259187378,-0.0075007467173065605,-0.012143181787167698
0.3258426966292135,0.9213483146067416,-0.006181184655084643,-0.001676536104271288,-0.005505271776129242,-0.01106097745836162
0.3258426966292135,0.9325842696629213,-0.0050086479718389155,-0.005429832632266195,-0.002801594931570318,-0.008820690289566016
0.3258426966292135,0.9438202247191011,-0.004675487644284948,-0.003276850480964443,-0.0020304264726641445,-0.0077864771039667605
0.3258426966292135,0.9550561797752809,-0.003774256228084161,-0.0017342108095840401,-0.0013959624455401444,-0.006660851893617117
0.3258426966292135,0.9662921348314606,-0.0027625964911701054,-0.0018119299269158547,-0.0018794385613565652,-0.005799720980696801
0.3258426966292135,0.9775280898876404,-0.0018887811723719285,-0.0007263791172757267,-0.0014438890171849421,-0.004726598030680617
0.3258426966292135,0.9887640449438202,-0.0010992721760546937,7.461132606937736e-05,-0.0006247809853189298,-0.002294727949497285
0.3258426966292135,1.0,-5.3183543945263295e-18,9.332632613520623e-19,-2.6861325462124396e-18,-6.193697992093555e-18
0.33707865168539325,0.0,-0.0,-0.0,-0.0,0.0
0.33707865168539325,0.011235955056179775,-0.0006012348505241491,-0.0001322738065947482,0.0008484282620029233,-0.0007777811246751212
0.33707865168539325,0.02247191011235955,-0.0011936877074820386,0.0008155673895339015,0.0009619320585037771,-0.002343789576965548
0.33707865168539325,0.033707865168539325,-0.0011382302706823488,0.0007046960421111584,0.0014729660168965731,-0.002326911082551367
0.33707865168539325,0.0449438202247191,-0.0011316261365577032,0.0007011559310671429,0.0014927685658034596,-0.0018197320172247044
0.33707865168539325,0.056179775280898875,-0.001089176359181206,0.0009782701993745623,0.00053423671540613,-0.004934718620128305
0.33707865168539325,0.06741573033707865,-0.0007851214746296963,-5.092643765850233e-05,0.00038042851868854577,-0.008380462940206047
0.33707865168539325,0.07865168539325842,-0.0010289552958155028,0.0005159890831283669,-0.0010979342855893563,-0.007092692716586526
0.33707865168539325,0.0898876404494382,-0.0024443090156118243,0.0031558698566177623,-0.005304494130671417,-0.006233263846308777
0.33707865168539325,0.10112359550561797,-0.0015006040320106257,0.004733944550552212,-0.001378509991227473,-0.005994727930880077
0.33707865168539325,0.11235955056179775,-0.00552657742353325,0.011181354135746472,0.007892815994128919,-0.0035078008386031146
0.33707865168539325,0.12359550561797752,-0.00863467024330089,0.011797533914584048,0.009459873925479452,-0.003950175286037534
0.33707865168539325,0.1348314606741573,0.061589190451836855,-0.004632677573441627,-0.0029607180804232815,0.0031000754213967
0.33707865168539325,0.14606741573033707,0.14915373285531822,-0.021282778832769855,-0.022843715305341343,0.021216669755460292
0.33707865168539325,0.15730337078651685,0.15585956543385263,-0.01964676252465223,-0.021453245577046403,0.021396805441744163
0.33707865168539325,0.16853932584269662,0.20195082800852163,-0.013404240591838382,-0.01670563870476615,-0.0008813001419196634
0.33707865168539325,0.1797752808988764,0.23354453877707887,-0.017681393635295892,-0.030119738055634872,-0.05530108796624799
0.33707865168539325,0.19101123595505617,0.24471774760965845,-0.01686547157329149,-0.028293186098740087,-0.03123129736671116
0.33707865168539325,0.20224719101123595,0.36948920519796474,-0.008205240871466785,0.07314910310648826,0.1864842704901418
0.33707865168539325,0.21348314606741572,0.5646394372903323,-0.01647257671956887,0.2837774007271986,0.38753102823454283
0.33707865168539325,0.2247191011235955,0.6008291815799056,-0.01896680116620358,0.3192999166726005,0.3964656243726619
0.33707865168539325,0.23595505617977527,0.6880346486793164,0.062409421689203014,0.3814545436315571,0.5586143399157828
0.33707865168539325,0.24719101123595505,1.0513244404221116,0.17939375405561434,0.624790517207448,0.9633110059959509
0.33707865168539325,0.2584269662921348,1.2199955584150122,0.20204883683880548,0.8334761245902114,1.1553515519325277
0.33707865168539325,0.2696629213483146,1.2398580947733946,0.2530550001443707,0.8192520373479851,1.196363330400207
0.33707865168539325,0.2808988764044944,1.3770053631592098,0.5138848240009055,0.9210388647840982,1.470321116480211
0.33707865168539325,0.29213483146067415,1.5744567409673185,0.7595646567389774,1.1284415747458512,1.8303327130025921
0.33707865168539325,0.3033707865168539,1.6101565345598174,0.7995879260111981,1.1774504935633645,1.919424968278885
0.33707865168539325,0.3146067415730337,1.630469653232862,0.838120905614527,1.158532253018325,1.921371718384427
0.33707865168539325,0.3258426966292135,1.7646191616457487,1.0780089917580107,1.1906319048268597,2.2389782603378636
0.33707865168539325,0.33707865168539325,1.9026314971616538,1.3127642832094062,1.251026957451167,2.720492334015305
0.33707865168539325,0.348314606741573,1.9162280563677208,1.3494308277393523,1.2647687208659868,2.7492725353070955
0.33707865168539325,0.3595505617977528,1.8784518268642534,1.5646775487987938,1.2885423644324188,2.216211821871481
0.33707865168539325,0.3707865168539326,1.9382099562543345,2.2218900993116057,1.3747461807635444,1.7249134875694536
0.33707865168539325,0.38202247191011235,2.043795155780043,2.731379274863998,1.4125443924248349,1.7152877977144558
0.33707865168539325,0.3932584269662921,2.053323781140768,2.723966600626683,1.4200908257454152,1.6734960378958497
0.33707865168539325,0.4044943820224719,2.070649685467096,2.6191987508861203,1.4971514203304135,0.6714421764600362
0.33707865168539325,0.4157303370786517,2.1701178197571616,2.986160002285036,1.672033674420776,-1.2899488233817218
0.33707865168539325,0.42696629213483145,2.264004113426335,3.4830679936923574,1.8118843256819903,-2.416605364469602
0.33707865168539325,0.4382022471910112,2.262503199322647,3.444236421460116,1.8042879677398764,-2.439596063486615
0.33707865168539325,0.449438202247191,2.2357961021487576,2.561754287199011,1.6775142246962298,-2.352062333275847
0.33707865168539325,0.4606741573033708,2.252591318222434,1.3992737894002123,1.5641591984042347,-2.5919090471978574
0.33707865168539325,0.47191011235955055,2.2727368974738273,1.007084980094312,1.526592288060053,-2.8952964914820565
0.33707865168539325,0.4831460674157303,2.2695870327477228,0.9433175442854922,1.535129680798599,-2.8881914251444516
0.33707865168539325,0.4943820224719101,2.2622944181887323,0.21448950745376838,1.5710067578853937,-2.4563363570684476
0.33707865168539325,0.5056179775280899,2.2630632328676463,-1.2878684876612505,1.6407346899778037,-2.0469132253454223
0.33707865168539325,0.5168539325842696,2.277036908536666,-2.2553810255889513,1.6910446111544515,-2.0462281848943062
0.33707865168539325,0.5280898876404494,2.2851635537180552,-2.313469750864466,1.6802091919208988,-2.021304765257444
0.33707865168539325,0.5393258426966292,2.246247979546286,-2.134615643437811,1.6656474945174276,-1.489606475112136
0.33707865168539325,0.550561797752809,2.1838809062863223,-2.1369442029019106,1.6883476806874766,-0.7555064851217315
0.33707865168539325,0.5617977528089888,2.173845036993462,-2.2754222767355508,1.7364529521965728,-0.3930494194266579
0.33707865168539325,0.5730337078651685,2.171556220487127,-2.285381797723648,1.7332865307710017,-0.3373031269942616
0.33707865168539325,0.5842696629213483,2.113351534608113,-2.0102071798295627,1.5854125130866976,-0.04633754510490149
0.33707865168539325,0.5955056179775281,2.048770850792103,-1.7315915155247552,1.3565364191296676,0.5019406862107567
0.33707865168539325,0.6067415730337078,2.0420549616387933,-1.7069279318688153,1.2471630909104605,0.8127660756229506
0.33707865168539325,0.6179775280898876,2.0248910935448188,-1.7070931245676293,1.2388954916850465,0.8171820128974328
0.33707865168539325,0.6292134831460674,1.8543226825494934,-1.6458341569817558,1.2737469589289845,0.7719452731480251
0.33707865168539325,0.6404494382022472,1.649547675170976,-1.6690847807212055,1.3532590394588029,0.8859284769777052
0.33707865168539325,0.651685393258427,1.6019950839730719,-1.82227662868094,1.4389417958822406,1.0365199721567895
0.33707865168539325,0.6629213483146067,1.5969135078632566,-1.8023614027667236,1.4282096119534706,1.013969694409555
0.33707865168539325,0.6741573033707865,1.4852968359588212,-1.5408172751546927,1.313571976120144,0.8165368063601444
0.33707865168539325,0.6853932584269663,1.369067329929746,-1.3505066023886623,1.2514318829767603,0.6392697831045052
0.33707865168539325,0.696629213483146,1.3492315736572515,-1.33764099902754,1.2690694737690296,0.6044728059387442
0.33707865168539325,0.7078651685393258,1.3312199972074323,-1.283044197320445,1.2147942343122708,0.5845532741734322
0.33707865168539325,0.7191011235955056,1.2506527660557543,-0.9789418498117689,0.9590956959524991,0.4629205391711657
0.33707865168539325,0.7303370786516854,1.1899661092067508,-0.7318865468380822,0.8324642475159334,0.35912959885052836
0.33707865168539325,0.7415730337078652,1.1841659936439446,-0.7102680104943724,0.8386819605294218,0.34653389484406105
0.33707865168539325,0.7528089887640449,0.9871348753425505,-0.5548812682651855,0.7995487737626357,0.28996643846608505
0.33707865168539325,0.7640449438202247,0.5806675008372632,-0.21895085577566686,0.7090434662882772,0.14265245835220788
0.33707865168539325,0.7752808988764045,0.44322334638399663,-0.03746514878748273,0.6922702680287679,0.07269121814003054
0.33707865168539325,0.7865168539325842,0.41687327949904085,-0.05269054410152399,0.6175971620164532,0.06876928470715754
0.33707865168539325,0.797752808988764,0.23545880779722955,-0.03509935303165455,0.3484860752900907,0.05104279686692871
0.33707865168539325,0.8089887640449438,0.1275631718279628,0.031026590974896524,0.24148338208139997,0.05267955918986683
0.33707865168539325,0.8202247191011236,0.1200282549911602,0.04450849676112715,0.23166353898595518,0.05804967971456565
0.33707865168539325,0.8314606741573034,0.10479691230499784,0.00986170565977439,0.1671254509047583,0.04352099457338936
0.33707865168539325,0.8426966292134831,0.09552291476327927,-0.014749547532134285,0.09394921597173035,0.028757582929869945
0.33707865168539325,0.8539325842696629,0.09601127429656987,-0.019107089396094894,0.08457259752667025,0.02527999992944857
0.33707865168539325,0.8651685393258427,0.09271641021339118,-0.01830894425059933,0.014484741489844834,0.03105921115207975
0.33707865168539325,0.8764044943820224,0.10188575719924538,-0.026556131125541452,-0.016414864890914597,0.04098240002973472
0.33707865168539325,0.8876404494382022,0.08359268119781484,-0.0211442779470072,-0.013564235901314201,0.03384759096456211
0.33707865168539325,0.898876404494382,0.009657207584687882,0.0016331493045468385,-0.006643249776387533,0.002175070239713748
0.33707865168539325,0.9101123595505618,-0.008104212047824928,0.00974024634300685,-0.00633329033156377,-0.008932400444244539
0.33707865168539325,0.9213483146067416,-0.002756724897311061,0.001995606839005945,-0.004437151543693471,-0.0034194852667358997
0.33707865168539325,0.9325842696629213,-0.0014845345391223577,-0.0026505643319237227,-0.0018633208789429888,0.000792001692587473
0.33707865168539325,0.9438202247191011,-0.0012573916549190659,-0.001415215334151855,-0.0016301808160474063,-1.0352617195989038e-05
0.33707865168539325,0.9550561797752809,-0.0008800137241907605,-0.0005265909877987819,-0.0012843474690625327,-0.001009696891110706
0.33707865168539325,0.9662921348314606,-0.0004571642614920532,-0.0010847157397742542,-0.0014732753106837324,-0.0008278727289461769
0.33707865168539325,0.9775280898876404,-0.0001752234359777365,-0.0010410667228472734,-0.001076692571068728,-8.303289039508628e-05
0.33707865168539325,0.9887640449438202,-0.00024009771567908792,-0.0007499743234644651,-0.0006515091328133175,0.0004564484536791781
0.33707865168539325,1.0,-2.9448773587056332e-18,-4.1008013796061084e-18,-3.461347162886061e-18,2.0140044013587393e-18
0.348314606741573,0.0,-0.0,-0.0,-0.0,0.0
0.348314606741573,0.011235955056179775,-0.0006369369383377772,0.0002982423703852935,0.00037305518632357697,-0.0007917637163599148
0.348314606741573,0.02247191011235955,-0.0010300435515331599,0.0013738055030045224,0.00043494812399742056,-0.002017172367096235
0.348314606741573,0.033707865168539325,-0.000870960249631012,0.0011904796457340376,0.0013069888483507798,-0.0012660773944085974
0.348314606741573,0.0449438202247191,-0.0008426033684098862,0.00015839243516288742,0.001426994943548247,0.0005423640384238405
0.348314606741573,0.056179775280898875,-0.0008885591407002878,-4.2945508585812295e-05,0.00046317810892034596,-0.0010185971538482837
0.348314606741573,0.06741573033707865,-0.0008101206294314292,0.0003723433721186563,0.0006700199902630352,-0.0042447062605415085
0.348314606741573,0.07865168539325842,-0.0011952983330597259,0.0026482872281370397,-0.0008187949782450675,-0.002837382665033991
0.348314606741573,0.0898876404494382,-0.002399146594416846,0.0037587460819409027,-0.004830525350120258,-0.0009798270944421893
0.348314606741573,0.10112359550561797,-0.0011997373390404565,0.003534492982098906,-0.0005439530690601738,-0.00010051143676252616
0.348314606741573,0.11235955056179775,-0.0053255663306840985,0.011147267804631709,0.008189426834017226,0.003951238189530309
0.348314606741573,0.12359550561797752,-0.006027349230875184,0.013848519837287547,0.008569381296706735,0.005227373235309411
0.348314606741573,0.1348314606741573,0.06939899966689306,-0.0005565525638220796,-0.004586559966895768,0.012718381122080099
0.348314606741573,0.14606741573033707,0.15507337574261587,-0.01809344260884393,-0.02375971528480754,0.029774728952623116
0.348314606741573,0.15730337078651685,0.15717883822386883,-0.01956809981188135,-0.021742274415330554,0.02780801380378687
0.348314606741573,0.16853932584269662,0.2081560046004325,-0.013738501560201693,-0.019451511348131122,0.007447906802967641
0.348314606741573,0.1797752808988764,0.23829927454224528,-0.01715515647229068,-0.03228699730338344,-0.04735525465415135
0.348314606741573,0.19101123595505617,0.24769363158172872,-0.01411458074309053,-0.02617510479825352,-0.028271613956095787
0.348314606741573,0.20224719101123595,0.3703397459487409,-0.0032961509303540207,0.07652129199679918,0.18113325914605996
0.348314606741573,0.21348314606741572,0.5685544799222575,-0.012382904630373436,0.29061014561452353,0.39553144106153454
0.348314606741573,0.2247191011235955,0.6084249515218874,-0.019443184914079936,0.3241711120926672,0.426345755723245
0.348314606741573,0.23595505617977527,0.702934285809669,0.054880217844659594,0.4017132552833933,0.6106380501880585
0.348314606741573,0.24719101123595505,1.0708167644198354,0.17112965497511234,0.6661092536890698,1.0402031244548613
0.348314606741573,0.2584269662921348,1.231524111024347,0.20394740691913768,0.8530043069567491,1.2146295319183609
0.348314606741573,0.2696629213483146,1.2215426321065725,0.2598878030387798,0.8144507754962325,1.2203952520352495
0.348314606741573,0.2808988764044944,1.3481943815439967,0.5131357427874753,0.9191118794930526,1.4927654821295644
0.348314606741573,0.29213483146067415,1.5705094633516934,0.7570352421118727,1.1468378153051089,1.8714790926742155
0.348314606741573,0.3033707865168539,1.6234275505603908,0.8071409726924255,1.1934110431626865,1.967635100404282
0.348314606741573,0.3146067415730337,1.6514115080326497,0.8573865551402553,1.1672410918605365,1.9511854935113768
0.348314606741573,0.3258426966292135,1.7892083756168846,1.1079151985780165,1.2078776374758171,2.2744598136345333
0.348314606741573,0.33707865168539325,1.919900084999892,1.331242850141035,1.2746607366586793,2.7859269827638857
0.348314606741573,0.348314606741573,1.9261886501977072,1.3448916812157077,1.2800422506007822,2.8237553059605065
0.348314606741573,0.3595505617977528,1.8923549101218895,1.535651656372249,1.309220299949104,2.2753544329606794
0.348314606741573,0.3707865168539326,1.9553483089724073,2.2003475568240383,1.4034994473131939,1.763675019229067
0.348314606741573,0.38202247191011235,2.060849455602463,2.7415409602184897,1.4355529351441811,1.770778889727704
0.348314606741573,0.3932584269662921,2.0637126669555723,2.7404053938288606,1.4399658167172469,1.6865802552459375
0.348314606741573,0.4044943820224719,2.0697615342505755,2.626605543106134,1.5262559811435408,0.5447459006405125
0.348314606741573,0.4157303370786517,2.1716091593264903,3.0029658792466454,1.7100118227099206,-1.4406495582583687
0.348314606741573,0.42696629213483145,2.2774330689604856,3.506802968208179,1.8449734505226678,-2.510921165267701
0.348314606741573,0.4382022471910112,2.2767641008515245,3.435160896379307,1.8378227506427067,-2.5222080243722704
0.348314606741573,0.449438202247191,2.2471003112381776,2.503121959065604,1.7198778209243621,-2.447027367242646
0.348314606741573,0.4606741573033708,2.2650606052957567,1.35112865083604,1.6061754905184675,-2.6953679578475285
0.348314606741573,0.47191011235955055,2.2857180268511508,1.0021591738841187,1.5603343245770451,-2.992785190478589
0.348314606741573,0.4831460674157303,2.2868219243821155,0.9462956970258654,1.5508583742025495,-2.953016832129745
0.348314606741573,0.4943820224719101,2.2888505185969747,0.16862569285410284,1.565406561806047,-2.4816231038995564
0.348314606741573,0.5056179775280899,2.2928563227080208,-1.3402884886989574,1.631753959822393,-2.076463568575944
0.348314606741573,0.5168539325842696,2.301926974340223,-2.2778967802672847,1.7068016566298145,-2.0992448416311524
0.348314606741573,0.5280898876404494,2.294084819638256,-2.3198719965451,1.7207764461185548,-2.107445880349763
0.348314606741573,0.5393258426966292,2.2371797772786897,-2.138078325065279,1.7001230943168535,-1.570500208395897
0.348314606741573,0.550561797752809,2.174659231789264,-2.1451187009161963,1.709566639942524,-0.791150940858892
0.348314606741573,0.5617977528089888,2.1805206278253517,-2.2855913771170666,1.759413249363472,-0.40206550914275374
0.348314606741573,0.5730337078651685,2.184147876844483,-2.2931086652882713,1.764975665507315,-0.376382720423939
0.348314606741573,0.5842696629213483,2.1146798342018047,-2.018608972983105,1.6106203901383005,-0.1274614658326896
0.348314606741573,0.5955056179775281,2.0418310843499916,-1.7470113885851672,1.3701200774511466,0.4513039923552979
0.348314606741573,0.6067415730337078,2.044524603716744,-1.7173157949599036,1.264039875603235,0.8103537446672379
0.348314606741573,0.6179775280898876,2.0451359559210536,-1.7176208765242011,1.2590908576113442,0.8414375507496621
0.348314606741573,0.6292134831460674,1.8784187991812857,-1.6744984578088717,1.290762153876769,0.7932975219058348
0.348314606741573,0.6404494382022472,1.671589932259628,-1.704899825338221,1.3686501822752517,0.8957581930694428
0.348314606741573,0.651685393258427,1.6212271240125158,-1.8366052288539887,1.4592777997179278,1.053039695080444
0.348314606741573,0.6629213483146067,1.6050636248880867,-1.8130509563760895,1.4555419830002334,1.0452945881831495
0.348314606741573,0.6741573033707865,1.4806910495336794,-1.5572181891177284,1.3516063119694175,0.8565554686949017
0.348314606741573,0.6853932584269663,1.367724161677191,-1.366306180482517,1.2819688419493138,0.6757328841750974
0.348314606741573,0.696629213483146,1.357373348763797,-1.345860090954517,1.2886375411922186,0.6257062844282189
0.348314606741573,0.7078651685393258,1.33910790510396,-1.2872081852860633,1.2363468242364244,0.5986137922456156
0.348314606741573,0.7191011235955056,1.2490599404616898,-0.9908756354832163,0.9807144120088164,0.48046680643680095
0.348314606741573,0.7303370786516854,1.1826906901998777,-0.7393518494545742,0.854782614894688,0.3727283460173675
0.348314606741573,0.7415730337078652,1.1967414013631252,-0.7204031113407714,0.8468140922747889,0.35754051577319124
0.348314606741573,0.7528089887640449,1.0408053263024002,-0.5794617130636199,0.7912490140502716,0.30387862224153694
0.348314606741573,0.7640449438202247,0.6201593819935397,-0.24441356834312222,0.7082843033388553,0.14739415421420068
0.348314606741573,0.7752808988764045,0.45063182794702855,-0.04486772616785652,0.7024419799596872,0.0725147597727059
0.348314606741573,0.7865168539325842,0.4188127181510368,-0.04548395835384956,0.6266821325121729,0.07680751995793954
0.348314606741573,0.797752808988764,0.2272652053151414,-0.024016733676487424,0.3487032421127351,0.05836852697996478
0.348314606741573,0.8089887640449438,0.12751959665974347,0.03803328704490685,0.24118224177542696,0.053557854325685036
0.348314606741573,0.8202247191011236,0.12310468766854814,0.04044182076886336,0.23338886175987292,0.05187734105338752
0.348314606741573,0.8314606741573034,0.1081816777544932,0.0024532378527812333,0.16961439840047374,0.037547273241792946
0.348314606741573,0.8426966292134831,0.09788981032491448,-0.017234122951477693,0.0930852376485067,0.026757757344943768
0.348314606741573,0.8539325842696629,0.09717957011627311,-0.01754548237254795,0.088455253858565,0.025337491661820113
0.348314606741573,0.8651685393258427,0.09154762216285671,-0.01632319339164961,0.017362022855185167,0.03085309008509105
0.348314606741573,0.8764044943820224,0.10169603282399514,-0.025094207701810783,-0.015315680637106845,0.04187108444789897
0.348314606741573,0.8876404494382022,0.08814907768086656,-0.021552214456229565,-0.015022014685529321,0.03638927787729796
0.348314606741573,0.898876404494382,0.011564188795837944,0.0014292799755681253,-0.008013286969117957,0.003454804347982622
0.348314606741573,0.9101123595505618,-0.007618732230648501,0.010588596607175687,-0.0065914129535878056,-0.007477762690719821
0.348314606741573,0.9213483146067416,-0.0019332911545798077,0.002225907566656837,-0.004080164894179447,-0.0004740984643069593
0.348314606741573,0.9325842696629213,-0.0007219908014474289,-0.0025046427049440468,-0.0013098188291299814,0.0036381944155633506
0.348314606741573,0.9438202247191011,-0.0009498906899961174,-0.0009105907920470066,-0.0017686248648681286,0.0013716113370684678
0.348314606741573,0.9550561797752809,-0.0009752276151350714,2.445045629038291e-05,-0.001721323318490677,-0.0002589412705935908
0.348314606741573,0.9662921348314606,-0.0004436681405290172,-0.000452136409021545,-0.0014716615058071988,0.0007528824250286947
0.348314606741573,0.9775280898876404,0.00017763150543420396,-0.0007752009545991224,-0.0009445768362675612,0.0017313008909484165
0.348314606741573,0.9887640449438202,6.7691656483184355e-06,-0.0009153440364840669,-0.0007275325816562531,0.0012056708880311326
0.348314606741573,1.0,-2.484448499367352e-18,-6.425629985211013e-18,-4.513030409081379e-18,3.0383103835094815e-18
0.3595505617977528,0.0,-0.0,-0.0,-0.0,0.0
0.3595505617977528,0.011235955056179775,-0.0017153328227854383,0.00012228227300649632,-3.8165434355989806e-05,-0.0013536628311704617
0.3595505617977528,0.02247191011235955,-0.002651162740570841,0.0003372892186230407,-0.000560608128303206,-0.0023428064986786776
0.3595505617977528,0.033707865168539325,-0.0029786663552159773,-0.00013329912783471753,-0.0003884073127070357,-0.001006254308104564
0.3595505617977528,0.0449438202247191,-0.0033378848227730924,-0.0013460168812858189,-0.0006742659960563187,0.0014143689458452641
0.3595505617977528,0.056179775280898875,-0.0034121610894694587,-0.0013505469110222865,-0.001047514012459345,-0.0002222910588027016
0.3595505617977528,0.06741573033707865,-0.002588339113808036,0.00016744741257040255,-0.0005285219834259377,-0.004433424718202036
0.3595505617977528,0.07865168539325842,-0.00173571181437599,0.0029125606134757383,-0.0025077144093351026,-0.0022753840095416367
0.3595505617977528,0.0898876404494382,-0.0019540286245227677,0.0016596295272233057,-0.006383518354246188,0.0010635501740402788
0.3595505617977528,0.10112359550561797,-0.0001881648469600299,-0.00010185459490064976,-0.0017016932268601936,3.9505392957075085e-05
0.3595505617977528,0.11235955056179775,-0.0045484963628170455,0.008427907254281518,0.006592978560010262,0.0005922577000396994
0.3595505617977528,0.12359550561797752,-0.006723041434703751,0.013728749437928879,0.005404227435751919,0.002918707772303202
0.3595505617977528,0.1348314606741573,0.06847152348028651,0.005555149246060703,-0.009126730877368025,0.017935524990555108
0.3595505617977528,0.14606741573033707,0.1476620229686692,-0.008816122064322553,-0.027414823300007857,0.038698886422495936
0.3595505617977528,0.15730337078651685,0.14185987183491167,-0.019513818330809802,-0.023598862617247373,0.03371366795396585
0.3595505617977528,0.16853932584269662,0.1917024612300926,-0.024579361067288055,-0.018127982637694284,0.010583250511329363
0.3595505617977528,0.1797752808988764,0.21697983716659366,-0.030337505401459797,-0.02195780737420584,-0.04235718907355329
0.3595505617977528,0.19101123595505617,0.22563041117224406,-0.024447481999802272,-0.014885658961627126,-0.016393671315117285
0.3595505617977528,0.20224719101123595,0.3481784943795745,-0.010796506855249802,0.07893649874256979,0.1835757257486603
0.3595505617977528,0.21348314606741572,0.547671164474822,-0.018046342239503216,0.2854768577295989,0.383865125391644
0.3595505617977528,0.2247191011235955,0.5928042185109178,-0.025751338032242957,0.3097728681682965,0.40619728060817567
0.3595505617977528,0.23595505617977527,0.6893643924754841,0.04267751276314105,0.3833905653105734,0.575746970154912
0.3595505617977528,0.24719101123595505,1.060075293898405,0.16142207855123403,0.6371604088083761,0.998471761340592
0.3595505617977528,0.2584269662921348,1.2401745090240528,0.21115649457740088,0.7782234955108418,1.1643146797400123
0.3595505617977528,0.2696629213483146,1.2076051234287772,0.26160165261636,0.7275137262643271,1.1584893137233518
0.3595505617977528,0.2808988764044944,1.3058964929939008,0.4722041252039402,0.850531210044638,1.4393606701488837
0.3595505617977528,0.29213483146067415,1.523034401388548,0.6861578411215329,1.107474946860412,1.860103446998495
0.3595505617977528,0.3033707865168539,1.5837769991562902,0.7435255241356971,1.1477274319866089,1.9900845035092083
0.3595505617977528,0.3146067415730337,1.61639106223345,0.8141909828129147,1.1268453178816,1.9654437123211337
0.3595505617977528,0.3258426966292135,1.750060901588348,1.075317017945697,1.206526185039014,2.3015967457121165
0.3595505617977528,0.33707865168539325,1.8660798240788303,1.2877511829619679,1.303295265234543,2.8349095915111566
0.3595505617977528,0.348314606741573,1.8629643703678203,1.2867575540283545,1.315859833230368,2.8655623677056385
0.3595505617977528,0.3595505617977528,1.8359063973175216,1.459488731663437,1.3567094026112088,2.2991064009247237
0.3595505617977528,0.3707865168539326,1.9111816474220549,2.1091518688500104,1.4621728397839717,1.7597346098880267
0.3595505617977528,0.38202247191011235,2.026972384568504,2.6478393055246054,1.498340162911224,1.7574496657076413
0.3595505617977528,0.3932584269662921,2.03285821086625,2.6487163373817104,1.5032854581598392,1.6595560903129356
0.3595505617977528,0.4044943820224719,2.0255703302313806,2.5417593536924485,1.5928923221570632,0.49397968094710076
0.3595505617977528,0.4157303370786517,2.1139760153207803,2.925692327731813,1.782200189070186,-1.4464217426092252
0.3595505617977528,0.42696629213483145,2.218833234916707,3.4413516576105536,1.922351437699094,-2.4948640724390354
0.3595505617977528,0.4382022471910112,2.2178079865126032,3.349503436647779,1.9259017612588805,-2.535870959322388
0.3595505617977528,0.449438202247191,2.193046421226311,2.367225120966505,1.8258279722708357,-2.4930495378115487
0.3595505617977528,0.4606741573033708,2.22072125003134,1.2465887243223062,1.718488350176174,-2.7485179103108317
0.3595505617977528,0.47191011235955055,2.24440926743869,0.9485732256309602,1.6611051318939059,-3.03620442719195
0.3595505617977528,0.4831460674157303,2.2430142226012584,0.8852963765863957,1.631584785319499,-2.9588210420053436
0.3595505617977528,0.4943820224719101,2.2408882088999524,0.10575346851772376,1.6290565667031627,-2.4407939676301655
0.3595505617977528,0.5056179775280899,2.2380662573710404,-1.3298855642073668,1.6927420881103843,-2.0205062971752694
0.3595505617977528,0.5168539325842696,2.2404821551113345,-2.229575317487063,1.7840190366448696,-2.0357805908820135
0.3595505617977528,0.5280898876404494,2.2235220713412076,-2.267922814872677,1.8124026292131368,-2.0671463007616993
0.3595505617977528,0.5393258426966292,2.1632972064399456,-2.0965348087786855,1.781227744629397,-1.5894294506778994
0.3595505617977528,0.550561797752809,2.109996967494225,-2.1153744983604974,1.7739506554709037,-0.8026366976266448
0.3595505617977528,0.5617977528089888,2.1323555281951063,-2.2642981403084144,1.8152457687836265,-0.37060106468696813
0.3595505617977528,0.5730337078651685,2.141892478548692,-2.276926857967811,1.819305479490194,-0.33785554272496127
0.3595505617977528,0.5842696629213483,2.0623785793142533,-2.0052059831971163,1.6570788597985744,-0.10691423971132592
0.3595505617977528,0.5955056179775281,1.9808650720075673,-1.730362777496669,1.4000951988651462,0.46909666277105166
0.3595505617977528,0.6067415730337078,1.9848285159159522,-1.6896201260982469,1.281439743206609,0.8462452798264409
0.3595505617977528,0.6179775280898876,1.9867570438114708,-1.6880124599933592,1.2699306354705275,0.8762602579520883
0.3595505617977528,0.6292134831460674,1.8273818533469026,-1.6570840731813998,1.296707957215122,0.7961914594107099
0.3595505617977528,0.6404494382022472,1.6373401593908723,-1.692218090896838,1.3751161868277344,0.8804369489786816
0.3595505617977528,0.651685393258427,1.5862459072839439,-1.8090837017074397,1.4842957798569842,1.0456266554977924
0.3595505617977528,0.6629213483146067,1.568919594145171,-1.7859628293840724,1.4996926441966132,1.0543304322329283
0.3595505617977528,0.6741573033707865,1.4503608403826764,-1.5398846312050931,1.408819312648982,0.8870298176437216
0.3595505617977528,0.6853932584269663,1.3482240144650086,-1.3484752193673741,1.338368761976679,0.7190289247615252
0.3595505617977528,0.696629213483146,1.3494197346533876,-1.3200997021659662,1.339582935069197,0.6646827586413604
0.3595505617977528,0.7078651685393258,1.3332247831150588,-1.2516598206075402,1.2879295262994401,0.6261045452995374
0.3595505617977528,0.7191011235955056,1.2350751671080746,-0.9377229761036725,1.0221983178117067,0.4970322328871092
0.3595505617977528,0.7303370786516854,1.1623427204551002,-0.6511431700844224,0.8829014778450543,0.37938486889094475
0.3595505617977528,0.7415730337078652,1.1868600834931926,-0.6175786555741362,0.863417829676968,0.3605376725818053
0.3595505617977528,0.7528089887640449,1.0540565117323764,-0.5129632246720343,0.8036544096455633,0.3131842895758508
0.3595505617977528,0.7640449438202247,0.622876744959864,-0.22344248538199904,0.7281628827237544,0.1601473519284261
0.3595505617977528,0.7752808988764045,0.4200912769421404,-0.031472111963373135,0.7335720584849008,0.08355389062465186
0.3595505617977528,0.7865168539325842,0.3883999499067975,-0.025911498046633594,0.6695928108490545,0.0942026212753357
0.3595505617977528,0.797752808988764,0.20152841724623557,-0.011709442846440403,0.3881698271916592,0.07862001387352273
0.3595505617977528,0.8089887640449438,0.10781992832392234,0.036451994972018266,0.28387809831346666,0.07214455504304375
0.3595505617977528,0.8202247191011236,0.10800659915419945,0.030832090203397968,0.27757541640947136,0.06837486532777233
0.3595505617977528,0.8314606741573034,0.09706165619129009,-0.0037651324413130044,0.19633164183496177,0.05254097035853741
0.3595505617977528,0.8426966292134831,0.08941641089399575,-0.020056626750688006,0.09140565464570499,0.040548828893586776
0.3595505617977528,0.8539325842696629,0.0900656489568261,-0.019943022559123207,0.08510433585511433,0.03846199636538325
0.3595505617977528,0.8651685393258427,0.0842000357355886,-0.01992477240720927,0.013676673812298536,0.04350084500105278
0.3595505617977528,0.8764044943820224,0.09689606642507768,-0.02888680099246572,-0.019941707299369348,0.05580316892017912
0.3595505617977528,0.8876404494382022,0.08399999877181873,-0.025314156008981625,-0.01876395087402429,0.0506017434755455
0.3595505617977528,0.898876404494382,0.005311351173858867,-0.0013494788808805114,-0.0097282465192668,0.015790103455734134
0.3595505617977528,0.9101123595505618,-0.012219820727122296,0.00949177219186064,-0.006977574740435499,0.0029375142469181327
0.3595505617977528,0.9213483146067416,-0.005365735395149103,0.00127774417772618,-0.004020792813744807,0.0074802127096903325
0.3595505617977528,0.9325842696629213,-0.003409238105341831,-0.0036140508814292253,-0.0013715526920407078,0.009988892547517877
0.3595505617977528,0.9438202247191011,-0.0037375185271739885,-0.001681788977944758,-0.0022119904916755224,0.006691716151512885
0.3595505617977528,0.9550561797752809,-0.003529122120042656,-0.00032489233672742716,-0.00240657188646554,0.004249342211018199
0.3595505617977528,0.9662921348314606,-0.0023942644887365427,-0.00029880772054670954,-0.0018712111387847242,0.004004298323501972
0.3595505617977528,0.9775280898876404,-0.0010297719451731954,-0.0005204806188958448,-0.0010469878565061348,0.0030294781552630407
0.3595505617977528,0.9887640449438202,-0.0006202803971109387,-0.0007612293567911577,-0.0007266294387799661,0.0012185096469844324
0.3595505617977528,1.0,-5.08026729105433e-18,-5.8797722854877284e-18,-4.8694060705704194e-18,2.07548011059845e-18
0.3707865168539326,0.0,-0.0,-0.0,-0.0,0.0
0.3707865168539326,0.011235955056179775,-0.0017332338229638887,0.0001371917092523101,0.00024918807668702025,-0.0012339812666911881
0.3707865168539326,0.02247191011235955,-0.002484408327435742,-0.00031999633852861233,-0.00038240490605995626,-0.0015393814518405093
0.3707865168539326,0.033707865168539325,-0.0028180939663252796,-0.0009979555472706793,-0.0008204787064624995,-0.00024125573109909753
0.3707865168539326,0.0449438202247191,-0.0030461288521151327,-0.0016159543781917034,-0.001709885348579945,0.001738043136305181
0.3707865168539326,0.056179775280898875,-0.0034750634828583067,-0.0013793202994755575,-0.0014739514611155947,0.0004250611579016709
0.3707865168539326,0.06741573033707865,-0.0029829609799012185,-0.0004291281140438564,-0.0006383340729284121,-0.0021496625875529534
0.3707865168539326,0.07865168539325842,-0.001591115776447785,0.001326934929726209,-0.0035369314905928143,0.0019599726881222267
0.3707865168539326,0.0898876404494382,-0.001422050806135561,-0.0006131977029939017,-0.007613719771983458,0.005648711940985699
0.3707865168539326,0.10112359550561797,0.0012953837911605529,-0.0013653978257405631,-0.002823548844461082,0.003155172520664108
0.3707865168539326,0.11235955056179775,-0.00039993058162574106,0.008350795437512671,0.005576531939556948,0.0018522143393347704
0.3707865168539326,0.12359550561797752,-0.003170370786209802,0.014094589031212705,0.004613073951028154,0.004174932399720178
0.3707865168539326,0.1348314606741573,0.07038782453578535,0.009526925865164657,-0.010181070035309466,0.024330700846316257
0.3707865168539326,0.14606741573033707,0.1474472643286853,0.002947219852514652,-0.028432182846330686,0.04912648121025478
0.3707865168539326,0.15730337078651685,0.1439372708748057,-0.004881454558783961,-0.023741326718721745,0.04303483229674053
0.3707865168539326,0.16853932584269662,0.2012562169927489,-0.014644638994642257,-0.010226906146376266,0.017849005380158208
0.3707865168539326,0.1797752808988764,0.2234711469325864,-0.024019317114074106,0.0025699546024832293,-0.033666373294703664
0.3707865168539326,0.19101123595505617,0.23537970046551415,-0.01922313253376734,0.008958868311744922,-0.0006807633648961538
0.3707865168539326,0.20224719101123595,0.36878628869740604,-0.007269074949011721,0.09686865238248302,0.20321430744829522
0.3707865168539326,0.21348314606741572,0.5754596194563901,-0.01483608427464938,0.3060290380458503,0.4086491709317058
0.3707865168539326,0.2247191011235955,0.6231141564501367,-0.021874767422037245,0.34444152249805365,0.4274057251861152
0.3707865168539326,0.23595505617977527,0.7176555137154209,0.04539487813551658,0.43302088547732664,0.5838330293544354
0.3707865168539326,0.24719101123595505,1.0876148679510182,0.17080342611185886,0.6853767495075795,1.01462894023362
0.3707865168539326,0.2584269662921348,1.2995412209400223,0.23152794189532652,0.7971835926675556,1.1990546104090865
0.3707865168539326,0.2696629213483146,1.2637434754198966,0.2668909286000317,0.7614279763716378,1.1993808266952728
0.3707865168539326,0.2808988764044944,1.3436131098467188,0.4319999359846562,0.9253968053761895,1.5083411802167428
0.3707865168539326,0.29213483146067415,1.5455294235157657,0.6096504073519083,1.2225247621969808,1.9872371404217546
0.3707865168539326,0.3033707865168539,1.5989703247209401,0.6599081131183899,1.2708432799604723,2.1389749759732526
0.3707865168539326,0.3146067415730337,1.6255618198560424,0.7328984581653931,1.2858570328602004,2.0869610612166456
0.3707865168539326,0.3258426966292135,1.7493136708369346,0.9919969038664539,1.4223505036038173,2.428265117076446
0.3707865168539326,0.33707865168539325,1.8534593283835583,1.2024603746768925,1.5542665739727133,2.975319616282054
0.3707865168539326,0.348314606741573,1.8546479281751673,1.2057367460333297,1.5715798212520666,2.9876728615585826
0.3707865168539326,0.3595505617977528,1.8533722029234232,1.380081682686177,1.6201476034406397,2.375469065654632
0.3707865168539326,0.3707865168539326,1.9519309684210766,2.023033946194733,1.7371156192138177,1.7861114966640408
0.3707865168539326,0.38202247191011235,2.0725749890410725,2.5520996393635174,1.7800102640493347,1.7646641005664891
0.3707865168539326,0.3932584269662921,2.0778058415159846,2.5480808035041034,1.7902714454949884,1.6731912572290177
0.3707865168539326,0.4044943820224719,2.061145068951314,2.453745063032019,1.8952913317550282,0.4803630003107452
0.3707865168539326,0.4157303370786517,2.1339142406493092,2.8494769041749675,2.1073632701102722,-1.4958631362962513
0.3707865168539326,0.42696629213483145,2.2282667558249734,3.38670209972903,2.2622320355857255,-2.5710975124370163
0.3707865168539326,0.4382022471910112,2.2255033369570074,3.2969388367342702,2.268088039518364,-2.6288389925922
0.3707865168539326,0.449438202247191,2.2070298276726596,2.2604443086618864,2.1744797176358936,-2.5913593819783416
0.3707865168539326,0.4606741573033708,2.241659555794719,1.140090171782833,2.084402551167082,-2.84600528014381
0.3707865168539326,0.47191011235955055,2.27229887875852,0.8746355090432244,2.0419580220885254,-3.1437276857474625
0.3707865168539326,0.4831460674157303,2.272048996636063,0.8059891159827007,2.0169783136383193,-3.0761396694221474
0.3707865168539326,0.4943820224719101,2.263862085323331,0.03827481128492257,2.0082434943757494,-2.5447467504846575
0.3707865168539326,0.5056179775280899,2.254873411164687,-1.3372304763315463,2.064149235233926,-2.098559563143142
0.3707865168539326,0.5168539325842696,2.2572815514121034,-2.2000685666395285,2.1553268992292636,-2.0899948544525033
0.3707865168539326,0.5280898876404494,2.243000219990402,-2.2399186981635744,2.179358509575525,-2.109015342450899
0.3707865168539326,0.5393258426966292,2.18471567018245,-2.0805851824417796,2.1242645401621747,-1.6570047341163874
0.3707865168539326,0.550561797752809,2.131241200995475,-2.101943266552539,2.08638805946529,-0.8475168633477653
0.3707865168539326,0.5617977528089888,2.153836065879062,-2.2493483722900027,2.1083800195145925,-0.3651584161267144
0.3707865168539326,0.5730337078651685,2.1635207443487365,-2.266460810656754,2.1066904677207825,-0.31775412982707324
0.3707865168539326,0.5842696629213483,2.0831052175617817,-2.0006040811274155,1.9398764940634645,-0.09409746046084912
0.3707865168539326,0.5955056179775281,1.9999556112321808,-1.719817283284501,1.6725973602665023,0.5058637866907058
0.3707865168539326,0.6067415730337078,1.9992649766923316,-1.6686759845951753,1.5462285414321442,0.9347308030939658
0.3707865168539326,0.6179775280898876,1.9917085976753413,-1.6614815558692884,1.5408253166227006,0.9593974367885476
0.3707865168539326,0.6292134831460674,1.8444524894599972,-1.6323233339362206,1.5718505521633355,0.8375615625844557
0.3707865168539326,0.6404494382022472,1.6789819508898407,-1.6695205769652286,1.641340502177113,0.9132554827711881
0.3707865168539326,0.651685393258427,1.6316295134298886,-1.783129196418092,1.7439242474929395,1.0934915617221967
0.3707865168539326,0.6629213483146067,1.6194096568743397,-1.7585103263142623,1.751870108009277,1.1077903604322803
0.3707865168539326,0.6741573033707865,1.50871084551128,-1.5155312202369682,1.6435095680652891,0.9356898362662507
0.3707865168539326,0.6853932584269663,1.4076119870614985,-1.3220197822142064,1.5541040471279415,0.7538359990587756
0.3707865168539326,0.696629213483146,1.4101480817575207,-1.2901782435322404,1.5499613777730528,0.6903860505568917
0.3707865168539326,0.7078651685393258,1.3907339874378137,-1.2214215397833745,1.4941922203755436,0.650557220391871
0.3707865168539326,0.7191011235955056,1.2834123737203698,-0.8877264334349482,1.1985554877023101,0.5166866634851124
0.3707865168539326,0.7303370786516854,1.2053087647103427,-0.5549367281603719,1.028277890500798,0.39009714669182455
0.3707865168539326,0.7415730337078652,1.2266369037382658,-0.5005387559684427,0.9956975817094706,0.3672644577559043
0.3707865168539326,0.7528089887640449,1.0787035115837469,-0.42472769759276296,0.9294914620814059,0.31786399309800695
0.3707865168539326,0.7640449438202247,0.6393426858650222,-0.17788746437452144,0.8376652536480796,0.1632091861882149
0.3707865168539326,0.7752808988764045,0.4175534950818358,-0.005283025180286568,0.8312475598972747,0.07780106855346418
0.3707865168539326,0.7865168539325842,0.3875689866109774,-0.00637070086999293,0.7695245031082308,0.08802642885245135
0.3707865168539326,0.797752808988764,0.20469380693152164,-0.005193162058778525,0.4710723968469966,0.07786953333790515
0.3707865168539326,0.8089887640449438,0.1071017673898169,0.0311802218376189,0.35924302877519304,0.07401134366468559
0.3707865168539326,0.8202247191011236,0.10734590355947425,0.025829527246865613,0.3530233910853071,0.0702182658963126
0.3707865168539326,0.8314606741573034,0.09877767891373634,-0.002758720164973899,0.2563192927401017,0.052108413188812285
0.3707865168539326,0.8426966292134831,0.09349267333632605,-0.01876119133593242,0.12216954169999136,0.03902105036446092
0.3707865168539326,0.8539325842696629,0.09459200644695184,-0.020004968021198086,0.10656153838968535,0.03830296245639403
0.3707865168539326,0.8651685393258427,0.08918652714625075,-0.020455444558263248,0.020411469717960498,0.04589600254677218
0.3707865168539326,0.8764044943820224,0.10523299081674124,-0.029003480027408865,-0.0233408670529024,0.06112687364816154
0.3707865168539326,0.8876404494382022,0.08880199758013495,-0.02489946010622573,-0.020206507694551384,0.054873786927615645
0.3707865168539326,0.898876404494382,0.005388519606362844,-0.00118579397170836,-0.007767539107452509,0.017119610884462053
0.3707865168539326,0.9101123595505618,-0.01147433484410933,0.009522250374485874,-0.004330744336383331,0.0035082178110301017
0.3707865168539326,0.9213483146067416,-0.004305482441041241,0.0004291610338335418,-0.0024540363790349195,0.008344149217812133
0.3707865168539326,0.9325842696629213,-0.0016768650649952059,-0.005449012557518919,-0.0008704995228650995,0.011593148561501808
0.3707865168539326,0.9438202247191011,-0.0024760760591948363,-0.003465696577537424,-0.0015905646379859109,0.008765066738698462
0.3707865168539326,0.9550561797752809,-0.0027738608288219216,-0.0015479684715665831,-0.0017261869074727057,0.006181392869414749
0.3707865168539326,0.9662921348314606,-0.0020218494184359513,-0.0010215928992810953,-0.0012417085294884416,0.004850458698451121
0.3707865168539326,0.9775280898876404,-0.001015203699958078,-0.0010353408100381002,-0.0005315800975332377,0.0026178488184297384
0.3707865168539326,0.9887640449438202,-0.0006931918472544254,-0.0009467513075129342,-0.00037274761921044457,0.0007104217142401901
0.3707865168539326,1.0,-5.1742385163072065e-18,-5.663696011164621e-18,-3.693632229584604e-18,1.2150837187318645e-18
0.38202247191011235,0.0,-0.0,-0.0,-0.0,0.0
0.38202247191011235,0.011235955056179775,-0.0006793346074712381,0.000393574163110677,0.0007274032637571105,-0.0009891927467463645
0.38202247191011235,0.02247191011235955,-0.0006412461385720646,-4.220859833031886e-05,0.0004970974179826899,-0.000923546622069121
0.38202247191011235,0.033707865168539325,-0.00043691632475235394,-0.0006003343459173126,0.0005136552782775518,-0.0007831530287016134
0.38202247191011235,0.0449438202247191,4.222398809169737e-05,-0.0007788107307046378,-0.00018646459876093255,-0.0005624089723628143
0.38202247191011235,0.056179775280898875,-0.001005597873774827,-0.0008742645545708397,0.0005413831482636588,-0.002188468223016707
0.38202247191011235,0.06741573033707865,-0.002137355758721756,-0.0011751840550559445,0.0018049124492587295,-0.00412547945558702
0.38202247191011235,0.07865168539325842,-0.0012320375783639443,-4.568721715970236e-05,-0.002205332425252584,-5.0870125142041104e-05
0.38202247191011235,0.0898876404494382,-0.0014058685067223967,-0.0004938470934106178,-0.007333448967250381,0.0036282634746149164
0.38202247191011235,0.10112359550561797,0.0014156002573486308,0.0011603194495812543,-0.0027989580386717653,0.0018827027872969939
0.38202247191011235,0.11235955056179775,0.0032729821852189684,0.0109010630782127,0.006566526257459647,0.0005266838046546456
0.38202247191011235,0.12359550561797752,0.0027189832562304773,0.013987179746022725,0.007656403023547442,0.0016554726784320294
0.38202247191011235,0.1348314606741573,0.07440977802739496,0.008614588629043388,-0.005791747618956083,0.024517779423484463
0.38202247191011235,0.14606741573033707,0.15205920188129096,0.0068335793481923805,-0.02457801114474024,0.05434302790725675
0.38202247191011235,0.15730337078651685,0.1602580610725084,0.005320844790493458,-0.021363411902796545,0.05186124916437902
0.38202247191011235,0.16853932584269662,0.2267244491994921,-0.0020872015190879457,-0.0004500950787353675,0.028430093454419537
0.38202247191011235,0.1797752808988764,0.2460941493778598,-0.012295662359509473,0.026631797191273066,-0.023406501523257326
0.38202247191011235,0.19101123595505617,0.259856539127827,-0.010220599095498831,0.032408821219985263,0.0006301169643072303
0.38202247191011235,0.20224719101123595,0.4038714307902299,-0.002233240471050987,0.1190702867581783,0.19686197091677968
0.38202247191011235,0.21348314606741572,0.6147930772236522,-0.011329098429201389,0.33767706740998166,0.41516635212589303
0.38202247191011235,0.2247191011235955,0.6567794606196737,-0.017107667756913893,0.3913200551658486,0.4432604232700301
0.38202247191011235,0.23595505617977527,0.7485556553986092,0.05277396744246297,0.4911903308860399,0.5857109302076285
0.38202247191011235,0.24719101123595505,1.1184389443160938,0.18430446300419184,0.7485804525733321,1.0111613177331835
0.38202247191011235,0.2584269662921348,1.3528471180293309,0.24629642997899362,0.865808173012372,1.2147311732485628
0.38202247191011235,0.2696629213483146,1.3214950112655761,0.265576372293094,0.860405581550049,1.2334738867596344
0.38202247191011235,0.2808988764044944,1.3945416060698392,0.4043065832114259,1.0609580320129548,1.573018410880075
0.38202247191011235,0.29213483146067415,1.5878143317192959,0.5594110901812261,1.3849011319791564,2.088505011814512
0.38202247191011235,0.3033707865168539,1.6347443043549372,0.5938705763721399,1.4413445224973749,2.2354742141576134
0.38202247191011235,0.3146067415730337,1.6564522646860982,0.6515063519547777,1.477220873792244,2.1495369632932855
0.38202247191011235,0.3258426966292135,1.7728641696390144,0.9015076685686674,1.6372822850587179,2.47499113800648
0.38202247191011235,0.33707865168539325,1.8672821383269722,1.118823819480939,1.7815699686155815,3.034260078954039
0.38202247191011235,0.348314606741573,1.874761786434012,1.135191224139839,1.7986154432758263,3.0572207193168524
0.38202247191011235,0.3595505617977528,1.8932400255809603,1.3131248248577887,1.848890343791763,2.422079859377314
0.38202247191011235,0.3707865168539326,2.007111786281602,1.939792133622245,1.968434611057709,1.7952771287212954
0.38202247191011235,0.38202247191011235,2.128319970045744,2.463087704778205,2.0080382664211296,1.755950113712137
0.38202247191011235,0.3932584269662921,2.1313490854026034,2.458807120122137,2.017247052224811,1.6697502136182332
0.38202247191011235,0.4044943820224719,2.1121874791553275,2.365138703179944,2.1368057062916503,0.4383145525872073
0.38202247191011235,0.4157303370786517,2.175753237993823,2.765427503115332,2.3779270272451676,-1.5654572090954475
0.38202247191011235,0.42696629213483145,2.2596141098168574,3.3246747085603072,2.551389382033025,-2.6081658088903668
0.38202247191011235,0.4382022471910112,2.2577448230198063,3.2459870028177056,2.550920558444355,-2.6393796243844783
0.38202247191011235,0.449438202247191,2.2432465472390195,2.169062107039717,2.4518802682038197,-2.597927027329529
0.38202247191011235,0.4606741573033708,2.2769588599297395,1.0427629790415003,2.376840304271146,-2.8554804102777736
0.38202247191011235,0.47191011235955055,2.311011946907415,0.8017367457437109,2.358975396512521,-3.167472295114904
0.38202247191011235,0.4831460674157303,2.3125834229267266,0.7428671159471509,2.3525300122758437,-3.135323297262739
0.38202247191011235,0.4943820224719101,2.30172262919023,-0.008863239899980916,2.3461660679732024,-2.629567553388986
0.38202247191011235,0.5056179775280899,2.294807273235225,-1.3447040190008581,2.3874984913929795,-2.1701925992206523
0.38202247191011235,0.5168539325842696,2.305924601194764,-2.172662879242111,2.457232887973275,-2.1328823357421234
0.38202247191011235,0.5280898876404494,2.301601071807766,-2.212862691784836,2.4634330547316345,-2.1268554782719136
0.38202247191011235,0.5393258426966292,2.247718300846036,-2.061860138927947,2.394550394601609,-1.6797013486046601
0.38202247191011235,0.550561797752809,2.1879476970036604,-2.0746937624714636,2.3394649787252,-0.8632970301108388
0.38202247191011235,0.5617977528089888,2.1976156241614686,-2.207718201698141,2.3482062958293692,-0.3652359254809555
0.38202247191011235,0.5730337078651685,2.2002793541675687,-2.2191331959818648,2.3453758049256526,-0.3201288660606201
0.38202247191011235,0.5842696629213483,2.1242461757561357,-1.9522777776830527,2.1818799263700077,-0.11841457095975637
0.38202247191011235,0.5955056179775281,2.0429509202969305,-1.6700974684604637,1.9171689701963956,0.4906348384139524
0.38202247191011235,0.6067415730337078,2.037070619785362,-1.6255252452210476,1.7911273690014355,0.9809324506775463
0.38202247191011235,0.6179775280898876,2.0300359577442864,-1.6213119876021838,1.7889112823550852,1.0116365347362346
0.38202247191011235,0.6292134831460674,1.9024739434897346,-1.5890988463906202,1.8221416230161829,0.8642823885238597
0.38202247191011235,0.6404494382022472,1.75445034610342,-1.6259753509530983,1.8814233385559989,0.9445992137744771
0.38202247191011235,0.651685393258427,1.7085190230191898,-1.7453736361372056,1.9661793143729993,1.1299344295432339
0.38202247191011235,0.6629213483146067,1.699827557489415,-1.7215191128168899,1.957033766493725,1.1262924797455975
0.38202247191011235,0.6741573033707865,1.5950474739375462,-1.4774903230120882,1.821120938627326,0.9284258046306233
0.38202247191011235,0.6853932584269663,1.489823692256844,-1.2839428754152769,1.7136034913106408,0.7272178668433787
0.38202247191011235,0.696629213483146,1.4874710028876852,-1.254888184675964,1.7102772824846686,0.6661503477758162
0.38202247191011235,0.7078651685393258,1.4604774819793804,-1.1967285412185475,1.6416392815894107,0.6383480098141411
0.38202247191011235,0.7191011235955056,1.3415165243577087,-0.8577075854355453,1.3279894771452823,0.5086608080646904
0.38202247191011235,0.7303370786516854,1.2573033502621886,-0.4919673837338173,1.1520015947820008,0.37909535382249815
0.38202247191011235,0.7415730337078652,1.2671421075071387,-0.42147337025511433,1.1256080108300983,0.3553280486259318
0.38202247191011235,0.7528089887640449,1.0834120625407444,-0.36197556973848793,1.068708534103602,0.3017385146005235
0.38202247191011235,0.7640449438202247,0.6453809745694902,-0.14394098957125037,0.9511753157485268,0.1475729229623073
0.38202247191011235,0.7752808988764045,0.43291798061713654,0.010344936684907517,0.9077820953074578,0.05792794801391399
0.38202247191011235,0.7865168539325842,0.410132664120528,-0.00132094830519441,0.839380852707637,0.06423626269207679
0.38202247191011235,0.797752808988764,0.22820580841533925,-0.012283152803605365,0.5300672463994861,0.057069628103150895
0.38202247191011235,0.8089887640449438,0.12384561725132964,0.01986474188780595,0.4069421850743462,0.058375541543992174
0.38202247191011235,0.8202247191011236,0.11902852104133893,0.02093773426278217,0.3985711619202408,0.057564802710762926
0.38202247191011235,0.8314606741573034,0.10926483257156833,-0.0007742389123035807,0.2954996131642219,0.04026223798036796
0.38202247191011235,0.8426966292134831,0.10395707648724857,-0.01701972351312927,0.15558899469774698,0.026912712920740507
0.38202247191011235,0.8539325842696629,0.1040900804987455,-0.01867812239349,0.13650021087960063,0.02669920663401427
0.38202247191011235,0.8651685393258427,0.09947937863259033,-0.018096110256688537,0.03505514391295373,0.03690229047212318
0.38202247191011235,0.8764044943820224,0.11723737952561149,-0.026908292070152683,-0.020406769833739267,0.0544436328224377
0.38202247191011235,0.8876404494382022,0.0970565537447418,-0.022808068884143953,-0.017204706961289683,0.04602509417067088
0.38202247191011235,0.898876404494382,0.010505013140087468,0.00022004330220412187,-0.003227644141338457,0.005359061442998114
0.38202247191011235,0.9101123595505618,-0.007036597308628022,0.010057718599146103,-0.00044609403363555746,-0.007312861818938804
0.38202247191011235,0.9213483146067416,-0.0005586084856457448,0.0003791023450900855,-0.00040259371077940677,0.00011584978965936682
0.38202247191011235,0.9325842696629213,0.002180485029503765,-0.005744681569407033,0.00017036395911733295,0.004691285755712349
0.38202247191011235,0.9438202247191011,0.000886414650798374,-0.0036277338247406154,-3.978634275817762e-05,0.0027293682291526368
0.38202247191011235,0.9550561797752809,-8.300370893126048e-05,-0.0019725690410936077,6.15357246331456e-05,0.001325816343510708
0.38202247191011235,0.9662921348314606,8.09761363726982e-05,-0.0018000739697457738,0.00011060607238756692,0.0012374772897466033
0.38202247191011235,0.9775280898876404,0.00019458181060991555,-0.0016503743410964686,0.00026880702492629603,0.00018291916468353138
0.38202247191011235,0.9887640449438202,-0.00015540691425755838,-0.0011496850093854652,4.696338368981098e-05,-0.00039174453530422133
0.38202247191011235,1.0,-2.5545442956432664e-18,-5.85878418755579e-18,-2.3134887702282454e-18,-7.317281972447851e-19
0.3932584269662921,0.0,-0.0,-0.0,-0.0,0.0
0.3932584269662921,0.011235955056179775,-0.0005033308242572716,0.0004227151825195922,0.0005330948403397156,-0.000533057645137122
0.3932584269662921,0.02247191011235955,-0.0006807294108540343,2.6491688123373865e-05,9.215242010795466e-05,-0.00029027667312459476
0.3932584269662921,0.033707865168539325,-0.0006673758533009851,-0.00028579867990520064,0.00035002272218726465,-0.00044368561081322593
0.3932584269662921,0.0449438202247191,2.1360358691482182e-05,-0.00025345818099400925,-0.0001019273739951396,-0.0003363025213069692
0.3932584269662921,0.056179775280898875,-0.0010139786288278286,-0.0008548162760670179,0.0007964348936137028,-0.0016757214063380392
0.3932584269662921,0.06741573033707865,-0.002343827957868157,-0.0021366610842688716,0.002432415360338128,-0.003976729262754188
0.3932584269662921,0.07865168539325842,-0.0009253164359571402,-0.0015053742594489175,-0.001686115208040787,-0.0008415798664547601
0.3932584269662921,0.0898876404494382,-0.0012575015247371219,-0.0008625155638813784,-0.007242584099224498,0.0032914478094895902
0.3932584269662921,0.10112359550561797,3.53627499263979e-05,0.002326748153052294,-0.003390831590106638,0.00349486144960768
0.3932584269662921,0.11235955056179775,0.001877269123034099,0.011531364894802082,0.005592764632792895,0.0024516746738506684
0.3932584269662921,0.12359550561797752,0.002631221766383775,0.012548085842717771,0.007437331057328619,0.0006697610698799726
0.3932584269662921,0.1348314606741573,0.07318381063696237,0.006375947985117227,-0.0049051179448993424,0.02134886426453078
0.3932584269662921,0.14606741573033707,0.149707608124803,0.005441686679344256,-0.02402018170308713,0.05245863842684794
0.3932584269662921,0.15730337078651685,0.16392591993390335,0.004564904762265975,-0.023760704136267064,0.05309645298284427
0.3932584269662921,0.16853932584269662,0.23041533288143257,-0.002302196005090602,-0.0024405765965341162,0.03152365651685913
0.3932584269662921,0.1797752808988764,0.247370631334975,-0.012150794779691255,0.02621787460660835,-0.02040005680869705
0.3932584269662921,0.19101123595505617,0.25845725566370753,-0.01149464172387446,0.030491907640135877,-0.010969576268484202
0.3932584269662921,0.20224719101123595,0.4065832640828639,-0.005395389977991785,0.11469953261891812,0.1706809674879456
0.3932584269662921,0.21348314606741572,0.6210337819753822,-0.014054344117542318,0.33823084998698344,0.4023858902605201
0.3932584269662921,0.2247191011235955,0.6556058616817741,-0.016089254775046524,0.38918271158930934,0.4507581897421066
0.3932584269662921,0.23595505617977527,0.751606629153357,0.05968832972586956,0.48141036346755606,0.593530775851813
0.3932584269662921,0.24719101123595505,1.11983799412651,0.19296300437751754,0.7341583322175207,1.0086259260199277
0.3932584269662921,0.2584269662921348,1.3541690220422222,0.2473601636284753,0.8640076101884648,1.220805257014444
0.3932584269662921,0.2696629213483146,1.321308806169269,0.2588060976897842,0.8763321681253178,1.2585051962253309
0.3932584269662921,0.2808988764044944,1.3942131109300713,0.4059528450370239,1.0784386097605507,1.6129484329786572
0.3932584269662921,0.29213483146067415,1.5894373655005247,0.5697719845437187,1.3935914090130075,2.116608398542426
0.3932584269662921,0.3033707865168539,1.6386818761221023,0.5945947603727644,1.4386915860541325,2.2385359683089376
0.3932584269662921,0.3146067415730337,1.6651736832705555,0.6345828186174755,1.4762524678630586,2.1379190526138365
0.3932584269662921,0.3258426966292135,1.7838840748789004,0.8819461357843701,1.6418072384437765,2.4477832784267854
0.3932584269662921,0.33707865168539325,1.8735924903536592,1.1162458014849228,1.7856337640398923,3.0229321732203847
0.3932584269662921,0.348314606741573,1.8796773054336018,1.1464702325028298,1.796126567540966,3.0857560492045635
0.3932584269662921,0.3595505617977528,1.892425543461295,1.3262952944524877,1.8437444909079175,2.457146135193065
0.3932584269662921,0.3707865168539326,2.00748297977252,1.942468136166771,1.9666778785252124,1.8140214579684744
0.3932584269662921,0.38202247191011235,2.132721593250941,2.471314504459987,2.009433466238168,1.7618943868985022
0.3932584269662921,0.3932584269662921,2.133404756490442,2.4683240936743394,2.0188981396689583,1.6713289704394094
0.3932584269662921,0.4044943820224719,2.115720886790151,2.352892027459834,2.1365639540945214,0.3830547444613778
0.3932584269662921,0.4157303370786517,2.180438698702963,2.749921132346279,2.3800205208667604,-1.6492559127935513
0.3932584269662921,0.42696629213483145,2.263390179782262,3.331731033566803,2.553622776832006,-2.6379204304980526
0.3932584269662921,0.4382022471910112,2.2661335080053933,3.2578285082917344,2.539812100163225,-2.642705401972649
0.3932584269662921,0.449438202247191,2.255314689195644,2.1578563646433206,2.432883466855719,-2.5989861144526536
0.3932584269662921,0.4606741573033708,2.2870104431235245,1.0282781033106663,2.361637447685951,-2.858404291246352
0.3932584269662921,0.47191011235955055,2.3185377745678184,0.7992269291608869,2.3519232527429175,-3.173271136051796
0.3932584269662921,0.4831460674157303,2.3159424767810592,0.7556095902782918,2.355361484919818,-3.1581123657459975
0.3932584269662921,0.4943820224719101,2.298270680213186,0.011837963208115365,2.35917345437191,-2.6720317401121947
0.3932584269662921,0.5056179775280899,2.288976082936607,-1.341506777570867,2.40181118194943,-2.2054503950343576
0.3932584269662921,0.5168539325842696,2.305057635434222,-2.179012309737686,2.4621590527514083,-2.15115428845029
0.3932584269662921,0.5280898876404494,2.306305331064997,-2.2286636665376456,2.464105021966237,-2.133359249237989
0.3932584269662921,0.5393258426966292,2.255242694024553,-2.0924529623491273,2.40379181938284,-1.6904096904089427
0.3932584269662921,0.550561797752809,2.196421340260876,-2.104674246402045,2.3501371846440438,-0.8744674056219296
0.3932584269662921,0.5617977528089888,2.2034826465527177,-2.226818420612739,2.350443537998923,-0.37026285094791017
0.3932584269662921,0.5730337078651685,2.2057933477152942,-2.2264904081936026,2.34807224230642,-0.3269802691529373
0.3932584269662921,0.5842696629213483,2.134774325849058,-1.9452883636698552,2.194097723097659,-0.1415241492613267
0.3932584269662921,0.5955056179775281,2.0524647275067918,-1.656478277488919,1.934093214375239,0.4586356139279029
0.3932584269662921,0.6067415730337078,2.040657877271974,-1.628026005926427,1.7989107054323685,0.9781888429716127
0.3932584269662921,0.6179775280898876,2.037660232831478,-1.6329085991099825,1.7846917783601326,1.0094373667240972
0.3932584269662921,0.6292134831460674,1.9163977446137437,-1.5918029001184322,1.8200845921517055,0.8565200550050996
0.3932584269662921,0.6404494382022472,1.7643948973351087,-1.6219078624914711,1.8858721260276479,0.953982016168382
0.3932584269662921,0.651685393258427,1.7108881591520386,-1.7490593746103194,1.9687737671699521,1.139207778347404
0.3932584269662921,0.6629213483146067,1.6993300386276098,-1.731422657687113,1.9574829954756352,1.1185589016906072
0.3932584269662921,0.6741573033707865,1.5969778999123763,-1.4832237127132117,1.8153135355247885,0.9052695823610969
0.3932584269662921,0.6853932584269663,1.4918299429275792,-1.285272934855136,1.7115449568379104,0.7063292129790352
0.3932584269662921,0.696629213483146,1.4883362403054425,-1.25865784726133,1.7146371383561103,0.6640442493447236
0.3932584269662921,0.7078651685393258,1.4594447548560756,-1.2118224395858865,1.6246739474381218,0.6473406491153186
0.3932584269662921,0.7191011235955056,1.3387748136460542,-0.8757104370616334,1.3041970512319618,0.5151104368611321
0.3932584269662921,0.7303370786516854,1.2595189875318733,-0.4993136824197931,1.1389892191571651,0.3804644052588695
0.3932584269662921,0.7415730337078652,1.2679299828067274,-0.4270960942744277,1.128597477040012,0.3574370731059977
0.3932584269662921,0.7528089887640449,1.0506708661068447,-0.3735542830758778,1.1028571191733763,0.30037338865800717
0.3932584269662921,0.7640449438202247,0.61579413513072,-0.15377446035102726,0.9848187966367177,0.14750457088979232
0.3932584269662921,0.7752808988764045,0.42920774073913115,0.00817538217894748,0.9130100195262512,0.059868743669838874
0.3932584269662921,0.7865168539325842,0.4141640873663486,-0.00043232985929910996,0.843863605172074,0.061147093014340355
0.3932584269662921,0.797752808988764,0.23349944273727113,-0.015842839032975696,0.5369384435151853,0.05270783897159421
0.3932584269662921,0.8089887640449438,0.12624879677108075,0.017724096354579583,0.40944531883766416,0.057572160870001415
0.3932584269662921,0.8202247191011236,0.11877070944722862,0.023861839586080288,0.39701556565028123,0.05975626329557556
0.3932584269662921,0.8314606741573034,0.10897477587382011,0.003565073395842889,0.28500752239629307,0.043291494864812395
0.3932584269662921,0.8426966292134831,0.10348103605446894,-0.016525155719483695,0.1497893425933764,0.028363675038220265
0.3932584269662921,0.8539325842696629,0.10408756500273546,-0.01934400630093046,0.13701410733486166,0.026372368581881637
0.3932584269662921,0.8651685393258427,0.10005759563715262,-0.017323294180321473,0.03618829774690091,0.03676895506876565
0.3932584269662921,0.8764044943820224,0.11711075227597281,-0.02706229526025844,-0.02067999595722814,0.05511213985852211
0.3932584269662921,0.8876404494382022,0.09719163151637775,-0.02324395792105273,-0.017454521691223118,0.04620457906215585
0.3932584269662921,0.898876404494382,0.01081127473342755,-5.031534099251693e-05,-0.002960691448511296,0.0044992965148835965
0.3932584269662921,0.9101123595505618,-0.007081073903391562,0.009351931986646219,-0.0004662003577597807,-0.007128701094936218
0.3932584269662921,0.9213483146067416,-0.000920527440539191,-0.00035497066550265686,-0.0011505918964495338,0.0010631241651777106
0.3932584269662921,0.9325842696629213,0.0017904533153379118,-0.005747294261234455,-0.0007470397362090808,0.0047287135505739535
0.3932584269662921,0.9438202247191011,0.0004853295313586759,-0.0031150704099553407,-0.00016841411207409746,0.0025098479941787553
0.3932584269662921,0.9550561797752809,-0.0003207225974972382,-0.0020449328578377303,0.0005606501610855058,0.0015053553069936134
0.3932584269662921,0.9662921348314606,7.590797541450544e-05,-0.00234539473087973,0.0003555019371085778,0.001648363096117851
0.3932584269662921,0.9775280898876404,7.882537139767598e-06,-0.001880120326857249,0.0002271725137515449,0.00038711483262565644
0.3932584269662921,0.9887640449438202,-0.00032877533799587365,-0.0011963509754540891,2.6645362540951734e-05,-0.000395260850145887
0.3932584269662921,1.0,-2.4027023187924188e-18,-6.255989899366913e-18,-2.5190329922468354e-18,-3.793153861439279e-19
0.4044943820224719,0.0,-0.0,-0.0,-0.0,0.0
0.4044943820224719,0.011235955056179775,-0.000970760429315407,-0.0002787891778427067,-0.0003694818431978504,0.00037661503395616634
0.4044943820224719,0.02247191011235955,-0.0018910158115851856,-0.0005677259961669673,-0.001637128231697929,0.0010853057516498608
0.4044943820224719,0.033707865168539325,-0.0025585108457085574,-6.259504051394117e-05,-0.0016436671941460236,0.0018592957156529342
0.4044943820224719,0.0449438202247191,-0.0024343940088638358,0.000834868590067317,-0.0021111465741948977,0.0032573798675091573
0.4044943820224719,0.056179775280898875,-0.003037761270948403,0.0008109837120149379,-0.0016861010302111697,0.002624106894910398
0.4044943820224719,0.06741573033707865,-0.003091320473156996,-0.0002958967587572864,-0.0003098389505184299,0.00029850103991500105
0.4044943820224719,0.07865168539325842,-0.0006273049512103109,-0.0009402774037328517,-0.0038424822785324674,0.0035984231890680393
0.4044943820224719,0.0898876404494382,-0.0011950130654085837,-0.0025872007908014105,-0.009008279716783833,0.008951200559401223
0.4044943820224719,0.10112359550561797,-0.0026103801272589397,-0.0012743380734143608,-0.005452921753824005,0.010917349267046975
0.4044943820224719,0.11235955056179775,-0.005150216878380699,0.006270168396757038,0.003366611617408152,0.010316350233282104
0.4044943820224719,0.12359550561797752,-0.005572143577604296,0.005207434884281172,0.005689900431558336,0.005436021002041078
0.4044943820224719,0.1348314606741573,0.06756081969727483,-0.0030459841491119587,-0.006505059262534239,0.019713795641079116
0.4044943820224719,0.14606741573033707,0.14401164625136312,-0.006057892765676904,-0.02623230505651918,0.04593413145289116
0.4044943820224719,0.15730337078651685,0.15835289280181714,-0.006829536526752693,-0.029582579001752863,0.04416534611804221
0.4044943820224719,0.16853932584269662,0.22444768245443353,-0.008712213225545351,-0.013954561283539575,0.019595022869578586
0.4044943820224719,0.1797752808988764,0.24493024984289946,-0.014632536734687361,0.008371275036869756,-0.03441107640930515
0.4044943820224719,0.19101123595505617,0.2521656863344667,-0.013656826225132477,0.014066828269936292,-0.030803142719968545
0.4044943820224719,0.20224719101123595,0.40070704193970497,-0.007443557548300708,0.09905809851843331,0.15668848336022886
0.4044943820224719,0.21348314606741572,0.6280941798926717,-0.016255699690033553,0.3338842498750718,0.41355690101101616
0.4044943820224719,0.2247191011235955,0.664348041610906,-0.017802779722849355,0.3824142060263477,0.4819532755771557
0.4044943820224719,0.23595505617977527,0.7726838927268054,0.06333810688774086,0.468481893370523,0.6509610098438651
0.4044943820224719,0.24719101123595505,1.1415631335242276,0.19868587183460118,0.7276466169079825,1.0940890194814537
0.4044943820224719,0.2584269662921348,1.3672536564179834,0.24374504015386614,0.8727685720090603,1.325129938968605
0.4044943820224719,0.2696629213483146,1.336114509408615,0.256614721151126,0.8730965471462041,1.3730607409059363
0.4044943820224719,0.2808988764044944,1.4231103972058363,0.44722458134104714,1.0464208649203628,1.732910963612876
0.4044943820224719,0.29213483146067415,1.6276013778258502,0.6555298461046627,1.345023016616384,2.207245324419804
0.4044943820224719,0.3033707865168539,1.6828768039918505,0.6822786288525812,1.3874589030025906,2.3060954170005967
0.4044943820224719,0.3146067415730337,1.7230561115208616,0.7095826126123888,1.427079563721053,2.215656962524952
0.4044943820224719,0.3258426966292135,1.8568360782855244,0.9686895994135726,1.5944959971770305,2.548959130327592
0.4044943820224719,0.33707865168539325,1.9544361737540519,1.2314805677419756,1.735414941300501,3.1671005471220406
0.4044943820224719,0.348314606741573,1.955668089712883,1.2681244871301058,1.7400528516511755,3.2644236280234114
0.4044943820224719,0.3595505617977528,1.947252842763076,1.4520979097541933,1.7883376417991392,2.615706023889584
0.4044943820224719,0.3707865168539326,2.0496761602295006,2.100138735824924,1.9215932590312454,1.9356492100351044
0.4044943820224719,0.38202247191011235,2.176270152396504,2.6615663431257883,1.9746952870484595,1.8660854887350156
0.4044943820224719,0.3932584269662921,2.1762357420402076,2.658429921318211,1.9813509255494295,1.7570257211757736
0.4044943820224719,0.4044943820224719,2.1651642376790274,2.5132898556450582,2.0758037004338283,0.35479877686825106
0.4044943820224719,0.4157303370786517,2.2390140979596693,2.916924407458616,2.2907284148225906,-1.8140460000339598
0.4044943820224719,0.42696629213483145,2.3255721915799366,3.527975796859233,2.449545122567394,-2.8132314955921442
0.4044943820224719,0.4382022471910112,2.332445348232033,3.4561934833198413,2.4263370203132864,-2.812348772446813
0.4044943820224719,0.449438202247191,2.3293912337707763,2.3295304495078337,2.3130654004584015,-2.7514153872223597
0.4044943820224719,0.4606741573033708,2.3679177099506825,1.1497846412685926,2.2358376813549437,-2.999134455069031
0.4044943820224719,0.47191011235955055,2.3999282825117194,0.8954276185852862,2.22293758298801,-3.3151839678678385
0.4044943820224719,0.4831460674157303,2.3922772708975977,0.8518862101966426,2.2300168702896204,-3.308153401484822
0.4044943820224719,0.4943820224719101,2.36514199671145,0.07185386687721615,2.246997723892874,-2.8202036080264827
0.4044943820224719,0.5056179775280899,2.3424812129880106,-1.4123518363822625,2.3071741696631727,-2.336442959498313
0.4044943820224719,0.5168539325842696,2.348287147844674,-2.325146676266673,2.3800516704724566,-2.278697745688453
0.4044943820224719,0.5280898876404494,2.3443368829597877,-2.390441276125774,2.392986535303581,-2.2660580817235525
0.4044943820224719,0.5393258426966292,2.292684334176791,-2.2746481030571464,2.3484550242795117,-1.8236013787223353
0.4044943820224719,0.550561797752809,2.242892633317562,-2.303180797863092,2.301409643131392,-0.9808946209635019
0.4044943820224719,0.5617977528089888,2.26124021155248,-2.4281556661353303,2.2991481504267757,-0.44922350693625296
0.4044943820224719,0.5730337078651685,2.272580899557114,-2.417723579699054,2.302919617512971,-0.4005194291327224
0.4044943820224719,0.5842696629213483,2.2082181386580118,-2.1130499482651457,2.1605755476218356,-0.20147027984836224
0.4044943820224719,0.5955056179775281,2.125103927331995,-1.805722455422845,1.8948741859371132,0.43637567991705245
0.4044943820224719,0.6067415730337078,2.109157944561127,-1.784647735286613,1.739343569085851,0.9893733150450661
0.4044943820224719,0.6179775280898876,2.1017233557036956,-1.792024002116577,1.7120283760499015,1.0153997439977775
0.4044943820224719,0.6292134831460674,1.9607057844964704,-1.7331199406446942,1.7589283401675215,0.8664183859989183
0.4044943820224719,0.6404494382022472,1.7813772545092392,-1.7468313452783626,1.8456975662837996,0.9834905282576443
0.4044943820224719,0.651685393258427,1.7119087566152356,-1.876123736557049,1.9381680692033247,1.1727637987757293
0.4044943820224719,0.6629213483146067,1.6961272320534668,-1.8621534065533445,1.9320816408127852,1.149314075028623
0.4044943820224719,0.6741573033707865,1.5916616721941008,-1.5968773314562952,1.796384667284509,0.9288229952149971
0.4044943820224719,0.6853932584269663,1.4851139847361607,-1.3804525685057527,1.7089299895586676,0.7345520238138674
0.4044943820224719,0.696629213483146,1.4795489832933915,-1.3522288020050248,1.719330896056483,0.7093068216134181
0.4044943820224719,0.7078651685393258,1.4535534630606324,-1.3112421148455924,1.602436071621077,0.6982294668629846
0.4044943820224719,0.7191011235955056,1.3432335997851086,-0.9669313234543279,1.264720283112057,0.5564667922477118
0.4044943820224719,0.7303370786516854,1.2805878039287786,-0.588232733419769,1.099950647122764,0.4134351646629291
0.4044943820224719,0.7415730337078652,1.2987478352355477,-0.5270550008931842,1.091951742464092,0.38999670959987953
0.4044943820224719,0.7528089887640449,1.0434611103766231,-0.47199160280665836,1.0898908609312352,0.3223258224920728
0.4044943820224719,0.7640449438202247,0.5935286760783374,-0.2093357070279721,0.9846894165833735,0.16128761062176428
0.4044943820224719,0.7752808988764045,0.4300931709274164,-0.0013807806474025407,0.9039848421444799,0.07642073380063907
0.4044943820224719,0.7865168539325842,0.41779393379839586,0.008188554235192958,0.8438022462586166,0.076293982084084
0.4044943820224719,0.797752808988764,0.2395021042740741,-0.003944576178981215,0.5380929286824444,0.06931031564524684
0.4044943820224719,0.8089887640449438,0.12851187578889178,0.03411057126467235,0.40645477330695934,0.07532342375201913
0.4044943820224719,0.8202247191011236,0.11823764265910268,0.03857407298955212,0.388089119905739,0.07621717918915791
0.4044943820224719,0.8314606741573034,0.10500122008077993,0.010199715885806064,0.2637379881675839,0.0556656664229964
0.4044943820224719,0.8426966292134831,0.09690208051177353,-0.018227481301349407,0.12781072417745315,0.03692897142575022
0.4044943820224719,0.8539325842696629,0.09882128806179735,-0.02422560503278121,0.12405782468307436,0.03387509037931463
0.4044943820224719,0.8651685393258427,0.09535423265901193,-0.022967919572574144,0.029418009314740614,0.04493489936379663
0.4044943820224719,0.8764044943820224,0.11036004569681494,-0.036385739125338955,-0.024536618258276466,0.06390291575936709
0.4044943820224719,0.8876404494382022,0.09235068081950082,-0.03346623987501061,-0.020786425864888696,0.05544060265015867
0.4044943820224719,0.898876404494382,0.00722983554385734,-0.0069065348732837845,-0.005719939828696248,0.012129013155597194
0.4044943820224719,0.9101123595505618,-0.010755781240956785,0.004075908840113552,-0.0027531130464854944,-0.0013355517718093887
0.4044943820224719,0.9213483146067416,-0.004210795127095923,-0.005759037416096555,-0.003285462369438252,0.004697861118753596
0.4044943820224719,0.9325842696629213,-0.0011771649326765535,-0.010523748370184306,-0.0028642327401678957,0.006295192267834823
0.4044943820224719,0.9438202247191011,-0.002080563389332018,-0.006505604129434559,-0.0018608111053967247,0.00402860564489778
0.4044943820224719,0.9550561797752809,-0.002376019712766748,-0.0044202678057367,-0.0005547204642603269,0.003911944814168135
0.4044943820224719,0.9662921348314606,-0.0015626667830242315,-0.004004503371226863,-0.0007794158081852045,0.004239956483278906
0.4044943820224719,0.9775280898876404,-0.0013230892186011304,-0.002881632499813097,-0.0008148820515745432,0.0022696129049103336
0.4044943820224719,0.9887640449438202,-0.0009785564174695745,-0.0018318546063173739,-0.0005071667829848768,0.0005482323123617157
0.4044943820224719,1.0,-3.517120804668961e-18,-9.246828027587883e-18,-4.496494022623702e-18,2.5389312885993452e-18
0.4157303370786517,0.0,-0.0,-0.0,-0.0,0.0
0.4157303370786517,0.011235955056179775,-0.0002921466199808029,-0.0005707624245289229,-0.0007607963861841899,0.0009414622206826009
0.4157303370786517,0.02247191011235955,-0.000896281360677241,0.0001432420576203353,-0.0021218366655116425,0.001548309986989017
0.4157303370786517,0.033707865168539325,-0.0014658862549441494,0.0015489555093898193,-0.0021246540111424374,0.002602886138000313
0.4157303370786517,0.0449438202247191,-0.0016265204867266434,0.002805035477418266,-0.0024024580597828624,0.004569600423538344
0.4157303370786517,0.056179775280898875,-0.0020323913530406793,0.0036223507798272725,-0.002592080367063416,0.004102858748599647
0.4157303370786517,0.06741573033707865,-0.0017400848327566152,0.004001140435793624,-0.0021133326002621723,0.0019492398377699471
0.4157303370786517,0.07865168539325842,0.00025935394904797344,0.003501098448446923,-0.005399159989779778,0.00576694269044512
0.4157303370786517,0.0898876404494382,-0.0006177214812182023,0.0006461620840304075,-0.010405449262832909,0.011543700216277247
0.4157303370786517,0.10112359550561797,-0.002726598523494305,0.001334699147371108,-0.006110335262877651,0.01382150519706582
0.4157303370786517,0.11235955056179775,-0.007817227465918012,0.00983959688727737,0.004881167259716406,0.014776909124004938
0.4157303370786517,0.12359550561797752,-0.008244381591064706,0.00958882438922164,0.008807627789474576,0.012330084747066103
0.4157303370786517,0.1348314606741573,0.06940667969191266,0.00035046851304200183,-0.002856929839277489,0.02541698612414526
0.4157303370786517,0.14606741573033707,0.1494634463472463,-0.004344559060194731,-0.022294587760765032,0.04844358112636178
0.4157303370786517,0.15730337078651685,0.16348199601208194,-0.0030840693138991025,-0.026644735206289485,0.043018005498838205
0.4157303370786517,0.16853932584269662,0.2335418517446815,-0.0005484292308724554,-0.012458516249760373,0.011426776829183178
0.4157303370786517,0.1797752808988764,0.26432724030620486,-0.004890050336153756,0.0076078483943819615,-0.047365431290048145
0.4157303370786517,0.19101123595505617,0.27299339823595253,-0.003568223743533041,0.01780782726376696,-0.03802936285647767
0.4157303370786517,0.20224719101123595,0.42563714180587103,0.005275271926287664,0.10865018869544898,0.1713921274697011
0.4157303370786517,0.21348314606741572,0.6802921104487883,-0.0016766272330854509,0.3675914673201455,0.44396455052727485
0.4157303370786517,0.2247191011235955,0.7240355139318512,-0.003935102005254881,0.42710509215373965,0.5084259086662766
0.4157303370786517,0.23595505617977527,0.836671612381083,0.08199955685556676,0.5181094997688392,0.7015452143315378
0.4157303370786517,0.24719101123595505,1.2124306070067157,0.2237821026028798,0.8174254763462557,1.1903268366662343
0.4157303370786517,0.2584269662921348,1.4373089629980567,0.2669166535794115,1.005846547007517,1.4473185867078688
0.4157303370786517,0.2696629213483146,1.4147053985961215,0.29181178085996096,0.9835284987379594,1.4992836749429446
0.4157303370786517,0.2808988764044944,1.5263616378907388,0.533778982511148,1.1308021333434328,1.8742161676026594
0.4157303370786517,0.29213483146067415,1.7388288635198144,0.7929713386960152,1.4323846404837335,2.3522202996121226
0.4157303370786517,0.3033707865168539,1.7943266258041752,0.8283566770746839,1.4860682178690299,2.4532539528367616
0.4157303370786517,0.3146067415730337,1.8436670483475446,0.853698870508165,1.5258369898306812,2.3975900422919825
0.4157303370786517,0.3258426966292135,1.993630693338536,1.1330545214702152,1.6985604037212019,2.8037243334487045
0.4157303370786517,0.33707865168539325,2.105425164425944,1.4254607672729263,1.8473677710022331,3.495478876324421
0.4157303370786517,0.348314606741573,2.107785570906911,1.4539178130495027,1.8554084441421619,3.5936376468655973
0.4157303370786517,0.3595505617977528,2.089805254446408,1.6382624945264943,1.9078545161011642,2.8678909641186294
0.4157303370786517,0.3707865168539326,2.18426284266177,2.33913015119393,2.05146497856372,2.1240360523159136
0.4157303370786517,0.38202247191011235,2.3176182375251733,2.935512042731453,2.114710197719855,2.0394355157253052
0.4157303370786517,0.3932584269662921,2.3159729641226576,2.9367339111733943,2.1174282334080607,1.914273859147296
0.4157303370786517,0.4044943820224719,2.3005114696560685,2.7841441134415206,2.194494709108879,0.38411172832882373
0.4157303370786517,0.4157303370786517,2.372281880920742,3.195477422101315,2.395295018106334,-2.0180240425262275
0.4157303370786517,0.42696629213483145,2.4553818822879627,3.800261046107749,2.561143613799534,-3.0945213734165984
0.4157303370786517,0.4382022471910112,2.4630109976934778,3.728479717266177,2.549126459740813,-3.102056127988745
0.4157303370786517,0.449438202247191,2.4714358639872036,2.6073677379997426,2.4315890414258226,-3.0161426998622916
0.4157303370786517,0.4606741573033708,2.5283162324458264,1.3710177082566808,2.3383595153013124,-3.2400675046848453
0.4157303370786517,0.47191011235955055,2.5724807886575163,1.0561290458341572,2.3130904485458785,-3.5483912282358347
0.4157303370786517,0.4831460674157303,2.567601993218403,0.9951411364625368,2.314319949539651,-3.5420738894957418
0.4157303370786517,0.4943820224719101,2.536013130903347,0.13544202073965372,2.333018430812976,-3.045417808758765
0.4157303370786517,0.5056179775280899,2.5007753093419023,-1.566691975209383,2.40740326313708,-2.5423031399225944
0.4157303370786517,0.5168539325842696,2.493726701231617,-2.5754900379988253,2.4958663533488945,-2.48574380187487
0.4157303370786517,0.5280898876404494,2.4845187556833985,-2.644183960561245,2.5153833226663282,-2.4798368983081134
0.4157303370786517,0.5393258426966292,2.4333391710395134,-2.5348035841018777,2.473638178811511,-2.0347262224638407
0.4157303370786517,0.550561797752809,2.389109517226365,-2.583750013228765,2.426625058888445,-1.1484379843842154
0.4157303370786517,0.5617977528089888,2.411932766994413,-2.725582276484617,2.424914880078595,-0.5828051123534171
0.4157303370786517,0.5730337078651685,2.424462236591811,-2.7148724853915795,2.4339852134113924,-0.5312703916352277
0.4157303370786517,0.5842696629213483,2.3645219969808595,-2.392790686611458,2.2986746288895596,-0.2925873624894276
0.4157303370786517,0.5955056179775281,2.2894896467943724,-2.062338315794488,2.0136753642660383,0.42129848372502565
0.4157303370786517,0.6067415730337078,2.283125840237413,-2.035827742943675,1.830840544444812,1.0144859100418848
0.4157303370786517,0.6179775280898876,2.2750638149127376,-2.0386994478904668,1.8016211369898358,1.0492121854231353
0.4157303370786517,0.6292134831460674,2.105689543603851,-1.9615407139628709,1.8739885993160454,0.921363701350655
0.4157303370786517,0.6404494382022472,1.8910833959759137,-1.9575039448296032,1.9876096695337675,1.0544510480948177
0.4157303370786517,0.651685393258427,1.803662950151444,-2.0843596794122883,2.0924835440213334,1.2490265423452698
0.4157303370786517,0.6629213483146067,1.7828369355546045,-2.063538388908024,2.088308487343687,1.2274278226336626
0.4157303370786517,0.6741573033707865,1.6685522716480847,-1.771021096697276,1.9506042508979538,0.9991852502139542
0.4157303370786517,0.6853932584269663,1.5500859950393775,-1.5303080033851169,1.8742151434840224,0.8055378317198446
0.4157303370786517,0.696629213483146,1.5345599397403233,-1.4991110432933235,1.8955543138162936,0.7891055307084874
0.4157303370786517,0.7078651685393258,1.5108857355102843,-1.4528481286231862,1.7540221498420503,0.7648545040637819
0.4157303370786517,0.7191011235955056,1.4145856284257874,-1.074798386037122,1.3664541504056795,0.5957930186540622
0.4157303370786517,0.7303370786516854,1.3706330816051795,-0.6873749509132051,1.1704691424933964,0.43876804294565935
0.4157303370786517,0.7415730337078652,1.3997692784301579,-0.6313740795076884,1.1433432767525529,0.41168275400431115
0.4157303370786517,0.7528089887640449,1.0988841784734678,-0.5564324474639694,1.1400081163367253,0.3274309346143547
0.4157303370786517,0.7640449438202247,0.6096697832262791,-0.2382147520857591,1.0397816755901268,0.15188835924504637
0.4157303370786517,0.7752808988764045,0.4579716539639233,0.012269267192606959,0.9636028198689304,0.07134656366406074
0.4157303370786517,0.7865168539325842,0.44444275450796744,0.02438877808626975,0.9053646184833922,0.07721143037513359
0.4157303370786517,0.797752808988764,0.2655815579016712,0.007597053247950603,0.5806012254826604,0.0787759298659488
0.4157303370786517,0.8089887640449438,0.14522273619616827,0.048416015340955756,0.4401121269302708,0.08758888296350202
0.4157303370786517,0.8202247191011236,0.13088270190968967,0.053425871354322266,0.41864384168395247,0.08701411414773458
0.4157303370786517,0.8314606741573034,0.10971005913863369,0.020027372217867025,0.2891008088322359,0.05958317265091884
0.4157303370786517,0.8426966292134831,0.09534171684246902,-0.012030021016881672,0.13965449016951842,0.03458375897375951
0.4157303370786517,0.8539325842696629,0.09726867921978048,-0.019816262215052782,0.1330068947105752,0.030898698905608007
0.4157303370786517,0.8651685393258427,0.09489197378597684,-0.022099063588690668,0.03351942200108376,0.04438179463223362
0.4157303370786517,0.8764044943820224,0.10860905185946411,-0.040845413813011856,-0.023602347183294046,0.06475912060898291
0.4157303370786517,0.8876404494382022,0.09150588715564041,-0.038655215041436736,-0.020641169728914423,0.05632251436603738
0.4157303370786517,0.898876404494382,0.00786686780851781,-0.007600680611618187,-0.0059011525803850775,0.01064974991419268
0.4157303370786517,0.9101123595505618,-0.010639155363843602,0.005007433444758089,-0.0027640514986975997,-0.0039280577775150346
0.4157303370786517,0.9213483146067416,-0.003921478118791382,-0.006590786576923169,-0.0032495032057911493,0.0033285965536191064
0.4157303370786517,0.9325842696629213,-0.0007280424868954368,-0.012939548043291069,-0.0033004770878769787,0.005042878973798914
0.4157303370786517,0.9438202247191011,-0.001431911152597477,-0.008010466036058485,-0.002390266951630825,0.0029619545376120297
0.4157303370786517,0.9550561797752809,-0.0016745267345178922,-0.004428905629248459,-0.0009412251053936593,0.0032238601347656264
0.4157303370786517,0.9662921348314606,-0.0010841213994073654,-0.003955591967292787,-0.0013653656574416026,0.003725893241389927
0.4157303370786517,0.9775280898876404,-0.0010948828799639551,-0.0031785955572944946,-0.0014924323932455096,0.002221192674188707
0.4157303370786517,0.9887640449438202,-0.0007850003383180913,-0.0021930208608790525,-0.0009181987346782682,0.0008486055571198261
0.4157303370786517,1.0,-1.8287387558527363e-18,-1.064705628901125e-17,-6.162463765568627e-18,3.1709904776412556e-18
0.42696629213483145,0.0,0.0,-0.0,-0.0,0.0
0.42696629213483145,0.011235955056179775,0.0005658962932767802,-0.00020968042836523847,-0.00022986071819937657,0.0004950007098763129
0.42696629213483145,0.02247191011235955,0.000553157725884209,0.0008596637278370377,-0.0009134834959365908,-2.793281566692646e-05
0.42696629213483145,0.033707865168539325,0.0006724000421447097,0.0014484896171181962,-0.0008157467883014829,6.579810664520452e-05
0.42696629213483145,0.0449438202247191,0.0010480174308358573,0.0016843844383101778,-0.0007340856798804714,0.0014480280031259254
0.42696629213483145,0.056179775280898875,0.0007365264253867887,0.0022602036984195268,-0.0006202076279437426,0.00035980637322091983
0.42696629213483145,0.06741573033707865,0.00044207847132166257,0.002894962222887097,-0.0001488602070911462,-0.0020124425480198744
0.42696629213483145,0.07865168539325842,0.0011723588317823466,0.0022297829417460753,-0.0030465202242115426,0.0015487403128460026
0.42696629213483145,0.0898876404494382,0.0006280003363876608,0.0002965047741993057,-0.008336066811937042,0.006030250432963129
0.42696629213483145,0.10112359550561797,0.0003242576411262473,0.00360600683227503,-0.0030410252974190383,0.00641292182832354
0.42696629213483145,0.11235955056179775,-0.004563717113616068,0.015057886126489901,0.01050301556078627,0.0074055580889434095
0.42696629213483145,0.12359550561797752,-0.005256823950502291,0.017222496102198722,0.014372617764965057,0.007291115959770505
0.42696629213483145,0.1348314606741573,0.07283479382199007,0.009233699541964738,0.002477358085988094,0.020603843515820435
0.42696629213483145,0.14606741573033707,0.1553316266107292,0.004308103812474885,-0.0147028361583832,0.0438483943734374
0.42696629213483145,0.15730337078651685,0.16713570269025518,0.00446901630739871,-0.014622994091521634,0.04098761426239223
0.42696629213483145,0.16853932584269662,0.24106833636172334,0.0054583177517695865,0.005888189953418732,0.011146638306799461
0.42696629213483145,0.1797752808988764,0.2796853551189412,0.0008912653999438448,0.024516809295394695,-0.048039681061514655
0.42696629213483145,0.19101123595505617,0.291574868409964,0.0027210590125662047,0.033167950615791794,-0.030523288539019807
0.42696629213483145,0.20224719101123595,0.4475138007837927,0.01454058783378257,0.1307754080996601,0.19166332132007172
0.42696629213483145,0.21348314606741572,0.7250686246909581,0.010229075063861514,0.41150606003837403,0.46242798389746226
0.42696629213483145,0.2247191011235955,0.7773845106123102,0.007324201294974132,0.4790163694115523,0.5109906594487962
0.42696629213483145,0.23595505617977527,0.8866115611243119,0.09673398365137881,0.5667928275836548,0.715714893048289
0.42696629213483145,0.24719101123595505,1.2719055285317997,0.24472871024467052,0.9052075594444885,1.231495070627091
0.42696629213483145,0.2584269662921348,1.4977187196322452,0.2906566087109214,1.1460427762577055,1.4867178806509962
0.42696629213483145,0.2696629213483146,1.486116241938277,0.3328916889128781,1.1116354177884678,1.5228832192887796
0.42696629213483145,0.2808988764044944,1.6156311387779194,0.5969403759621869,1.2453597253162885,1.9109310652758906
0.42696629213483145,0.29213483146067415,1.8226959827207854,0.869322216463281,1.5573749106412222,2.422866529536471
0.42696629213483145,0.3033707865168539,1.8669232964506766,0.9152662276008511,1.6243917740816007,2.5415179382456223
0.42696629213483145,0.3146067415730337,1.9127253191433653,0.9514747935499458,1.668771523275369,2.513387965234232
0.42696629213483145,0.3258426966292135,2.0676320097707683,1.236737219859168,1.8607597718403888,2.9767749953106546
0.42696629213483145,0.33707865168539325,2.187971560178578,1.5430435126086164,2.033739476608267,3.7029308339384306
0.42696629213483145,0.348314606741573,2.195752404056259,1.569426228160618,2.0508392076939037,3.765581351784782
0.42696629213483145,0.3595505617977528,2.1828067977493,1.758875734461334,2.101973177426786,2.9654189956745918
0.42696629213483145,0.3707865168539326,2.2790941836505145,2.485391525211463,2.2507161685807575,2.1908910180165697
0.42696629213483145,0.38202247191011235,2.4276166083553394,3.07490978354751,2.3241355878196415,2.1196380404538355
0.42696629213483145,0.3932584269662921,2.4282071416974413,3.0750153744924504,2.330593409026609,2.00903111318518
0.42696629213483145,0.4044943820224719,2.4012367670811905,2.9378578007061353,2.4110599626910267,0.4553707775942809
0.42696629213483145,0.4157303370786517,2.46266135023756,3.3458559950276854,2.6172116397122576,-2.095359341085824
0.42696629213483145,0.42696629213483145,2.537542855199534,3.914817452747201,2.7936968848037513,-3.2494430082603385
0.42696629213483145,0.4382022471910112,2.5410683390287496,3.8454372218784774,2.787623313735684,-3.2668303593854486
0.42696629213483145,0.449438202247191,2.5546885624926907,2.761427832470276,2.666154874190216,-3.172295494119325
0.42696629213483145,0.4606741573033708,2.6270188104012115,1.5106188354245387,2.5679749555937788,-3.3870355503296734
0.42696629213483145,0.47191011235955055,2.6842272542664767,1.1586680157025315,2.540707582023476,-3.682201172572358
0.42696629213483145,0.4831460674157303,2.683862319641897,1.096536775611911,2.5400602946697757,-3.6653329525587766
0.42696629213483145,0.4943820224719101,2.6495178077919164,0.21325275138267122,2.5583923097068806,-3.1698880261141094
0.42696629213483145,0.5056179775280899,2.605956408036269,-1.638682230722958,2.6389254022925317,-2.6597490953168617
0.42696629213483145,0.5168539325842696,2.5925940403041308,-2.715017386345195,2.7289442970373963,-2.5974480071389845
0.42696629213483145,0.5280898876404494,2.5872306813254045,-2.7747508479218412,2.737210747265997,-2.587595973026406
0.42696629213483145,0.5393258426966292,2.5435063854167796,-2.6496190331327907,2.67799297716127,-2.1336068017431717
0.42696629213483145,0.550561797752809,2.501590244083197,-2.7103548533352875,2.6182929092726703,-1.216391134896682
0.42696629213483145,0.5617977528089888,2.5198666315477305,-2.8818216040808204,2.608808493034058,-0.6407704432189741
0.42696629213483145,0.5730337078651685,2.523971412801692,-2.884192433473382,2.6078757302373483,-0.5909859132252683
0.42696629213483145,0.5842696629213483,2.463422730504963,-2.5552484050801376,2.471902774528815,-0.3119572751285702
0.42696629213483145,0.5955056179775281,2.3984407602346365,-2.2129091520662403,2.178553698027446,0.43886113329989396
0.42696629213483145,0.6067415730337078,2.4032590652163273,-2.179759997182704,1.9859604025929674,1.0290508473764752
0.42696629213483145,0.6179775280898876,2.3968545451274292,-2.179919029638501,1.9707716244032296,1.0717513196758701
0.42696629213483145,0.6292134831460674,2.20796335310874,-2.0932088858748714,2.061806717611964,0.9716785228244487
0.42696629213483145,0.6404494382022472,1.9678245256274998,-2.0785261112848485,2.187370450257277,1.1069417809278708
0.42696629213483145,0.651685393258427,1.8733706052594472,-2.206420957134268,2.2992817794238967,1.2974616242858177
0.42696629213483145,0.6629213483146067,1.8585323212368916,-2.1785004014751306,2.2901829203237134,1.279833148164312
0.42696629213483145,0.6741573033707865,1.7440421937222,-1.8693585081436208,2.1398858029130414,1.0472455538460188
0.42696629213483145,0.6853932584269663,1.6158236837266018,-1.6172773054739897,2.066290030889793,0.8483704644604101
0.42696629213483145,0.696629213483146,1.5900763219843395,-1.5851067644842038,2.1098426509515105,0.8285816859241829
0.42696629213483145,0.7078651685393258,1.5707829333258831,-1.5201160066790267,1.9752244080869783,0.7872039038901913
0.42696629213483145,0.7191011235955056,1.4870630750647977,-1.0956320520625382,1.5267689297481126,0.6023529617769804
0.42696629213483145,0.7303370786516854,1.4510238062559913,-0.7118046647732398,1.2778491074416602,0.4437132239571546
0.42696629213483145,0.7415730337078652,1.4838216947097025,-0.6612629850695404,1.2336694541487583,0.4187568764255467
0.42696629213483145,0.7528089887640449,1.1626242151896629,-0.5557772279480953,1.2217279162227648,0.3269597837520335
0.42696629213483145,0.7640449438202247,0.6346244427024924,-0.20680972556755708,1.116236418464524,0.1362537586643647
0.42696629213483145,0.7752808988764045,0.48380754541460436,0.04050611087333355,1.049970449184872,0.0526803016404014
0.42696629213483145,0.7865168539325842,0.4617827404606108,0.03232478948453957,0.9669531474352818,0.0594034317180518
0.42696629213483145,0.797752808988764,0.28036679294689976,0.006503252247537663,0.6177326895363844,0.0692154203582136
0.42696629213483145,0.8089887640449438,0.15649594058825536,0.04691285239135154,0.4819382375313444,0.08351786236987603
0.42696629213483145,0.8202247191011236,0.14422812923599168,0.052641767964445856,0.4674461890736723,0.08416911064097363
0.42696629213483145,0.8314606741573034,0.11923811086040885,0.01903587029472468,0.3416916258543574,0.051662097005287004
0.42696629213483145,0.8426966292134831,0.09849371469849783,-0.009428138550681565,0.17321045607600555,0.02141851894268788
0.42696629213483145,0.8539325842696629,0.09781105360674479,-0.014338368159052674,0.1544106427858479,0.018029634024441334
0.42696629213483145,0.8651685393258427,0.09624008714788894,-0.018396518075282618,0.04279269430426857,0.03475538819771329
0.42696629213483145,0.8764044943820224,0.11015635826248539,-0.03883340524218183,-0.02039755606009056,0.05656610964390291
0.42696629213483145,0.8876404494382022,0.09272310083225907,-0.03309505832603411,-0.0181393236257948,0.04770936345293528
0.42696629213483145,0.898876404494382,0.010441261776522904,0.0016477031349026688,-0.004013911673003753,0.000455906540526299
0.42696629213483145,0.9101123595505618,-0.008552481574901745,0.014667358511845328,-0.0009743685727123272,-0.014647922675476278
0.42696629213483145,0.9213483146067416,-0.0020940858558578137,0.0021871792508844877,-0.0016237278684394204,-0.0029441073315749347
0.42696629213483145,0.9325842696629213,0.0007025267697067291,-0.005934323570287594,-0.0023355520928566905,0.0021136124660200008
0.42696629213483145,0.9438202247191011,6.990405954907566e-05,-0.0019963594255795027,-0.0013641477295828336,0.0002701250978407488
0.42696629213483145,0.9550561797752809,-3.217548194163849e-05,0.0006496169658886108,-0.00013981575398330318,-0.0004070626787079497
0.42696629213483145,0.9662921348314606,0.0003967552436128285,-0.000648049934878493,-0.0009294112079377565,-0.00020317202987366726
0.42696629213483145,0.9775280898876404,2.3550683777706775e-05,-0.0012577472076366388,-0.0012427659855015311,-0.00031253879640212714
0.42696629213483145,0.9887640449438202,-0.0001838835624784754,-0.0010819040591058407,-0.0008734839814177337,-2.8458230171757472e-05
0.42696629213483145,1.0,2.973954800369881e-19,-4.8423139142137256e-18,-6.381937629666234e-18,-5.705651994919537e-21
0.4382022471910112,0.0,0.0,-0.0,-0.0,0.0
0.4382022471910112,0.011235955056179775,0.0005276141573566027,0.00016772942989094812,-0.00022292319459245712,0.0009385060589968089
0.4382022471910112,0.02247191011235955,0.00045981531935675396,0.0013419927350762071,-0.0010054863780546803,0.00024201367076378787
0.4382022471910112,0.033707865168539325,0.0008499298277989437,0.0014938579014106951,-0.0010103027397085193,0.0002573105590257721
0.4382022471910112,0.0449438202247191,0.0014237500898290304,0.001491271805886997,-0.000766314418742052,0.0016417010166175103
0.4382022471910112,0.056179775280898875,0.0010124943538338334,0.0020372585627680844,-0.0009282797378820363,4.6354927914745364e-05
0.4382022471910112,0.06741573033707865,0.0004559526845832083,0.002504760577511684,-0.0009920903214545589,-0.0020574337026535655
0.4382022471910112,0.07865168539325842,0.0005797717200782555,0.0015175266218729843,-0.004069280400094216,0.002381942190496155
0.4382022471910112,0.0898876404494382,0.0003024025050602574,0.00013397419515994924,-0.009173196512506733,0.006369168713043064
0.4382022471910112,0.10112359550561797,0.0009933919800790133,0.004126243740290145,-0.0024496381764525284,0.0053877212394801
0.4382022471910112,0.11235955056179775,-0.004391571205828944,0.01562266010617778,0.011423747992322068,0.006935994990465637
0.4382022471910112,0.12359550561797752,-0.005834698585024065,0.01732023773694435,0.011983696098920965,0.007999768652059544
0.4382022471910112,0.1348314606741573,0.07232535361477505,0.008663187620756335,-0.0023059725469247545,0.020116319866596788
0.4382022471910112,0.14606741573033707,0.15664065620838907,0.0035691903986919994,-0.01757675938031383,0.043784993647708825
0.4382022471910112,0.15730337078651685,0.1652083841301429,0.003977995974922126,-0.011240512851174729,0.04340322815024543
0.4382022471910112,0.16853932584269662,0.2415156321957365,0.004925404982011118,0.015771471989263496,0.015058527760168772
0.4382022471910112,0.1797752808988764,0.2800277467499199,0.0004691982152221945,0.02755045095263342,-0.04842486948240585
0.4382022471910112,0.19101123595505617,0.2925109605532875,0.0023121112489348744,0.02676398956593213,-0.027456588689256628
0.4382022471910112,0.20224719101123595,0.44382936748349694,0.015596022948871576,0.12775222444830614,0.20340151681767588
0.4382022471910112,0.21348314606741572,0.7181641081594504,0.011285254629337611,0.414672947462567,0.4705040478882433
0.4382022471910112,0.2247191011235955,0.7763645206194777,0.006126436357876699,0.4726517921857638,0.5057693059482132
0.4382022471910112,0.23595505617977527,0.88374377338418,0.09680290411285578,0.5379027955560328,0.7190927142083767
0.4382022471910112,0.24719101123595505,1.2763747070389555,0.24538894721327764,0.8756175131401405,1.2487006781033707
0.4382022471910112,0.2584269662921348,1.4967801143212827,0.2891418680756874,1.1413560870380062,1.4880438035715053
0.4382022471910112,0.2696629213483146,1.4952702089971084,0.3417271073149612,1.121789408470038,1.5026541383405567
0.4382022471910112,0.2808988764044944,1.6325486082701903,0.6071208709405224,1.2603603218460642,1.8839594935652966
0.4382022471910112,0.29213483146067415,1.832229919235433,0.8702629703953632,1.5629201455091255,2.4134482443187313
0.4382022471910112,0.3033707865168539,1.8667211396641643,0.9188657470379732,1.6169794452409285,2.5415589077516847
0.4382022471910112,0.3146067415730337,1.9080779484616306,0.9572660033932513,1.6452188683286817,2.5150728547995924
0.4382022471910112,0.3258426966292135,2.0639643861579144,1.2269625059189264,1.835287228211602,2.9869705557571735
0.4382022471910112,0.33707865168539325,2.188383254298748,1.5327275165409933,2.0131275525260306,3.710842687886083
0.4382022471910112,0.348314606741573,2.1985624802960975,1.5776089278109398,2.0296533123778424,3.7517880114288786
0.4382022471910112,0.3595505617977528,2.185574372615557,1.7928339951985357,2.0820837403636103,2.916223929024081
0.4382022471910112,0.3707865168539326,2.273369662854134,2.528639430062139,2.2371527628103194,2.14396932845435
0.4382022471910112,0.38202247191011235,2.4237334164970257,3.0865619949338936,2.3093242184126823,2.1060248197823124
0.4382022471910112,0.3932584269662921,2.4289012840201916,3.072672088114186,2.316424331773944,2.027843422741549
0.4382022471910112,0.4044943820224719,2.4028422957259994,2.9519347130180447,2.4048090497962495,0.5301121798957185
0.4382022471910112,0.4157303370786517,2.466971408415155,3.365849220532306,2.6096013134511495,-2.047063343297645
0.4382022471910112,0.42696629213483145,2.542027914973494,3.9200763157709035,2.778821330610342,-3.2453480941528428
0.4382022471910112,0.4382022471910112,2.541587203961174,3.858549321078569,2.767788496356806,-3.2543543814418947
0.4382022471910112,0.449438202247191,2.5521268441295444,2.8108213831762465,2.6375895289788707,-3.155772448086978
0.4382022471910112,0.4606741573033708,2.625854173526037,1.543881746904732,2.539405691897398,-3.385367135864754
0.4382022471910112,0.47191011235955055,2.684717079114882,1.1633866780301707,2.5188573141756576,-3.6839579233174575
0.4382022471910112,0.4831460674157303,2.68462548718228,1.1048632355125627,2.520101966817577,-3.6608813880986917
0.4382022471910112,0.4943820224719101,2.6484811668737853,0.2601808090864663,2.5396148854763334,-3.1750023322332384
0.4382022471910112,0.5056179775280899,2.6030463273682196,-1.6073068236847674,2.6248765660993207,-2.6718670505404067
0.4382022471910112,0.5168539325842696,2.5913530011986996,-2.719986528978963,2.716254022524042,-2.6028471287724737
0.4382022471910112,0.5280898876404494,2.5928260534974585,-2.76675275817492,2.7165219151366573,-2.5816154463314964
0.4382022471910112,0.5393258426966292,2.5538519956946386,-2.610138765401902,2.6463744070436284,-2.1101977748922085
0.4382022471910112,0.550561797752809,2.5084638148282234,-2.667726249124976,2.5910271637532434,-1.1868466569293994
0.4382022471910112,0.5617977528089888,2.5228328506744986,-2.8671290705175108,2.5953137050822703,-0.6364198221847912
0.4382022471910112,0.5730337078651685,2.5247818312061185,-2.886998667182753,2.597556906485391,-0.5858704463535813
0.4382022471910112,0.5842696629213483,2.464501161151359,-2.5526128977067324,2.458900386180789,-0.26848232305106834
0.4382022471910112,0.5955056179775281,2.4010920023036046,-2.211362940685869,2.164852547609094,0.49099806629084475
0.4382022471910112,0.6067415730337078,2.404068924267337,-2.1800665262715984,1.9696864776554042,1.0413218026960933
0.4382022471910112,0.6179775280898876,2.399800505391049,-2.1795816333070817,1.9611987761326806,1.0703429684033425
0.4382022471910112,0.6292134831460674,2.213659998896453,-2.088708507194009,2.056740210656261,0.9939241744550004
0.4382022471910112,0.6404494382022472,1.9666658562182242,-2.0687116755130526,2.1862987744203775,1.1250223772667087
0.4382022471910112,0.651685393258427,1.8725896676977487,-2.203677886296527,2.2964566404558036,1.2989946245607624
0.4382022471910112,0.6629213483146067,1.8619699272982455,-2.1797392495803174,2.277657197821571,1.2825122071010677
0.4382022471910112,0.6741573033707865,1.7491896386589079,-1.870074283060605,2.117080175336198,1.0533843433562462
0.4382022471910112,0.6853932584269663,1.6175484783464757,-1.6198249295629268,2.0358346603112993,0.850545910093174
0.4382022471910112,0.696629213483146,1.5891956471041075,-1.5886573164791513,2.0888066358689295,0.8278535568506159
0.4382022471910112,0.7078651685393258,1.5784400925332611,-1.5036073165874293,1.9951504853861828,0.7884488304949352
0.4382022471910112,0.7191011235955056,1.5025568636137665,-1.053021596174615,1.534622757086391,0.6047075518518734
0.4382022471910112,0.7303370786516854,1.458143889317577,-0.7004778621908412,1.2610411124254264,0.44419633416042925
0.4382022471910112,0.7415730337078652,1.483625445083912,-0.663341931741644,1.2227558781564778,0.41861085102509477
0.4382022471910112,0.7528089887640449,1.1833273566711904,-0.5307651452798631,1.2079216682468155,0.3354096217477362
0.4382022471910112,0.7640449438202247,0.6385611809564118,-0.17377567502491995,1.1000508752077054,0.14173495336507924
0.4382022471910112,0.7752808988764045,0.4852118487706061,0.04696095340911505,1.0458385946605622,0.05455652325770276
0.4382022471910112,0.7865168539325842,0.4531257007754558,0.0207018726234101,0.9338858986898595,0.0548357519010548
0.4382022471910112,0.797752808988764,0.2682222531388531,-0.002591950996882585,0.5860894123811191,0.06268127628674919
0.4382022471910112,0.8089887640449438,0.15186095528084412,0.044321499953403884,0.4718125111798689,0.08026494407739175
0.4382022471910112,0.8202247191011236,0.14605762954295512,0.05184747951829432,0.4641429850790936,0.08428787872739965
0.4382022471910112,0.8314606741573034,0.12280063221285203,0.015098308596119476,0.3413386463447142,0.052852972346394314
0.4382022471910112,0.8426966292134831,0.10017080475849774,-0.012329361642013217,0.1724419469750413,0.02254129110485816
0.4382022471910112,0.8539325842696629,0.09733589660456159,-0.014160747371405125,0.1533045343326066,0.01920783794880689
0.4382022471910112,0.8651685393258427,0.09625209350833452,-0.017148713275743792,0.040548821557844575,0.03622785647267328
0.4382022471910112,0.8764044943820224,0.11082625204659166,-0.03849614752093173,-0.021065653303221455,0.05753809167372751
0.4382022471910112,0.8876404494382022,0.09223462163425249,-0.03233981356068739,-0.018013562991235042,0.04839249749473175
0.4382022471910112,0.898876404494382,0.010437651015925047,0.0021397396641017205,-0.0042731253006412515,0.002031088812014788
0.4382022471910112,0.9101123595505618,-0.008456023356809178,0.014014661174575246,-0.0012875476259912885,-0.01451710228051402
0.4382022471910112,0.9213483146067416,-0.0018602321825266718,0.0019743068457343444,-0.002072873970425545,-0.003717335658643019
0.4382022471910112,0.9325842696629213,0.0005752830061599676,-0.005688905731544736,-0.0028677870530125094,0.0024010118157229434
0.4382022471910112,0.9438202247191011,-4.605473397301519e-05,-0.0021241372295131553,-0.00115798871970811,0.0008792032133293429
0.4382022471910112,0.9550561797752809,-9.74102696113273e-06,-3.607831757224616e-05,-3.423376757534335e-05,-0.0002675908310105802
0.4382022471910112,0.9662921348314606,0.0004723595080005946,-0.0012062863240731622,-0.0005996864875143052,-0.00022984380421380607
0.4382022471910112,0.9775280898876404,0.00022588650491562552,-0.0009118812839556128,-0.0006641434637980344,0.00015984420622413978
0.4382022471910112,0.9887640449438202,-5.253073990117432e-05,-0.00016812825698397436,-0.0006989817605938048,0.0004433079501346616
0.4382022471910112,1.0,2.512978501059457e-19,1.710756192518338e-18,-6.6760652442940364e-18,1.179287867401577e-18
0.449438202247191,0.0,0.0,-0.0,-0.0,0.0
0.449438202247191,0.011235955056179775,0.00013135492280506565,-0.00011070555827173973,-0.0008726708069732446,0.00165125342006028
0.449438202247191,0.02247191011235955,-0.00027833544813282116,0.0005967570275513657,-0.0026480798433728796,0.0012947987469793525
0.449438202247191,0.033707865168539325,-0.0002472771738927976,0.00041871432280368834,-0.0034355392613337117,0.001473567414736485
0.449438202247191,0.0449438202247191,-0.0001053055182680182,0.0004891680388778249,-0.003967535722550976,0.002913887864131956
0.449438202247191,0.056179775280898875,-0.0006205219427454876,0.0008757267120388531,-0.005838110631071842,0.0010016373643095724
0.449438202247191,0.06741573033707865,-0.0009476354042314506,0.0007225888675305105,-0.008190398468539457,-0.0004675386639040067
0.449438202247191,0.07865168539325842,-0.0008306326989730138,-9.695178807676232e-05,-0.01283907570000385,0.0058310109399350345
0.449438202247191,0.0898876404494382,-0.001200167176962997,-0.00016889787404700864,-0.01729480044065735,0.010518174052064929
0.449438202247191,0.10112359550561797,-0.0005545679792776604,0.004619288162488063,-0.008544354384694086,0.009906058327698922
0.449438202247191,0.11235955056179775,-0.006946339060887613,0.01644240927834417,0.00491793100626967,0.013426910901305263
0.449438202247191,0.12359550561797752,-0.008795535703672839,0.01742536312634775,0.0033433658470511003,0.014574982442115756
0.449438202247191,0.1348314606741573,0.07310220301824404,0.005595939946168624,-0.013028041453259767,0.025239918932235806
0.449438202247191,0.14606741573033707,0.162096465090961,-0.003670903410150475,-0.02873064575074028,0.05054445485088339
0.449438202247191,0.15730337078651685,0.16950482933155636,-0.004808151735500604,-0.019585246403707374,0.05186002364736309
0.449438202247191,0.16853932584269662,0.24790261431178706,-0.0037070187129828193,0.00909182032808607,0.020825615430848748
0.449438202247191,0.1797752808988764,0.28216268511397496,-0.008178175347159573,0.013280295061090824,-0.05320054689158613
0.449438202247191,0.19101123595505617,0.2960662742351209,-0.00619210044622228,0.002246751745253459,-0.033274189090432005
0.449438202247191,0.20224719101123595,0.4408767815976085,0.007435301513632996,0.10963944511372165,0.20211306769871
0.449438202247191,0.21348314606741572,0.6923178559620332,0.0009656210302304274,0.3931119834084115,0.4596729021629198
0.449438202247191,0.2247191011235955,0.7453785343060128,-0.004795104581882621,0.4299262475709335,0.4839225420907075
0.449438202247191,0.23595505617977527,0.8553068811370514,0.08875168537050852,0.4785839587705498,0.7045408943258389
0.449438202247191,0.24719101123595505,1.2631959522827467,0.2341792713924964,0.8157555043517554,1.2404896424953016
0.449438202247191,0.2584269662921348,1.4792354153713292,0.27187538285347757,1.0755578704677478,1.4675177163775726
0.449438202247191,0.2696629213483146,1.4857828337635368,0.3299596814631705,1.0775187895642027,1.4724795604488536
0.449438202247191,0.2808988764044944,1.6310327843402832,0.6044318441149421,1.2386257033445605,1.8470701697996799
0.449438202247191,0.29213483146067415,1.8368006462815498,0.8728993637073853,1.5258008755887522,2.38537350422719
0.449438202247191,0.3033707865168539,1.8698261603285724,0.9228577112389491,1.5575462569261092,2.523038750774574
0.449438202247191,0.3146067415730337,1.9082706570999963,0.9530857209107478,1.5446204927742906,2.4893745776700045
0.449438202247191,0.3258426966292135,2.0648762342924725,1.2009182137694754,1.6627237607861802,2.9474761614218834
0.449438202247191,0.33707865168539325,2.1934493213698794,1.4949865205615815,1.7905775339977226,3.6605539701455085
0.449438202247191,0.348314606741573,2.2035631759405714,1.55253903700814,1.7951054022017827,3.6885693887580797
0.449438202247191,0.3595505617977528,2.184165056581133,1.801830178698421,1.8575610923815253,2.8339726714048057
0.449438202247191,0.3707865168539326,2.256890777154643,2.5542419538958114,2.033898637755076,2.0740709857068103
0.449438202247191,0.38202247191011235,2.3989823542061504,3.08893891835486,2.1139470322508935,2.070253091962545
0.449438202247191,0.3932584269662921,2.4122397532787434,3.061678995612902,2.1212938506487675,2.0193878324275736
0.449438202247191,0.4044943820224719,2.4032950886008404,2.9518020791796484,2.2131911255524432,0.6008121516527621
0.449438202247191,0.4157303370786517,2.4872079598173435,3.377181773595029,2.4154908112927997,-1.9197876477419207
0.449438202247191,0.42696629213483145,2.573359698129209,3.940971073751105,2.577683720562407,-3.1591801858626654
0.449438202247191,0.4382022471910112,2.5694690569946106,3.889264101630958,2.552709311914905,-3.1742750285605412
0.449438202247191,0.449438202247191,2.5689682647070264,2.855151034933104,2.39677813989438,-3.0800842735756055
0.449438202247191,0.4606741573033708,2.629720626283345,1.561509434992937,2.2866339018287305,-3.3301512040370596
0.449438202247191,0.47191011235955055,2.6787515353525455,1.150875697949408,2.2737315565697407,-3.64041001856409
0.449438202247191,0.4831460674157303,2.6752633659825213,1.0876169377091023,2.2833676407451007,-3.619104980282752
0.449438202247191,0.4943820224719101,2.640307378583759,0.27069983039943035,2.3122008239238867,-3.1421343977193135
0.449438202247191,0.5056179775280899,2.6005969179798605,-1.5957154468746757,2.41318042914798,-2.6562886042383305
0.449438202247191,0.5168539325842696,2.5955319372335404,-2.735345793209772,2.5202606542355404,-2.593197881348822
0.449438202247191,0.5280898876404494,2.5999169447986747,-2.7667300011341087,2.5253620783753736,-2.5655330563130274
0.449438202247191,0.5393258426966292,2.556689430578587,-2.565524917418211,2.4627577198626134,-2.0782204217519245
0.449438202247191,0.550561797752809,2.504568467888207,-2.597743287354092,2.434164996091267,-1.1696333021805918
0.449438202247191,0.5617977528089888,2.521679730087819,-2.8042802155182023,2.4729360663903157,-0.6509496634293443
0.449438202247191,0.5730337078651685,2.530481481652986,-2.8354946007877087,2.4932760771414437,-0.5856106587270563
0.449438202247191,0.5842696629213483,2.47197870823831,-2.4977718097129267,2.3478088829830335,-0.2318437456777457
0.449438202247191,0.5955056179775281,2.4030832747579436,-2.1682392139743167,2.042571000343923,0.5272835222345206
0.449438202247191,0.6067415730337078,2.3939908152149645,-2.150489273270123,1.8300013959124652,1.026020276897731
0.449438202247191,0.6179775280898876,2.386060485860772,-2.1508322612641844,1.8115557018805917,1.0365465535550433
0.449438202247191,0.6292134831460674,2.209814753013723,-2.0582287161924926,1.9176830668133527,0.9865840575313027
0.449438202247191,0.6404494382022472,1.9666925470082754,-2.0371826027530093,2.066990286300357,1.127137459919203
0.449438202247191,0.651685393258427,1.8742141546386084,-2.1786694005991403,2.181849182355682,1.290942847783177
0.449438202247191,0.6629213483146067,1.857466046762246,-2.160549850187631,2.161974991213223,1.271319657182854
0.449438202247191,0.6741573033707865,1.7376279521685236,-1.857349194429816,1.9918304483696687,1.0448745238084487
0.449438202247191,0.6853932584269663,1.6051630425763872,-1.6175031182911457,1.8803596863340784,0.8375229141383695
0.449438202247191,0.696629213483146,1.581761408280632,-1.5919688321068532,1.9089351580293914,0.8096226724918463
0.449438202247191,0.7078651685393258,1.5793170538796641,-1.4962399873889678,1.8350214759257912,0.777900288798755
0.449438202247191,0.7191011235955056,1.5032915038096268,-1.042357039043612,1.3790076940967535,0.6011391641498935
0.449438202247191,0.7303370786516854,1.4421356040766744,-0.7231131636129032,1.0990178967145292,0.4381491514898891
0.449438202247191,0.7415730337078652,1.452917513873508,-0.6962539170432456,1.0767623887618454,0.40816733767281027
0.449438202247191,0.7528089887640449,1.18587625995828,-0.5434182947918655,1.0663132503837915,0.33753564864821245
0.449438202247191,0.7640449438202247,0.6386864117000745,-0.18131813256109972,0.9823311076600164,0.14853775698818728
0.449438202247191,0.7752808988764045,0.47895982960017014,0.02240550639877716,0.9617667605650256,0.059965984163595554
0.449438202247191,0.7865168539325842,0.440731710954886,-0.008712461928920745,0.8536090570081176,0.052648688041195005
0.449438202247191,0.797752808988764,0.2508805518456062,-0.019580727514354846,0.5150684850493794,0.05090361935259105
0.449438202247191,0.8089887640449438,0.1456360701652409,0.038696470404463404,0.41272141291155606,0.06857244820305239
0.449438202247191,0.8202247191011236,0.14503933027418078,0.04883138690671572,0.40409853827980347,0.07817223082013507
0.449438202247191,0.8314606741573034,0.12375712183735746,0.0069897056397497815,0.2872148417384032,0.055891637809074746
0.449438202247191,0.8426966292134831,0.10316955916989373,-0.023196131413128134,0.14434127899365373,0.03316233608192099
0.449438202247191,0.8539325842696629,0.10121534104795064,-0.023045051176644703,0.13615399828553973,0.030700467523987657
0.449438202247191,0.8651685393258427,0.10048506329921163,-0.021002743304868843,0.026899124630170215,0.04451318273184492
0.449438202247191,0.8764044943820224,0.1142520073570731,-0.03975439977372918,-0.026385184254251456,0.06231322846800632
0.449438202247191,0.8876404494382022,0.09364390090087174,-0.03495255450370437,-0.020356107550349247,0.05205078680447197
0.449438202247191,0.898876404494382,0.00994795608778828,-0.0024338593744336096,-0.0070710683642411926,0.007871947123212092
0.449438202247191,0.9101123595505618,-0.009022454443779419,0.008127471120694285,-0.004495254005941403,-0.008566520645514277
0.449438202247191,0.9213483146067416,-0.0018179995927444595,-0.0035899295096868808,-0.0049335137763719256,-0.0013827724201840893
0.449438202247191,0.9325842696629213,0.0007153239061237738,-0.010405482117486788,-0.0045102486569180405,0.0034213054681823153
0.449438202247191,0.9438202247191011,1.7151703698887077e-05,-0.006312250845071155,-0.001711618393771903,0.002819388440665024
0.449438202247191,0.9550561797752809,-0.000254168582826031,-0.003866447498452501,-0.0007442093656427675,0.002477168703315938
0.449438202247191,0.9662921348314606,-9.541423670447975e-06,-0.0040597548641228345,-0.0008846634302698686,0.0025783116277356068
0.449438202247191,0.9775280898876404,-7.885781847243456e-05,-0.002033379376235039,-0.0005207321254348882,0.002485789993279914
0.449438202247191,0.9887640449438202,-0.00020641211158727656,-0.00012532458527962417,-0.0007946344490621466,0.001615770071771705
0.449438202247191,1.0,-8.319022703823248e-19,3.673031138952678e-18,-7.976225624770493e-18,4.816721292879535e-18
0.4606741573033708,0.0,0.0,-0.0,-0.0,0.0
0.4606741573033708,0.011235955056179775,3.1146510864750815e-05,-0.0005264282369154088,-0.0007996074084487676,0.0012669464376340298
0.4606741573033708,0.02247191011235955,-0.00046297572513730845,-0.0003157127754915349,-0.0025402758526404056,0.0008905668987309186
0.4606741573033708,0.033707865168539325,-0.0007632080422932389,-0.0007144107046401922,-0.003114827719247837,0.001052093338106063
0.4606741573033708,0.0449438202247191,-0.0008862741739532984,-0.000634368524422812,-0.0034081042774279555,0.0024654298753651774
0.4606741573033708,0.056179775280898875,-0.0013243247167141461,-0.0002543246558501065,-0.004827310648444183,0.0003242480106754344
0.4606741573033708,0.06741573033707865,-0.0015051453338716548,-0.0007169718004184765,-0.006698139893357669,-0.0015036116346171283
0.4606741573033708,0.07865168539325842,-0.001486702115754294,-0.001268770330927662,-0.011668394277102024,0.004934969687743172
0.4606741573033708,0.0898876404494382,-0.0020405320186413028,-0.0008817724265354913,-0.01627300680372173,0.009542534904985554
0.4606741573033708,0.10112359550561797,-0.0010584862701912418,0.003976020177021414,-0.007757132751793765,0.010107790704138664
0.4606741573033708,0.11235955056179775,-0.007147485149355848,0.01680150744633863,0.004567826034492554,0.016298959956647766
0.4606741573033708,0.12359550561797752,-0.008690031022359677,0.018111714122015052,0.002911676637996717,0.017455155466923705
0.4606741573033708,0.1348314606741573,0.07912937528426685,0.002991585312346459,-0.015175262026775303,0.0276039266059124
0.4606741573033708,0.14606741573033707,0.17410100827305783,-0.011116710347264904,-0.034151534503866265,0.05423880768540222
0.4606741573033708,0.15730337078651685,0.18298243386066093,-0.013700860005031018,-0.02556717249164363,0.055766750536152196
0.4606741573033708,0.16853932584269662,0.263466146812061,-0.012434146694553986,0.005188359765505882,0.020342554434037322
0.4606741573033708,0.1797752808988764,0.29442020843160144,-0.01795830528242443,0.013644808221181812,-0.06296846744466597
0.4606741573033708,0.19101123595505617,0.30981658587315297,-0.015973973591285228,0.004632913055103957,-0.043091015510511504
0.4606741573033708,0.20224719101123595,0.45092090941915625,-0.002007462607859213,0.13069079293706964,0.19337776035099713
0.4606741573033708,0.21348314606741572,0.6810535940354782,-0.010438380169226429,0.4024345328512617,0.43682999404631273
0.4606741573033708,0.2247191011235955,0.7236108854552653,-0.015566788500555222,0.4279482364843721,0.45506989262874586
0.4606741573033708,0.23595505617977527,0.8439216263583192,0.07979612744010446,0.4875148608635196,0.6825311388460114
0.4606741573033708,0.24719101123595505,1.27841827986809,0.22318007228665923,0.83087393229495,1.2231867805522736
0.4606741573033708,0.2584269662921348,1.4920945483325194,0.258412716282426,1.0447285893668066,1.4512722765287704
0.4606741573033708,0.2696629213483146,1.5004616643748823,0.3228006910295269,1.0550374081412301,1.461414571725218
0.4606741573033708,0.2808988764044944,1.6536914509863825,0.6202526044094792,1.243860957658913,1.8454936663973478
0.4606741573033708,0.29213483146067415,1.8768136970278035,0.9083197781679732,1.525528603518654,2.400254482738213
0.4606741573033708,0.3033707865168539,1.9114190187484938,0.9597828133154898,1.5635984721862768,2.5472439302463648
0.4606741573033708,0.3146067415730337,1.9460462930671942,0.9787279588775865,1.553779138449491,2.5033994419058248
0.4606741573033708,0.3258426966292135,2.1045673730344623,1.210168933277141,1.630699708082096,2.9450972161943216
0.4606741573033708,0.33707865168539325,2.240276866038299,1.4891941578831018,1.7133213428593583,3.649924076275541
0.4606741573033708,0.348314606741573,2.2531157445664363,1.544120250768529,1.7044017379112184,3.6712200295317845
0.4606741573033708,0.3595505617977528,2.2333519499625605,1.8212623324051103,1.7634582053857744,2.8094359279158545
0.4606741573033708,0.3707865168539326,2.305380303850799,2.5932529330807514,1.951566094831209,2.058536195824232
0.4606741573033708,0.38202247191011235,2.4463288999723503,3.123665289159727,2.0398557306113836,2.0736390484363003
0.4606741573033708,0.3932584269662921,2.467478037064086,3.09573819101957,2.047078755474682,2.0276804387777347
0.4606741573033708,0.4044943820224719,2.475967720408045,2.991253263679327,2.1519782826478138,0.650759133696248
0.4606741573033708,0.4157303370786517,2.583568910893847,3.421977527012617,2.3748091729140195,-1.8283597207575348
0.4606741573033708,0.42696629213483145,2.6858802037424465,3.999300870366214,2.552852944797788,-3.1084106673414844
0.4606741573033708,0.4382022471910112,2.677056815540533,3.9491136470109653,2.528038207971868,-3.139850260885967
0.4606741573033708,0.449438202247191,2.658578681428005,2.9086946333536874,2.3588261731661273,-3.0583780279746233
0.4606741573033708,0.4606741573033708,2.7000145005159535,1.5935712826523973,2.22975377534512,-3.3210740036297275
0.4606741573033708,0.47191011235955055,2.737059866896201,1.165261211342468,2.2088468030020194,-3.6389448779051707
0.4606741573033708,0.4831460674157303,2.731302398280222,1.099987716999581,2.222010977456712,-3.623558208458565
0.4606741573033708,0.4943820224719101,2.700756571195526,0.2763377421781021,2.2627262961316927,-3.1519024245982714
0.4606741573033708,0.5056179775280899,2.6688371108825604,-1.635931130606751,2.3806232030781818,-2.6820780364936274
0.4606741573033708,0.5168539325842696,2.6682375561962948,-2.8127699714660563,2.498807439862378,-2.6329829037903325
0.4606741573033708,0.5280898876404494,2.6709559133943386,-2.83832215781426,2.5047049699669834,-2.6104271256073215
0.4606741573033708,0.5393258426966292,2.6194972307440825,-2.594987271143906,2.4491690709796266,-2.1162923495931154
0.4606741573033708,0.550561797752809,2.5623632081803196,-2.5899503598623563,2.4381142837685568,-1.2196923692348423
0.4606741573033708,0.5617977528089888,2.5836573347669263,-2.7828326590144434,2.491968937863341,-0.7017353628291848
0.4606741573033708,0.5730337078651685,2.595514749797468,-2.813332323423203,2.513184633458388,-0.6241342979884339
0.4606741573033708,0.5842696629213483,2.533462004102538,-2.468805384911102,2.354821680215531,-0.25862068906954594
0.4606741573033708,0.5955056179775281,2.457136868798978,-2.157857531272295,2.037827543984875,0.5052151111407832
0.4606741573033708,0.6067415730337078,2.438408739713853,-2.163360810455118,1.8126451086724749,0.9839461962070647
0.4606741573033708,0.6179775280898876,2.425674517904692,-2.1665465863845315,1.7859411981763977,0.9923775729234949
0.4606741573033708,0.6292134831460674,2.252943264416968,-2.0743513350081346,1.8986311305672132,0.96533063580205
0.4606741573033708,0.6404494382022472,2.0118030370607904,-2.0542853825207437,2.062960720411661,1.1232044869424762
0.4606741573033708,0.651685393258427,1.9200264442577977,-2.1936293162663163,2.1869381008835456,1.287731365021721
0.4606741573033708,0.6629213483146067,1.897342303873989,-2.175309213129181,2.174463471174993,1.263937796435095
0.4606741573033708,0.6741573033707865,1.7710347695740767,-1.8754507497092154,2.002186188567687,1.035274565757236
0.4606741573033708,0.6853932584269663,1.6390527354575979,-1.6436612847857168,1.872042298554164,0.8218579953466099
0.4606741573033708,0.696629213483146,1.6192844456752413,-1.6261373798465335,1.8823506962147611,0.7858135275104189
0.4606741573033708,0.7078651685393258,1.6152531312931355,-1.5296980197128867,1.7994934349606246,0.7582771251402807
0.4606741573033708,0.7191011235955056,1.5296269334825903,-1.0823831082121502,1.3205798872673515,0.5888641763504279
0.4606741573033708,0.7303370786516854,1.4513757049737137,-0.7813559321386396,1.0102432522248632,0.42562352256267183
0.4606741573033708,0.7415730337078652,1.449993554402819,-0.7599126206002343,0.9860739958908248,0.39252557636638075
0.4606741573033708,0.7528089887640449,1.2068499616157686,-0.5953639517441712,0.9730938615428855,0.3310870676116472
0.4606741573033708,0.7640449438202247,0.658932816111494,-0.2188146456577068,0.9086686016889904,0.14718006593096308
0.4606741573033708,0.7752808988764045,0.48712052289580443,-0.01194908454650111,0.9124765474954755,0.05901649631090382
0.4606741573033708,0.7865168539325842,0.44778852348303966,-0.0367909852532983,0.8225679913491963,0.050662245965677005
0.4606741573033708,0.797752808988764,0.25514963553858927,-0.033000104164523966,0.4805911935037004,0.043357440091633975
0.4606741573033708,0.8089887640449438,0.15634620694379606,0.03577575724877416,0.3694000225808664,0.0585520677162778
0.4606741573033708,0.8202247191011236,0.15618955329205111,0.04620251887382729,0.35917371688644467,0.06769219384058142
0.4606741573033708,0.8314606741573034,0.1344453517929602,-0.00029222231193009473,0.25671677793939096,0.05038666212114399
0.4606741573033708,0.8426966292134831,0.11646392212701283,-0.034395460953455866,0.14464795703355696,0.03434577430127824
0.4606741573033708,0.8539325842696629,0.1164197743006054,-0.03442465679451893,0.14190541029133072,0.03300752105291017
0.4606741573033708,0.8651685393258427,0.11358085235691813,-0.026245461032066417,0.027771352403535614,0.04320289371218768
0.4606741573033708,0.8764044943820224,0.12401763388869279,-0.038688791722080694,-0.0284277207766429,0.05796445952822751
0.4606741573033708,0.8876404494382022,0.10106112158430076,-0.0342993228188943,-0.02096331626946209,0.04814715742062492
0.4606741573033708,0.898876404494382,0.012147120894418849,-0.0034640246857714427,-0.007028817530439101,0.007025277902095013
0.4606741573033708,0.9101123595505618,-0.008065097570795241,0.007090003686855124,-0.004671050891205557,-0.006663437140706595
0.4606741573033708,0.9213483146067416,-0.0009085594677803367,-0.0040242162425158205,-0.004610870441484065,-0.0013417821414838111
0.4606741573033708,0.9325842696629213,0.001601814605188715,-0.010651000200348646,-0.0033793179455142938,0.0019796082598674673
0.4606741573033708,0.9438202247191011,0.0009021729655105162,-0.006484020294530961,-0.0005548585056026249,0.0022543097113067057
0.4606741573033708,0.9550561797752809,0.0002950926679785234,-0.003948490455526126,-0.00028164256345449413,0.0027804145195300446
0.4606741573033708,0.9662921348314606,0.00015644668731756357,-0.00401234730374601,-0.000727433013824293,0.0029218249864315948
0.4606741573033708,0.9775280898876404,-3.850689253473873e-05,-0.001840704138027276,-0.0003417477510655164,0.002606439524154174
0.4606741573033708,0.9887640449438202,-0.00024644518743302253,-0.00010521296400129133,-0.0006896199382785766,0.0015570113940831629
0.4606741573033708,1.0,-1.3476056997749146e-18,2.661175722681196e-18,-7.48923552821092e-18,4.8212084768407016e-18
0.47191011235955055,0.0,0.0,-0.0,-0.0,0.0
0.47191011235955055,0.011235955056179775,0.00010599054956570737,-0.00034808084705603666,-1.800117766905771e-05,0.0003886755475030893
0.47191011235955055,0.02247191011235955,-0.00020768601324265012,0.00014561675253299116,-0.0008762055792132513,8.07052659500098e-05
0.47191011235955055,0.033707865168539325,-0.0004742203545574034,0.00010871250293407079,-0.0007029558731620583,0.00037311596074773563
0.47191011235955055,0.0449438202247191,-0.00048049337280416294,0.00018161392169238069,-0.00032557925982212805,0.001653691940404119
0.47191011235955055,0.056179775280898875,-0.0008260762345939321,0.0006199988953640072,-2.0243906125653507e-05,-0.0008165641611350068
0.47191011235955055,0.06741573033707865,-0.0010760698999565917,0.0006942610828824727,0.00043548258750553137,-0.0037405082399145756
0.47191011235955055,0.07865168539325842,-0.001371463325569798,0.0011362263437441902,-0.0038565967120307004,0.001503793512846505
0.47191011235955055,0.0898876404494382,-0.0023498409435710804,0.0014814636373528044,-0.009685111812619886,0.0055706750816415206
0.47191011235955055,0.10112359550561797,-0.0009167466800566977,0.005302611345393956,-0.0036362298611053055,0.006928501223448452
0.47191011235955055,0.11235955056179775,-0.00574198825089336,0.018821314152216967,0.007260526612469445,0.014641606626529352
0.47191011235955055,0.12359550561797752,-0.006801523804103116,0.02113240463097623,0.007315891329525776,0.01619121694425038
0.47191011235955055,0.1348314606741573,0.08468608519581844,0.0036321590173009274,-0.011264749927203794,0.026991277090019833
0.47191011235955055,0.14606741573033707,0.1827577604693374,-0.012270802996226899,-0.03494024651698758,0.053522742352204666
0.47191011235955055,0.15730337078651685,0.19397559978345916,-0.012785247225377404,-0.02940129128511169,0.05282078914181124
0.47191011235955055,0.16853932584269662,0.27551797130172107,-0.010922490279860584,0.0035306289021719965,0.012672477856812522
0.47191011235955055,0.1797752808988764,0.307105340874037,-0.018823330051875652,0.02252616096218186,-0.07372975144724923
0.47191011235955055,0.19101123595505617,0.3206310340157611,-0.016628648057860528,0.02839062135572619,-0.05211745869191681
0.47191011235955055,0.20224719101123595,0.4592014315273054,-0.0011506357960816187,0.17598325062800202,0.182319033350486
0.47191011235955055,0.21348314606741572,0.681796344553443,-0.010654765140043274,0.437196964879831,0.417901207730467
0.47191011235955055,0.2247191011235955,0.7224007564231609,-0.016507113689819254,0.47170973387845466,0.4428774720723539
0.47191011235955055,0.23595505617977527,0.8578456751855923,0.07861260697800344,0.5520555209592402,0.6742354853354161
0.47191011235955055,0.24719101123595505,1.3049913672578284,0.22276507132273923,0.8962874720115905,1.2109524920856074
0.47191011235955055,0.2584269662921348,1.510133813780468,0.25899041421773217,1.0754756734804776,1.4459392110841018
0.47191011235955055,0.2696629213483146,1.5109958911890047,0.3278814940676832,1.0951123277505288,1.4689550043540143
0.47191011235955055,0.2808988764044944,1.6613662135196479,0.6467601014034583,1.3115782748337956,1.8701684827436718
0.47191011235955055,0.29213483146067415,1.9068284622337441,0.9494855637272397,1.5852167362735483,2.439473836106288
0.47191011235955055,0.3033707865168539,1.951315691443061,1.003749473763604,1.6327753486004544,2.5840101783818548
0.47191011235955055,0.3146067415730337,1.9875698400534296,1.0183853785815935,1.6387802812393317,2.528803565251258
0.47191011235955055,0.3258426966292135,2.1500970125553884,1.2467985530608894,1.7166851556341298,2.9629051848307806
0.47191011235955055,0.33707865168539325,2.2897412540254205,1.5133151203520774,1.8019788911819692,3.6668524415975186
0.47191011235955055,0.348314606741573,2.3033781360260437,1.5546887172767685,1.805484051362595,3.704421120539448
0.47191011235955055,0.3595505617977528,2.2889620397604924,1.8452679882713856,1.8685732354743392,2.8605881560942317
0.47191011235955055,0.3707865168539326,2.374463078527072,2.6245400609006833,2.0566378808819517,2.1077622453509615
0.47191011235955055,0.38202247191011235,2.513806851271212,3.1595883013645523,2.144960256062931,2.1100144111902703
0.47191011235955055,0.3932584269662921,2.526342575226227,3.1451544359806864,2.15389363902625,2.0401072995474765
0.47191011235955055,0.4044943820224719,2.5360047964648307,3.0456064231537203,2.2813119649562843,0.662890064304829
0.47191011235955055,0.4157303370786517,2.65924838541001,3.4728934249815877,2.541786521713219,-1.8186653145684673
0.47191011235955055,0.42696629213483145,2.781986145223809,4.050721460026053,2.7447986616864615,-3.1233866163722235
0.47191011235955055,0.4382022471910112,2.77569729678428,3.990560720988319,2.7331904667049107,-3.1524788660478054
0.47191011235955055,0.449438202247191,2.7429957231489626,2.9373746694581113,2.5713392396368477,-3.0799654698955834
0.47191011235955055,0.4606741573033708,2.7712615732016146,1.6131093084057604,2.4221723423091954,-3.3469812590725994
0.47191011235955055,0.47191011235955055,2.8050045081435693,1.1845681710672304,2.376070275787635,-3.6621075846884996
0.47191011235955055,0.4831460674157303,2.8032109027484995,1.1224031541981265,2.3818429351041788,-3.645109103934209
0.47191011235955055,0.4943820224719101,2.778554054172935,0.26389558995618145,2.4295996714903607,-3.177006193866239
0.47191011235955055,0.5056179775280899,2.7488515174467754,-1.6786657714779503,2.5595020818808045,-2.716246648867405
0.47191011235955055,0.5168539325842696,2.7458402729424534,-2.8793626084657324,2.683618606987423,-2.6773620869886097
0.47191011235955055,0.5280898876404494,2.7439061566553167,-2.921613416243762,2.6853239928521635,-2.6642921094353804
0.47191011235955055,0.5393258426966292,2.6860229588408844,-2.662401745439499,2.6220908480302714,-2.1750869743827903
0.47191011235955055,0.550561797752809,2.62715141250544,-2.6314176791693384,2.6019113442024,-1.2883293734993222
0.47191011235955055,0.5617977528089888,2.65048682310052,-2.8038626122364834,2.6415049806607986,-0.7496405788250452
0.47191011235955055,0.5730337078651685,2.6568356453766193,-2.8203703036238563,2.647420134428869,-0.6837721169164644
0.47191011235955055,0.5842696629213483,2.5826370706842985,-2.460271986002397,2.475914731003622,-0.3494621286448597
0.47191011235955055,0.5955056179775281,2.4997258806685196,-2.169232419600182,2.148616855297045,0.4300197215932359
0.47191011235955055,0.6067415730337078,2.4837336106978283,-2.19520340485921,1.9215019359186776,0.9434069697748955
0.47191011235955055,0.6179775280898876,2.47516913647559,-2.200003797224281,1.90285267137261,0.9678739044751223
0.47191011235955055,0.6292134831460674,2.301236423920332,-2.11117314563662,2.0295987299741727,0.9434899611780619
0.47191011235955055,0.6404494382022472,2.059578430305701,-2.095090397969228,2.21036141829394,1.1075616381090418
0.47191011235955055,0.651685393258427,1.9729244586296275,-2.225297503906621,2.3516093684179538,1.2804989925194519
0.47191011235955055,0.6629213483146067,1.9550031923202766,-2.201942005154488,2.3454083547418323,1.2596153423264747
0.47191011235955055,0.6741573033707865,1.8277784991625285,-1.9010084300091241,2.1672015492305836,1.0311989059982114
0.47191011235955055,0.6853932584269663,1.6897802545962544,-1.6687311246902639,2.033813543512703,0.815124770399119
0.47191011235955055,0.696629213483146,1.6630551323390392,-1.6556824839773105,2.0423078622845403,0.7702317926427258
0.47191011235955055,0.7078651685393258,1.6487973538685265,-1.565056049075027,1.9438579656139907,0.7425930659367088
0.47191011235955055,0.7191011235955056,1.5523098051356212,-1.1274020703699394,1.4292443977517315,0.5783635099033203
0.47191011235955055,0.7303370786516854,1.4638040006886104,-0.8270219337800719,1.0814682652309797,0.41531215367163615
0.47191011235955055,0.7415730337078652,1.4593697420623348,-0.807228811870144,1.0373077178828614,0.3815958664072146
0.47191011235955055,0.7528089887640449,1.225106117090007,-0.6425690601855041,1.0067800333810646,0.32406912964890416
0.47191011235955055,0.7640449438202247,0.6786699540226178,-0.25202207978168795,0.9420270537433456,0.14368388075376753
0.47191011235955055,0.7752808988764045,0.49878013988385744,-0.032740003870893104,0.949461444359883,0.058144780958044665
0.47191011235955055,0.7865168539325842,0.46512835824829285,-0.047299145060135585,0.8581168434143026,0.055808386012270166
0.47191011235955055,0.797752808988764,0.2758241971728227,-0.03480070653445332,0.5033807725260726,0.05009204395199141
0.47191011235955055,0.8089887640449438,0.17691093532344088,0.03941821943299631,0.37813993096503656,0.06183259332344463
0.47191011235955055,0.8202247191011236,0.17293982498225283,0.04895951780574093,0.36825508573217774,0.06569152965864548
0.47191011235955055,0.8314606741573034,0.14867914648007238,0.000815912798410525,0.2775287488955003,0.04713610073383045
0.47191011235955055,0.8426966292134831,0.13238130653714844,-0.03646573313986381,0.175593432046722,0.032951246740191245
0.47191011235955055,0.8539325842696629,0.13218264921216522,-0.039146252158487445,0.16703084102508614,0.031552146742031946
0.47191011235955055,0.8651685393258427,0.12381005691659144,-0.027494885952370266,0.046551227260045236,0.03876252770526242
0.47191011235955055,0.8764044943820224,0.1320007662627538,-0.033341621509344437,-0.02207326596985736,0.051990223144609354
0.47191011235955055,0.8876404494382022,0.10987679610061271,-0.028446689347322914,-0.01770599852651795,0.04357605217508409
0.47191011235955055,0.898876404494382,0.015287866111504938,0.00044100104124428034,-0.00270993308449226,0.0038837696079317176
0.47191011235955055,0.9101123595505618,-0.006287374979957155,0.011156741223092341,-0.0003156230091040114,-0.007453013364436302
0.47191011235955055,0.9213483146067416,0.00016599907142579449,0.0003691388034203886,-0.0006497908646113702,-0.002595569978856216
0.47191011235955055,0.9325842696629213,0.0021269327880435,-0.006720050472982653,-0.0005698462713369179,-0.0004231734739379496
0.47191011235955055,0.9438202247191011,0.0015593335128185077,-0.002963643362372675,0.0010346181703842345,0.00023512158019368875
0.47191011235955055,0.9550561797752809,0.0010046120928720837,-0.0007185540528866937,0.0008245282444817638,0.0009439090983528325
0.47191011235955055,0.9662921348314606,0.0005634475161715983,-0.00173552323970484,4.1549588760138256e-05,0.0007689630154757627
0.47191011235955055,0.9775280898876404,6.984645848832029e-05,-0.001058560444999485,0.00033059288446082977,0.0007222210557060301
0.47191011235955055,0.9887640449438202,-0.0002516387032551861,-0.00037524152851166836,-8.707405708290791e-05,0.0005800371196448161
0.47191011235955055,1.0,-1.2591156091019512e-18,-1.0954132561537797e-18,-4.548454866590406e-18,2.6026613590078707e-18
0.4831460674157303,0.0,0.0,-0.0,-0.0,0.0
0.4831460674157303,0.011235955056179775,-2.6259239287720427e-05,-0.0004264641783610183,0.0005912602622460328,6.359621892779125e-05
0.4831460674157303,0.02247191011235955,-0.0002066690864756834,0.00011917333581375368,0.00021567940388492215,4.461333467417826e-05
0.4831460674157303,0.033707865168539325,-0.00027269603112481855,0.0003074572124015284,-8.132797342217567e-05,0.00048805042296560104
0.4831460674157303,0.0449438202247191,-0.0001362940332674497,8.583441140783142e-05,-0.0009079874701485537,0.0017652788819805805
0.4831460674157303,0.056179775280898875,-0.0005017818550193338,-1.185781934370037e-05,-0.001009212122383636,-0.0005338723119115394
0.4831460674157303,0.06741573033707865,-0.0007440877649608367,0.0002489945014865804,0.0001029284595781448,-0.003867478632228876
0.4831460674157303,0.07865168539325842,-0.0011270197761509813,0.0014958018173985477,-0.003299735539921578,0.0007690950587600612
0.4831460674157303,0.0898876404494382,-0.002553165056894965,0.0018801755964079892,-0.009335054208267753,0.0052791323251256015
0.4831460674157303,0.10112359550561797,-0.0012380297029262164,0.0043150283003281645,-0.005168754562057004,0.006990481515190422
0.4831460674157303,0.11235955056179775,-0.005518235409515686,0.017382051643339523,0.005368099122467,0.014400321941323542
0.4831460674157303,0.12359550561797752,-0.006898403903508394,0.021301555245325062,0.009119785303039809,0.016925736050107353
0.4831460674157303,0.1348314606741573,0.0840846522954912,0.003161615954901011,-0.007028282693103859,0.029866055807108438
0.4831460674157303,0.14606741573033707,0.18181278246651725,-0.013490409634048042,-0.032661848100644854,0.05526540481925266
0.4831460674157303,0.15730337078651685,0.1934906930025822,-0.011762611911638928,-0.03087822585232677,0.05046618841608003
0.4831460674157303,0.16853932584269662,0.2721875448862326,-0.009778594883711864,-0.0017251328823273341,0.007762737174723617
0.4831460674157303,0.1797752808988764,0.30799446508835976,-0.019638941435760997,0.019415947614643866,-0.0741816936764228
0.4831460674157303,0.19101123595505617,0.31699804917775437,-0.016289963142160278,0.030967547833460365,-0.05331207565580154
0.4831460674157303,0.20224719101123595,0.45260703192260415,0.0008891901229109876,0.17688355279487766,0.17127609904787122
0.4831460674157303,0.21348314606741572,0.6787117114010164,-0.009811217783021586,0.42358502754428307,0.4060839899312478
0.4831460674157303,0.2247191011235955,0.7245623398954905,-0.017174201322372677,0.471055615729709,0.4486808249706524
0.4831460674157303,0.23595505617977527,0.8694439118905672,0.07653007982740775,0.5585134967738106,0.6793444995061035
0.4831460674157303,0.24719101123595505,1.3112484136990326,0.22160116690404966,0.8875739647425863,1.2032827235495318
0.4831460674157303,0.2584269662921348,1.5112976896118666,0.258816303585364,1.060302264834257,1.4444082400640874
0.4831460674157303,0.2696629213483146,1.501083547007981,0.3237373128138821,1.1019786219899967,1.4754098342215003
0.4831460674157303,0.2808988764044944,1.6322860352626998,0.6417926901666434,1.3311346277487457,1.8813183348050495
0.4831460674157303,0.29213483146067415,1.8917896142737605,0.9429130565243822,1.573635521600145,2.4480701591253715
0.4831460674157303,0.3033707865168539,1.9535412299835773,1.0029512299876175,1.6167248876640947,2.578861992085071
0.4831460674157303,0.3146067415730337,1.9948655357716363,1.0249982067923125,1.6215897510211794,2.522913541722236
0.4831460674157303,0.3258426966292135,2.1570818644735534,1.2647583217976404,1.6850789850188594,2.9640561223365873
0.4831460674157303,0.33707865168539325,2.2916956530481185,1.5224111951753343,1.7718366549825593,3.6612391118070513
0.4831460674157303,0.348314606741573,2.2997679110380145,1.5486353585613581,1.7873081977809158,3.7149849529914807
0.4831460674157303,0.3595505617977528,2.2875934683791734,1.843415955575404,1.8479322120905026,2.9113013906396628
0.4831460674157303,0.3707865168539326,2.38622033975813,2.613671506296554,2.0249989617333592,2.158510315187576
0.4831460674157303,0.38202247191011235,2.5221139810452353,3.1483110285331923,2.1151184683497237,2.1256568151711654
0.4831460674157303,0.3932584269662921,2.5178212442263552,3.153157291015719,2.129092056650538,2.0297160103734657
0.4831460674157303,0.4044943820224719,2.5152234858907128,3.064204765528436,2.260203238039554,0.6690324686312791
0.4831460674157303,0.4157303370786517,2.6384779685902973,3.4867021006278587,2.5203819215902397,-1.809189664432338
0.4831460674157303,0.42696629213483145,2.7758390406151037,4.052814660660292,2.7129678567472317,-3.1270677116492487
0.4831460674157303,0.4382022471910112,2.7787847986901464,3.980428080584916,2.7072764084328504,-3.14245449618712
0.4831460674157303,0.449438202247191,2.7409707790839035,2.9191376735289407,2.5618430843244457,-3.0814020075316235
0.4831460674157303,0.4606741573033708,2.765401101327415,1.5936143109182581,2.410563384834261,-3.355864379499776
0.4831460674157303,0.47191011235955055,2.8017253265322433,1.1788055055470466,2.350529899244642,-3.6644897567428942
0.4831460674157303,0.4831460674157303,2.802670788550828,1.1133873817824902,2.346900346670618,-3.643317827998451
0.4831460674157303,0.4943820224719101,2.77833098235602,0.20965784558803682,2.3884364280952624,-3.1839899638087097
0.4831460674157303,0.5056179775280899,2.74665554160104,-1.683872823477671,2.5160719394018876,-2.723351529197436
0.4831460674157303,0.5168539325842696,2.7445139359011357,-2.861092975849915,2.6482050023907955,-2.679442927822647
0.4831460674157303,0.5280898876404494,2.7436588932480874,-2.933770797905765,2.662742792757076,-2.6585153226550116
0.4831460674157303,0.5393258426966292,2.684846033050991,-2.688519705272418,2.60627347740547,-2.163761048925653
0.4831460674157303,0.550561797752809,2.6266978125602023,-2.653203259888259,2.5864014202236505,-1.2844357987909556
0.4831460674157303,0.5617977528089888,2.6517775489918662,-2.8107551683591634,2.618394069730145,-0.7364668338993363
0.4831460674157303,0.5730337078651685,2.6510922940055957,-2.8101977341512177,2.6137200420727638,-0.7064056118602595
0.4831460674157303,0.5842696629213483,2.5637968612446542,-2.4394150521044975,2.433652193369969,-0.43911113288241155
0.4831460674157303,0.5955056179775281,2.480444993533725,-2.1623366509384225,2.106100734924455,0.3395145714718954
0.4831460674157303,0.6067415730337078,2.478491126040122,-2.1944132064256436,1.8878076193949245,0.9199675332682753
0.4831460674157303,0.6179775280898876,2.4739097574328506,-2.197282740750413,1.8849019320032858,0.9720675360164888
0.4831460674157303,0.6292134831460674,2.2867182643345174,-2.113382115476069,2.026287475859428,0.9251364640994737
0.4831460674157303,0.6404494382022472,2.043624682746901,-2.1057385075395723,2.206766288885588,1.0826503725180916
0.4831460674157303,0.651685393258427,1.9669227134314125,-2.227824576896424,2.3309715523882053,1.274363843514434
0.4831460674157303,0.6629213483146067,1.9618476891496166,-2.1983147211673533,2.2993205335738325,1.2651517992462828
0.4831460674157303,0.6741573033707865,1.8419861761698295,-1.8998986775273563,2.1162751290711728,1.0421625382573891
0.4831460674157303,0.6853932584269663,1.6987279505963815,-1.666821669157847,1.9971142282340848,0.8277140617278417
0.4831460674157303,0.696629213483146,1.6644552388928888,-1.6536523463681194,2.016315577336094,0.7722464293045634
0.4831460674157303,0.7078651685393258,1.6431666343509153,-1.572400773545049,1.9133764939608011,0.7391344124389211
0.4831460674157303,0.7191011235955056,1.5430337512367251,-1.1470251384828345,1.4050830575984987,0.5778865968451052
0.4831460674157303,0.7303370786516854,1.4562828289601197,-0.831948208415193,1.067273780124912,0.41541152574555756
0.4831460674157303,0.7415730337078652,1.4605129190371702,-0.8078839287058872,1.0242391653675755,0.3815963756723619
0.4831460674157303,0.7528089887640449,1.216457829877534,-0.6552064576838482,1.00103372975798,0.3185217936158717
0.4831460674157303,0.7640449438202247,0.6737594023374857,-0.26563376698273666,0.9460706699377045,0.13732351634322046
0.4831460674157303,0.7752808988764045,0.4970801082119051,-0.03705081513657063,0.9467523653375246,0.05567833938636093
0.4831460674157303,0.7865168539325842,0.4714615035729753,-0.04271737556393627,0.8321658723337936,0.06130006128150914
0.4831460674157303,0.797752808988764,0.2850504106122436,-0.031448688535154715,0.48982998544927775,0.057693917705445914
0.4831460674157303,0.8089887640449438,0.17905502430297815,0.040112209233574246,0.37282161700421873,0.06419449387022619
0.4831460674157303,0.8202247191011236,0.17059215903618247,0.04840907394329792,0.36535978497295923,0.06435329449536817
0.4831460674157303,0.8314606741573034,0.14511758775116818,0.0024885773486162765,0.27923934456751365,0.045181042207107426
0.4831460674157303,0.8426966292134831,0.13173793936381345,-0.035156189957424026,0.17825390729897994,0.03197840280788909
0.4831460674157303,0.8539325842696629,0.1307546267263468,-0.04091966308634539,0.16430431914385593,0.03129495750552441
0.4831460674157303,0.8651685393258427,0.1179582152688851,-0.030639258834997896,0.05309922032747913,0.03791802720130771
0.4831460674157303,0.8764044943820224,0.12939187977333994,-0.0339490215059617,-0.020421270095359077,0.05148018633406698
0.4831460674157303,0.8876404494382022,0.11184958221751486,-0.028182706021800324,-0.01941267455631438,0.04315010986528921
0.4831460674157303,0.898876404494382,0.01508646761015325,-8.103099644598562e-05,-0.0037891430578816418,0.002449521481152176
0.4831460674157303,0.9101123595505618,-0.0059314579667585025,0.011222397790631387,-0.000353631697884073,-0.00705647521598151
0.4831460674157303,0.9213483146067416,0.0001638158181814459,0.000899348646640647,0.0003299232705228448,-0.0012568328991367827
0.4831460674157303,0.9325842696629213,0.0015720153620467701,-0.006306987198100908,-0.00021826454422141503,-3.2183927364916074e-05
0.4831460674157303,0.9438202247191011,0.0012525546975060346,-0.0026580589541040133,-1.2225631570223544e-05,0.00040304180959219567
0.4831460674157303,0.9550561797752809,0.0011849928152227456,-0.00010871457033579265,0.00016740642474200553,0.0008555705262183899
0.4831460674157303,0.9662921348314606,0.0006858649621249036,-0.0014499110443486043,-4.252600825577164e-05,-8.928150884877671e-05
0.4831460674157303,0.9775280898876404,-2.583627939547263e-06,-0.001619634562878596,0.0005471180612618681,-0.00021019242672408578
0.4831460674157303,0.9887640449438202,-0.00029748256715949326,-0.0011980316708021738,0.00037020317487120236,0.00017653870738488166
0.4831460674157303,1.0,-1.0180140134604767e-18,-6.710350034299167e-18,-1.6542603889497947e-18,2.2980472235062213e-18
0.4943820224719101,0.0,-0.0,-0.0,-0.0,0.0
0.4943820224719101,0.011235955056179775,-7.945177381811672e-05,-0.0007472020063706203,0.0010418961108975354,0.00025536102145955913
0.4943820224719101,0.02247191011235955,-0.0002530463814410758,-0.0009453686391092178,0.0012494920125509098,0.0002204847314042072
0.4943820224719101,0.033707865168539325,-0.0003932892448133244,-0.000779174441331447,0.000519513487519639,0.0007495002629593648
0.4943820224719101,0.0449438202247191,-0.0004106357587870061,-0.000846004478141581,-0.0017987705355482528,0.0026289890500307707
0.4943820224719101,0.056179775280898875,-0.0008915330578978506,-0.0012036719960233492,-0.003640993335749283,0.001094326340875257
0.4943820224719101,0.06741573033707865,-0.0011136163612790267,-0.0013283708101868288,-0.0032406621388533312,-0.001888012209007791
0.4943820224719101,0.07865168539325842,-0.0013979811825491997,-0.00035663970420152653,-0.005192944254278349,0.0031848177826915734
0.4943820224719101,0.0898876404494382,-0.0029659875243382224,-0.0003461459658941636,-0.00971921541829845,0.0088356100458731
0.4943820224719101,0.10112359550561797,-0.001735192951081107,0.0001855431109935837,-0.00653282086728249,0.010072969361730598
0.4943820224719101,0.11235955056179775,-0.00585929900105404,0.010490921133576468,0.003438953558798533,0.015014586139283172
0.4943820224719101,0.12359550561797752,-0.007852261326362873,0.01560171785456995,0.011147554510396252,0.018103871746545954
0.4943820224719101,0.1348314606741573,0.07949301310571358,9.153081881118822e-05,0.0014291819169147965,0.033569623212744315
0.4943820224719101,0.14606741573033707,0.17359392525276698,-0.017023120539942243,-0.019380747749646828,0.057591842736817195
0.4943820224719101,0.15730337078651685,0.18351758329477594,-0.016842578979993243,-0.02020753491654348,0.051143705855297907
0.4943820224719101,0.16853932584269662,0.2565961101988054,-0.018035070836587678,-0.0028571035038392947,0.010723777215764252
0.4943820224719101,0.1797752808988764,0.29637146172267037,-0.030819300519395968,0.008223549612865413,-0.06352681207721397
0.4943820224719101,0.19101123595505617,0.3014840634987968,-0.026728020385291578,0.004882892743157201,-0.044900551750900346
0.4943820224719101,0.20224719101123595,0.43754245646621015,-0.007071299048328183,0.1038592579912308,0.1677984087110974
0.4943820224719101,0.21348314606741572,0.6720974003121584,-0.015567564381427928,0.3003792337397853,0.40080637311612605
0.4943820224719101,0.2247191011235955,0.7199702325769749,-0.021571090248589133,0.3430306554726217,0.45614923079613795
0.4943820224719101,0.23595505617977527,0.8675006130527859,0.06942897839012296,0.4045505624395316,0.6826545359359315
0.4943820224719101,0.24719101123595505,1.3055005268841424,0.2128355581480448,0.6611489176885287,1.1918908217796582
0.4943820224719101,0.2584269662921348,1.509054391908543,0.25117773882467354,0.8131946725057941,1.4350223086566025
0.4943820224719101,0.2696629213483146,1.4924030281337481,0.30728970754021684,0.8619850990756952,1.4640431084603012
0.4943820224719101,0.2808988764044944,1.5976477655220584,0.6054083928385738,1.0572881762974937,1.85671428806697
0.4943820224719101,0.29213483146067415,1.8541669430843013,0.8884524292357059,1.2362527004221757,2.403540995963213
0.4943820224719101,0.3033707865168539,1.9249192294650455,0.9473062181742301,1.2589756451774918,2.5182893445632883
0.4943820224719101,0.3146067415730337,1.9613326950898426,0.9782857732691502,1.2453559014179592,2.4737995652023184
0.4943820224719101,0.3258426966292135,2.1116601748900967,1.2337259944268666,1.259266246126832,2.9277812696758208
0.4943820224719101,0.33707865168539325,2.236797937298108,1.488844761238495,1.315056368615433,3.613887400123043
0.4943820224719101,0.348314606741573,2.242122026224117,1.51072052444222,1.3358263093476843,3.669313783455644
0.4943820224719101,0.3595505617977528,2.23326816879292,1.8034052512498138,1.3907095816942305,2.9132268801903365
0.4943820224719101,0.3707865168539326,2.3472991778514496,2.5483813903559978,1.5301474194756057,2.181371934824637
0.4943820224719101,0.38202247191011235,2.489600623774407,3.0718369710519404,1.600616009769882,2.121539261604092
0.4943820224719101,0.3932584269662921,2.4780214478456193,3.0881133374191703,1.6093639746980641,2.0207230588325276
0.4943820224719101,0.4044943820224719,2.464139084853612,3.01321566969387,1.706359114641252,0.7071933201000149
0.4943820224719101,0.4157303370786517,2.574489096074378,3.435885378909243,1.9094063338592846,-1.748665764008595
0.4943820224719101,0.42696629213483145,2.709003682995223,3.989317245909838,2.061173265992652,-3.076457265765463
0.4943820224719101,0.4382022471910112,2.7148287333763643,3.912408463775029,2.048809291542466,-3.0875976324734133
0.4943820224719101,0.449438202247191,2.6724306051727957,2.8571182456154114,1.916438712016544,-3.049159746068569
0.4943820224719101,0.4606741573033708,2.691720216646117,1.542255387805399,1.781502633332699,-3.3381887231822276
0.4943820224719101,0.47191011235955055,2.7268071724906022,1.1530630602375975,1.7331687035577155,-3.642721442686984
0.4943820224719101,0.4831460674157303,2.728034066098884,1.0797355505347253,1.7458077201287732,-3.618708879961908
0.4943820224719101,0.4943820224719101,2.7050326766045147,0.14432314080472483,1.8009804388434716,-3.1681089687656576
0.4943820224719101,0.5056179775280899,2.6772827931703422,-1.6694215280376252,1.9267562143762327,-2.700814095735114
0.4943820224719101,0.5168539325842696,2.683095152362424,-2.7844381006178023,2.055706262022454,-2.6427513654127774
0.4943820224719101,0.5280898876404494,2.6854747522922158,-2.8712616936229947,2.078249111737113,-2.6045174028808953
0.4943820224719101,0.5393258426966292,2.625629980974475,-2.6510525026280516,2.031788741498979,-2.094119320523334
0.4943820224719101,0.550561797752809,2.5672818578192507,-2.622818983142169,2.0192536683098767,-1.2121530586122486
0.4943820224719101,0.5617977528089888,2.594666813784257,-2.771222984969788,2.050132730997943,-0.6656729937319139
0.4943820224719101,0.5730337078651685,2.5920366400068846,-2.7615975807959288,2.035835292215835,-0.6642132885389832
0.4943820224719101,0.5842696629213483,2.4981543540300524,-2.3935161161119605,1.8523686037439295,-0.45466301203471093
0.4943820224719101,0.5955056179775281,2.420752929719609,-2.116961519718956,1.5561848995746026,0.2874208726252576
0.4943820224719101,0.6067415730337078,2.4369917181521856,-2.144184002645379,1.3762126440283122,0.913795757510455
0.4943820224719101,0.6179775280898876,2.433564660505432,-2.1440671087932066,1.3914150966151009,0.9906977388015946
0.4943820224719101,0.6292134831460674,2.2293152270071728,-2.062352438026542,1.5270180339923343,0.9139296449613228
0.4943820224719101,0.6404494382022472,1.9857136966107867,-2.0611506123002634,1.6606794774072424,1.0649135293144307
0.4943820224719101,0.651685393258427,1.9148919889399036,-2.1774350940887213,1.7155180427591252,1.2781400200977402
0.4943820224719101,0.6629213483146067,1.920507148300493,-2.14626571768066,1.6568628743147593,1.2773232797723624
0.4943820224719101,0.6741573033707865,1.811277956874889,-1.8614241103566287,1.5145467008702127,1.0550626212802732
0.4943820224719101,0.6853932584269663,1.6683559633429628,-1.6334473986619475,1.4407435364495744,0.8382162280399845
0.4943820224719101,0.696629213483146,1.63297710669234,-1.6158106413553421,1.4826426792209755,0.7717486643073765
0.4943820224719101,0.7078651685393258,1.6104814387007322,-1.5432292214905596,1.4072461162579382,0.7363695162528481
0.4943820224719101,0.7191011235955056,1.5121635650529412,-1.137441332686372,1.010253778316011,0.5832439015182406
0.4943820224719101,0.7303370786516854,1.4377782562102006,-0.8075194635099224,0.7803702029245257,0.42463491858024915
0.4943820224719101,0.7415730337078652,1.4586956209042838,-0.7754937849627217,0.7790757972200932,0.3894584277683551
0.4943820224719101,0.7528089887640449,1.1888914243694388,-0.6382938176411989,0.7920467953158415,0.31240006607218224
0.4943820224719101,0.7640449438202247,0.6538408590803022,-0.2629089787658677,0.7572177994214406,0.1295773687428602
0.4943820224719101,0.7752808988764045,0.48628855717584396,-0.03355321365072382,0.7414718996312125,0.05280977680553785
0.4943820224719101,0.7865168539325842,0.46315521323836933,-0.03618856017909721,0.626296323853793,0.06397059876553833
0.4943820224719101,0.797752808988764,0.27315751534568056,-0.03227482996524866,0.37163197129162895,0.05938244652319169
0.4943820224719101,0.8089887640449438,0.1567359351065297,0.03142016798782012,0.2994004669042074,0.05975094827049511
0.4943820224719101,0.8202247191011236,0.14621343281029733,0.03934913266815206,0.3000096934314666,0.058190913003232106
0.4943820224719101,0.8314606741573034,0.12455141628679668,0.00019767308625172876,0.21768825237139094,0.04048968348772145
0.4943820224719101,0.8426966292134831,0.1170055842255978,-0.0328402897051293,0.12802898607369673,0.029291516675378004
0.4943820224719101,0.8539325842696629,0.11641601700464542,-0.03976531748596021,0.11924421718679347,0.030017417287990924
0.4943820224719101,0.8651685393258427,0.10376473263520064,-0.03413747663382376,0.03851757591424753,0.038060053985955966
0.4943820224719101,0.8764044943820224,0.1221000506033529,-0.038827260013580056,-0.023093627430371313,0.05331909965494257
0.4943820224719101,0.8876404494382022,0.1067976932859133,-0.031844678479075336,-0.023413752447319854,0.04338791108877117
0.4943820224719101,0.898876404494382,0.011133805854288442,-0.0027624888742747503,-0.009076709887979347,0.0011425514201918356
0.4943820224719101,0.9101123595505618,-0.007296627610982788,0.009460458583335269,-0.005037383655247627,-0.00611446253985375
0.4943820224719101,0.9213483146067416,-0.0011089783669023245,-0.00021383550792085701,-0.0014720534498924324,0.001617159362112166
0.4943820224719101,0.9325842696629213,0.00027996839384772994,-0.0069512072673025005,-0.0004510721982885636,0.00252669153327674
0.4943820224719101,0.9438202247191011,0.0003211244619554812,-0.003272333493519635,-0.001218953906011778,0.0027683123462233683
0.4943820224719101,0.9550561797752809,0.0007999442107829781,-0.0003485666743964656,-0.0004994284353313547,0.003064154419196286
0.4943820224719101,0.9662921348314606,0.000492022757963733,-0.001241877298971104,-0.0001976880583198766,0.0013405845173292661
0.4943820224719101,0.9775280898876404,-0.00013138669071148344,-0.0014350804636002982,0.000383395618717259,0.0006066263712906644
0.4943820224719101,0.9887640449438202,-0.00031240452303327106,-0.001180844348661985,0.0004845298970342973,0.000579041078544453
0.4943820224719101,1.0,-6.26194186467831e-19,-8.312462433926784e-18,7.829981264849825e-19,3.5415318360458224e-18
0.5056179775280899,0.0,0.0,0.0,-0.0,0.0
0.5056179775280899,0.011235955056179775,0.00020270301561616994,-0.00026244460051370357,0.0006438145538833468,0.00013712857775952336
0.5056179775280899,0.02247191011235955,-9.084396829999692e-06,-0.0009339754773135773,0.00117257522402555,-0.00039577919385724316
0.5056179775280899,0.033707865168539325,-0.0004927527930303148,-0.0006540077303348844,0.000961727324887522,0.00010108223572444667
0.5056179775280899,0.0449438202247191,-0.0007061233078736147,-0.00021378230417432574,-0.000647426172677815,0.002462026151523869
0.5056179775280899,0.056179775280898875,-0.0012103092417239654,-0.00037066300339438614,-0.002282396023390733,0.0010609099442632469
0.5056179775280899,0.06741573033707865,-0.001486495781802053,-0.0007991455758063184,-0.0017789838107180212,-0.0018378239865332931
0.5056179775280899,0.07865168539325842,-0.0017119758718783793,-0.00032518061770323286,-0.001815034527812243,0.0043267407791333975
0.5056179775280899,0.0898876404494382,-0.003080275405498621,-0.0005180053944608813,-0.004363140572533634,0.010976240512796895
0.5056179775280899,0.10112359550561797,-0.0013641088238481632,-0.0013083645789861934,-0.004007460358136018,0.010030729704471095
0.5056179775280899,0.11235955056179775,-0.005080953911035703,0.005609086232879061,0.00019565620780969428,0.010137198007455859
0.5056179775280899,0.12359550561797752,-0.00745127730094647,0.010105675580150377,0.007605657496113056,0.011561940914395023
0.5056179775280899,0.1348314606741573,0.0744155809286245,-0.0020546802944900757,0.004944415820428599,0.027264338273376595
0.5056179775280899,0.14606741573033707,0.16348349606763177,-0.01743138454265653,-0.007487451428202196,0.05034258054274122
0.5056179775280899,0.15730337078651685,0.17121211815219686,-0.017890333457938994,-0.008868562018481928,0.04629942348296781
0.5056179775280899,0.16853932584269662,0.23931472722670516,-0.02153594011118747,-0.002131274274200008,0.011580539533151772
0.5056179775280899,0.1797752808988764,0.2792083875515296,-0.037302167481103536,-0.0005333405824942066,-0.05654668745192839
0.5056179775280899,0.19101123595505617,0.2831197524569601,-0.03435182439671426,-0.019046128283406984,-0.0375041899432313
0.5056179775280899,0.20224719101123595,0.42412689628863337,-0.012561969647273635,0.01967933985411024,0.17227469541966312
0.5056179775280899,0.21348314606741572,0.6617695516708112,-0.016592413094665356,0.13389603698061717,0.39814185045798073
0.5056179775280899,0.2247191011235955,0.7051073243284525,-0.020375289067968264,0.1462681533375573,0.4470756675272894
0.5056179775280899,0.23595505617977527,0.8578161004650464,0.06687129953396835,0.1570883782293133,0.6629202795238672
0.5056179775280899,0.24719101123595505,1.3007567499896016,0.20790582241620437,0.29187006283597955,1.1548172191435453
0.5056179775280899,0.2584269662921348,1.5077142774639851,0.24969902963270887,0.38789267882927103,1.3920522904825157
0.5056179775280899,0.2696629213483146,1.489230768122812,0.30102195048454394,0.4124202704780819,1.413212734215225
0.5056179775280899,0.2808988764044944,1.5707954479086432,0.5783235584160399,0.5353504597479953,1.7825553279151711
0.5056179775280899,0.29213483146067415,1.8098283212597033,0.8389176882219499,0.6244191736775817,2.310353123479353
0.5056179775280899,0.3033707865168539,1.8776430424769575,0.8892202852224823,0.6054223977466824,2.4224083353005406
0.5056179775280899,0.3146067415730337,1.8999716119115047,0.9226085427777834,0.571587879902576,2.3927149381568533
0.5056179775280899,0.3258426966292135,2.033158723174946,1.186937284037959,0.5433196971450148,2.8537192525037165
0.5056179775280899,0.33707865168539325,2.150400051865958,1.4446146594909215,0.5665921004931458,3.5340596639518442
0.5056179775280899,0.348314606741573,2.1575099458163063,1.4717538560163614,0.6003947172408135,3.5855792865328464
0.5056179775280899,0.3595505617977528,2.154287558498629,1.7541122993836813,0.6622379677995889,2.8725842318251513
0.5056179775280899,0.3707865168539326,2.2875698125101303,2.4710494714290174,0.7509472241684693,2.177097081389856
0.5056179775280899,0.38202247191011235,2.4426043416816308,2.982619937482043,0.789651860978137,2.112170064015398
0.5056179775280899,0.3932584269662921,2.4369204263432103,2.997413835150064,0.7973511738795079,2.0217142007133684
0.5056179775280899,0.4044943820224719,2.4224000679655115,2.9303116792831196,0.8582907215793631,0.7407250741920536
0.5056179775280899,0.4157303370786517,2.5163385315958586,3.3545248461352135,0.9998651171902325,-1.6991393353600068
0.5056179775280899,0.42696629213483145,2.6364731547517612,3.9006641387290193,1.1116160531659567,-3.018633072321592
0.5056179775280899,0.4382022471910112,2.6392207380093664,3.8259737661116575,1.080826279154213,-3.032334302193603
0.5056179775280899,0.449438202247191,2.5895615245094943,2.7794967448957113,0.9632136002756688,-3.0149324300464904
0.5056179775280899,0.4606741573033708,2.595391621162113,1.4834623658310377,0.8608280327418816,-3.3120543721894617
0.5056179775280899,0.47191011235955055,2.6202360301560623,1.1277412637238846,0.8342927639133872,-3.6107808224660354
0.5056179775280899,0.4831460674157303,2.6210947070329134,1.0509157376283202,0.8649543940189773,-3.5847485059751274
0.5056179775280899,0.4943820224719101,2.6052748618693373,0.10105673671994081,0.9290664134689743,-3.1375542731749455
0.5056179775280899,0.5056179775280899,2.587557485198496,-1.6648385457923562,1.0338942889758842,-2.6608759465247873
0.5056179775280899,0.5168539325842696,2.6004556211865704,-2.7174171055617866,1.131174950809193,-2.5891822145434924
0.5056179775280899,0.5280898876404494,2.6026376048855395,-2.7955516084719685,1.1427830290676488,-2.550102392829007
0.5056179775280899,0.5393258426966292,2.544263706678134,-2.597913495630231,1.1039467118635178,-2.04122827448772
0.5056179775280899,0.550561797752809,2.489928011047037,-2.5779494780138785,1.1025219413969662,-1.154694527174742
0.5056179775280899,0.5617977528089888,2.5206785526022433,-2.719350591271738,1.1375736601672504,-0.6031030870965984
0.5056179775280899,0.5730337078651685,2.5210325448330475,-2.710453829181879,1.1214885492079636,-0.5977348997372999
0.5056179775280899,0.5842696629213483,2.425054513309211,-2.3504136822314314,0.9550228456562286,-0.4041400895641178
0.5056179775280899,0.5955056179775281,2.3490728422209974,-2.060218981417006,0.7256923613461926,0.2917996073082284
0.5056179775280899,0.6067415730337078,2.3731425242294533,-2.0786115789282866,0.598457936851809,0.905525674069479
0.5056179775280899,0.6179775280898876,2.3720340459677636,-2.0767933224010555,0.6159989636777113,0.9795077778839429
0.5056179775280899,0.6292134831460674,2.1678535785386397,-1.9933014605157966,0.7284804891880814,0.8843665469096439
0.5056179775280899,0.6404494382022472,1.9279790128666567,-1.9923136492395221,0.8159025577339952,1.040580977048515
0.5056179775280899,0.651685393258427,1.8514973066318237,-2.1045833733166854,0.8173401244951496,1.27268306228855
0.5056179775280899,0.6629213483146067,1.8562137438576438,-2.077885005339515,0.7608553688953325,1.2709877427051808
0.5056179775280899,0.6741573033707865,1.7564289521588934,-1.81114559783186,0.6853789877615283,1.0401733447014705
0.5056179775280899,0.6853932584269663,1.6218454460386886,-1.5885708786793933,0.6548636006104155,0.8152495649452107
0.5056179775280899,0.696629213483146,1.5934769209695137,-1.5631929876242192,0.7053529615505314,0.7444861069294259
0.5056179775280899,0.7078651685393258,1.5724953544925067,-1.4946558158624044,0.6859387976166076,0.7171247502153134
0.5056179775280899,0.7191011235955056,1.4751903235015578,-1.1091588107699688,0.4728376572111036,0.5780860508654634
0.5056179775280899,0.7303370786516854,1.4154664006207371,-0.7778650364251771,0.3743730571560058,0.4291717790803464
0.5056179775280899,0.7415730337078652,1.4495626322498198,-0.7400862649105742,0.40299020852219924,0.3956937763792095
0.5056179775280899,0.7528089887640449,1.1507220276924273,-0.6112192366573841,0.4529053589358418,0.3083152675926906
0.5056179775280899,0.7640449438202247,0.6309856826227555,-0.2483291630950086,0.4485068613143535,0.12946839750393954
0.5056179775280899,0.7752808988764045,0.4728375560774487,-0.022995537426799308,0.4351028588895569,0.0548879452458115
0.5056179775280899,0.7865168539325842,0.4481209583773483,-0.02933796810012476,0.36815726758718037,0.06437989586511658
0.5056179775280899,0.797752808988764,0.2514839972430959,-0.03397656657520192,0.23158974400577714,0.05482122752545007
0.5056179775280899,0.8089887640449438,0.12778133498884642,0.022459685268420397,0.20527432736717835,0.04987806911658439
0.5056179775280899,0.8202247191011236,0.1190497529404807,0.03149131280431998,0.21252782343810034,0.04815672275420673
0.5056179775280899,0.8314606741573034,0.10614486661835888,0.0004537916049996311,0.13706011285575045,0.03444931474492228
0.5056179775280899,0.8426966292134831,0.10526515132044649,-0.025621209277321096,0.0700946857790674,0.0262303679126539
0.5056179775280899,0.8539325842696629,0.1053467458473556,-0.032177018940777125,0.07485014875865749,0.027344790110321468
0.5056179775280899,0.8651685393258427,0.09491853780487552,-0.03138860484605314,0.022042301058394234,0.03668179885204215
0.5056179775280899,0.8764044943820224,0.11890103958070593,-0.03858097367453653,-0.01922366053445846,0.05430653650165272
0.5056179775280899,0.8876404494382022,0.10056502197078432,-0.03082628647854277,-0.01979214005320147,0.04312542071452671
0.5056179775280899,0.898876404494382,0.007554707335489939,-0.0007051494725456088,-0.010289135859152145,0.0005213235311728017
0.5056179775280899,0.9101123595505618,-0.008126800103366003,0.011333935494136763,-0.008506238551717131,-0.0063089205141241955
0.5056179775280899,0.9213483146067416,-0.002170519657495256,0.0008339356069428525,-0.0027710599237797053,0.0012146507797732918
0.5056179775280899,0.9325842696629213,-0.0007760863179337715,-0.006092260079611503,0.000311777541818698,0.002004009749275978
0.5056179775280899,0.9438202247191011,-0.0005517440852761806,-0.002363525394741625,-0.0006941968984384453,0.0027019832385715694
0.5056179775280899,0.9550561797752809,2.0861737052107327e-05,0.0007512532927503383,0.00014919389733216495,0.0034647613523239923
0.5056179775280899,0.9662921348314606,-0.00010771285593160504,0.0002187787450787368,3.49061409224914e-06,0.0019058436364459606
0.5056179775280899,0.9775280898876404,-0.0005030016763930577,5.708838421231466e-05,-0.0001120066670621765,0.0010873438352102492
0.5056179775280899,0.9887640449438202,-0.00045673454392436825,-0.0002107940673223802,3.958449624574679e-05,0.0007886365586997363
0.5056179775280899,1.0,-6.794623463500187e-19,-5.25402282717342e-18,5.769769679928361e-19,3.807446516060708e-18
0.5168539325842696,0.0,0.0,0.0,-0.0,0.0
0.5168539325842696,0.011235955056179775,0.00044543156287602523,0.0006928259792609744,-0.00042497350893277986,0.0001661103518045903
0.5168539325842696,0.02247191011235955,0.00023001614967590027,0.00019772542608977105,-0.0003983848191071929,-0.0005769997707709973
0.5168539325842696,0.033707865168539325,-0.00046640724955727324,0.0004742897581622504,-0.00022234473467816013,-0.00026696332333679603
0.5168539325842696,0.0449438202247191,-0.0006626769757579157,0.0009749855523236078,-0.0005899879067860307,0.0016484749519925575
0.5168539325842696,0.056179775280898875,-0.0010340756876082893,0.0010860705705990836,-0.0013268133412328428,-0.0005832035009023473
0.5168539325842696,0.06741573033707865,-0.0012714357563077664,0.0008354235386335234,-0.0010392664411899319,-0.004076844196119806
0.5168539325842696,0.07865168539325842,-0.00138327184835732,0.0011108719639028595,-0.00022170745388146323,0.00265450304641797
0.5168539325842696,0.0898876404494382,-0.0025794495181574234,0.001298566885275976,-0.0008043416362566098,0.009962239454539529
0.5168539325842696,0.10112359550561797,-0.0007703973517203901,0.000955342314975842,-0.0020995857618860457,0.006944993908944035
0.5168539325842696,0.11235955056179775,-0.00462103158827701,0.005993719303820813,-0.005274250078375617,0.0024417598648776495
0.5168539325842696,0.12359550561797752,-0.00673661126168458,0.008383424565259923,-0.0033946100221928636,0.0019716721224043504
0.5168539325842696,0.1348314606741573,0.07096728127378422,-0.002110336955205804,-0.003793826776023837,0.01766751214964657
0.5168539325842696,0.14606741573033707,0.15672877242967,-0.014321884039248351,-0.011461224861515615,0.04001718142878216
0.5168539325842696,0.15730337078651685,0.16433202925141976,-0.013676926050121878,-0.012652297853431048,0.03843665774042649
0.5168539325842696,0.16853932584269662,0.22918061091809838,-0.016790775661503807,-0.009516693970890158,0.008943798447319237
0.5168539325842696,0.1797752808988764,0.26601093120271824,-0.03201223735813098,-0.009431272163463428,-0.056782787691414316
0.5168539325842696,0.19101123595505617,0.2741583215651069,-0.0298461524171154,-0.019076474681547197,-0.03627214731225679
0.5168539325842696,0.20224719101123595,0.42104466778014327,-0.008202413883926667,-0.005783224189644438,0.17790890598821107
0.5168539325842696,0.21348314606741572,0.651287822753447,-0.010875732867530243,0.05600516104266384,0.3944339976403499
0.5168539325842696,0.2247191011235955,0.6899549530680256,-0.015025725827185152,0.05706532381741747,0.4269395648462949
0.5168539325842696,0.23595505617977527,0.8532783508774748,0.06954521603991834,0.048568024599511185,0.6317809333224979
0.5168539325842696,0.24719101123595505,1.3012930463408112,0.21030538859831197,0.10793621727385351,1.1099200480517346
0.5168539325842696,0.2584269662921348,1.5053474398881943,0.2565030872853396,0.16707645497285106,1.3409873221977955
0.5168539325842696,0.2696629213483146,1.4851121013961863,0.3077679305361251,0.16264871600208355,1.3551316245486233
0.5168539325842696,0.2808988764044944,1.554041439299098,0.5735513720036027,0.22567487515408738,1.7023870079059762
0.5168539325842696,0.29213483146067415,1.7755505196478214,0.8205574764057466,0.272097748426801,2.2238502810297747
0.5168539325842696,0.3033707865168539,1.8400829557940712,0.8652082307942531,0.25482697853534386,2.34771219669642
0.5168539325842696,0.3146067415730337,1.852037338837672,0.8990966821696009,0.2528829859298809,2.3255584052790113
0.5168539325842696,0.3258426966292135,1.9753390913050377,1.1646663664055712,0.2476845352159182,2.7823056557509536
0.5168539325842696,0.33707865168539325,2.089420476530719,1.425257232398425,0.2583326765648788,3.4655255295617127
0.5168539325842696,0.348314606741573,2.0985911234092414,1.4569530740055154,0.2676922687645501,3.5140713791960136
0.5168539325842696,0.3595505617977528,2.10032875308246,1.7236823421636676,0.30242013432659476,2.8255369506359505
0.5168539325842696,0.3707865168539326,2.248782318344801,2.431579232170116,0.32495706346222464,2.15564053851409
0.5168539325842696,0.38202247191011235,2.4093806251402006,2.9453224824518687,0.318466364699374,2.0947551517767473
0.5168539325842696,0.3932584269662921,2.4122989649988393,2.9494290272663886,0.3243518700684589,2.013380415809006
0.5168539325842696,0.4044943820224719,2.4072678429499206,2.8784494876937448,0.3755396450806657,0.7258988046007856
0.5168539325842696,0.4157303370786517,2.492637399066891,3.3045980694947983,0.5034634932145864,-1.7108359457503397
0.5168539325842696,0.42696629213483145,2.5977892973527776,3.855499148362425,0.6187393918386307,-2.9948721909954745
0.5168539325842696,0.4382022471910112,2.5956784738718004,3.7843646845128065,0.6054582087159943,-3.015968349480072
0.5168539325842696,0.449438202247191,2.54067502201147,2.7235444202331274,0.5298287218205548,-3.008085668418864
0.5168539325842696,0.4606741573033708,2.5330014729172072,1.438013156762503,0.4679170582763116,-3.2985866038698437
0.5168539325842696,0.47191011235955055,2.5454897962567826,1.1167684843934464,0.4505639519432212,-3.5895507880964947
0.5168539325842696,0.4831460674157303,2.545203134562696,1.0467549142885268,0.45759511811537545,-3.5679472352360238
0.5168539325842696,0.4943820224719101,2.5365400618304377,0.09470956162381286,0.4747912905220973,-3.125494716328974
0.5168539325842696,0.5056179775280899,2.5267214802875078,-1.6776533145506978,0.5195274852964348,-2.6424085847482828
0.5168539325842696,0.5168539325842696,2.5401235780313765,-2.6931192963562354,0.5714888485478345,-2.5588668966934134
0.5168539325842696,0.5280898876404494,2.540636739836767,-2.753655651705659,0.5717758484959632,-2.5331777129248025
0.5168539325842696,0.5393258426966292,2.490070657045238,-2.575581251110207,0.5429177153888881,-2.04643348079987
0.5168539325842696,0.550561797752809,2.444757328729338,-2.563147427783837,0.562181506607018,-1.1610793990585457
0.5168539325842696,0.5617977528089888,2.475237175994397,-2.6985693026861735,0.6235269812077848,-0.5903330038920453
0.5168539325842696,0.5730337078651685,2.4773382455561026,-2.6980692606266947,0.6277258585012151,-0.5558330454248802
0.5168539325842696,0.5842696629213483,2.383420927514064,-2.349137916776035,0.4853176332046179,-0.3440453855944882
0.5168539325842696,0.5955056179775281,2.303911539926882,-2.0346698006132105,0.2980120618800442,0.3294170648426436
0.5168539325842696,0.6067415730337078,2.3210228054485764,-2.0419801560611797,0.19112302946285883,0.8959820579610408
0.5168539325842696,0.6179775280898876,2.318831486323716,-2.041570830424535,0.19702066660489173,0.9457942576012648
0.5168539325842696,0.6292134831460674,2.127371031588301,-1.9554589483758835,0.29734764266697195,0.8428921495274044
0.5168539325842696,0.6404494382022472,1.8941511673455005,-1.9515340874668354,0.3898804945898751,1.0147580694655998
0.5168539325842696,0.651685393258427,1.807505201871951,-2.0627477684508024,0.4088740861510147,1.2615628235875258
0.5168539325842696,0.6629213483146067,1.8034036845378942,-2.041439162879423,0.38834704434171874,1.2510424483361748
0.5168539325842696,0.6741573033707865,1.709599438353002,-1.7861974606413393,0.35822813803212,1.00848670766797
0.5168539325842696,0.6853932584269663,1.5871524812239834,-1.5634121744729728,0.34892707378355414,0.7777995817977801
0.5168539325842696,0.696629213483146,1.5681816382974494,-1.5308433469735525,0.38242074053870423,0.710074700814002
0.5168539325842696,0.7078651685393258,1.5471869767227215,-1.4642637944528907,0.35501088038188067,0.6901698411742347
0.5168539325842696,0.7191011235955056,1.447623573332839,-1.0880153247203537,0.2181349602418459,0.5584598435764571
0.5168539325842696,0.7303370786516854,1.3975825057280011,-0.7617966943422514,0.15459845315139467,0.4209546807651039
0.5168539325842696,0.7415730337078652,1.434991331223304,-0.7238363772880779,0.15554950233433257,0.39562596759937335
0.5168539325842696,0.7528089887640449,1.117716337739246,-0.5953819896099831,0.22142840151836934,0.309020113740963
0.5168539325842696,0.7640449438202247,0.6149796713701849,-0.2345977757315955,0.2609815578270878,0.13751439062009646
0.5168539325842696,0.7752808988764045,0.46188350970353736,-0.010145472921260118,0.2713266815974248,0.06084445328307614
0.5168539325842696,0.7865168539325842,0.4358451351245705,-0.022628493970352593,0.2515062871691054,0.06415129699529035
0.5168539325842696,0.797752808988764,0.23812901797024635,-0.03351783648309721,0.17826813833340677,0.04951722686703232
0.5168539325842696,0.8089887640449438,0.11109207106196371,0.01927162163632493,0.15661633177614542,0.04112225743911441
0.5168539325842696,0.8202247191011236,0.10339733336995303,0.028005441253688642,0.1602776774965879,0.04006686936509555
0.5168539325842696,0.8314606741573034,0.09806776599925851,0.0009730065039299182,0.09748811254396923,0.030369597266629092
0.5168539325842696,0.8426966292134831,0.10221421478996638,-0.01880751362496295,0.05480547151009086,0.023809701523208462
0.5168539325842696,0.8539325842696629,0.1033364411464479,-0.022831221050273902,0.06259474109277258,0.024194667142697593
0.5168539325842696,0.8651685393258427,0.09356441048754495,-0.024079225559119087,0.011323035377040953,0.034522682179889755
0.5168539325842696,0.8764044943820224,0.1198090740291883,-0.0338184823339231,-0.014540805425635621,0.05519300889630883
0.5168539325842696,0.8876404494382022,0.09720465895255412,-0.027442216395198876,-0.013763493631028521,0.04477049988886708
0.5168539325842696,0.898876404494382,0.007662497713867626,0.0031418897979611847,-0.008921412728588131,0.0030362361546992143
0.5168539325842696,0.9101123595505618,-0.0072826392745570755,0.014910041483499413,-0.01031509555852961,-0.006043256857144707
0.5168539325842696,0.9213483146067416,-0.0022941883550394344,0.0025430330885478397,-0.004603558003652471,-0.0006462110289603373
0.5168539325842696,0.9325842696629213,-0.0011448131741741425,-0.0054196027801028295,-0.0008235842340435395,1.3201261667638713e-05
0.5168539325842696,0.9438202247191011,-0.0011273886299709211,-0.0016512465272878981,-0.000780357791790801,0.0009187120423459179
0.5168539325842696,0.9550561797752809,-0.0009023032135643169,0.0012875074052871342,0.0005137257649557062,0.0019510552969978774
0.5168539325842696,0.9662921348314606,-0.0009051899792802145,0.0006417450954062013,2.343348550248735e-05,0.0012353958548489727
0.5168539325842696,0.9775280898876404,-0.0010405346453233421,0.0007907481423713215,-0.0006117461466625336,0.0011248336696337796
0.5168539325842696,0.9887640449438202,-0.0007211072901426254,0.0005115104447267442,-0.0004588796075448776,0.0009563209897908308
0.5168539325842696,1.0,-1.215550763145415e-18,-2.0309177453623972e-18,-1.2917329614501023e-18,4.304950112591258e-18
0.5280898876404494,0.0,0.0,0.0,-0.0,0.0
0.5280898876404494,0.011235955056179775,0.00039744614293010176,0.0008920098953274503,-0.0007585887952270135,0.0003675124134898011
0.5280898876404494,0.02247191011235955,0.0002897378291535084,0.00044707704645139366,-0.001071322354398856,-0.00019796934347413535
0.5280898876404494,0.033707865168539325,-0.00030200101777678155,0.0005977846615628762,-0.0008323976220540271,-3.1875139662167083e-06
0.5280898876404494,0.0449438202247191,-0.00043534051189227405,0.0009184999907182667,-0.000508337129928388,0.0015162288147522534
0.5280898876404494,0.056179775280898875,-0.0008156779764970883,0.0010291032001436926,-0.00019257531085786382,-0.0006756984265172427
0.5280898876404494,0.06741573033707865,-0.0011332883833016795,0.0007739103565028422,-0.0005415541080076917,-0.003988311566769557
0.5280898876404494,0.07865168539325842,-0.0013250731542055797,0.0006288799343949374,-0.0007768543387269134,0.0023041753349105597
0.5280898876404494,0.0898876404494382,-0.0027477924955084543,0.001093283467882132,-0.0007434336663118243,0.009713794429061713
0.5280898876404494,0.10112359550561797,-0.0014204502032390408,0.002611414078002766,-0.0005286825005001132,0.007463725890463499
0.5280898876404494,0.11235955056179775,-0.005384870409811043,0.007638158129759637,-0.0030558189950965816,0.0022930332234344223
0.5280898876404494,0.12359550561797752,-0.005903784392571762,0.007236115887245826,-0.004940644548979141,0.0018972120765354125
0.5280898876404494,0.1348314606741573,0.07120557751230171,-0.0035869260637749925,-0.006818069687632159,0.018835181113457517
0.5280898876404494,0.14606741573033707,0.15579604686145204,-0.013773804952238851,-0.01209582007532534,0.04017791997884445
0.5280898876404494,0.15730337078651685,0.16524464243702064,-0.01502535534673688,-0.010179015926584344,0.038240387793845906
0.5280898876404494,0.16853932584269662,0.22726527471937172,-0.019354402062558763,-0.011769296589629651,0.010593310557814378
0.5280898876404494,0.1797752808988764,0.2619297940196109,-0.03233425938317862,-0.01666348324089262,-0.055979531289915244
0.5280898876404494,0.19101123595505617,0.2793555343337023,-0.028823730854295158,-0.011780705075987611,-0.035796245385231885
0.5280898876404494,0.20224719101123595,0.4316558522504878,-0.007194694158495618,-0.011513616399459789,0.1857635955343307
0.5280898876404494,0.21348314606741572,0.6536699104027213,-0.010001011841204747,0.029202524166761418,0.4010589822146746
0.5280898876404494,0.2247191011235955,0.6905730638289774,-0.014733299580370045,0.060207277448399384,0.4247164939961121
0.5280898876404494,0.23595505617977527,0.859289228706629,0.07057089124362316,0.06516136978687012,0.628933922666289
0.5280898876404494,0.24719101123595505,1.3039817516645902,0.21116669416890746,0.08462518733082597,1.108030556706372
0.5280898876404494,0.2584269662921348,1.505852361724583,0.25614640421814966,0.13525428401683837,1.339475604170809
0.5280898876404494,0.2696629213483146,1.4858162238347548,0.3085177511315005,0.13244440321078674,1.350660854230953
0.5280898876404494,0.2808988764044944,1.5592653298612866,0.5739573383299981,0.17345673033312034,1.6890738173474418
0.5280898876404494,0.29213483146067415,1.775186787909815,0.8188301258232551,0.22375861335530586,2.2136450269832677
0.5280898876404494,0.3033707865168539,1.8383847244938014,0.8652851948009799,0.21402299560139743,2.3475877858066485
0.5280898876404494,0.3146067415730337,1.8465772971839378,0.9040384451271585,0.20408759204137703,2.319854591526526
0.5280898876404494,0.3258426966292135,1.969850361976048,1.1664403833661994,0.20302862767095706,2.7637643906857643
0.5280898876404494,0.33707865168539325,2.085635155759229,1.424789015607537,0.2142869353171265,3.4598360567762323
0.5280898876404494,0.348314606741573,2.096451461831105,1.4506676850439046,0.2197283461637097,3.5114793499968195
0.5280898876404494,0.3595505617977528,2.1011580336695315,1.6950048211094166,0.260896897529539,2.827829572686647
0.5280898876404494,0.3707865168539326,2.253991545006876,2.414417079201975,0.27601844268216413,2.159917872914689
0.5280898876404494,0.38202247191011235,2.4094238989681953,2.9466688979751434,0.259076240520129,2.09464532945971
0.5280898876404494,0.3932584269662921,2.4138315455220303,2.9369745136889343,0.2649987208814682,2.013134243399077
0.5280898876404494,0.4044943820224719,2.4180982851423667,2.8534633971019834,0.30797460717254493,0.6956908892118316
0.5280898876404494,0.4157303370786517,2.5034544759565334,3.282388967083058,0.4310965819914131,-1.7471042068383011
0.5280898876404494,0.42696629213483145,2.598571904817822,3.8469235666755797,0.5555123957408771,-2.991924642453023
0.5280898876404494,0.4382022471910112,2.592663414738436,3.78015027248103,0.5484386014444859,-3.0291955282203724
0.5280898876404494,0.449438202247191,2.5396213886508807,2.6991212285916526,0.4804623786609224,-3.024784764470467
0.5280898876404494,0.4606741573033708,2.53088819206898,1.4156555878485857,0.4175676778720329,-3.3042368323173172
0.5280898876404494,0.47191011235955055,2.5413225905223262,1.1107611490206595,0.39077635749960454,-3.588797301471153
0.5280898876404494,0.4831460674157303,2.543951456884755,1.0544981553434944,0.39104211206412565,-3.57194373137084
0.5280898876404494,0.4943820224719101,2.5405252384150736,0.10972291106752526,0.40298680431951345,-3.1311270036560184
0.5280898876404494,0.5056179775280899,2.53238092824835,-1.7099614153881775,0.4393658989137613,-2.6442031291913457
0.5280898876404494,0.5168539325842696,2.540071961070732,-2.708662689587375,0.4929332541274735,-2.553805774887653
0.5280898876404494,0.5280898876404494,2.5368598812306975,-2.743884233570522,0.5069728531420797,-2.5435777357459717
0.5280898876404494,0.5393258426966292,2.490916437978716,-2.5768261449478933,0.4879373763518952,-2.0847576919561766
0.5280898876404494,0.550561797752809,2.449325262455809,-2.5676221622436475,0.5079485721663345,-1.2046515094307166
0.5280898876404494,0.5617977528089888,2.4740055486203545,-2.694224452206338,0.558692631748389,-0.6087856568722699
0.5280898876404494,0.5730337078651685,2.476161531011311,-2.7037949345830667,0.5446571828715793,-0.539587714110731
0.5280898876404494,0.5842696629213483,2.3909238777348203,-2.377963731375261,0.40481623010246076,-0.29575478015666773
0.5280898876404494,0.5955056179775281,2.313059144113022,-2.0427098465925444,0.23891363352107406,0.3822334160439243
0.5280898876404494,0.6067415730337078,2.3221367762107508,-2.0358468299308132,0.1413978274963511,0.9105910482747862
0.5280898876404494,0.6179775280898876,2.3163857970234507,-2.0422979183407235,0.12793405343078132,0.9377665943740151
0.5280898876404494,0.6292134831460674,2.1342225306953773,-1.9582523300916945,0.20079751137856267,0.8229824298396857
0.5280898876404494,0.6404494382022472,1.9039992347938146,-1.9514637956624767,0.29351989748859475,1.0061052225382547
0.5280898876404494,0.651685393258427,1.8095622276044363,-2.0610202264338433,0.34074130837553596,1.2641829545668948
0.5280898876404494,0.6629213483146067,1.7966494141201166,-2.0374566935612495,0.3495569996127143,1.2451291184249043
0.5280898876404494,0.6741573033707865,1.7016435455576495,-1.783549590594612,0.32893118877807637,0.9980227078214504
0.5280898876404494,0.6853932584269663,1.5846937161690025,-1.559834285790973,0.3241153674913574,0.7722686805014556
0.5280898876404494,0.696629213483146,1.5674436541556769,-1.5272568009738907,0.3439467336632879,0.7095996397828842
0.5280898876404494,0.7078651685393258,1.5416601523780313,-1.4679197949450646,0.30363472779925,0.684337052002131
0.5280898876404494,0.7191011235955056,1.4400880202404138,-1.0924741112053953,0.2111253080933201,0.5460839621211369
0.5280898876404494,0.7303370786516854,1.3959359650164163,-0.760639309575197,0.1535932378750769,0.41373896181617936
0.5280898876404494,0.7415730337078652,1.4342489695760854,-0.7218709699979945,0.11375555302850261,0.39694063651297146
0.5280898876404494,0.7528089887640449,1.1136226748163116,-0.5911083950786381,0.17227831393435286,0.3137987375572546
0.5280898876404494,0.7640449438202247,0.6174691446606101,-0.2311424553257839,0.23649432478406313,0.14294563175288588
0.5280898876404494,0.7752808988764045,0.4629180402799405,-0.008820876131796471,0.2474958204789787,0.062354977494324275
0.5280898876404494,0.7865168539325842,0.43466230771496317,-0.023330711267083915,0.24782339335322856,0.06236111101006564
0.5280898876404494,0.797752808988764,0.2430886512289192,-0.03297592201179316,0.20192601018488776,0.04817624696930069
0.5280898876404494,0.8089887640449438,0.11324773139048225,0.02055927562964866,0.15834366860551236,0.04002959763412435
0.5280898876404494,0.8202247191011236,0.10143083680720193,0.026054378190201132,0.15143333433278164,0.04087537567568862
0.5280898876404494,0.8314606741573034,0.09640828655876596,-0.004354831715913077,0.1027281118133899,0.033035194879850245
0.5280898876404494,0.8426966292134831,0.10086729427151486,-0.021113249907529753,0.06692793761276498,0.02494255444118234
0.5280898876404494,0.8539325842696629,0.10386438703655532,-0.02136936822655366,0.04753913776451676,0.02344539939105277
0.5280898876404494,0.8651685393258427,0.09477485292497433,-0.021366468685625636,-0.005768437122339293,0.033501251544328516
0.5280898876404494,0.8764044943820224,0.12054390100813181,-0.032738986464818154,-0.015525551732463921,0.05471148014606528
0.5280898876404494,0.8876404494382022,0.09575626676768925,-0.028728090511420733,-0.012630632333351524,0.04465359304027702
0.5280898876404494,0.898876404494382,0.009261707307042497,0.0028621626006884258,-0.008677277191379795,0.004099390205674336
0.5280898876404494,0.9101123595505618,-0.007237852056786059,0.01568283323618158,-0.009710774311656735,-0.0067261379475484955
0.5280898876404494,0.9213483146067416,-0.0027799278664555555,0.0024892864670636936,-0.0038826161424627983,-0.0015907926418669007
0.5280898876404494,0.9325842696629213,-0.0009240839353997551,-0.005492861047689322,-0.000364137068082041,7.230998060058171e-05
0.5280898876404494,0.9438202247191011,-0.0008744203168250858,-0.0007309783024191822,-0.0003843398160116535,0.0007251757761401089
0.5280898876404494,0.9550561797752809,-0.0011154074116016873,0.0017027660605774886,0.0003600098236081304,0.0011798116771391425
0.5280898876404494,0.9662921348314606,-0.001159888142821844,-0.00017403203223928252,-0.0002510872373381824,0.0007959266808654272
0.5280898876404494,0.9775280898876404,-0.0011963308885260529,1.5980263113728006e-05,-0.000856460290061147,0.0011809879262825917
0.5280898876404494,0.9887640449438202,-0.00076992183228174,0.0003122683349435583,-0.0005487614650275441,0.0011493886397283357
0.5280898876404494,1.0,-1.1024624819965096e-18,-1.841139777282911e-18,-1.4714858517008079e-18,4.881440676682726e-18
0.5393258426966292,0.0,-0.0,-0.0,-0.0,0.0
0.5393258426966292,0.011235955056179775,0.00014019213176417742,0.0004069010641591918,0.0006314079028814553,0.00024856999898364415
0.5393258426966292,0.02247191011235955,-1.89370560024126e-05,-0.00035159649542055503,0.0016442383237696067,-0.0003046444689821853
0.5393258426966292,0.033707865168539325,-0.0005597904603749595,-0.00027248250255221626,0.0027653769555169927,-0.00022484221629665227
0.5393258426966292,0.0449438202247191,-0.0006608204356334569,2.5534651670118204e-05,0.0041986404102265186,0.0013317911563912634
0.5393258426966292,0.056179775280898875,-0.0010071246970248294,-0.0006364148626235094,0.00621986958621986,0.00045937700544019464
0.5393258426966292,0.06741573033707865,-0.0012794182794584655,-0.002284322245047984,0.0058949829970938025,-0.0014359367523337282
0.5393258426966292,0.07865168539325842,-0.001573825622467016,-0.003987020193248782,0.00416821808538237,0.0038487215378933317
0.5393258426966292,0.0898876404494382,-0.0032650015255031115,-0.004433634733820184,0.002555382220817423,0.011031788394318438
0.5393258426966292,0.10112359550561797,-0.0020550654496482345,-0.0016124047002023612,0.0024892089613708216,0.011890613505292726
0.5393258426966292,0.11235955056179775,-0.004883921129074029,0.004143968981459352,0.0063609399806402464,0.008968808397147572
0.5393258426966292,0.12359550561797752,-0.004386125180429875,0.0023242607626721683,0.01025260225366343,0.008925089790268048
0.5393258426966292,0.1348314606741573,0.07146536010677945,-0.007314626417114645,0.010579755507138577,0.0265839980087
0.5393258426966292,0.14606741573033707,0.1544712693374005,-0.013841736586765805,0.008788804677536437,0.047690617432191745
0.5393258426966292,0.15730337078651685,0.1653898763848976,-0.016072845495542824,0.0109766442626659,0.04431797104741134
0.5393258426966292,0.16853932584269662,0.22675840493122282,-0.02243206914954663,-0.009626794542414049,0.016243747392869743
0.5393258426966292,0.1797752808988764,0.2620554797707113,-0.0351171284045269,-0.027598382851612015,-0.05115929211616339
0.5393258426966292,0.19101123595505617,0.2863110658631336,-0.031082552183223224,-0.024403243273314883,-0.031759068356811235
0.5393258426966292,0.20224719101123595,0.44353346058462895,-0.008951789968918386,-0.062415792117897335,0.19847402236681563
0.5393258426966292,0.21348314606741572,0.6649180024161918,-0.010863916577425789,-0.09416533602057706,0.42408162674270317
0.5393258426966292,0.2247191011235955,0.6991261770172572,-0.015938665067185193,-0.07540825192814248,0.4497895990794499
0.5393258426966292,0.23595505617977527,0.8619753589968283,0.06821436029090013,-0.12024096190675776,0.6625321720158801
0.5393258426966292,0.24719101123595505,1.3028946627902296,0.20004848909839537,-0.22663190493265992,1.1579556364690442
0.5393258426966292,0.2584269662921348,1.5120993618087117,0.23463112175669493,-0.22344703150642667,1.3968149720178435
0.5393258426966292,0.2696629213483146,1.4949600239813576,0.29040860627781834,-0.2017459482587893,1.408866399209296
0.5393258426966292,0.2808988764044944,1.5813878819090506,0.5626394133195892,-0.210428709553177,1.7576115021928702
0.5393258426966292,0.29213483146067415,1.8002126116423574,0.812923374536567,-0.21635519766478037,2.297981342440262
0.5393258426966292,0.3033707865168539,1.8601192595075322,0.868843320281525,-0.24726220391960568,2.433553977064809
0.5393258426966292,0.3146067415730337,1.8647888846124965,0.9146875437877798,-0.302444682940393,2.3898296342040886
0.5393258426966292,0.3258426966292135,1.9881246815111302,1.1676611413530738,-0.37263801411850356,2.814211088803872
0.5393258426966292,0.33707865168539325,2.1046887079539855,1.4155308595949594,-0.46117451850800323,3.5177886052475635
0.5393258426966292,0.348314606741573,2.1170075979238883,1.4247181522743932,-0.5093991741616416,3.569286002127889
0.5393258426966292,0.3595505617977528,2.12603406764447,1.637998924255414,-0.46702185224726495,2.8825682824730836
0.5393258426966292,0.3707865168539326,2.2787495467326435,2.369192690288733,-0.4365445562715214,2.211629656404708
0.5393258426966292,0.38202247191011235,2.429126988654939,2.922496962745523,-0.4367319488082704,2.136763722422388
0.5393258426966292,0.3932584269662921,2.4293890088344314,2.900621629217604,-0.4156214858535634,2.054848659767935
0.5393258426966292,0.4044943820224719,2.43466954116366,2.802382874211475,-0.4005742439141667,0.7059063239034543
0.5393258426966292,0.4157303370786517,2.5199413281029948,3.2305051830092255,-0.34442574144133387,-1.7757792328718291
0.5393258426966292,0.42696629213483145,2.6087803241737557,3.795903997028929,-0.24329249864534316,-3.014917899559834
0.5393258426966292,0.4382022471910112,2.6000484674828526,3.7307823386180443,-0.24075530835570608,-3.0673800974660392
0.5393258426966292,0.449438202247191,2.553860307085188,2.6738719396403776,-0.32090152940097855,-3.0669485348856416
0.5393258426966292,0.4606741573033708,2.5558065632085407,1.4087136867802064,-0.41951056291461064,-3.345515095268525
0.5393258426966292,0.47191011235955055,2.575561271966775,1.0878486583992788,-0.47912335031706144,-3.6299609401396156
0.5393258426966292,0.4831460674157303,2.5862573244939826,1.0380944021974536,-0.48773998321439915,-3.610427231518302
0.5393258426966292,0.4943820224719101,2.5859491783809276,0.11158673414090307,-0.46499219023621363,-3.156089915680813
0.5393258426966292,0.5056179775280899,2.573297316936355,-1.7222262352307172,-0.41433516646568236,-2.6612207140373028
0.5393258426966292,0.5168539325842696,2.571734211852901,-2.7023860276619955,-0.337348901043037,-2.5713189367972618
0.5393258426966292,0.5280898876404494,2.560856064641556,-2.7138111752932343,-0.29486069604323134,-2.5727854686180835
0.5393258426966292,0.5393258426966292,2.509968824948451,-2.550006919076646,-0.3081815825229554,-2.12868785238816
0.5393258426966292,0.550561797752809,2.4615709161530477,-2.541766529965483,-0.3200408185730036,-1.242813290375073
0.5393258426966292,0.5617977528089888,2.4769290768161714,-2.6583852629602593,-0.3351981395268798,-0.6295947212376994
0.5393258426966292,0.5730337078651685,2.4787189883914107,-2.669852014868459,-0.3920204446268848,-0.538895118826225
0.5393258426966292,0.5842696629213483,2.4049118411253914,-2.3696065503699995,-0.4660265346550951,-0.2637350542081152
0.5393258426966292,0.5955056179775281,2.3368553336576077,-2.029246528575636,-0.4957956942895926,0.4388927194272624
0.5393258426966292,0.6067415730337078,2.3481705366937944,-2.005440386422283,-0.5045509776651017,0.9570077423653504
0.5393258426966292,0.6179775280898876,2.3440746621780986,-2.0221386315953973,-0.5238016723945347,0.9723442489908843
0.5393258426966292,0.6292134831460674,2.1662847024902114,-1.9502237647701126,-0.4948309658698601,0.837461903335585
0.5393258426966292,0.6404494382022472,1.935323656800275,-1.9436568303016826,-0.4247152729739002,1.0133266675012798
0.5393258426966292,0.651685393258427,1.8382222151437202,-2.048675690007156,-0.37535251096697914,1.285225892037707
0.5393258426966292,0.6629213483146067,1.8201123516853932,-2.014730026774361,-0.33389207237338003,1.267379798136907
0.5393258426966292,0.6741573033707865,1.7166687183027445,-1.7556040016450256,-0.299998459006972,1.0223858178874143
0.5393258426966292,0.6853932584269663,1.5972969248872333,-1.5376420587763038,-0.2724169516727243,0.8101582843328643
0.5393258426966292,0.696629213483146,1.5753399461447366,-1.5137889997693885,-0.2713869654600255,0.7559657055309777
0.5393258426966292,0.7078651685393258,1.5443295837816657,-1.4680820033494628,-0.2878385060128213,0.7170206430304374
0.5393258426966292,0.7191011235955056,1.446228042190108,-1.0966558701268188,-0.24492734577692798,0.5597112696038615
0.5393258426966292,0.7303370786516854,1.4099290380531113,-0.7461454584307541,-0.22639710360833676,0.4233897178233122
0.5393258426966292,0.7415730337078652,1.452810478452241,-0.70048115565714,-0.26664547978136033,0.4107636663370394
0.5393258426966292,0.7528089887640449,1.1382651997323785,-0.5677193686466262,-0.1922511769303337,0.32603161760628124
0.5393258426966292,0.7640449438202247,0.6337540866881016,-0.2212582859723739,-0.07261997897020898,0.14454670603361558
0.5393258426966292,0.7752808988764045,0.4758750626275151,-0.01471167345145574,-0.04364788728983159,0.05885892324097415
0.5393258426966292,0.7865168539325842,0.44388274302150627,-0.024606326812154578,0.003476294441672816,0.05840557649189038
0.5393258426966292,0.797752808988764,0.2577293622758492,-0.028249561108226358,0.05477840953820109,0.04803402760808415
0.5393258426966292,0.8089887640449438,0.12417421731673149,0.025282427815330657,0.050092164989162885,0.042657912924895076
0.5393258426966292,0.8202247191011236,0.10724644465664128,0.02809843535372155,0.06075734131350122,0.0463321077619971
0.5393258426966292,0.8314606741573034,0.09578782464716609,-0.00949242802138056,0.05446405174839287,0.03765051361423456
0.5393258426966292,0.8426966292134831,0.09373688160996839,-0.028437333046400913,0.04552604842956234,0.024640487650977514
0.5393258426966292,0.8539325842696629,0.09801853880909735,-0.027686045159337563,0.005313159852108401,0.01981944882305094
0.5393258426966292,0.8651685393258427,0.09324796198874792,-0.027497651553222424,-0.018076065705022515,0.02878438100468949
0.5393258426966292,0.8764044943820224,0.11791277342647236,-0.03997589645980644,-0.010212639630567883,0.048689992382861834
0.5393258426966292,0.8876404494382022,0.09298125350700323,-0.03473129380383123,-0.007507980075619286,0.039190158543350374
0.5393258426966292,0.898876404494382,0.009294025008075179,0.0008410227232027489,-0.003372814781046137,0.0007371254292961981
0.5393258426966292,0.9101123595505618,-0.009026988776580078,0.015290130389776243,-0.0024948105582464075,-0.009582084352549395
0.5393258426966292,0.9213483146067416,-0.0037711914749725844,0.0025486611930803623,0.003027281665661697,-0.0022433246745261876
0.5393258426966292,0.9325842696629213,-0.00038000536534888704,-0.0043248272576532345,0.005038058580501806,0.0013021118580057902
0.5393258426966292,0.9438202247191011,-0.00015252759872702096,0.0018860113399068298,0.0031280750135167213,0.0015334136172464466
0.5393258426966292,0.9550561797752809,-0.0007781323432088134,0.0040460972548039395,0.0017192811922842359,0.0012241627838789162
0.5393258426966292,0.9662921348314606,-0.0009493778887270666,0.00014054148446999542,0.00017437498829274398,0.0008082237871670076
0.5393258426966292,0.9775280898876404,-0.0009593575159822465,-0.00066598792639583,-0.0005972182058134387,0.0011651884820783737
0.5393258426966292,0.9887640449438202,-0.0005594385601137402,-0.0001888316994946119,-0.00021914727188515723,0.0011013189475165927
0.5393258426966292,1.0,-2.687706624523926e-19,-2.9926896510263926e-18,1.7220882578254817e-18,4.1028729640668904e-18
0.550561797752809,0.0,-0.0,-0.0,-0.0,0.0
0.550561797752809,0.011235955056179775,-2.0643079458380683e-05,0.00031996370069982893,0.0016477435600237645,1.6450279906041342e-06
0.550561797752809,0.02247191011235955,-0.00032173094211401733,-0.0002881032284767245,0.003964914478183147,-0.0006251363850994642
0.550561797752809,0.033707865168539325,-0.0009356667348285512,-0.00028849613704074,0.00525782731092585,-0.0006393954530198524
0.550561797752809,0.0449438202247191,-0.0009975942435448133,-0.00018053893924777593,0.005761743488514511,0.0009181762786614881
0.550561797752809,0.056179775280898875,-0.0010693723919279262,-0.0013242348925541888,0.006870612056986577,0.0011852047640410583
0.550561797752809,0.06741573033707865,-0.0010195949785184828,-0.0034063949574660557,0.0072539384691385515,7.426425132830942e-05
0.550561797752809,0.07865168539325842,-0.0012112628385949106,-0.005618134390784957,0.00716870357731832,0.003188523670465431
0.550561797752809,0.0898876404494382,-0.002877831030107855,-0.006893814332457875,0.005880507284072167,0.008789791055570534
0.550561797752809,0.10112359550561797,-0.001234723421116049,-0.004368707443683966,0.004650952615902358,0.010833173799777404
0.550561797752809,0.11235955056179775,-0.0018112535087646785,0.0009419914283080711,0.00990999051162245,0.008925202326704362
0.550561797752809,0.12359550561797752,-0.0017782219700579547,-0.00039022044270806415,0.015270125049814095,0.008726812967569584
0.550561797752809,0.1348314606741573,0.06962862029032882,-0.004979622280934596,0.012553113262614516,0.027161792609661516
0.550561797752809,0.14606741573033707,0.14927358799640875,-0.004491247866234258,0.010865416057624682,0.050520227925092344
0.550561797752809,0.15730337078651685,0.1601582826462097,-0.004001117405461099,0.009812353511785023,0.04767147438124642
0.550561797752809,0.16853932584269662,0.224202457237575,-0.010892352064731513,-0.02932817582486675,0.020204834884033948
0.550561797752809,0.1797752808988764,0.2620562790441021,-0.024888391152461446,-0.05569782640561459,-0.044317958046424855
0.550561797752809,0.19101123595505617,0.28611578513662966,-0.023111292486357845,-0.0623641297059991,-0.024671335132724414
0.550561797752809,0.20224719101123595,0.445717091956508,-0.004089578532355682,-0.16411566804735483,0.20908217536331464
0.550561797752809,0.21348314606741572,0.671576275618874,-0.007952603689505258,-0.34852152966726524,0.44698967951359353
0.550561797752809,0.2247191011235955,0.7025801888683642,-0.015187446583099562,-0.3983212920651862,0.47883263569422074
0.550561797752809,0.23595505617977527,0.851427514261502,0.06298075461206008,-0.5209662446077261,0.7017364002491341
0.550561797752809,0.24719101123595505,1.2958264022183572,0.17843667939936847,-0.7816243210445467,1.2235407035820762
0.550561797752809,0.2584269662921348,1.5195155505125335,0.20114460642191953,-0.8647370545355488,1.478668062458597
0.550561797752809,0.2696629213483146,1.503066822615301,0.266095063390957,-0.8321476639481299,1.4937233846853666
0.550561797752809,0.2808988764044944,1.5995793256024415,0.5476594622903613,-0.9623097772310862,1.8606426482965714
0.550561797752809,0.29213483146067415,1.8244235688714516,0.8010715880466677,-1.1847345183048008,2.4207931708916437
0.550561797752809,0.3033707865168539,1.8850947164437624,0.8619700932491933,-1.261067860439695,2.554738477031168
0.550561797752809,0.3146067415730337,1.8889794852123434,0.9038644758653064,-1.3195861398227948,2.4957673435837813
0.550561797752809,0.3258426966292135,2.0063534041393214,1.1393522240903948,-1.4958337374845274,2.892965841351069
0.550561797752809,0.33707865168539325,2.115278944490304,1.3801645497408743,-1.732472220543463,3.5871696729147304
0.550561797752809,0.348314606741573,2.1246974728640464,1.3827955118859026,-1.8260538455526223,3.6328310628890166
0.550561797752809,0.3595505617977528,2.1374254393952583,1.57116733321476,-1.8292369048990034,2.9444136292769603
0.550561797752809,0.3707865168539326,2.2875328940576183,2.2980443464727394,-1.8651967092820834,2.285093067203559
0.550561797752809,0.38202247191011235,2.4388606291000237,2.8651558899757688,-1.8962737937221228,2.2141808175254933
0.550561797752809,0.3932584269662921,2.436459730910938,2.8431008060021785,-1.8909000651506946,2.1325466911061373
0.550561797752809,0.4044943820224719,2.4376313054710943,2.7390687054819884,-1.941987592545889,0.7363484254833104
0.550561797752809,0.4157303370786517,2.524933882003746,3.162819116069303,-2.0469256622659606,-1.8256562470475945
0.550561797752809,0.42696629213483145,2.616653820743211,3.707278501573668,-2.0714035893172915,-3.084019248122915
0.550561797752809,0.4382022471910112,2.607478685911397,3.6384960797727435,-2.012607353290661,-3.1342430910008807
0.550561797752809,0.449438202247191,2.5665878082578093,2.6343457981236686,-1.997149878554703,-3.1326597157416227
0.550561797752809,0.4606741573033708,2.5785391428424003,1.4041007273212411,-2.051541604014687,-3.4194635342679494
0.550561797752809,0.47191011235955055,2.6037751817223698,1.0510984469734264,-2.10960475727899,-3.7140115860731076
0.550561797752809,0.4831460674157303,2.6154771956082663,0.9960078935012371,-2.145999017803001,-3.693024134886127
0.550561797752809,0.4943820224719101,2.611464412327055,0.10132581537953902,-2.180306998057382,-3.220729083580583
0.550561797752809,0.5056179775280899,2.5905461966626806,-1.6716084680084273,-2.2081337119478097,-2.720332176478811
0.550561797752809,0.5168539325842696,2.5824851139392107,-2.6396990027886793,-2.1884928288186853,-2.6377796872159887
0.550561797752809,0.5280898876404494,2.5686881954504748,-2.654147513191319,-2.148993663746617,-2.6439943399435424
0.550561797752809,0.5393258426966292,2.5134199210289863,-2.4942387272845634,-2.138408932315168,-2.185877047323474
0.550561797752809,0.550561797752809,2.454918636261677,-2.492247558535659,-2.1472772997739327,-1.2679067025361763
0.550561797752809,0.5617977528089888,2.4612973459871115,-2.608050812457701,-2.192396996191254,-0.6512477175442831
0.550561797752809,0.5730337078651685,2.4622909669261244,-2.6133151312796485,-2.2216826409962933,-0.5658794617301175
0.550561797752809,0.5842696629213483,2.393691440997636,-2.315258722493504,-2.0956686332510475,-0.27203790020149815
0.550561797752809,0.5955056179775281,2.330231259417594,-1.9658761814048462,-1.8519875258890217,0.47627799884531336
0.550561797752809,0.6067415730337078,2.345125285052561,-1.9189049343688542,-1.7050113006926924,1.017089683039812
0.550561797752809,0.6179775280898876,2.3455923772271325,-1.9376939237547102,-1.7171548427984864,1.032580334422464
0.550561797752809,0.6292134831460674,2.1705608246368144,-1.8829623444594044,-1.7448418345631065,0.883500633043331
0.550561797752809,0.6404494382022472,1.9427475477152474,-1.8830961921818377,-1.7264084789324134,1.0362872989341594
0.550561797752809,0.651685393258427,1.854553358796511,-1.9868167163367463,-1.7222014459830461,1.3164527185632808
0.550561797752809,0.6629213483146067,1.8404381415641076,-1.9484389098145765,-1.6920933031325154,1.308643196025683
0.550561797752809,0.6741573033707865,1.7294015958636448,-1.6896690009132387,-1.576494981755048,1.066406208794119
0.550561797752809,0.6853932584269663,1.6061382056875644,-1.4837162848686496,-1.4783592541572734,0.8679679906378124
0.550561797752809,0.696629213483146,1.5819277203100874,-1.4666615429056156,-1.4767503827208939,0.827437380118042
0.550561797752809,0.7078651685393258,1.5512750970002798,-1.4288241529662684,-1.386517346188451,0.7761473516219975
0.550561797752809,0.7191011235955056,1.4586052481853884,-1.0641865594955098,-1.0872257989231522,0.5930955571716922
0.550561797752809,0.7303370786516854,1.4259518539830884,-0.7009464308031843,-0.9229357439187362,0.44593946925754996
0.550561797752809,0.7415730337078652,1.4680908849308698,-0.65182840606529,-0.9352256048522232,0.433153470530028
0.550561797752809,0.7528089887640449,1.1625476232024006,-0.5193631927270806,-0.8448213862695704,0.3447007104628523
0.550561797752809,0.7640449438202247,0.6452565317775165,-0.19608079159365016,-0.6494439522714291,0.1483870638961323
0.550561797752809,0.7752808988764045,0.48900244955963706,-0.014115560324311868,-0.5861949310602099,0.056970838674808816
0.550561797752809,0.7865168539325842,0.45808956551494867,-0.0184191472444369,-0.496786833149558,0.05779318529824523
0.550561797752809,0.797752808988764,0.2712466498682371,-0.018844463409045557,-0.2692618442945462,0.05191915832261776
0.550561797752809,0.8089887640449438,0.13169148877766873,0.029991813768621967,-0.17526334206696442,0.04894378536846681
0.550561797752809,0.8202247191011236,0.1139857470126868,0.033260855787679636,-0.1462814055927281,0.052893020452104006
0.550561797752809,0.8314606741573034,0.09517695347678008,-0.005927507609222064,-0.10675544923396203,0.03829662774217358
0.550561797752809,0.8426966292134831,0.08406193675390798,-0.02726841171274444,-0.051985008090391464,0.01767517849978439
0.550561797752809,0.8539325842696629,0.08685102387853488,-0.027417165581843535,-0.06467640602544576,0.009822306501268845
0.550561797752809,0.8651685393258427,0.08772961469640286,-0.02971452081424165,-0.02697016930244819,0.02067258556755141
0.550561797752809,0.8764044943820224,0.11225062209806719,-0.04524319799557337,-0.001093537755264034,0.04235856412854911
0.550561797752809,0.8876404494382022,0.08869696809445941,-0.03801544177612727,-0.00038030865916555167,0.03549895983645276
0.550561797752809,0.898876404494382,0.008216672840893556,0.00045003987565976346,0.001097960379714425,-0.0007806239504640286
0.550561797752809,0.9101123595505618,-0.010624266220541329,0.014589098791136866,0.0008762506742948209,-0.010854840699834606
0.550561797752809,0.9213483146067416,-0.0042112062291357125,0.002125560911841159,0.004746172370517314,-0.0020867076381349495
0.550561797752809,0.9325842696629213,-0.00018333449137783187,-0.004587751457490507,0.006194370770997142,0.0022588891322813773
0.550561797752809,0.9438202247191011,-0.00019382160017829416,0.001465567779612998,0.004074458226456509,0.0017152773637469864
0.550561797752809,0.9550561797752809,-0.0009030890169799863,0.004303949049240565,0.0023925180831409847,0.001061278489005405
0.550561797752809,0.9662921348314606,-0.0008834047649862793,0.0003812633521949139,0.0009172407707917836,0.0008326462049324677
0.550561797752809,0.9775280898876404,-0.0006692342646558095,-0.000731364617127034,1.7455525926691565e-05,0.0009556143783193762
0.550561797752809,0.9887640449438202,-0.0002580075628744859,-0.00023402662372430937,0.00018049399206639246,0.0007987913051523745
0.550561797752809,1.0,8.958103201465265e-19,-1.740943799814898e-18,5.146480822276071e-18,2.4648639435698837e-18
0.5617977528089888,0.0,-0.0,-0.0,-0.0,0.0
0.5617977528089888,0.011235955056179775,0.00023523977343137509,0.00027839320506115083,-4.8548346962495766e-05,-8.457482596213286e-05
0.5617977528089888,0.02247191011235955,0.00015690355492330063,3.256148253018741e-05,0.0009747248908660883,-0.0006044795720987319
0.5617977528089888,0.033707865168539325,-0.00036224682726034723,-0.00019872136690162666,0.001153541325587604,-0.0007767144351867655
0.5617977528089888,0.0449438202247191,-0.0005181128407342195,-0.00044205198045015704,0.00048059060235262327,-0.00013549506564572146
0.5617977528089888,0.056179775280898875,-0.0003973566960680304,-0.0010980784792385574,0.00029621893605570317,-0.0003335214855041068
0.5617977528089888,0.06741573033707865,-0.00021826548937596045,-0.0015636778688749584,0.0006916119073635185,-0.0016990303424519195
0.5617977528089888,0.07865168539325842,-0.00047353885837629617,-0.002232307817676493,0.0026754800377168796,-0.0007659144874332626
0.5617977528089888,0.0898876404494382,-0.0020048811768674005,-0.003228036472471327,0.0038227508091372465,0.0019401529467485501
0.5617977528089888,0.10112359550561797,0.00017857931489031345,-0.001390278526362732,0.003296956269607917,0.00166652698095437
0.5617977528089888,0.11235955056179775,0.0018557709846114038,0.003193779298419783,0.007200545510387745,-0.001570798888292313
0.5617977528089888,0.12359550561797752,0.001982444063061315,0.0031331675095227544,0.009154162126641623,-0.0021165679410293107
0.5617977528089888,0.1348314606741573,0.07117088908262793,0.0028144718766921185,0.00023221832920449647,0.018034063908998324
0.5617977528089888,0.14606741573033707,0.14750394067937808,0.006642614311523533,-0.005352710453305008,0.04497642816640153
0.5617977528089888,0.15730337078651685,0.157666166161142,0.0074550754788555934,-0.00981039915187751,0.043238242565541284
0.5617977528089888,0.16853932584269662,0.22604307482778196,-0.0001172049215340352,-0.05730097508669436,0.01604706218490481
0.5617977528089888,0.1797752808988764,0.2661324823749536,-0.013543558893900383,-0.08471941769691539,-0.043466756353375435
0.5617977528089888,0.19101123595505617,0.2838712910760307,-0.01261481780906197,-0.09824877123536609,-0.023417187256640253
0.5617977528089888,0.20224719101123595,0.44063410079115845,0.0016583138322791157,-0.2564806113605102,0.20666672752487816
0.5617977528089888,0.21348314606741572,0.6724325491962339,-0.006491480062035278,-0.5652758497437965,0.45247893729155103
0.5617977528089888,0.2247191011235955,0.7070229399804188,-0.013993775702376768,-0.6364458238947137,0.48769602632723197
0.5617977528089888,0.23595505617977527,0.8410599824323972,0.06369278044309395,-0.7862249722178613,0.7174684787496666
0.5617977528089888,0.24719101123595505,1.290703321824205,0.1708737708629295,-1.1514694097752216,1.2677765951156457
0.5617977528089888,0.2584269662921348,1.531801506028611,0.1855994431480349,-1.350111530372082,1.5390684037666291
0.5617977528089888,0.2696629213483146,1.5163350212598308,0.25724439528345433,-1.3469883332149213,1.5531275000069982
0.5617977528089888,0.2808988764044944,1.6206659278296764,0.5493887827458617,-1.5805006663356043,1.9302362482438133
0.5617977528089888,0.29213483146067415,1.8483507342676064,0.8022164921433298,-1.987305770701886,2.50253420286127
0.5617977528089888,0.3033707865168539,1.909831020158145,0.8535288099934751,-2.1041877636000135,2.6382687266490144
0.5617977528089888,0.3146067415730337,1.9160564217518412,0.8753383172732242,-2.1468452877820234,2.5754685019063905
0.5617977528089888,0.3258426966292135,2.026508162945056,1.0918934908867608,-2.3910672053191444,2.9512261159472404
0.5617977528089888,0.33707865168539325,2.126403349182613,1.340166242477733,-2.6491487030084686,3.6378794933831533
0.5617977528089888,0.348314606741573,2.1331589236704835,1.3575128790821118,-2.684600394371975,3.687750450312532
0.5617977528089888,0.3595505617977528,2.149871991995561,1.5444659601071977,-2.700337168722253,2.990173189612083
0.5617977528089888,0.3707865168539326,2.292121198069481,2.2628469494184564,-2.772273024761196,2.345253111925859
0.5617977528089888,0.38202247191011235,2.445487114693051,2.8389078662153238,-2.8156935802366885,2.296951175801622
0.5617977528089888,0.3932584269662921,2.4457373879729642,2.828903724951013,-2.8279540046708647,2.20763542762522
0.5617977528089888,0.4044943820224719,2.440035639303961,2.728599256867644,-2.928387079465037,0.7258966091843676
0.5617977528089888,0.4157303370786517,2.5291631580996747,3.144881922457176,-3.136219068249551,-1.917958373541956
0.5617977528089888,0.42696629213483145,2.6308112458912256,3.6657240187425764,-3.28146173082301,-3.181729553125012
0.5617977528089888,0.4382022471910112,2.6250552156059745,3.599227541551755,-3.2624153625006107,-3.213830850018584
0.5617977528089888,0.449438202247191,2.588897742152795,2.623710776036472,-3.2288821625193984,-3.2011194110611187
0.5617977528089888,0.4606741573033708,2.605103662641583,1.4070926197672171,-3.2603572602815496,-3.493908971483474
0.5617977528089888,0.47191011235955055,2.6260073713388024,1.0262663716882203,-3.2949118888604354,-3.8020891703073243
0.5617977528089888,0.4831460674157303,2.629790968561318,0.964859601659645,-3.3166794215424362,-3.7834507909014246
0.5617977528089888,0.4943820224719101,2.6169355941028494,0.10332445353066602,-3.362646201718254,-3.3057447771255517
0.5617977528089888,0.5056179775280899,2.5875774232013034,-1.606148596924854,-3.4299118922269543,-2.813277928195785
0.5617977528089888,0.5168539325842696,2.579188106363748,-2.5813128459627745,-3.4629134578978786,-2.7366160724685797
0.5617977528089888,0.5280898876404494,2.572106798070618,-2.6173943368101615,-3.4539503839562005,-2.7313242911920317
0.5617977528089888,0.5393258426966292,2.521026710448042,-2.457481738655393,-3.436492735912665,-2.22698891357772
0.5617977528089888,0.550561797752809,2.4566338086976214,-2.463310594070244,-3.4308860084016652,-1.2613611003828242
0.5617977528089888,0.5617977528089888,2.4565941361859847,-2.589823683498679,-3.474228579643087,-0.6612210351997216
0.5617977528089888,0.5730337078651685,2.457102245281345,-2.593441974398747,-3.4640057584268655,-0.5992684800653657
0.5617977528089888,0.5842696629213483,2.3899994633703763,-2.2888553539815866,-3.1935923288709973,-0.3001608911674657
0.5617977528089888,0.5955056179775281,2.3253534631380903,-1.9266873485094367,-2.766627002233039,0.4960945533465573
0.5617977528089888,0.6067415730337078,2.338264346085175,-1.853396514098472,-2.5133726770768323,1.0715455253623731
0.5617977528089888,0.6179775280898876,2.3369161186068697,-1.8593017126875355,-2.501889169918822,1.0970968306084719
0.5617977528089888,0.6292134831460674,2.159311611107191,-1.8120003110078045,-2.5477567936517085,0.9563834994621987
0.5617977528089888,0.6404494382022472,1.9384748653919246,-1.8197338501255504,-2.5629694603003093,1.0869212785843154
0.5617977528089888,0.651685393258427,1.8636198255925618,-1.928800975093626,-2.5930044937324643,1.347882151866757
0.5617977528089888,0.6629213483146067,1.8540596479308946,-1.8990726258207242,-2.588984125780174,1.3396703722146186
0.5617977528089888,0.6741573033707865,1.7380558803398347,-1.6460242327253816,-2.446028861263156,1.0955655131085542
0.5617977528089888,0.6853932584269663,1.6137139857822453,-1.4459375367955363,-2.306288262680269,0.9042189556517423
0.5617977528089888,0.696629213483146,1.5930399322308106,-1.4247228735540753,-2.307619267357774,0.8791984510484306
0.5617977528089888,0.7078651685393258,1.5688749564593947,-1.3786521329469157,-2.1630038989883933,0.829762544421401
0.5617977528089888,0.7191011235955056,1.4804301755697802,-1.0130360989561933,-1.6868524978310222,0.6302839526834386
0.5617977528089888,0.7303370786516854,1.4416446385888584,-0.6551581246673628,-1.3974690274537667,0.46989269597351163
0.5617977528089888,0.7415730337078652,1.4726630875845739,-0.6132809261369098,-1.3672312371431121,0.4516435506716749
0.5617977528089888,0.7528089887640449,1.183137654751641,-0.48047495594977246,-1.2847963078596083,0.3624522424773938
0.5617977528089888,0.7640449438202247,0.6542790486397979,-0.17271337370196194,-1.0699920220047,0.15456734399020627
0.5617977528089888,0.7752808988764045,0.49503943460094285,-0.00895196266375758,-0.9950635418727631,0.05678614668183742
0.5617977528089888,0.7865168539325842,0.46967392684671455,-0.01373402053336865,-0.9050668296044533,0.060440174244613246
0.5617977528089888,0.797752808988764,0.2784635114361827,-0.01395139848774218,-0.5125383982285476,0.05995628707310288
0.5617977528089888,0.8089887640449438,0.1321919749496862,0.03151303067334666,-0.32575245666363817,0.05972981528955568
0.5617977528089888,0.8202247191011236,0.11806763862891363,0.036238232488449346,-0.29924020813796254,0.061806058107185216
0.5617977528089888,0.8314606741573034,0.09518571808688793,-0.0002892900429733102,-0.24752571997438977,0.03772927821545819
0.5617977528089888,0.8426966292134831,0.07808659615375246,-0.021640324350245762,-0.14866646271683404,0.010967527845884081
0.5617977528089888,0.8539325842696629,0.07808944492994377,-0.02259832536997031,-0.1298904864775069,0.00520265940343663
0.5617977528089888,0.8651685393258427,0.08173639921127873,-0.026385142403199845,-0.04394247818152181,0.021149713128631013
0.5617977528089888,0.8764044943820224,0.10679792665505587,-0.04456802965510659,-0.001375585463189239,0.044315470189369086
0.5617977528089888,0.8876404494382022,0.08596524547553677,-0.037952126094501805,-0.0011844080104406914,0.037617050291110427
0.5617977528089888,0.898876404494382,0.007350384139372682,8.474318722217057e-05,-0.0016164887196469387,0.0008409630068000442
0.5617977528089888,0.9101123595505618,-0.01116587442138604,0.013519846511212387,-0.0024385252263884596,-0.010483713533936737
0.5617977528089888,0.9213483146067416,-0.0039568471296925565,0.0015303429945125796,0.0009196953255210115,-0.0018655228283447833
0.5617977528089888,0.9325842696629213,-0.0004250246079406054,-0.005615019050086545,0.0029848443363077954,0.002429679389595665
0.5617977528089888,0.9438202247191011,-0.0009572813390671185,-0.0009196433568653569,0.001278439022268976,0.0011052934826442575
0.5617977528089888,0.9550561797752809,-0.0015267180292744247,0.0024927490309920616,0.0002672690979858879,0.000471643538785338
0.5617977528089888,0.9662921348314606,-0.001112627969011541,-4.8120388437613475e-05,0.0001539724856676453,0.0005535331660035964
0.5617977528089888,0.9775280898876404,-0.0005776552435971769,-0.0005792186544270574,-0.0001340774250564026,0.0004800209261888255
0.5617977528089888,0.9887640449438202,-6.836814947501488e-05,4.28627060821339e-05,-2.0632366324517458e-05,0.00040607470418062974
0.5617977528089888,1.0,1.8269158993992725e-18,9.544629324332368e-19,4.16607772251615e-18,1.4291544050002487e-18
0.5730337078651685,0.0,0.0,-0.0,-0.0,0.0
0.5730337078651685,0.011235955056179775,0.0005959751279816686,-0.00012677941099149698,-0.00035932071704949676,-2.567472261210358e-05
0.5730337078651685,0.02247191011235955,0.0006761748119554238,-9.548260817141365e-05,0.0004187747707958004,-0.00029331097481987155
0.5730337078651685,0.033707865168539325,4.040555841351102e-05,-0.00024402169042873098,0.00045740299759355375,-0.0004288162530738045
0.5730337078651685,0.0449438202247191,-0.0005415566353598653,-0.0003803479021408349,0.0005386318933558193,-0.0007137164006399732
0.5730337078651685,0.056179775280898875,-0.0005552732002615695,-0.0008073797511099988,0.00111112463643552,-0.0017456954895637962
0.5730337078651685,0.06741573033707865,-0.0004547821023099389,-0.0011175055293849243,0.0007136308547687792,-0.002005547964099911
0.5730337078651685,0.07865168539325842,-0.0008320671498329772,-0.001738926804106629,0.001890126239118082,3.6674360617020574e-05
0.5730337078651685,0.0898876404494382,-0.0021087906942390522,-0.002922433923990025,0.00374897188182699,0.0016916204804449694
0.5730337078651685,0.10112359550561797,0.0003310292223080983,-0.0017355193767683245,0.004383385431581203,-4.7608477364319245e-05
0.5730337078651685,0.11235955056179775,0.0023066610435984927,0.002741652139729051,0.008088357124536946,-0.0029781660641040337
0.5730337078651685,0.12359550561797752,0.002462106129003846,0.0043680466407504575,0.008768846726129756,-0.003116285853910504
0.5730337078651685,0.1348314606741573,0.07445488943209039,0.005815208415216878,-0.0011450894065081398,0.01754259096842437
0.5730337078651685,0.14606741573033707,0.14848756801887672,0.00870864614961807,-0.006337979570511441,0.04484372966381709
0.5730337078651685,0.15730337078651685,0.15713568680280438,0.007049559972808999,-0.01218341401782642,0.04141614214583449
0.5730337078651685,0.16853932584269662,0.22908752482697683,-0.002036226745258937,-0.0635178096927591,0.011907829913740798
0.5730337078651685,0.1797752808988764,0.2692913712057671,-0.013535715917184955,-0.08851374201222897,-0.044672061578907296
0.5730337078651685,0.19101123595505617,0.2781639795747976,-0.011109800674805848,-0.09718021536007061,-0.023707772986719014
0.5730337078651685,0.20224719101123595,0.4270609609676729,0.0010375032152149118,-0.2650151996436653,0.2023569536451886
0.5730337078651685,0.21348314606741572,0.663818204214886,-0.008254366607962835,-0.602414317254511,0.4529544236723088
0.5730337078651685,0.2247191011235955,0.7097344311186886,-0.012358903397592233,-0.63659242894907,0.4844504557726819
0.5730337078651685,0.23595505617977527,0.8354617804652459,0.06959250160045985,-0.7633933517116622,0.7105668487263097
0.5730337078651685,0.24719101123595505,1.2813182933244172,0.1777915447656376,-1.1474266774512607,1.2766616981013263
0.5730337078651685,0.2584269662921348,1.531796081911323,0.18621727925030437,-1.3812775737973821,1.54489951028706
0.5730337078651685,0.2696629213483146,1.5193450351647186,0.2510980799956856,-1.3771135524854394,1.5445756666755084
0.5730337078651685,0.2808988764044944,1.6317197422125223,0.5474388351929997,-1.6302043587570416,1.9150869371135393
0.5730337078651685,0.29213483146067415,1.855898677526904,0.8063600269320924,-2.0690438199764043,2.4970453426780583
0.5730337078651685,0.3033707865168539,1.9109563652765609,0.8501968521061741,-2.1576075507484416,2.646734682198887
0.5730337078651685,0.3146067415730337,1.917387701897356,0.8526750028533746,-2.187460716943992,2.5881288172391934
0.5730337078651685,0.3258426966292135,2.02376597320875,1.0610835644077423,-2.463962509052167,2.9505928210352312
0.5730337078651685,0.33707865168539325,2.1239929552054755,1.3272689705217104,-2.7168894914961115,3.633613458230355
0.5730337078651685,0.348314606741573,2.136780196320156,1.3625225050655914,-2.7496610190131667,3.6887468760730613
0.5730337078651685,0.3595505617977528,2.161312310621894,1.5555987136276934,-2.7869645232625553,2.966461761152592
0.5730337078651685,0.3707865168539326,2.2926211238678236,2.2598995814457528,-2.861850691039633,2.325009694533346
0.5730337078651685,0.38202247191011235,2.440968685525532,2.8312351635691986,-2.8913668823724255,2.2991010944932326
0.5730337078651685,0.3932584269662921,2.4468933786187774,2.8334090560839953,-2.886422762193363,2.1984304515814124
0.5730337078651685,0.4044943820224719,2.43345001939422,2.7431728315422093,-2.972688731239811,0.6459734690391634
0.5730337078651685,0.4157303370786517,2.5187311986554497,3.1543838607313273,-3.1854805714124024,-1.970620136316985
0.5730337078651685,0.42696629213483145,2.628116689143437,3.661840958902487,-3.3569809532425046,-3.191863263612329
0.5730337078651685,0.4382022471910112,2.6293452307043714,3.6033446446115005,-3.3650170186638544,-3.21492365484278
0.5730337078651685,0.449438202247191,2.599770483522731,2.642421486121632,-3.347795288067779,-3.1965467573676447
0.5730337078651685,0.4606741573033708,2.6152098144618496,1.4270328697943795,-3.3816877666213143,-3.494507238639398
0.5730337078651685,0.47191011235955055,2.629284971637987,1.028725003834018,-3.3970569018147314,-3.8094903930026516
0.5730337078651685,0.4831460674157303,2.628208946233467,0.9661932367768642,-3.3881555473934117,-3.7859013701365005
0.5730337078651685,0.4943820224719101,2.6124391295545086,0.12449677712463601,-3.4188054157109047,-3.3108384681976184
0.5730337078651685,0.5056179775280899,2.5801866701853875,-1.5687230479634666,-3.4940068735600884,-2.8343757519183925
0.5730337078651685,0.5168539325842696,2.574281946758697,-2.5633922616192732,-3.5490303717825,-2.754807573170894
0.5730337078651685,0.5280898876404494,2.5753817531256966,-2.6187161393619425,-3.5509119641528226,-2.722379453391483
0.5730337078651685,0.5393258426966292,2.530530053691989,-2.447441162358393,-3.5181846640989596,-2.1708878608001982
0.5730337078651685,0.550561797752809,2.462829138402645,-2.4497914389138833,-3.497585881407906,-1.198786071929048
0.5730337078651685,0.5617977528089888,2.456621863082668,-2.584938789524155,-3.552021640601355,-0.648225431815459
0.5730337078651685,0.5730337078651685,2.4563927294566192,-2.5939589384679844,-3.5675307255319693,-0.6029778467431421
0.5730337078651685,0.5842696629213483,2.393166425225779,-2.297990195709191,-3.2970140429617856,-0.2964599743409195
0.5730337078651685,0.5955056179775281,2.329356397961895,-1.9420309891545957,-2.8464519796547436,0.49989271949844594
0.5730337078651685,0.6067415730337078,2.339300323228198,-1.8569552858079423,-2.5754224133422845,1.0691315393262653
0.5730337078651685,0.6179775280898876,2.332443017175423,-1.847558660706529,-2.555873436745238,1.114833914647288
0.5730337078651685,0.6292134831460674,2.152512645004048,-1.7960182608680157,-2.604714539327736,1.0132429804328362
0.5730337078651685,0.6404494382022472,1.9383432955560673,-1.8036207058907916,-2.6323677842846065,1.1372833880890871
0.5730337078651685,0.651685393258427,1.8663366973168976,-1.9185622220656944,-2.6626502806440606,1.3595607262263285
0.5730337078651685,0.6629213483146067,1.849885729798347,-1.902064452492929,-2.6425709744806314,1.3340116330282619
0.5730337078651685,0.6741573033707865,1.7292574106046181,-1.6537746567607299,-2.484742663019633,1.0854555807592035
0.5730337078651685,0.6853932584269663,1.6076403884854087,-1.454010700895801,-2.3364801550289207,0.897329347856396
0.5730337078651685,0.696629213483146,1.5921842288225057,-1.4253876612269407,-2.356842408737156,0.8808066642365745
0.5730337078651685,0.7078651685393258,1.57578548545847,-1.357106907541486,-2.252412254321969,0.8415831339718252
0.5730337078651685,0.7191011235955056,1.4937438458584178,-0.9821039713758503,-1.7577083457522082,0.6450540108775761
0.5730337078651685,0.7303370786516854,1.4499835527328244,-0.6424324604798763,-1.442001885365631,0.47828827029701265
0.5730337078651685,0.7415730337078652,1.472774302717887,-0.6112993493735849,-1.3952776989115163,0.4524282710066564
0.5730337078651685,0.7528089887640449,1.2154881640430062,-0.4756237219612406,-1.3188718147430303,0.3695804846812705
0.5730337078651685,0.7640449438202247,0.6784390822685529,-0.1669215820252975,-1.0993552189780138,0.15963581858553416
0.5730337078651685,0.7752808988764045,0.49665213795882207,-0.0071034029319666505,-1.0171754044004937,0.05660521338082112
0.5730337078651685,0.7865168539325842,0.47103598687483406,-0.01746256694034392,-0.936716745221137,0.06194147690994824
0.5730337078651685,0.797752808988764,0.2754912922198847,-0.018473151239409687,-0.4995385741693144,0.062484488029391716
0.5730337078651685,0.8089887640449438,0.12851953313184503,0.030129520224607857,-0.31923719084876934,0.061760830511318
0.5730337078651685,0.8202247191011236,0.12048517436252534,0.037646513899613675,-0.3180093202130955,0.061139793181573567
0.5730337078651685,0.8314606741573034,0.09826554954848991,0.0029754158921859895,-0.2683052337738626,0.032877835422162605
0.5730337078651685,0.8426966292134831,0.07903047135279931,-0.019762181783357143,-0.15615991782605548,0.007689841987597371
0.5730337078651685,0.8539325842696629,0.07696589195229155,-0.022799367850493395,-0.13904214261844244,0.006785472672412673
0.5730337078651685,0.8651685393258427,0.08035979957754069,-0.02650949617670782,-0.05471816193196735,0.024680811221131582
0.5730337078651685,0.8764044943820224,0.10535478392497746,-0.044263551900527554,-0.0028286721703044836,0.04590596154551742
0.5730337078651685,0.8876404494382022,0.08846476364059326,-0.03716820899627761,-0.0015714763805785114,0.03752278710855473
0.5730337078651685,0.898876404494382,0.007805408358141859,0.0002556369659022928,-0.00199939039661583,-6.98051246202678e-05
0.5730337078651685,0.9101123595505618,-0.010982097001240596,0.01362750567386114,-0.003038698718525113,-0.010443097187614329
0.5730337078651685,0.9213483146067416,-0.0032331858310056926,0.0019302488809981066,-0.00016808595074872563,-0.0012699396141257794
0.5730337078651685,0.9325842696629213,-0.00054880413481786,-0.005306487561813705,0.002738123053566273,0.0030679928122989953
0.5730337078651685,0.9438202247191011,-0.0016085812019887074,-0.0016046641660589802,0.0013317313379259297,0.0011725634859920668
0.5730337078651685,0.9550561797752809,-0.0020807124365980643,0.0015686610656834024,-0.00011250887098378062,0.00036934041698235783
0.5730337078651685,0.9662921348314606,-0.0013934111762176978,-0.0003357492251047332,0.0001748455887392778,0.0005431960283841723
0.5730337078651685,0.9775280898876404,-0.0006397147454924042,-0.0005248852260768267,9.518109694079661e-05,0.00032251826523297793
0.5730337078651685,0.9887640449438202,-5.552601906245237e-05,0.000214085439963585,1.7160775477748895e-05,0.00028468740329169636
0.5730337078651685,1.0,1.8799338071487868e-18,2.5409595580449986e-18,4.045571990370604e-18,1.973802552008298e-18
0.5842696629213483,0.0,0.0,-0.0,-0.0,0.0
0.5842696629213483,0.011235955056179775,0.0005838245124904387,-0.00023930586033228983,0.0018495490415830443,0.0002854186599280802
0.5842696629213483,0.02247191011235955,0.0004924147486385788,0.00035912662811348264,0.00478761249420219,0.0005816126325333686
0.5842696629213483,0.033707865168539325,-0.00041121701384990225,0.0010079640574705833,0.006871394951572925,0.0010620215731355442
0.5842696629213483,0.0449438202247191,-0.001236580195375782,0.0017131453718287274,0.010188106375593269,0.0010476295027374671
0.5842696629213483,0.056179775280898875,-0.0014269551871580978,0.001335190891569358,0.014279998134221497,0.0003513525206008571
0.5842696629213483,0.06741573033707865,-0.001492953087210269,-0.00031297434602396083,0.014968795442568334,0.002464454503099434
0.5842696629213483,0.07865168539325842,-0.001978051918262557,-0.0023703945266710805,0.015141628631596375,0.006986069621746461
0.5842696629213483,0.0898876404494382,-0.0030522609036714565,-0.0038301610644945632,0.016686952282002027,0.009115320321853432
0.5842696629213483,0.10112359550561797,-0.0008577597158604086,-0.0027770807880119638,0.019776253975330223,0.008847799905496686
0.5842696629213483,0.11235955056179775,-0.0011732178649196954,0.0016346342086831086,0.026760273664675673,0.009631835551022828
0.5842696629213483,0.12359550561797752,-0.002012656949530294,0.0037616745316402652,0.028638072290122225,0.011761488413356462
0.5842696629213483,0.1348314606741573,0.07474158998035063,0.005599911438640874,0.019547044624688238,0.0315603294691757
0.5842696629213483,0.14606741573033707,0.14608524772863085,0.008194999621407493,0.017638190495014944,0.055260551027115565
0.5842696629213483,0.15730337078651685,0.15123036665736778,0.0050139048787330096,0.012621877571674106,0.048271139453223436
0.5842696629213483,0.16853932584269662,0.22260234177343233,-0.006304324541260261,-0.03881999457404758,0.015080821332856797
0.5842696629213483,0.1797752808988764,0.2625243424137616,-0.017874555037224536,-0.05758578857136533,-0.040275998348040964
0.5842696629213483,0.19101123595505617,0.267303176073622,-0.014162356208488871,-0.05426198071415907,-0.01633903855716255
0.5842696629213483,0.20224719101123595,0.40941246742679555,4.5306737359533305e-05,-0.1981165988578277,0.20520542826910373
0.5842696629213483,0.21348314606741572,0.6475137047956747,-0.005146026772536284,-0.49779696484261576,0.4500805765470423
0.5842696629213483,0.2247191011235955,0.7022974291092602,-0.006244244203987062,-0.48510858871514184,0.4724329380219378
0.5842696629213483,0.23595505617977527,0.8252676112191067,0.07558159424230204,-0.5833196206356009,0.6901420450818122
0.5842696629213483,0.24719101123595505,1.2552934159994358,0.1870460850729375,-0.9398781910550816,1.2545397913689602
0.5842696629213483,0.2584269662921348,1.4905067972330368,0.19353375128886804,-1.1270210049974143,1.5003576689908629
0.5842696629213483,0.2696629213483146,1.4780769643261549,0.24284815510122915,-1.0741235245945797,1.482981521012004
0.5842696629213483,0.2808988764044944,1.5988014942557505,0.5332521579042083,-1.308983974315308,1.8387362495184407
0.5842696629213483,0.29213483146067415,1.822064968610694,0.8048657432016199,-1.7455847395736246,2.426872004146596
0.5842696629213483,0.3033707865168539,1.8743991093826367,0.8561497351132653,-1.8145551120445023,2.598031132483197
0.5842696629213483,0.3146067415730337,1.8832291097841238,0.8569491173119391,-1.8453249878375444,2.537414803848708
0.5842696629213483,0.3258426966292135,1.9881132645424917,1.0743051880426593,-2.145080949130128,2.878326212904827
0.5842696629213483,0.33707865168539325,2.0925540640882834,1.3584412364143912,-2.4425543081353056,3.536396716674451
0.5842696629213483,0.348314606741573,2.112863851017459,1.3979347992730857,-2.535845761531694,3.5793812822465934
0.5842696629213483,0.3595505617977528,2.142375826137015,1.5805554399990471,-2.634822026800767,2.8460351099697934
0.5842696629213483,0.3707865168539326,2.260049099094142,2.2471769271010436,-2.755758835178967,2.210623609127004
0.5842696629213483,0.38202247191011235,2.3918432883358935,2.790146841499503,-2.797826459823345,2.1918624051847635
0.5842696629213483,0.3932584269662921,2.397595440649567,2.796222129633741,-2.770656569383449,2.0884658683252315
0.5842696629213483,0.4044943820224719,2.3807427037532936,2.71919543792739,-2.809253143746298,0.5319048052664076
0.5842696629213483,0.4157303370786517,2.4652500209996524,3.134248578464268,-2.979375293057761,-1.9309787832872483
0.5842696629213483,0.42696629213483145,2.5817044520401415,3.642477885173032,-3.13741600149501,-3.0565836592994895
0.5842696629213483,0.4382022471910112,2.591016576956117,3.587057457926131,-3.137942261790319,-3.0830100967306473
0.5842696629213483,0.449438202247191,2.565302291092346,2.6538124379780403,-3.098642370881202,-3.0772415628911802
0.5842696629213483,0.4606741573033708,2.57623997367755,1.466428276113868,-3.1095086560154326,-3.388169813591829
0.5842696629213483,0.47191011235955055,2.5868452877895196,1.0596968738885566,-3.117279234633651,-3.7059536369634842
0.5842696629213483,0.4831460674157303,2.587846739657958,0.9968705039511917,-3.112285870300268,-3.667699770593148
0.5842696629213483,0.4943820224719101,2.577755891728367,0.16114715727777904,-3.1499553287670548,-3.19013805939631
0.5842696629213483,0.5056179775280899,2.5484050430626226,-1.5559758453940264,-3.22796443762745,-2.727618522199666
0.5842696629213483,0.5168539325842696,2.5413570409214916,-2.571219909657768,-3.2825341142564026,-2.6475241709992785
0.5842696629213483,0.5280898876404494,2.5415774958699737,-2.630498263582855,-3.276876578698282,-2.604712167224109
0.5842696629213483,0.5393258426966292,2.495491266532623,-2.435775644329862,-3.2311897368136804,-2.052008840994646
0.5842696629213483,0.550561797752809,2.424372354791459,-2.421201010135929,-3.2103247645632567,-1.132502852059248
0.5842696629213483,0.5617977528089888,2.414558976120854,-2.5541184117296076,-3.276735966279487,-0.642550228863323
0.5842696629213483,0.5730337078651685,2.4175045906790613,-2.5690194023109436,-3.3102663357314777,-0.5965015564480008
0.5842696629213483,0.5842696629213483,2.36287221682253,-2.293402211654986,-3.0580399300177943,-0.27221795274915844
0.5842696629213483,0.5955056179775281,2.3010798164276003,-1.9624045220088477,-2.6244453938761763,0.4770264129054252
0.5842696629213483,0.6067415730337078,2.3056834133854376,-1.8870881925163938,-2.3591452475016372,0.988704639465256
0.5842696629213483,0.6179775280898876,2.2930861261664974,-1.8733700612909125,-2.331911719184062,1.0439595181205839
0.5842696629213483,0.6292134831460674,2.120110861882885,-1.8157547441216322,-2.377988113629216,0.9895609120295024
0.5842696629213483,0.6404494382022472,1.91778418559171,-1.816467314762133,-2.420673869371725,1.1234513532150001
0.5842696629213483,0.651685393258427,1.844842373318218,-1.9324843761785848,-2.4650457094099982,1.3162264228898026
0.5842696629213483,0.6629213483146067,1.8196374580754797,-1.9242885634742,-2.4373690662749756,1.2798748493065963
0.5842696629213483,0.6741573033707865,1.6964626410546995,-1.6807879252696263,-2.2595951703090438,1.0405956921308566
0.5842696629213483,0.6853932584269663,1.576711360627798,-1.487362588054381,-2.0949853380483563,0.865633123235439
0.5842696629213483,0.696629213483146,1.5626773183945801,-1.4576683683537637,-2.1078756501490874,0.8524979942846542
0.5842696629213483,0.7078651685393258,1.55034048050826,-1.3639351281979717,-2.02247518476325,0.8158929653564014
0.5842696629213483,0.7191011235955056,1.475736771170638,-0.9823201385850622,-1.5469603199921609,0.6306752855123876
0.5842696629213483,0.7303370786516854,1.4326982800084085,-0.6628471122345003,-1.2562435685164315,0.4675361635593536
0.5842696629213483,0.7415730337078652,1.4525955584154677,-0.6387734937320557,-1.2200120923119173,0.4365038559499422
0.5842696629213483,0.7528089887640449,1.2278012764947122,-0.5029610546690577,-1.1350557935541503,0.3630118849389852
0.5842696629213483,0.7640449438202247,0.6980109660846177,-0.18189291474467537,-0.8847834199187751,0.16210394793272065
0.5842696629213483,0.7752808988764045,0.4894706779949408,-0.012095795272431976,-0.7816281453523134,0.057614517884276926
0.5842696629213483,0.7865168539325842,0.4596384892259167,-0.026540012431193857,-0.7257846996980261,0.06130740722877093
0.5842696629213483,0.797752808988764,0.2646801631168831,-0.025019087103322485,-0.3567982688858056,0.0561046153059594
0.5842696629213483,0.8089887640449438,0.12740455685094815,0.03304518986725293,-0.24524468003597943,0.05254630926305275
0.5842696629213483,0.8202247191011236,0.12772344657437146,0.04397691007749166,-0.269359989867978,0.05322537300326779
0.5842696629213483,0.8314606741573034,0.10913249815156932,0.008534453618608644,-0.21500086837361468,0.030900074698673494
0.5842696629213483,0.8426966292134831,0.08988929665838019,-0.017598577101480103,-0.10184259837771198,0.013179151784540356
0.5842696629213483,0.8539325842696629,0.08645292216693477,-0.022191076904481688,-0.10865994555911565,0.014492591643364092
0.5842696629213483,0.8651685393258427,0.08668341960140556,-0.02440421055007077,-0.056458636486830596,0.029027657387231995
0.5842696629213483,0.8764044943820224,0.10729665113093893,-0.04051934391915873,-0.0038845910934637608,0.04650055689478215
0.5842696629213483,0.8876404494382022,0.09336519698869684,-0.0333827410413222,-0.0018135329725350842,0.038776100718884134
0.5842696629213483,0.898876404494382,0.008227604376898174,0.0014627674968914436,-0.0017136199466608285,0.002284929766004628
0.5842696629213483,0.9101123595505618,-0.011947356062710733,0.013653039519659434,-0.0027773713537547155,-0.006631602263836918
0.5842696629213483,0.9213483146067416,-0.00320565246484,0.0013105126786527377,0.0003113060083609511,0.0018387411202944693
0.5842696629213483,0.9325842696629213,-0.0005377131051666792,-0.005641787983472647,0.004370830896771591,0.0050031252670095635
0.5842696629213483,0.9438202247191011,-0.0016583605815679702,-0.001430298812166993,0.003364271340191178,0.0023196324116816955
0.5842696629213483,0.9550561797752809,-0.0019631035759763195,0.001505964694249446,0.0012310864801993498,0.0010453114726243682
0.5842696629213483,0.9662921348314606,-0.0011814853263740226,-0.00040321310748604185,0.0013272555613903295,0.0013644578204084293
0.5842696629213483,0.9775280898876404,-0.0005375471607795222,-0.0003963250193330779,0.0013465567461090084,0.0010603991742341873
0.5842696629213483,0.9887640449438202,-0.00013121784481881401,0.0004228239335936634,0.00103248337350255,0.0005924636478847769
0.5842696629213483,1.0,8.728050998619647e-19,3.5684629506882866e-18,8.966087982546004e-18,3.463485619582676e-18
0.5955056179775281,0.0,0.0,-0.0,-0.0,0.0
0.5955056179775281,0.011235955056179775,0.0005992107940096564,-2.137571919052085e-05,0.001637963109290852,0.0005879980452894381
0.5955056179775281,0.02247191011235955,0.0006029444104880054,0.0007557289023506865,0.0045773660605275684,0.001259325888186434
0.5955056179775281,0.033707865168539325,-0.00015693185579632358,0.0015515416028956124,0.006272728721081143,0.002004998607184661
0.5955056179775281,0.0449438202247191,-0.0006469984823622761,0.002724999871208965,0.008431256816592458,0.002187540100173295
0.5955056179775281,0.056179775280898875,-0.000620205979575916,0.0030480901658752695,0.011284938670505295,0.001953645806257639
0.5955056179775281,0.06741573033707865,-0.0006293428663189504,0.0015351335883815988,0.011884273838302994,0.005049826407075107
0.5955056179775281,0.07865168539325842,-0.0009939825830938033,-0.0005762124997027794,0.011277163313656836,0.008559768830011931
0.5955056179775281,0.0898876404494382,-0.0019127852621663355,-0.0011642146719115479,0.010912515073049394,0.009103014603330614
0.5955056179775281,0.10112359550561797,-0.0004692365890643746,0.0011371192756352763,0.0143078563655921,0.010686883925294485
0.5955056179775281,0.11235955056179775,-0.0038222232260697875,0.006301179600042534,0.02379607029171594,0.01599487052277071
0.5955056179775281,0.12359550561797752,-0.005416645552357791,0.007364209918840763,0.027277903112409622,0.019978760550532312
0.5955056179775281,0.1348314606741573,0.07471578832319556,0.007899396391854876,0.01907380210831762,0.037282590420431964
0.5955056179775281,0.14606741573033707,0.1458081154879004,0.011766380907911836,0.017692751493083206,0.057890267803400536
0.5955056179775281,0.15730337078651685,0.1494470932512384,0.009176302573050146,0.009242149071933412,0.05074770034792493
0.5955056179775281,0.16853932584269662,0.21860924273298873,-0.005570415304095623,-0.04397703846608232,0.017926631408482663
0.5955056179775281,0.1797752808988764,0.26006566459042796,-0.021075664470804754,-0.057993344909867885,-0.034559502808693826
0.5955056179775281,0.19101123595505617,0.2675476295114441,-0.017732647389421763,-0.04942461883539917,-0.008896029214864341
0.5955056179775281,0.20224719101123595,0.40983239674797983,0.0013176600787053513,-0.19442618418355387,0.20339847915894171
0.5955056179775281,0.21348314606741572,0.6478600882571663,0.003551736679154279,-0.5048644994019322,0.4357146795798013
0.5955056179775281,0.2247191011235955,0.7009154727910444,0.003399376271989919,-0.5172953927893487,0.45271101567134686
0.5955056179775281,0.23595505617977527,0.8238124525557777,0.0804231046998745,-0.6533479114989011,0.668531766111116
0.5955056179775281,0.24719101123595505,1.2383186636194587,0.19661175812837292,-1.0740240965789487,1.224735976307626
0.5955056179775281,0.2584269662921348,1.444431732939546,0.2119792070253111,-1.309580058777721,1.454336089197278
0.5955056179775281,0.2696629213483146,1.4326478132604312,0.25341257358343816,-1.2631003886069285,1.440664631973996
0.5955056179775281,0.2808988764044944,1.563080290730987,0.5373667271098483,-1.4985675750788072,1.7965625826350853
0.5955056179775281,0.29213483146067415,1.7929289482880282,0.8169661204075078,-1.9554292791241146,2.383321616111405
0.5955056179775281,0.3033707865168539,1.8482733107699556,0.8791084489215584,-2.0171372054334427,2.5630080081048563
0.5955056179775281,0.3146067415730337,1.8613929590119556,0.8926277053626461,-2.0380642753290417,2.491982678296068
0.5955056179775281,0.3258426966292135,1.965688735730723,1.1291010333518936,-2.345498366392118,2.8122780694675065
0.5955056179775281,0.33707865168539325,2.0689130852300175,1.4251160736379962,-2.6505675968082087,3.4318280510545134
0.5955056179775281,0.348314606741573,2.0862983093265806,1.4598839237469772,-2.7365537157504205,3.460665391611628
0.5955056179775281,0.3595505617977528,2.1106904078345217,1.6201849858418227,-2.8381469312681538,2.741345516393219
0.5955056179775281,0.3707865168539326,2.2153802276431613,2.236214718546327,-2.9957756393581607,2.1105577892189062
0.5955056179775281,0.38202247191011235,2.3301082284613255,2.7372732370484147,-3.0758595469924237,2.078940083374976
0.5955056179775281,0.3932584269662921,2.3321804470830845,2.7396742944738373,-3.0642230187496193,1.9779544689941404
0.5955056179775281,0.4044943820224719,2.3220854573345826,2.672496210904405,-3.098807655619895,0.4447622126995343
0.5955056179775281,0.4157303370786517,2.4188340015232437,3.096022141732156,-3.265803977689596,-1.8807636142315445
0.5955056179775281,0.42696629213483145,2.5463479036245653,3.6231699697918245,-3.4377463668388692,-2.912853893227362
0.5955056179775281,0.4382022471910112,2.5598726718999,3.568498328991758,-3.440334845846269,-2.9385093036343046
0.5955056179775281,0.449438202247191,2.5310459373482197,2.6576574472894516,-3.380843593562091,-2.948589957723059
0.5955056179775281,0.4606741573033708,2.5355756157975424,1.5074322492363592,-3.3778489381460926,-3.2753938764984225
0.5955056179775281,0.47191011235955055,2.5434413189427705,1.1011034032110654,-3.3950666300573182,-3.6005153841041966
0.5955056179775281,0.4831460674157303,2.544516239794614,1.0388351383677659,-3.4049174834877696,-3.5574221707859377
0.5955056179775281,0.4943820224719101,2.537292767097777,0.20560369997784206,-3.4441420051707814,-3.07840746654748
0.5955056179775281,0.5056179775280899,2.507005962200457,-1.5589353206402508,-3.5143610664853786,-2.6165118766590263
0.5955056179775281,0.5168539325842696,2.4918056022587027,-2.595655576427821,-3.565496665197732,-2.53552866138579
0.5955056179775281,0.5280898876404494,2.487514311857185,-2.6462901315501255,-3.556954232658834,-2.5030237045476174
0.5955056179775281,0.5393258426966292,2.4459726244295763,-2.4277342643658555,-3.4996943704555883,-1.9774184695886496
0.5955056179775281,0.550561797752809,2.3814583685205104,-2.3964971439189755,-3.472498584364021,-1.1133932219734073
0.5955056179775281,0.5617977528089888,2.372667886448914,-2.5220372641361273,-3.538967471382191,-0.6578568031928148
0.5955056179775281,0.5730337078651685,2.3784374713791205,-2.5390051300722187,-3.566930221621717,-0.6094825150278537
0.5955056179775281,0.5842696629213483,2.3290803788578165,-2.2781963382277994,-3.3196533163585755,-0.27881301772550604
0.5955056179775281,0.5955056179775281,2.2660344726661,-1.9669940651844526,-2.9168085822190952,0.43130919523979927
0.5955056179775281,0.6067415730337078,2.2645884029623624,-1.908068432476936,-2.6746498691839937,0.893619537798783
0.5955056179775281,0.6179775280898876,2.249799502420581,-1.90060970452249,-2.6421808574326016,0.9399733423588994
0.5955056179775281,0.6292134831460674,2.089831836100547,-1.8398608779334475,-2.661729986870314,0.910006051154894
0.5955056179775281,0.6404494382022472,1.901610235476811,-1.8325885896505478,-2.682940685265113,1.0519015301998316
0.5955056179775281,0.651685393258427,1.8324996870311316,-1.9468132549043646,-2.7224238984567877,1.2312986186743153
0.5955056179775281,0.6629213483146067,1.80805280057925,-1.9363174529648606,-2.68300404159725,1.2012293928564783
0.5955056179775281,0.6741573033707865,1.683649653857579,-1.693301991052248,-2.460412077039403,0.9867385140963266
0.5955056179775281,0.6853932584269663,1.557805668734104,-1.5138339786725683,-2.254867618881399,0.8355864114600933
0.5955056179775281,0.696629213483146,1.5394782386314199,-1.4941296716246468,-2.265655503323241,0.8300200144554788
0.5955056179775281,0.7078651685393258,1.5259204698176558,-1.3898616822773495,-2.205789115817253,0.7926864331027071
0.5955056179775281,0.7191011235955056,1.451001098493986,-1.0085718740514626,-1.7591297672732626,0.6144796663379442
0.5955056179775281,0.7303370786516854,1.4044678277720115,-0.6960071647607745,-1.4729956649152607,0.45645630890192324
0.5955056179775281,0.7415730337078652,1.4218524848354925,-0.6718065642964338,-1.4362705567411553,0.425305377434384
0.5955056179775281,0.7528089887640449,1.2118265623448352,-0.5438931745215503,-1.3387866297188635,0.3592396011654613
0.5955056179775281,0.7640449438202247,0.6999114356345342,-0.21041472224012747,-1.057120868963075,0.1697346414327764
0.5955056179775281,0.7752808988764045,0.4852748899324099,-0.022804304736787902,-0.9180042662584541,0.06706306224855295
0.5955056179775281,0.7865168539325842,0.45839842085806576,-0.03633810192402154,-0.8380308404382804,0.06900991667733967
0.5955056179775281,0.797752808988764,0.26829083309661944,-0.026509450306560753,-0.4288154574322029,0.05780854224217154
0.5955056179775281,0.8089887640449438,0.1371915529784873,0.04384399768647153,-0.3050138427255075,0.05024759724917451
0.5955056179775281,0.8202247191011236,0.1411383981568091,0.05623158047379784,-0.3229811288027275,0.05243404460329496
0.5955056179775281,0.8314606741573034,0.1242914513533029,0.01731539134741748,-0.24940304285871576,0.03719687820106083
0.5955056179775281,0.8426966292134831,0.10640722650619315,-0.01216655224703169,-0.12947344044346512,0.026303791341298923
0.5955056179775281,0.8539325842696629,0.10242705085523024,-0.016088822907056467,-0.13802242102568058,0.026924498871536324
0.5955056179775281,0.8651685393258427,0.09793561807655286,-0.016715347020527953,-0.06952643650418733,0.035417387084171054
0.5955056179775281,0.8764044943820224,0.11119320403622567,-0.03236692508094707,-0.001107222135157253,0.04848515252911187
0.5955056179775281,0.8876404494382022,0.09726072567088605,-0.02726617411568053,-0.0013441472971598527,0.042100050768739856
0.5955056179775281,0.898876404494382,0.009089316782632478,0.0032092186641031768,-0.005733943335252284,0.007010120829201758
0.5955056179775281,0.9101123595505618,-0.01329130694640564,0.01402554069686375,-0.007923189331662733,-0.0029181485037999334
0.5955056179775281,0.9213483146067416,-0.0034635064533889317,0.0008511798684482974,-0.004186593136779305,0.0032990940663489877
0.5955056179775281,0.9325842696629213,-6.097659073676977e-05,-0.0062778742458255935,0.0005965670397446427,0.005789344204795955
0.5955056179775281,0.9438202247191011,-0.0007421823284470077,-0.0008705534811037537,0.0006322255293370028,0.003294942290674165
0.5955056179775281,0.9550561797752809,-0.0008481794872417855,0.0019717292808196763,-0.0006756778921576133,0.0017860818812827732
0.5955056179775281,0.9662921348314606,-0.00034211366156802715,-0.00010710002252184871,-1.3014259822765155e-05,0.0022285157603504206
0.5955056179775281,0.9775280898876404,-0.00023081305112637867,6.867319171154231e-05,0.000941318742659244,0.001858656402554959
0.5955056179775281,0.9887640449438202,-0.0001911046928261729,0.0007694407874884762,0.0014423786353990565,0.000885425775074941
0.5955056179775281,1.0,-2.972059290684051e-19,4.252874349303183e-18,1.2296615306846696e-17,4.3905587343007205e-18
0.6067415730337078,0.0,0.0,-0.0,-0.0,0.0
0.6067415730337078,0.011235955056179775,0.0008028633255969544,-0.0001390786937203956,-0.000868867323848918,-7.223686680461251e-06
0.6067415730337078,0.02247191011235955,0.001130185276119938,-3.785012467744249e-05,-1.0412952022410488e-05,0.00012914900926197468
0.6067415730337078,0.033707865168539325,0.0008343437981002561,-0.0001924531451801099,-0.00011846220496203949,0.00020121291586828162
0.6067415730337078,0.0449438202247191,0.0007968332280616449,0.0002987738963772088,-0.0003044176614616891,0.0001728329936268349
0.6067415730337078,0.056179775280898875,0.0009480282660819685,0.001237518787207496,-0.00020356350138341686,0.0006275558832452515
0.6067415730337078,0.06741573033707865,0.0009910081857684718,0.0013438617947252182,-0.0005706086403782705,0.0030867114667957217
0.6067415730337078,0.07865168539325842,0.0009541494707694889,0.0006250825573337955,-0.00036983521944856235,0.002494689677536774
0.6067415730337078,0.0898876404494382,0.0003904678130949184,0.0006320351224880017,-0.0007572400917002325,-0.00042424369456782316
0.6067415730337078,0.10112359550561797,0.0010871798177180224,0.003612775564780822,0.0010064961995858448,0.0012211963380125669
0.6067415730337078,0.11235955056179775,-0.003974874122062247,0.010262389480171339,0.008596784545303066,0.008506130055828339
0.6067415730337078,0.12359550561797752,-0.005366677067252714,0.010825803760423747,0.010072589490468102,0.011536350695207196
0.6067415730337078,0.1348314606741573,0.07521153503378149,0.008908121852885037,-0.0018202216997820764,0.024665110005566683
0.6067415730337078,0.14606741573033707,0.14983829039487023,0.012432225462409793,-0.006750794991165369,0.04429182987944556
0.6067415730337078,0.15730337078651685,0.15664090675082398,0.010001992326638513,-0.01509957395344049,0.040383824103340654
0.6067415730337078,0.16853932584269662,0.22724150618595654,-0.008011309630892867,-0.06759266386243791,0.013469740697541097
0.6067415730337078,0.1797752808988764,0.26935280457446825,-0.02753894991602296,-0.08805988264384815,-0.036119854872912305
0.6067415730337078,0.19101123595505617,0.28120139552299445,-0.02463340882200594,-0.09202562364674172,-0.014243564627526078
0.6067415730337078,0.20224719101123595,0.4304932366279195,-0.0006976022190915022,-0.262506874467072,0.18856665630232022
0.6067415730337078,0.21348314606741572,0.6712114014900936,0.008592359056851706,-0.6049819369539216,0.41601199829015106
0.6067415730337078,0.2247191011235955,0.7163367935513664,0.008406566884666015,-0.6555768527154596,0.4399667871141411
0.6067415730337078,0.23595505617977527,0.8426536759761237,0.07871726851582367,-0.8437905894743939,0.6654932075137896
0.6067415730337078,0.24719101123595505,1.250684801209223,0.1986482240180408,-1.3550330372410664,1.2129088770057825
0.6067415730337078,0.2584269662921348,1.4394564352609678,0.23107422170438896,-1.658473517872976,1.442127393901646
0.6067415730337078,0.2696629213483146,1.4352997878658145,0.27960704086969096,-1.658837124753175,1.4563364556117728
0.6067415730337078,0.2808988764044944,1.5758120695875508,0.5671387585739007,-1.9598098848948466,1.8388908872014724
0.6067415730337078,0.29213483146067415,1.8125388619728202,0.8463067654643025,-2.4932004676305746,2.4268218280399387
0.6067415730337078,0.3033707865168539,1.8664650089249477,0.9064265831295135,-2.596430549487096,2.5930428845162363
0.6067415730337078,0.3146067415730337,1.8804088370905738,0.9319946775374186,-2.6330406735086553,2.5111086933104616
0.6067415730337078,0.3258426966292135,1.9836831240442052,1.1878457222276064,-2.9247004585685343,2.8268532420385943
0.6067415730337078,0.33707865168539325,2.082329678786399,1.4895966309859272,-3.187746816438799,3.423295806050946
0.6067415730337078,0.348314606741573,2.092805486544762,1.521854645618027,-3.2215549847949765,3.4521886570109976
0.6067415730337078,0.3595505617977528,2.1094138703174647,1.6678280133471401,-3.290593764579948,2.7401758836468804
0.6067415730337078,0.3707865168539326,2.209327316903252,2.2553559269481296,-3.473634520499633,2.092922246995193
0.6067415730337078,0.38202247191011235,2.319547833067583,2.7317126441045816,-3.5969930582063236,2.0373088659850813
0.6067415730337078,0.3932584269662921,2.3212068439195517,2.7298279609882545,-3.60591456678911,1.9362520112804882
0.6067415730337078,0.4044943820224719,2.3241914750914843,2.6635049368560018,-3.6649314481729336,0.40913410986546783
0.6067415730337078,0.4157303370786517,2.4387476377249553,3.091456562187134,-3.887164009381143,-1.8846463846698418
0.6067415730337078,0.42696629213483145,2.5730309055803926,3.642314537292604,-4.124868714593683,-2.8748934572707032
0.6067415730337078,0.4382022471910112,2.5798564120582554,3.5856322364811066,-4.14040088552864,-2.893712767762825
0.6067415730337078,0.449438202247191,2.5420728552461203,2.6645763806343203,-4.056722808416869,-2.9085818008508357
0.6067415730337078,0.4606741573033708,2.5425924649253604,1.5246506940139641,-4.034617691988966,-3.248527014018826
0.6067415730337078,0.47191011235955055,2.551433373501814,1.1310425768838077,-4.043955309862572,-3.5879757856325125
0.6067415730337078,0.4831460674157303,2.551648201518694,1.0726424515124424,-4.0440993444034055,-3.559588843659583
0.6067415730337078,0.4943820224719101,2.5420076114015013,0.24310012851557294,-4.073904858422672,-3.0885533528847557
0.6067415730337078,0.5056179775280899,2.50541546064164,-1.5768325968200227,-4.148811962987015,-2.608383311927964
0.6067415730337078,0.5168539325842696,2.48085991080438,-2.6441109112528425,-4.215314125605899,-2.5101978942508434
0.6067415730337078,0.5280898876404494,2.477181345393459,-2.68961722390146,-4.206042392930408,-2.4860808589284504
0.6067415730337078,0.5393258426966292,2.449876466989307,-2.4599521069448724,-4.121634331475929,-1.9851646448960754
0.6067415730337078,0.550561797752809,2.3976131454910448,-2.4183952155106114,-4.066858638747184,-1.1470542627607743
0.6067415730337078,0.5617977528089888,2.3875746599415715,-2.5334592995963514,-4.118422534810254,-0.685097719212712
0.6067415730337078,0.5730337078651685,2.389919768958192,-2.545725410377349,-4.128465509503607,-0.6409815095049792
0.6067415730337078,0.5842696629213483,2.33942491729417,-2.2868480268996523,-3.8708003051932005,-0.3259194644844779
0.6067415730337078,0.5955056179775281,2.2740671777545938,-1.9811247540195962,-3.479230557219136,0.3801882619194046
0.6067415730337078,0.6067415730337078,2.271027772033367,-1.9319703144942042,-3.252847666475209,0.841808407457613
0.6067415730337078,0.6179775280898876,2.2626170226617535,-1.9300875111862335,-3.230768719507837,0.8771329790619596
0.6067415730337078,0.6292134831460674,2.1159623024618437,-1.8619066056723386,-3.2426781203273056,0.8468892461763321
0.6067415730337078,0.6404494382022472,1.9309711545241013,-1.8475670721537094,-3.2484125206243335,0.9908078527328478
0.6067415730337078,0.651685393258427,1.8628529315563023,-1.964413458473061,-3.2893460660821954,1.171110737908089
0.6067415730337078,0.6629213483146067,1.8452132270828656,-1.9455072181051014,-3.2632233347651125,1.1522244921191882
0.6067415730337078,0.6741573033707865,1.7193114819760573,-1.6939739369920175,-3.023278270730348,0.9554039196729552
0.6067415730337078,0.6853932584269663,1.5772671866310841,-1.5244531598261544,-2.7673476131177535,0.8206611668332725
0.6067415730337078,0.696629213483146,1.548647885680111,-1.5247812570399706,-2.745845788056764,0.8221597002257172
0.6067415730337078,0.7078651685393258,1.5333842640744042,-1.4377007464011975,-2.6629198067284467,0.7836407600949405
0.6067415730337078,0.7191011235955056,1.4547199926994316,-1.0653855068302054,-2.2034692882631584,0.6048201807249678
0.6067415730337078,0.7303370786516854,1.4022212268366578,-0.7390700474246178,-1.9066297628000555,0.4479536678945382
0.6067415730337078,0.7415730337078652,1.4181665250996927,-0.7006096004557595,-1.869987005757201,0.42032120772611975
0.6067415730337078,0.7528089887640449,1.202642115033165,-0.5812988456546794,-1.747157417239439,0.3567811181199904
0.6067415730337078,0.7640449438202247,0.704728244500807,-0.24062995955503957,-1.4200298364385273,0.17250358475724784
0.6067415730337078,0.7752808988764045,0.49890747205347896,-0.03427760676316315,-1.2527617662924653,0.07168019421715771
0.6067415730337078,0.7865168539325842,0.4789677093711104,-0.045250349631168175,-1.164929632163,0.07543934649716261
0.6067415730337078,0.797752808988764,0.29274328270571504,-0.028123695723059068,-0.6676764952598414,0.06353585811905389
0.6067415730337078,0.8089887640449438,0.15511637498771313,0.05068087240340688,-0.4638486240004817,0.051534956309014106
0.6067415730337078,0.8202247191011236,0.15128612746049225,0.06154209253547295,-0.45537624877796734,0.05160582949504589
0.6067415730337078,0.8314606741573034,0.1315964595102779,0.020232060784409398,-0.3537932976118218,0.03869358992407411
0.6067415730337078,0.8426966292134831,0.11712298544817955,-0.010248876635224138,-0.20659624457703915,0.0313584917420004
0.6067415730337078,0.8539325842696629,0.11504427362382262,-0.013163901520602197,-0.1890862014693255,0.03097271366766668
0.6067415730337078,0.8651685393258427,0.10836086323959017,-0.012977155410641136,-0.07838259684118215,0.035389220007791856
0.6067415730337078,0.8764044943820224,0.11781971663496706,-0.027647769267807144,0.008131040138167308,0.04583186174653626
0.6067415730337078,0.8876404494382022,0.10217763564110306,-0.023443714713007782,0.007554992704877565,0.03948850932706466
0.6067415730337078,0.898876404494382,0.012318384885439316,0.004241858587351461,-0.0015398674353925437,0.004542732823622688
0.6067415730337078,0.9101123595505618,-0.01239451239597208,0.014784146871336988,-0.004901935268092422,-0.006407296970521649
0.6067415730337078,0.9213483146067416,-0.00245555943338246,0.001607534655431698,-0.0014751745882079792,-0.0005730542451912576
0.6067415730337078,0.9325842696629213,0.0011230868686404089,-0.006821428430613172,0.0016136268917738986,0.002726535865821847
0.6067415730337078,0.9438202247191011,0.0005315241551898841,-0.0014173782582209415,0.0013350503478578464,0.0012962386942860654
0.6067415730337078,0.9550561797752809,0.000273123308970095,0.0014132621094159088,0.0008180196964970893,0.00024099681266210625
0.6067415730337078,0.9662921348314606,0.0001619094221529636,-0.0003479125451294876,0.0012404529072779366,0.0010117468556129147
0.6067415730337078,0.9775280898876404,-0.0002387257379000779,-5.7520041699498304e-05,0.001529400005783704,0.0009489124282697139
0.6067415730337078,0.9887640449438202,-0.0002774886601497952,0.0005720858114723921,0.0015803165198580336,0.00035362152759565085
0.6067415730337078,1.0,-8.791014818778309e-19,2.24289581829134e-18,1.2248487657171312e-17,2.8394635553383798e-18
0.6179775280898876,0.0,0.0,-0.0,-0.0,0.0
0.6179775280898876,0.011235955056179775,0.0008398097032013612,0.00020489825592955407,-0.0011272006386408226,-0.00021724681143859572
0.6179775280898876,0.02247191011235955,0.0010907590816652982,0.0005076242461257319,-0.00017703666545924827,-0.00010061744296628947
0.6179775280898876,0.033707865168539325,0.0010833926111274296,0.0001378887905154182,8.105821111627516e-05,-3.4804099296581585e-05
0.6179775280898876,0.0449438202247191,0.0012056115733790106,-4.508785239265711e-05,-0.00025450568388107994,0.0007080413650378523
0.6179775280898876,0.056179775280898875,0.0008406172379193047,0.000765317853050175,-0.001334789191184327,0.0020493348079716495
0.6179775280898876,0.06741573033707865,0.00035099822534609995,0.0016447690871437765,-0.00239994032866518,0.0027558083227500027
0.6179775280898876,0.07865168539325842,0.0006300510082028297,0.001840808828520995,-0.0014259381998086677,3.300413420304586e-05
0.6179775280898876,0.0898876404494382,0.00078197464961648,0.001097251615588918,-0.0009365511719472406,-0.00135748748824447
0.6179775280898876,0.10112359550561797,0.001097863634630291,0.002079900326974786,0.0002698982417747433,0.0026101010253140487
0.6179775280898876,0.11235955056179775,-0.004522543362226986,0.00912732957926032,0.006796215644705709,0.009227410382216104
0.6179775280898876,0.12359550561797752,-0.005701294563606346,0.011593691061513152,0.008341539630724391,0.00990641099058629
0.6179775280898876,0.1348314606741573,0.07067058111053276,0.009576636012660069,-0.004548347270980427,0.020985083023119182
0.6179775280898876,0.14606741573033707,0.14813440857939617,0.012595731725124343,-0.010164569995030263,0.042232820430350926
0.6179775280898876,0.15730337078651685,0.15888044245318175,0.011301270451746245,-0.01317458413326585,0.04200133761477152
0.6179775280898876,0.16853932584269662,0.2331478738922231,-0.006473391219104681,-0.058682581192277976,0.02037610949323473
0.6179775280898876,0.1797752808988764,0.27001041385557356,-0.027461436695194352,-0.08452842560057829,-0.03246135502535929
0.6179775280898876,0.19101123595505617,0.28343520438804054,-0.025608907543502583,-0.10212818621120383,-0.018063884243030896
0.6179775280898876,0.20224719101123595,0.4384347420937704,-0.0009783947659573824,-0.27519905384614757,0.17860365691996385
0.6179775280898876,0.21348314606741572,0.676994394909223,0.009637988190207123,-0.6049682801071373,0.40574414424343686
0.6179775280898876,0.2247191011235955,0.7149695921900593,0.006830478513679106,-0.6663288536512383,0.4463281384059223
0.6179775280898876,0.23595505617977527,0.844452400874904,0.06785878739008043,-0.8676331488351148,0.6845817270580878
0.6179775280898876,0.24719101123595505,1.2481138386580164,0.18392065417950337,-1.3907501785049305,1.2104491309967123
0.6179775280898876,0.2584269662921348,1.4358536834699551,0.22992566181743743,-1.6792921973213806,1.4353142458424193
0.6179775280898876,0.2696629213483146,1.4434662744385658,0.2940735162924622,-1.677748554375396,1.480278581804074
0.6179775280898876,0.2808988764044944,1.5874751125002557,0.5903076829563962,-1.9815788495364832,1.8878807919561547
0.6179775280898876,0.29213483146067415,1.8188239771868893,0.8615485369201976,-2.518715166980474,2.457222538932363
0.6179775280898876,0.3033707865168539,1.8646461592115111,0.9031860732437261,-2.638699837374562,2.5820837904084786
0.6179775280898876,0.3146067415730337,1.880174321623587,0.9301516393359599,-2.6853392740820214,2.487801328303011
0.6179775280898876,0.3258426966292135,1.984925449986606,1.196784027354992,-2.9614770913048183,2.8015585254198343
0.6179775280898876,0.33707865168539325,2.0818107610104986,1.4934021154092443,-3.220439106402237,3.401725119165608
0.6179775280898876,0.348314606741573,2.090351725084007,1.524889005542712,-3.241007539640465,3.4629362995608655
0.6179775280898876,0.3595505617977528,2.0977701843177337,1.670589640886456,-3.2840891576462146,2.76582694045663
0.6179775280898876,0.3707865168539326,2.196518088915477,2.2533196948825664,-3.475491478870596,2.101983859212653
0.6179775280898876,0.38202247191011235,2.3147902439843953,2.7280093756027677,-3.6262798070647513,2.0334935837803645
0.6179775280898876,0.3932584269662921,2.320534275987778,2.7240455960921426,-3.634543912153292,1.9373076413848038
0.6179775280898876,0.4044943820224719,2.33436084690069,2.655119708678544,-3.6984362883252584,0.4362091246319487
0.6179775280898876,0.4157303370786517,2.4556780607879065,3.081284975271224,-3.947591114084383,-1.858285127357173
0.6179775280898876,0.42696629213483145,2.57954593653574,3.638526595012365,-4.186644729388217,-2.8638235109235946
0.6179775280898876,0.4382022471910112,2.5710857375903053,3.5785906594675487,-4.160057294289296,-2.8854959795273905
0.6179775280898876,0.449438202247191,2.529480639255839,2.637734545084291,-4.061141703595496,-2.89443324499549
0.6179775280898876,0.4606741573033708,2.5345569282004363,1.5006959431598774,-4.049370007158229,-3.234270395720573
0.6179775280898876,0.47191011235955055,2.549017311996967,1.1304425955871797,-4.075690193427197,-3.5769365099037955
0.6179775280898876,0.4831460674157303,2.5492455309000035,1.0685994914961827,-4.080268475795585,-3.5647037599972946
0.6179775280898876,0.4943820224719101,2.538433210993546,0.25096051456056484,-4.097547502786352,-3.116782000287027
0.6179775280898876,0.5056179775280899,2.50235634367253,-1.5541811381076351,-4.1631487326662535,-2.624725432246543
0.6179775280898876,0.5168539325842696,2.4773509418140964,-2.6362586601875506,-4.242861124837389,-2.5049858910497655
0.6179775280898876,0.5280898876404494,2.475685696077661,-2.6936772528439406,-4.2518770179998935,-2.4882011277960867
0.6179775280898876,0.5393258426966292,2.454925995988849,-2.4744241977084176,-4.168774003684415,-2.0156905367236897
0.6179775280898876,0.550561797752809,2.406617391752533,-2.4329625067933134,-4.107891917299465,-1.1903144782678385
0.6179775280898876,0.5617977528089888,2.3905675231368564,-2.5380319842294474,-4.153987617601232,-0.6947809407695633
0.6179775280898876,0.5730337078651685,2.3851283642254715,-2.535866009499117,-4.154099794520077,-0.644604568605312
0.6179775280898876,0.5842696629213483,2.330965373507713,-2.2651800880320963,-3.8890008655869783,-0.35044599855032577
0.6179775280898876,0.5955056179775281,2.2672932589933175,-1.9670378288597676,-3.4991316219077118,0.3569907756893396
0.6179775280898876,0.6067415730337078,2.2669752907303025,-1.9293185614621504,-3.2786025300976824,0.838994427754507
0.6179775280898876,0.6179775280898876,2.2660975244743966,-1.928334714249274,-3.268492960986712,0.8672729405966779
0.6179775280898876,0.6292134831460674,2.1284231804670894,-1.8504253500371086,-3.289767751709973,0.8260050866720905
0.6179775280898876,0.6404494382022472,1.934280254876974,-1.8388313219991836,-3.289351565520045,0.9739425533463428
0.6179775280898876,0.651685393258427,1.8596286542574638,-1.9650995365984627,-3.322547028245912,1.1631005357917206
0.6179775280898876,0.6629213483146067,1.8544455257984958,-1.938773009109507,-3.311161756158175,1.1511352000819557
0.6179775280898876,0.6741573033707865,1.7400346217949518,-1.6744304870998756,-3.0959470711857477,0.9572294274579016
0.6179775280898876,0.6853932584269663,1.5872244835173377,-1.5008535762916058,-2.8331569369211995,0.8214142923061227
0.6179775280898876,0.696629213483146,1.547898113034579,-1.5179549791230276,-2.7827614363190696,0.8204201002429987
0.6179775280898876,0.7078651685393258,1.5324289278273366,-1.4625055901642587,-2.66461990175381,0.7807502757438615
0.6179775280898876,0.7191011235955056,1.4539483953055117,-1.1086188629713827,-2.199938024752584,0.6026170875247856
0.6179775280898876,0.7303370786516854,1.4007486258261042,-0.7622994512522744,-1.9187040545043412,0.44551013336432477
0.6179775280898876,0.7415730337078652,1.4147285422845204,-0.6987656709267464,-1.8960251231850052,0.4193436233314786
0.6179775280898876,0.7528089887640449,1.1817463580649354,-0.5866136897893984,-1.7646343714038362,0.3537685586180405
0.6179775280898876,0.7640449438202247,0.6985320057664473,-0.25127586401767926,-1.428117306948954,0.17349989724325465
0.6179775280898876,0.7752808988764045,0.500697932358389,-0.03642188106919713,-1.2699145325167127,0.07341721219717937
0.6179775280898876,0.7865168539325842,0.4810347644197968,-0.04548317920233843,-1.195600923421793,0.07566654603407792
0.6179775280898876,0.797752808988764,0.30265772653551887,-0.027078809906718307,-0.7003689022646478,0.06452344951755333
0.6179775280898876,0.8089887640449438,0.1622770312071963,0.05239669604758989,-0.4787328184038385,0.052457415766789264
0.6179775280898876,0.8202247191011236,0.14735121933046574,0.061503490813959824,-0.4631632771900306,0.051949879044634786
0.6179775280898876,0.8314606741573034,0.12476157677194313,0.022062737451089647,-0.36215471537829497,0.039547960834479506
0.6179775280898876,0.8426966292134831,0.11532812480920192,-0.008488903145205534,-0.21527572230916214,0.03239395100937278
0.6179775280898876,0.8539325842696629,0.11618880760711943,-0.013918724361286272,-0.18699605463316787,0.03129463818273875
0.6179775280898876,0.8651685393258427,0.1103980494664048,-0.015162678219946185,-0.06808064654241314,0.03556591143145858
0.6179775280898876,0.8764044943820224,0.11893559348889593,-0.027928373351354712,0.010043354084578317,0.04579829248051357
0.6179775280898876,0.8876404494382022,0.10129553443308771,-0.022404815678852903,0.006880724616341839,0.03876865290668438
0.6179775280898876,0.898876404494382,0.012246598526050102,0.004655359437778923,-0.0019501066523502188,0.003693727355405222
0.6179775280898876,0.9101123595505618,-0.012273754351018362,0.014726175956805561,-0.004022123490763066,-0.006600500539538007
0.6179775280898876,0.9213483146067416,-0.0023728797037084856,0.002488445971880022,-0.00012524247210749054,-0.00010416895116036069
0.6179775280898876,0.9325842696629213,0.0012679147157050171,-0.0065354880551019776,0.0016204583800491863,0.0027252867332758675
0.6179775280898876,0.9438202247191011,0.0005674154262452776,-0.002269493327857225,0.0009459777785759955,0.0012093978980190021
0.6179775280898876,0.9550561797752809,0.0001922477308663262,0.000847576099922308,0.0013347939179186071,0.0004537750870503294
0.6179775280898876,0.9662921348314606,-0.00012287932128826973,-9.133769209477978e-05,0.0015643028772362876,0.0009701639843409175
0.6179775280898876,0.9775280898876404,-0.0004888723920349213,-0.00016346419912998574,0.0012218665853275914,0.0005395300687763702
0.6179775280898876,0.9887640449438202,-0.00022157657607639475,0.00014937493282172475,0.0011761400864891236,0.00012759607635025162
0.6179775280898876,1.0,-6.931032615140927e-20,-4.790353446293867e-20,1.1219232147020789e-17,2.733242570046823e-18
0.6292134831460674,0.0,0.0,0.0,-0.0,0.0
0.6292134831460674,0.011235955056179775,0.000495563192576998,0.0014210909215231291,-0.0009947358557232974,0.0012837626106879964
0.6292134831460674,0.02247191011235955,-0.00017414690352773196,0.0027167012577204424,0.0003053912008259542,0.0027087252391259616
0.6292134831460674,0.033707865168539325,-0.0004264223739256186,0.00259640344912002,0.0015182013359038879,0.004263780938055047
0.6292134831460674,0.0449438202247191,-0.00023986904108788294,0.0025061938839149806,0.0022957900005527426,0.0069030716625117
0.6292134831460674,0.056179775280898875,-0.0010809041267783816,0.0032875805163421565,0.0013338062430092521,0.008185229124140901
0.6292134831460674,0.06741573033707865,-0.002088587303534218,0.0038793881658349036,-0.0006768054057331404,0.0065486127740188695
0.6292134831460674,0.07865168539325842,-0.001379005426910061,0.00455720710234595,-0.001190480489078572,0.004918761440930678
0.6292134831460674,0.0898876404494382,-0.0005087886682648723,0.004148975200928529,-0.0017709059560347083,0.008166906376456947
0.6292134831460674,0.10112359550561797,-0.0005552848444665766,0.0022857914867237417,-0.0018169984768704069,0.01339202100306687
0.6292134831460674,0.11235955056179775,-0.006442772204499931,0.006759265317123554,0.0022416128996811577,0.0164519405812762
0.6292134831460674,0.12359550561797752,-0.00813138482620319,0.012023042503593364,0.002198271495752429,0.016516616991745597
0.6292134831460674,0.1348314606741573,0.06006972415898001,0.013321681121963698,-0.011119326413030928,0.030096668852238582
0.6292134831460674,0.14606741573033707,0.1359599137392199,0.017293546066352826,-0.015932261983345457,0.05429809503895671
0.6292134831460674,0.15730337078651685,0.14610374199261916,0.018151960722322,-0.010696042693217587,0.057872407624212946
0.6292134831460674,0.16853932584269662,0.21795160798662283,0.0011963001372492592,-0.03917737063737158,0.04204315239300889
0.6292134831460674,0.1797752808988764,0.24489216261211438,-0.021759015711066126,-0.05515734138076232,-0.011548018080776074
0.6292134831460674,0.19101123595505617,0.2569165383722253,-0.0235623863833964,-0.07032840418564311,0.0023450890856580482
0.6292134831460674,0.20224719101123595,0.4068631085641088,-0.0022955568975139076,-0.21882544291319728,0.19366705442456336
0.6292134831460674,0.21348314606741572,0.6292796889247388,0.007583828080599443,-0.5095744987331204,0.40397282432243525
0.6292134831460674,0.2247191011235955,0.6635404107330547,0.004358156115922552,-0.5553795898189353,0.4432952294995675
0.6292134831460674,0.23595505617977527,0.7903698216197657,0.05767757249181888,-0.722482084984902,0.6643237658109048
0.6292134831460674,0.24719101123595505,1.1851901295181828,0.16337707545320426,-1.1934122957077262,1.133848789079402
0.6292134831460674,0.2584269662921348,1.3747039692084622,0.21070234825369516,-1.4364295715344868,1.3320135325803515
0.6292134831460674,0.2696629213483146,1.388364338928602,0.2848575834280211,-1.4132512141975928,1.3875132624134021
0.6292134831460674,0.2808988764044944,1.5244025810300152,0.5754155979644799,-1.643442205222237,1.7842593305286967
0.6292134831460674,0.29213483146067415,1.736052234630545,0.823844756534302,-2.047056933253865,2.304484892296659
0.6292134831460674,0.3033707865168539,1.7750959136334477,0.838239944191215,-2.121619220533655,2.388788049939007
0.6292134831460674,0.3146067415730337,1.7997297474988307,0.861716438128306,-2.1758528202300282,2.293545207537467
0.6292134831460674,0.3258426966292135,1.9144199322702453,1.1277737978675482,-2.437666467388114,2.6053727568539156
0.6292134831460674,0.33707865168539325,2.014794574687979,1.4062074550876098,-2.7100390656696067,3.212613079908056
0.6292134831460674,0.348314606741573,2.0222916524806345,1.43129914958588,-2.738842008951225,3.306779051383072
0.6292134831460674,0.3595505617977528,2.012142586541674,1.5745671401035266,-2.738451553031633,2.651380018399715
0.6292134831460674,0.3707865168539326,2.1015607860099967,2.1329299509351474,-2.867878252936319,2.0151745767858436
0.6292134831460674,0.38202247191011235,2.2250723251461326,2.5932713769872877,-2.9988810298971194,1.962064269655889
0.6292134831460674,0.3932584269662921,2.2327164204421432,2.5888042154372424,-3.014122434578683,1.8832461254424946
0.6292134831460674,0.4044943820224719,2.2494227325359595,2.526227936695346,-3.0743779226720207,0.5058890286056419
0.6292134831460674,0.4157303370786517,2.360239125646715,2.9476393693330527,-3.2894355395767643,-1.674429051129458
0.6292134831460674,0.42696629213483145,2.4636132518063083,3.489698715589568,-3.4563773063442302,-2.710469974990919
0.6292134831460674,0.4382022471910112,2.4494817076847797,3.429665635171425,-3.4023833420725977,-2.7475330013018344
0.6292134831460674,0.449438202247191,2.418019394303922,2.507740298459247,-3.340014472368279,-2.744111737313079
0.6292134831460674,0.4606741573033708,2.434716151287379,1.4133805769420456,-3.357418447770079,-3.0651289013614953
0.6292134831460674,0.47191011235955055,2.4549829604311437,1.0745166969144098,-3.397697410360044,-3.384192039381135
0.6292134831460674,0.4831460674157303,2.4556865441047253,1.006509141183131,-3.401025514039629,-3.3641554123696413
0.6292134831460674,0.4943820224719101,2.446664806460076,0.2241904960910634,-3.3876920187084303,-2.9434376622702563
0.6292134831460674,0.5056179775280899,2.4194839623131728,-1.4365751938156446,-3.4012262935631425,-2.474193976332465
0.6292134831460674,0.5168539325842696,2.402894311824217,-2.469176589499078,-3.433570487956657,-2.371477190099984
0.6292134831460674,0.5280898876404494,2.3994392114138936,-2.5364271696687855,-3.422812883193293,-2.384755580515727
0.6292134831460674,0.5393258426966292,2.370136349738041,-2.338771232469543,-3.352651272368254,-1.9616269403757107
0.6292134831460674,0.550561797752809,2.314552884565569,-2.306892605129645,-3.3135968562325933,-1.1658274607824186
0.6292134831460674,0.5617977528089888,2.291643896125107,-2.413605970124298,-3.375265493952446,-0.6391302671557999
0.6292134831460674,0.5730337078651685,2.2794970690801155,-2.402312770564478,-3.400432556186784,-0.5670300130138888
0.6292134831460674,0.5842696629213483,2.2258969571136262,-2.1238239440803066,-3.1867390283488937,-0.2887769057393068
0.6292134831460674,0.5955056179775281,2.172700734722947,-1.8595940985207773,-2.857671202783345,0.38504408960750786
0.6292134831460674,0.6067415730337078,2.1817522864939365,-1.8481251731462935,-2.6756714703016353,0.8517918407254031
0.6292134831460674,0.6179775280898876,2.1861452983409513,-1.8487729777090898,-2.6845368322591536,0.8713700915342582
0.6292134831460674,0.6292134831460674,2.052172647611887,-1.7672300644494452,-2.7260571859109617,0.8252913992720624
0.6292134831460674,0.6404494382022472,1.8491921802284834,-1.766753693160888,-2.7358596044299563,0.9750544271213705
0.6292134831460674,0.651685393258427,1.7622505257410448,-1.900584607876666,-2.7681751313268115,1.157863834347058
0.6292134831460674,0.6629213483146067,1.7634958643772172,-1.8718482603480315,-2.7748970755006965,1.1405486200006474
0.6292134831460674,0.6741573033707865,1.6676000014417085,-1.597738925013638,-2.610198027267826,0.9391091336259505
0.6292134831460674,0.6853932584269663,1.5184319137021558,-1.4078160101242854,-2.3934033891428665,0.7875749510594872
0.6292134831460674,0.696629213483146,1.4754135543988804,-1.420419261505469,-2.3471716109439353,0.7772482594786335
0.6292134831460674,0.7078651685393258,1.4588385215909647,-1.378478043770786,-2.21745015171116,0.7438407439761847
0.6292134831460674,0.7191011235955056,1.3810148741783024,-1.045328904804214,-1.7935875983650484,0.5793613853810873
0.6292134831460674,0.7303370786516854,1.332298428874619,-0.7052910726831031,-1.5623775174386454,0.4282962410845416
0.6292134831460674,0.7415730337078652,1.3478977902756657,-0.6308612584624753,-1.5632312303682918,0.4025230733434182
0.6292134831460674,0.7528089887640449,1.1097154108792835,-0.5380505494803456,-1.4501986143098533,0.33973077742138025
0.6292134831460674,0.7640449438202247,0.6560904433796204,-0.23768725801297885,-1.1584826952664518,0.17596129888791145
0.6292134831460674,0.7752808988764045,0.4696682960714043,-0.03556086936304256,-1.0378060241321136,0.08459564824001614
0.6292134831460674,0.7865168539325842,0.4454224690550759,-0.040661573447594725,-0.975151647937639,0.08273379203964318
0.6292134831460674,0.797752808988764,0.2767794717396909,-0.019041497768926375,-0.5338839933212334,0.069983760699182
0.6292134831460674,0.8089887640449438,0.1468779508670742,0.05539566908282967,-0.35990597520700945,0.0628261648137097
0.6292134831460674,0.8202247191011236,0.1286765839361602,0.0630688477775296,-0.36021355859409404,0.06548800331629094
0.6292134831460674,0.8314606741573034,0.10820201852982908,0.028503910638735808,-0.2820507141649447,0.05286927786950401
0.6292134831460674,0.8426966292134831,0.10284210933122953,-0.0007255525437769611,-0.15959245299799657,0.04056565168092352
0.6292134831460674,0.8539325842696629,0.10440566120398172,-0.009705815759152726,-0.1423270222051066,0.035681937237765415
0.6292134831460674,0.8651685393258427,0.0993246225091211,-0.014430289808525202,-0.05126511819514887,0.03944470501748719
0.6292134831460674,0.8764044943820224,0.10838541896528554,-0.02706849354981399,0.0020682095520764485,0.049270317510958166
0.6292134831460674,0.8876404494382022,0.0909949651946333,-0.02096135459184512,-0.005234226439956732,0.04200405983287715
0.6292134831460674,0.898876404494382,0.007299141553548658,0.004688955365257254,-0.01104969097108347,0.008612415293780077
0.6292134831460674,0.9101123595505618,-0.013682401081255654,0.012735966493714548,-0.01026830384549706,-0.00015422056235759956
0.6292134831460674,0.9213483146067416,-0.003987637877273475,0.0017429971774336602,-0.004072850488772663,0.005551530624346766
0.6292134831460674,0.9325842696629213,-0.00033577057288781075,-0.005133363425421905,-0.0013311408276353222,0.006845689030521478
0.6292134831460674,0.9438202247191011,-0.0008514723361851724,-0.0007409409703208063,-0.0020918354948542754,0.005153182780261863
0.6292134831460674,0.9550561797752809,-0.0007096591785338967,0.0031225448897024277,-0.0016065804864684062,0.003923454973849333
0.6292134831460674,0.9662921348314606,-0.0003273377632822948,0.0029115208972416745,-0.0016658619515781466,0.0024794599014619813
0.6292134831460674,0.9775280898876404,-0.00025972252957358045,0.001689384319442296,-0.0019717084827997754,0.0006932686502475625
0.6292134831460674,0.9887640449438202,0.0001474988601333464,0.0007084068917239206,-0.0008825608323946932,0.0002576225923838547
0.6292134831460674,1.0,2.0353338633397423e-18,2.1417269888622992e-18,3.894009763285237e-18,4.148968043424419e-18
0.6404494382022472,0.0,0.0,0.0,-0.0,0.0
0.6404494382022472,0.011235955056179775,3.73986154685024e-05,0.0013418520795900621,-0.0014380099498348719,0.0013874876508952548
0.6404494382022472,0.02247191011235955,-0.0014264706255810113,0.0025399955148845397,-0.0014198051975172323,0.002475192098769855
0.6404494382022472,0.033707865168539325,-0.0017209770800624454,0.0023800545834652045,-0.0011019704412174255,0.0034218632842079855
0.6404494382022472,0.0449438202247191,-0.0011580029448177243,0.002367770009061316,-5.423301547491959e-06,0.005252499989135582
0.6404494382022472,0.056179775280898875,-0.0017676170592150155,0.0027822742717145913,-0.000311763847640349,0.0051548868669963385
0.6404494382022472,0.06741573033707865,-0.002616085512971087,0.0027570225705243665,-0.0026665493612269796,0.0029493587768540178
0.6404494382022472,0.07865168539325842,-0.0017156141477806732,0.0043440884352417206,-0.004202694701770691,0.0037548232018129292
0.6404494382022472,0.0898876404494382,-0.0010073404500291565,0.006305011029684618,-0.004750536589058271,0.008209760287917025
0.6404494382022472,0.10112359550561797,-0.0011033432553892927,0.0038948359453681108,-0.004692242555007881,0.00988683668050912
0.6404494382022472,0.11235955056179775,-0.005467563334811228,0.004249393559651053,-0.0025837897278684755,0.00860427386134567
0.6404494382022472,0.12359550561797752,-0.0066468475598212215,0.00834042838590744,-0.004920330017006381,0.008262069686463359
0.6404494382022472,0.1348314606741573,0.05442298089988004,0.009515724122200605,-0.019423703873306157,0.02207775988175735
0.6404494382022472,0.14606741573033707,0.1288072670420268,0.010931181608095808,-0.02627063191010085,0.0452334173313023
0.6404494382022472,0.15730337078651685,0.13730692335311237,0.010415798406540732,-0.020440376265082216,0.04842514803644289
0.6404494382022472,0.16853932584269662,0.201646015645479,-0.0064408818653947635,-0.03707966406476832,0.03486224434834753
0.6404494382022472,0.1797752808988764,0.22172444601969732,-0.028767095916457763,-0.03809261131293118,-0.016278188801556875
0.6404494382022472,0.19101123595505617,0.23118208880791463,-0.030787171460666594,-0.042896550833759074,0.0011361733767917609
0.6404494382022472,0.20224719101123595,0.3699854396615289,-0.009313332405414992,-0.1705931430612386,0.1828177507900319
0.6404494382022472,0.21348314606741572,0.5763449957068493,0.002652671609922239,-0.4335145827472268,0.3634065906116823
0.6404494382022472,0.2247191011235955,0.6124651511856183,0.002981380202749273,-0.45344525654221957,0.38646369140089376
0.6404494382022472,0.23595505617977527,0.7345402431350311,0.05635341948863336,-0.5510892653362097,0.575479061592233
0.6404494382022472,0.24719101123595505,1.1200576063266319,0.15315153182928892,-0.9424933439437924,0.9905605110425258
0.6404494382022472,0.2584269662921348,1.3110999965036767,0.19050800061770318,-1.1450367969440658,1.1677582965270286
0.6404494382022472,0.2696629213483146,1.3204153925429007,0.26025228857967525,-1.11404866676875,1.2217478903707055
0.6404494382022472,0.2808988764044944,1.4441530514052612,0.5301173121719482,-1.2889698123961186,1.5903822848240334
0.6404494382022472,0.29213483146067415,1.639129633979836,0.7544479516094273,-1.5741868958845213,2.0760115122418665
0.6404494382022472,0.3033707865168539,1.6765729496199269,0.7584245864242458,-1.6006017459877897,2.158930882120246
0.6404494382022472,0.3146067415730337,1.7097682153079985,0.7862215157343297,-1.638929654666211,2.077912810251012
0.6404494382022472,0.3258426966292135,1.8402200532634125,1.0436458402354203,-1.8518848150217497,2.395457403823519
0.6404494382022472,0.33707865168539325,1.9526443839435756,1.301442992160474,-2.1000237510995343,2.994011918966559
0.6404494382022472,0.348314606741573,1.9614415965411027,1.319236556618713,-2.152755507135392,3.0792089497213175
0.6404494382022472,0.3595505617977528,1.932809019967099,1.45162396805143,-2.1512921312828905,2.4664022457748045
0.6404494382022472,0.3707865168539326,2.004589615833405,1.9652470153205561,-2.2333435732192344,1.8829168874334845
0.6404494382022472,0.38202247191011235,2.1221053351952825,2.3946920004175625,-2.319955429996964,1.8477406385730133
0.6404494382022472,0.3932584269662921,2.127969849873282,2.394505685884381,-2.319132674438457,1.772739479056037
0.6404494382022472,0.4044943820224719,2.14146633820392,2.3465400503923086,-2.35954511936838,0.523465090557351
0.6404494382022472,0.4157303370786517,2.2356583408025568,2.7615665798645432,-2.530540192733463,-1.4794126425439393
0.6404494382022472,0.42696629213483145,2.3221151298785347,3.2766840892371962,-2.65234265207573,-2.4854364876832844
0.6404494382022472,0.4382022471910112,2.3123294469986426,3.215242388948816,-2.624655068661733,-2.516564364616817
0.6404494382022472,0.449438202247191,2.295486690593932,2.336410355447399,-2.6083044918154195,-2.496229460095796
0.6404494382022472,0.4606741573033708,2.3258644424762815,1.304489937579861,-2.6426203998118973,-2.78861713008198
0.6404494382022472,0.47191011235955055,2.354640672295027,0.9922243526295061,-2.683833803546592,-3.078301186127619
0.6404494382022472,0.4831460674157303,2.357467163013374,0.9297806341483277,-2.6919701780331997,-3.049569986177867
0.6404494382022472,0.4943820224719101,2.3466680732474763,0.19579382519489247,-2.679674526903724,-2.6653632479070324
0.6404494382022472,0.5056179775280899,2.323579166523083,-1.3002869044831702,-2.679952677011928,-2.2412063006909526
0.6404494382022472,0.5168539325842696,2.31471029240051,-2.2456517968838505,-2.679619492954371,-2.1672250920678375
0.6404494382022472,0.5280898876404494,2.3084478893545706,-2.3081824418034835,-2.62860917790175,-2.1933852541756416
0.6404494382022472,0.5393258426966292,2.266898990524679,-2.1330077558472125,-2.532649474671094,-1.806183582070758
0.6404494382022472,0.550561797752809,2.201455077327411,-2.107417779627609,-2.4808590046233974,-1.05815624008527
0.6404494382022472,0.5617977528089888,2.176253090968466,-2.214427825538825,-2.5326994556014815,-0.5406172986273814
0.6404494382022472,0.5730337078651685,2.165773810152366,-2.2110401793898733,-2.5655639185723254,-0.4698313188816033
0.6404494382022472,0.5842696629213483,2.122810138801576,-1.9510669705350991,-2.398652532832821,-0.21578588969189783
0.6404494382022472,0.5955056179775281,2.0875414469597104,-1.7306754237179995,-2.134527897124117,0.40029797753941315
0.6404494382022472,0.6067415730337078,2.1111546465139193,-1.7390556431480255,-1.9977962134813307,0.8357477120997338
0.6404494382022472,0.6179775280898876,2.1200862398905427,-1.7378578692392403,-2.0278457174987787,0.8626241535119659
0.6404494382022472,0.6292134831460674,1.984172594039054,-1.6587142009028386,-2.0898270035074544,0.827246637046663
0.6404494382022472,0.6404494382022472,1.7752999823795772,-1.6625580519604488,-2.115724452899129,0.973995996655577
0.6404494382022472,0.651685393258427,1.6730224442368937,-1.790942979681239,-2.1445165473000034,1.1396495292978746
0.6404494382022472,0.6629213483146067,1.6655102206457106,-1.759711046353986,-2.1475444717585046,1.1122806214966214
0.6404494382022472,0.6741573033707865,1.5755082333176895,-1.4812415412473627,-2.0173566861763432,0.9025755283851638
0.6404494382022472,0.6853932584269663,1.4307424750879205,-1.2744667669806464,-1.856758267822477,0.7327537852212349
0.6404494382022472,0.696629213483146,1.3892102173229826,-1.266782939296239,-1.834644885007436,0.7123313918606974
0.6404494382022472,0.7078651685393258,1.3731310443309206,-1.2204212386575803,-1.723083890646151,0.6865534666973158
0.6404494382022472,0.7191011235955056,1.2942227226297904,-0.9160492982966142,-1.3792405129178473,0.537978652555733
0.6404494382022472,0.7303370786516854,1.2506119780326832,-0.6152157623449359,-1.2073863445867306,0.397770819248645
0.6404494382022472,0.7415730337078652,1.271485456688507,-0.5532589762939821,-1.222617688030402,0.3732881961014547
0.6404494382022472,0.7528089887640449,1.0375456227507516,-0.48276694567966744,-1.1315570788259868,0.3130421441882983
0.6404494382022472,0.7640449438202247,0.6108792259950641,-0.22655310821834196,-0.897237375994737,0.16650765123420216
0.6404494382022472,0.7752808988764045,0.43884164102550904,-0.04484253993355283,-0.8062915914065802,0.08860912285146962
0.6404494382022472,0.7865168539325842,0.4135404527298498,-0.048040505133849075,-0.7546455368739909,0.08585870966170987
0.6404494382022472,0.797752808988764,0.24508057051738663,-0.023032281637082642,-0.3736037714404407,0.0664249409943223
0.6404494382022472,0.8089887640449438,0.12650174440390977,0.046391631457968895,-0.25263319670858486,0.05903433135264398
0.6404494382022472,0.8202247191011236,0.110903362159288,0.05297651814087244,-0.2677063748347257,0.06216225297167936
0.6404494382022472,0.8314606741573034,0.09380808295962807,0.02433422843252375,-0.2030284982333937,0.04875927120176535
0.6404494382022472,0.8426966292134831,0.08924401247650735,0.001638195270354351,-0.10427430005026658,0.03316413827312205
0.6404494382022472,0.8539325842696629,0.08986571605878728,-0.0057185905142681185,-0.10351850603158472,0.027604679711472062
0.6404494382022472,0.8651685393258427,0.0863410250132471,-0.012115041024641556,-0.04496379849045966,0.03291114740641546
0.6404494382022472,0.8764044943820224,0.09883557802164387,-0.025308258559538076,-0.008064810197226555,0.043812677930782515
0.6404494382022472,0.8876404494382022,0.0833490153900475,-0.019773793999221807,-0.012333379390532232,0.03736918314252238
0.6404494382022472,0.898876404494382,0.005927230853838411,0.0038171223103662653,-0.014338631419765257,0.006496583669820152
0.6404494382022472,0.9101123595505618,-0.012060767784751328,0.010581744178357234,-0.012533002099587893,-0.001351466896043386
0.6404494382022472,0.9213483146067416,-0.0034433009228584796,0.0015424420328572917,-0.005640992718154571,0.0027934927685431565
0.6404494382022472,0.9325842696629213,-0.00011431974577750461,-0.003030635470369987,-0.002291797124522678,0.003249418197748081
0.6404494382022472,0.9438202247191011,-0.0009081816764480418,0.0007507815652881309,-0.0030211487443215067,0.002462699304607565
0.6404494382022472,0.9550561797752809,-0.0007698273345282311,0.00390013247844615,-0.002161946424160028,0.0018359716823461835
0.6404494382022472,0.9662921348314606,6.73662777886324e-05,0.004094390657964038,-0.0019835494782643884,0.00015582502098183504
0.6404494382022472,0.9775280898876404,0.00026086352126595413,0.00272475023728144,-0.0022503817839976707,-0.001181352082479901
0.6404494382022472,0.9887640449438202,0.00044149164020321034,0.001057726588712267,-0.0012270934570368884,-0.0005082361740104208
0.6404494382022472,1.0,3.4628566464652766e-18,3.445069389618539e-18,4.496331351349536e-19,2.384734356071218e-18
0.651685393258427,0.0,0.0,-0.0,-0.0,0.0
0.651685393258427,0.011235955056179775,0.0001743526523121359,-8.942598768330269e-05,-0.0006844723086931155,0.0011972153451182742
0.651685393258427,0.02247191011235955,-0.0010292815447129242,0.00023375167964210752,-0.0009913532196016918,0.0014808909514409491
0.651685393258427,0.033707865168539325,-0.000580820020375442,9.101681887824765e-05,-0.00128148554431224,0.0011118769539425967
0.651685393258427,0.0449438202247191,0.0006194744901027291,5.7026916007120096e-05,-0.00075425925264465,0.0016586092649030462
0.651685393258427,0.056179775280898875,0.000404459213871153,-0.00022715257525472197,-0.0004940020494713801,0.001072682883524406
0.651685393258427,0.06741573033707865,-0.00010090130996840857,-0.0007507445069076494,-0.0009093771739520362,-0.00024029567995134164
0.651685393258427,0.07865168539325842,0.000761413513450244,0.0017391482697051688,-0.0006526420847676384,0.0023282573013838287
0.651685393258427,0.0898876404494382,0.0010942936668905331,0.005497255737956081,-0.00035962189126291944,0.0060970471943048435
0.651685393258427,0.10112359550561797,0.0018321080896826659,0.0033341509371827,-7.208627785507749e-05,0.005471567888700728
0.651685393258427,0.11235955056179775,-2.987284929832086e-05,0.000950345927974587,0.0018342919081506778,0.0037628756113572658
0.651685393258427,0.12359550561797752,-0.00019153007343127674,0.001586296155163915,0.0012110029729937623,0.003812786546123001
0.651685393258427,0.1348314606741573,0.05842859343175023,-0.0011301560233633447,-0.00994047093705507,0.017054352899226095
0.651685393258427,0.14606741573033707,0.13368803605560853,-0.004163297435302142,-0.018669218138467246,0.03869931101711545
0.651685393258427,0.15730337078651685,0.1414985496975465,-0.006332290331348478,-0.01901281680588831,0.038863247912134406
0.651685393258427,0.16853932584269662,0.20008832855595407,-0.021081450563859336,-0.035472404109016906,0.023251413203941
0.651685393258427,0.1797752808988764,0.2187769840893525,-0.040327757348011306,-0.032056859230311124,-0.02788385296806563
0.651685393258427,0.19101123595505617,0.22910032941130173,-0.03825053303212731,-0.03962741321747012,-0.01091719524380706
0.651685393258427,0.20224719101123595,0.3639220490973363,-0.012063594226010875,-0.18081231796797334,0.1614991677965333
0.651685393258427,0.21348314606741572,0.5668558133295383,0.0006608950410679962,-0.45354870373340866,0.32599219559969494
0.651685393258427,0.2247191011235955,0.6046810475756259,0.0006875325906798504,-0.4976763852538823,0.3448529938549521
0.651685393258427,0.23595505617977527,0.7202309003615869,0.05686608158384929,-0.5829977986366771,0.5192271821729472
0.651685393258427,0.24719101123595505,1.1005294983872647,0.14937591259199606,-0.9432122263893761,0.9112843124400843
0.651685393258427,0.2584269662921348,1.298793491676756,0.17463181304483022,-1.1631324950879778,1.082563832744802
0.651685393258427,0.2696629213483146,1.2979334279538501,0.2305795284070312,-1.1621236819789518,1.1241301547717244
0.651685393258427,0.2808988764044944,1.414390725173935,0.4790873012774455,-1.3554772314905472,1.4673762266941592
0.651685393258427,0.29213483146067415,1.6098233077142408,0.7022990267636321,-1.6392915042696627,1.950311094146182
0.651685393258427,0.3033707865168539,1.6505698906978312,0.7288252121573021,-1.67592257092956,2.0622452160761084
0.651685393258427,0.3146067415730337,1.6871612227454533,0.7676577672025615,-1.6842559399423487,1.9956144628026713
0.651685393258427,0.3258426966292135,1.8331766087139107,1.0140460784900245,-1.8279602256045435,2.327146311085867
0.651685393258427,0.33707865168539325,1.9620625322861316,1.260560555501093,-2.0002004268376794,2.920145631975538
0.651685393258427,0.348314606741573,1.9732809433622465,1.281189807247426,-2.035683529604377,2.9787376391532305
0.651685393258427,0.3595505617977528,1.9323703540753858,1.4161051652095666,-2.034744227581763,2.3915004874816392
0.651685393258427,0.3707865168539326,1.9890024353013938,1.9048460466167245,-2.101318459310167,1.8357994932637687
0.651685393258427,0.38202247191011235,2.101010408892406,2.304048378462766,-2.1704643522849727,1.801036641316478
0.651685393258427,0.3932584269662921,2.1057025359416492,2.305509052695356,-2.1656777645651366,1.722114859558693
0.651685393258427,0.4044943820224719,2.112611104486125,2.272593471635058,-2.2133192864688076,0.5158271256082158
0.651685393258427,0.4157303370786517,2.1966627045857336,2.6940770030598236,-2.3854553621533308,-1.4214781689388896
0.651685393258427,0.42696629213483145,2.2778541314199447,3.1966314433056895,-2.5028597674219513,-2.3947315191057887
0.651685393258427,0.4382022471910112,2.2744328326082357,3.1383314577657253,-2.4964959552695825,-2.415223316677178
0.651685393258427,0.449438202247191,2.2673788594833573,2.2792479086510586,-2.491235078308404,-2.385941420447072
0.651685393258427,0.4606741573033708,2.3073776414185,1.2586533388811256,-2.5173071108979355,-2.6535923123735183
0.651685393258427,0.47191011235955055,2.342888150367767,0.9475095737242256,-2.544047413764176,-2.931084751085515
0.651685393258427,0.4831460674157303,2.344322668528475,0.8919677802319425,-2.5520332523518525,-2.9106275018348198
0.651685393258427,0.4943820224719101,2.3255124530620006,0.1753803778928092,-2.5562172514801897,-2.5536574134281147
0.651685393258427,0.5056179775280899,2.300697983386731,-1.2600268999701936,-2.5838278962372128,-2.153692744516565
0.651685393258427,0.5168539325842696,2.2989858471354574,-2.1454570870356786,-2.6179903915192715,-2.0810988922830833
0.651685393258427,0.5280898876404494,2.295578665306791,-2.1969479741059024,-2.606377976451759,-2.0822263866778754
0.651685393258427,0.5393258426966292,2.2474480179247314,-2.041385550904762,-2.5447856008802807,-1.6854799024716791
0.651685393258427,0.550561797752809,2.1739936608116244,-2.0247256838989234,-2.510617370057314,-0.9607446748612635
0.651685393258427,0.5617977528089888,2.149587777024938,-2.132235971924837,-2.5572182194599025,-0.4743886880336478
0.651685393258427,0.5730337078651685,2.1459799594555284,-2.138714216648762,-2.5640740504091286,-0.4203783418643652
0.651685393258427,0.5842696629213483,2.115673764866212,-1.893950927056653,-2.377544971192249,-0.17749694985544262
0.651685393258427,0.5955056179775281,2.094643605579515,-1.6823596491710664,-2.1037411856017916,0.4105720447350376
0.651685393258427,0.6067415730337078,2.127392172191778,-1.692009921181222,-1.954057105086652,0.8362368055579991
0.651685393258427,0.6179775280898876,2.1313850609040847,-1.690176012808961,-1.958479178809342,0.8696465401468068
0.651685393258427,0.6292134831460674,1.983701016123919,-1.6124952626030182,-1.991547511771476,0.8309622710902819
0.651685393258427,0.6404494382022472,1.7707020717465696,-1.6104351745972938,-2.0013884460472986,0.9737701908914193
0.651685393258427,0.651685393258427,1.6645254216488066,-1.7295840732366272,-2.017506588143826,1.141405022338919
0.651685393258427,0.6629213483146067,1.6524813931584532,-1.7010235933765847,-2.001199697867007,1.1170363366187177
0.651685393258427,0.6741573033707865,1.558718379794888,-1.4266343131646786,-1.8663805857653453,0.9033390506837492
0.651685393258427,0.6853932584269663,1.4117441149412604,-1.208618094288573,-1.7245854784762231,0.7180377211160789
0.651685393258427,0.696629213483146,1.3702234441847996,-1.1832862122283199,-1.7244701249673664,0.6864494486395084
0.651685393258427,0.7078651685393258,1.3553154835986179,-1.131726787174439,-1.6442165683980405,0.6606031345297526
0.651685393258427,0.7191011235955056,1.2724319809264877,-0.8431297002278935,-1.3586486537268399,0.5184258521687523
0.651685393258427,0.7303370786516854,1.2288635413787958,-0.5703846944107277,-1.2087335385520943,0.3866951720031325
0.651685393258427,0.7415730337078652,1.2530976367385522,-0.5220322632490659,-1.2133485007059526,0.3651879113031137
0.651685393258427,0.7528089887640449,1.01835147103503,-0.45970067588889096,-1.119670793301366,0.3033076731314499
0.651685393258427,0.7640449438202247,0.5944790579456698,-0.22664224921393952,-0.9094408179728353,0.1607302348319652
0.651685393258427,0.7752808988764045,0.4331303805964978,-0.05750419208378787,-0.8289064727673774,0.09091223650223253
0.651685393258427,0.7865168539325842,0.408648039779749,-0.06380971058495266,-0.7682003641541454,0.08878184786637495
0.651685393258427,0.797752808988764,0.22769618167095967,-0.03972451272640675,-0.38420912902816134,0.06062201574112435
0.651685393258427,0.8089887640449438,0.11610612712436405,0.028801678388570444,-0.25200980067839834,0.04859372502371577
0.651685393258427,0.8202247191011236,0.10605515428716585,0.03622052953456724,-0.25245157139822577,0.04903491646007971
0.651685393258427,0.8314606741573034,0.09080520694541175,0.010348972139489925,-0.18346723282827238,0.03457971351495231
0.651685393258427,0.8426966292134831,0.08485012556539435,-0.006283845727926392,-0.09070935772504346,0.01995310515376285
0.651685393258427,0.8539325842696629,0.08479474795822485,-0.009406633801889804,-0.08250235180925414,0.017501316366255605
0.651685393258427,0.8651685393258427,0.08293661779364672,-0.0149297454352724,-0.03331619138392855,0.025318367847546788
0.651685393258427,0.8764044943820224,0.09830613958853565,-0.028586148393361932,-0.0017270544460418185,0.037386235340338594
0.651685393258427,0.8876404494382022,0.08240481571320996,-0.023672858488424216,-0.002717277146124089,0.031356696521558106
0.651685393258427,0.898876404494382,0.00771306736752692,9.819187129325924e-05,-0.005448221397684932,0.002272306928457061
0.651685393258427,0.9101123595505618,-0.009589375897716542,0.007981203730902511,-0.0067201216727334045,-0.005028804984124631
0.651685393258427,0.9213483146067416,-0.0021165497585819374,0.0012566882585231666,-0.0019005453469645266,-0.0017687290855175851
0.651685393258427,0.9325842696629213,0.0014179399040307771,-0.0024061775246431633,0.0009415125725971797,-0.0015171067618513056
0.651685393258427,0.9438202247191011,0.0004729338897523081,-0.0001997373591937077,0.00023376396397222044,-0.0013599491748386432
0.651685393258427,0.9550561797752809,0.00028550493266196573,0.0011352289728164698,0.0011183580087041705,-0.0007309672252602785
0.651685393258427,0.9662921348314606,0.001155606202894314,0.001081578700145327,0.0012011481291279188,-0.0013804109493720626
0.651685393258427,0.9775280898876404,0.0011930713560159097,0.0007225681598186479,0.0008326793631749877,-0.0017377182397955054
0.651685393258427,0.9887640449438202,0.000879473792623392,7.947602082313789e-05,0.0008651241574631371,-0.0005245280738814231
0.651685393258427,1.0,4.9386225458427216e-18,5.757979067483689e-20,7.22741063568207e-18,2.3676372889742346e-18
0.6629213483146067,0.0,0.0,-0.0,-0.0,0.0
0.6629213483146067,0.011235955056179775,-0.0001542847181050301,-0.0005615909125057237,-0.0005115996873655944,0.0015538310707823137
0.6629213483146067,0.02247191011235955,-0.0014065655936273758,-0.000355593910064716,-0.0007204316109056368,0.0011705937643269094
0.6629213483146067,0.033707865168539325,-0.000740300647466211,0.0002760070580251174,-0.0003945800763889558,3.209468769206208e-05
0.6629213483146067,0.0449438202247191,0.00042116558430221093,0.0010024315939089897,0.00025031561673577896,0.0007112291181346856
0.6629213483146067,0.056179775280898875,-0.00011270461596226796,0.0004541517693759632,2.4877900073438452e-05,0.0008920900526595104
0.6629213483146067,0.06741573033707865,-0.0005112719358506709,-0.0006306324596211533,-0.0005387518108478034,0.0002232780128794036
0.6629213483146067,0.07865168539325842,0.0005635391964433751,0.0017703859175825956,0.0001419458268492462,0.0028226045787230073
0.6629213483146067,0.0898876404494382,0.0007180119817193504,0.00555129246216319,0.0007710856404946737,0.0056509190078152536
0.6629213483146067,0.10112359550561797,0.00162958942733316,0.003454795893552663,0.0006177202858436715,0.00486849112883458
0.6629213483146067,0.11235955056179775,-0.0001296495773405433,0.001559273118106457,0.001356843045778609,0.0035394990968485814
0.6629213483146067,0.12359550561797752,-0.0020384379345263215,0.0023844057625429242,0.0016122907666672993,0.0018749596174992861
0.6629213483146067,0.1348314606741573,0.0556017362908708,-0.0016084853345629858,-0.006951826683019375,0.014232497609694417
0.6629213483146067,0.14606741573033707,0.1321769089757494,-0.004492548962572192,-0.016816461814584568,0.037045326727671406
0.6629213483146067,0.15730337078651685,0.1389970903120181,-0.0032527301991158056,-0.019794805324779233,0.03654256971196254
0.6629213483146067,0.16853932584269662,0.19614102338531994,-0.01709012849519416,-0.034445182525915545,0.020702694580387586
0.6629213483146067,0.1797752808988764,0.21559691866041297,-0.039604546281852414,-0.029582695245981044,-0.029534140593958497
0.6629213483146067,0.19101123595505617,0.2281666170407312,-0.037258944304104175,-0.0436617973642424,-0.013503126216547343
0.6629213483146067,0.20224719101123595,0.36214545414740407,-0.00804381849758355,-0.1954586520109551,0.15583576140244257
0.6629213483146067,0.21348314606741572,0.5642763084660983,0.001332671912817409,-0.4432952387031592,0.320939507615089
0.6629213483146067,0.2247191011235955,0.5964885253830182,-0.0010382801468268243,-0.4958481338888534,0.3430831357514267
0.6629213483146067,0.23595505617977527,0.7016421171052278,0.060470179235081516,-0.5929370646663259,0.5135592776134112
0.6629213483146067,0.24719101123595505,1.080918006938331,0.1547563589571589,-0.9112160604743267,0.905093863786076
0.6629213483146067,0.2584269662921348,1.29239669597727,0.17519269137337526,-1.131230205509425,1.081742953595554
0.6629213483146067,0.2696629213483146,1.2737066883659542,0.22110611245840525,-1.1483631239720558,1.1060316824184189
0.6629213483146067,0.2808988764044944,1.378865267995576,0.4542047707896537,-1.3217824446741149,1.4306145529510812
0.6629213483146067,0.29213483146067415,1.5894522872897392,0.6804476278962004,-1.5771564269829002,1.9207514046608387
0.6629213483146067,0.3033707865168539,1.6417288577024667,0.728545400783022,-1.6449534330086228,2.063064110154863
0.6629213483146067,0.3146067415730337,1.674387857664189,0.7709801491201114,-1.6831832149892,2.00410788807784
0.6629213483146067,0.3258426966292135,1.8217092279022624,1.0027643562801811,-1.828123190082209,2.343226256510407
0.6629213483146067,0.33707865168539325,1.9515836950984715,1.2423133043701573,-1.969203564398815,2.9266926022525666
0.6629213483146067,0.348314606741573,1.9574268324567365,1.2775228490386221,-1.9763972971550015,2.9573832685234134
0.6629213483146067,0.3595505617977528,1.916952140396471,1.4391783198795425,-1.9672346733889952,2.3785655148510143
0.6629213483146067,0.3707865168539326,1.974317830864176,1.92462950092703,-2.033651548437855,1.8311934915469652
0.6629213483146067,0.38202247191011235,2.088088785752354,2.2966441910361626,-2.1147212075857706,1.7934576473669974
0.6629213483146067,0.3932584269662921,2.0891390203631124,2.2893674901541927,-2.1327453030253145,1.715392054020084
0.6629213483146067,0.4044943820224719,2.082442139564653,2.258400217566619,-2.1894333618344026,0.4999326685889316
0.6629213483146067,0.4157303370786517,2.1651232157776237,2.6815214671285132,-2.34163119390297,-1.4539347517302263
0.6629213483146067,0.42696629213483145,2.259437062088728,3.1746016114882405,-2.444880512649704,-2.401051643512192
0.6629213483146067,0.4382022471910112,2.265722844894832,3.127268983119982,-2.457000785695088,-2.4120585308846807
0.6629213483146067,0.449438202247191,2.2573694952121333,2.291125704363649,-2.4656877072688053,-2.379409839266628
0.6629213483146067,0.4606741573033708,2.2933344437863394,1.2606063006277797,-2.4879912053649087,-2.6347900951577023
0.6629213483146067,0.47191011235955055,2.3279974585511467,0.9384584902164911,-2.4986001859885856,-2.9183197690629847
0.6629213483146067,0.4831460674157303,2.3279927679405494,0.8926883569460502,-2.495426725128434,-2.9178185269495214
0.6629213483146067,0.4943820224719101,2.3051244622654576,0.17134266120998373,-2.4988172259423385,-2.5783081137834505
0.6629213483146067,0.5056179775280899,2.2797244739463767,-1.2845816207214638,-2.52881920569499,-2.1848749552207973
0.6629213483146067,0.5168539325842696,2.28317534504219,-2.145992682597669,-2.565206201178859,-2.09683683435213
0.6629213483146067,0.5280898876404494,2.2835750725616832,-2.180865747726452,-2.562170194093655,-2.0633411966077184
0.6629213483146067,0.5393258426966292,2.233131776159135,-2.0381331850227395,-2.5161049206536124,-1.6347005959215817
0.6629213483146067,0.550561797752809,2.1569229146083195,-2.0287659474638207,-2.4840506913364138,-0.9073471883010994
0.6629213483146067,0.5617977528089888,2.1356194376382756,-2.1244881105624978,-2.512138068252961,-0.46042216618360365
0.6629213483146067,0.5730337078651685,2.1344922224825678,-2.117682275238187,-2.5104025908227072,-0.430478763659581
0.6629213483146067,0.5842696629213483,2.1057776892849778,-1.873216039795014,-2.344579141712425,-0.17756016495650145
0.6629213483146067,0.5955056179775281,2.085659229947405,-1.6597665346068486,-2.0855382214215794,0.41787868918310017
0.6629213483146067,0.6067415730337078,2.117128472651594,-1.6758027478430173,-1.925620433117304,0.8357756262524955
0.6629213483146067,0.6179775280898876,2.1100821311340017,-1.6870383483067142,-1.906446729984158,0.8548966497995579
0.6629213483146067,0.6292134831460674,1.949684843151994,-1.6152964214008663,-1.9221173461131384,0.7886138545527774
0.6629213483146067,0.6404494382022472,1.7391220922739774,-1.6054093423099525,-1.9315471650451381,0.9214502562149024
0.6629213483146067,0.651685393258427,1.6463398564302765,-1.7159607351234878,-1.9658125812529177,1.1177361329373443
0.6629213483146067,0.6629213483146067,1.6435683885248578,-1.7013110054268594,-1.9684669836214754,1.122571424553855
0.6629213483146067,0.6741573033707865,1.548362866543251,-1.4419174650340996,-1.8416991236703348,0.9178142603738997
0.6629213483146067,0.6853932584269663,1.4032269301419968,-1.2168590435434175,-1.6997377114781618,0.7261902707935294
0.6629213483146067,0.696629213483146,1.360582960092307,-1.180453265684097,-1.6870463179205708,0.6854353889581933
0.6629213483146067,0.7078651685393258,1.3442003168684773,-1.1306250750356235,-1.613555050431804,0.6540483664497927
0.6629213483146067,0.7191011235955056,1.2571090728651297,-0.837580393579633,-1.356536846400922,0.5082617266151344
0.6629213483146067,0.7303370786516854,1.212571226627749,-0.5652295844540363,-1.2081419625570153,0.37838653106236375
0.6629213483146067,0.7415730337078652,1.247421226638687,-0.5214650463323585,-1.1900362844860843,0.36246826418158995
0.6629213483146067,0.7528089887640449,1.0156680451412552,-0.455409692616414,-1.0769020131281557,0.3015423725057124
0.6629213483146067,0.7640449438202247,0.5789061824653536,-0.22426336229612126,-0.8768743738618145,0.15558797501212782
0.6629213483146067,0.7752808988764045,0.4277331463441825,-0.05586183642263859,-0.8117527606482642,0.08870047197665176
0.6629213483146067,0.7865168539325842,0.40344170289805537,-0.06343847957849359,-0.7441769041691764,0.08637611573297915
0.6629213483146067,0.797752808988764,0.21121638680129404,-0.04157756729449832,-0.3919940522395522,0.05643484784450602
0.6629213483146067,0.8089887640449438,0.10977814970383153,0.028980653044525358,-0.2537969041026645,0.04761314475813819
0.6629213483146067,0.8202247191011236,0.10782159927323315,0.037656373557583854,-0.23977046316151918,0.04841999948232051
0.6629213483146067,0.8314606741573034,0.09240243346011046,0.008685517254579106,-0.18102201292899162,0.03247935617183946
0.6629213483146067,0.8426966292134831,0.08400774818298778,-0.007413774924411973,-0.09626548912692086,0.018156299046437775
0.6629213483146067,0.8539325842696629,0.08413248597793124,-0.007730560474953621,-0.07446685091250149,0.017170818515360956
0.6629213483146067,0.8651685393258427,0.08272417048413704,-0.011847564754600262,-0.028568549274985307,0.025237646803610552
0.6629213483146067,0.8764044943820224,0.09770213761121302,-0.026957985743641586,-0.0013142648816061113,0.036954264864262516
0.6629213483146067,0.8876404494382022,0.08112649713344666,-0.023425470803705713,-0.0004155242893756681,0.031181924288228257
0.6629213483146067,0.898876404494382,0.007061970486438882,0.0002096278269525395,-0.0029993746022008213,0.002317924058313976
0.6629213483146067,0.9101123595505618,-0.009621109868443849,0.0075587819662786115,-0.006428471602783307,-0.005637214162622527
0.6629213483146067,0.9213483146067416,-0.0023202843893239205,0.0007425986073477999,-0.002859898126145471,-0.0024975606271027853
0.6629213483146067,0.9325842696629213,0.0014293634269687487,-0.0026777962811340276,0.0008565834609383503,-0.0018649958530137813
0.6629213483146067,0.9438202247191011,0.00020852674014719131,0.00018836951283105285,0.0008864797992764552,-0.0014195875672046632
0.6629213483146067,0.9550561797752809,-0.0003047195967504806,0.001445814396507746,0.0015621013859983953,-0.000282758799552934
0.6629213483146067,0.9662921348314606,0.000673267306104991,0.0004901894739173962,0.0012693145983875976,-0.0003878567947626176
0.6629213483146067,0.9775280898876404,0.0011056652282748674,-0.00014677116230143807,0.0009705257267511069,-0.00040656480380082857
0.6629213483146067,0.9887640449438202,0.0009113981322044549,-0.00048049394451112764,0.0011995670727660255,0.00029538889074654396
0.6629213483146067,1.0,4.5812412380173194e-18,-2.4879999625318932e-18,8.679005143719195e-18,3.773816645418025e-18
0.6741573033707865,0.0,-0.0,-0.0,-0.0,0.0
0.6741573033707865,0.011235955056179775,-0.0011368239760596852,0.0001259284764928686,0.0006409166059380741,0.0012459975343934821
0.6741573033707865,0.02247191011235955,-0.0028711683267031167,0.0012605537024912758,0.0015906884853175685,-4.896464458848139e-05
0.6741573033707865,0.033707865168539325,-0.003051207019563894,0.0033597308517196657,0.0029229136039387866,-0.001592938383655873
0.6741573033707865,0.0449438202247191,-0.002732264807082259,0.005390022864212152,0.004081431050617003,-0.0008260244025043186
0.6741573033707865,0.056179775280898875,-0.0035478443069521617,0.004617165927150283,0.0044734230429940135,-0.0009757416131258554
0.6741573033707865,0.06741573033707865,-0.0036429692648981596,0.0024253961711832696,0.004332088454976137,-0.002550483564973793
0.6741573033707865,0.07865168539325842,-0.002388049656517043,0.0034209330385898055,0.0047504811655565025,-0.001493541742183472
0.6741573033707865,0.0898876404494382,-0.002572622575648981,0.005996405304471527,0.005043343591635111,-0.00013900317782921832
0.6741573033707865,0.10112359550561797,-0.002633688446105085,0.004995826038945703,0.004272152267913079,-0.0016381223763002437
0.6741573033707865,0.11235955056179775,-0.006462738710806613,0.00718086679401919,0.002906111186100169,-0.0053471106186315075
0.6741573033707865,0.12359550561797752,-0.012206705104003936,0.009952857974166616,0.0016412588679012245,-0.011950173073081872
0.6741573033707865,0.1348314606741573,0.03939634805665591,0.00047154663278198777,-0.005218272066884763,-0.0032753406759834713
0.6741573033707865,0.14606741573033707,0.11227773871516797,-0.006985545437960307,-0.013338563120667283,0.019343326979711382
0.6741573033707865,0.15730337078651685,0.11664162120501516,-0.0007644406725872874,-0.015426192177187053,0.018449287152044778
0.6741573033707865,0.16853932584269662,0.16990175711840003,-0.009958310784107879,-0.028920306316902563,0.001572102126880793
0.6741573033707865,0.1797752808988764,0.19180207744466307,-0.03540528288193193,-0.022684785988925184,-0.046279659069705756
0.6741573033707865,0.19101123595505617,0.20579431712513765,-0.03802829888019269,-0.031001468909101812,-0.0322152987571696
0.6741573033707865,0.20224719101123595,0.3302194740791684,-0.015636456669887968,-0.15480800127161823,0.1288469237125133
0.6741573033707865,0.21348314606741572,0.5101618525413865,-0.014956986679590162,-0.3252183162882802,0.2929496087889373
0.6741573033707865,0.2247191011235955,0.5253250540450405,-0.018960266330327286,-0.34665769506614025,0.31769297112090705
0.6741573033707865,0.23595505617977527,0.6125722990000376,0.04316235863645706,-0.41892162850497794,0.48191136834052867
0.6741573033707865,0.24719101123595505,0.9738736178491928,0.1339151935305655,-0.6401216421742683,0.8709837353277511
0.6741573033707865,0.2584269662921348,1.189691079046027,0.1545359435373563,-0.7953494604301171,1.0639312831773557
0.6741573033707865,0.2696629213483146,1.1433061268297933,0.19858961988850352,-0.8185716631682979,1.083796566570957
0.6741573033707865,0.2808988764044944,1.2183836626950502,0.4134243452667481,-0.9400818974654173,1.3907816323057398
0.6741573033707865,0.29213483146067415,1.4381375770070646,0.6170313018009763,-1.1203521192720882,1.8637106188122183
0.6741573033707865,0.3033707865168539,1.5119804582936853,0.6548330224524742,-1.1718325419446167,2.0022397513267203
0.6741573033707865,0.3146067415730337,1.5394338459059917,0.6798310198757007,-1.2009132441994332,1.9316730734712344
0.6741573033707865,0.3258426966292135,1.6682448001229442,0.8812575034632515,-1.3256783327829256,2.246787252182975
0.6741573033707865,0.33707865168539325,1.7727058220512726,1.09662630623462,-1.4621710001950599,2.7992231348563097
0.6741573033707865,0.348314606741573,1.762236169697441,1.1345667690032215,-1.481927928034688,2.8075169163081344
0.6741573033707865,0.3595505617977528,1.7309536052122794,1.3142568801966479,-1.4777983165900286,2.2352498065250677
0.6741573033707865,0.3707865168539326,1.799311771102172,1.788816448668158,-1.5346550107656625,1.717621702655849
0.6741573033707865,0.38202247191011235,1.9130169224535836,2.141322632499527,-1.6097680222417214,1.699818776219023
0.6741573033707865,0.3932584269662921,1.9025579155154169,2.1242132463537664,-1.6398773942031382,1.6309066542576862
0.6741573033707865,0.4044943820224719,1.8711347141643917,2.0751520429302537,-1.6895108027449783,0.44158365670792993
0.6741573033707865,0.4157303370786517,1.947993212611541,2.46371542045191,-1.7980878129041495,-1.4900465349385656
0.6741573033707865,0.42696629213483145,2.0644536931948356,2.930412468640494,-1.8725200149600518,-2.404828846550926
0.6741573033707865,0.4382022471910112,2.084105503757792,2.891468078312845,-1.8924295425415165,-2.400820082059878
0.6741573033707865,0.449438202247191,2.064145151446771,2.1223274944649986,-1.9043246824124969,-2.3581671944395253
0.6741573033707865,0.4606741573033708,2.0807958254333987,1.1562694386270307,-1.9193562092987706,-2.6093199915956133
0.6741573033707865,0.47191011235955055,2.102527989358583,0.8447932164902117,-1.9208971765239686,-2.9038839986547322
0.6741573033707865,0.4831460674157303,2.1015088392894126,0.8103916882752845,-1.9183592698596192,-2.914058060829667
0.6741573033707865,0.4943820224719101,2.087269469170477,0.16083378626870967,-1.931846130935275,-2.5777776155102523
0.6741573033707865,0.5056179775280899,2.071513206830648,-1.1645321159647335,-1.9599613026380915,-2.1929801760702756
0.6741573033707865,0.5168539325842696,2.0801025872475964,-1.9722764961473374,-1.9760231581876326,-2.107599891595867
0.6741573033707865,0.5280898876404494,2.0842253508367192,-2.007183346542113,-1.960112628802208,-2.0651873821209543
0.6741573033707865,0.5393258426966292,2.0403512006908704,-1.8900255728916362,-1.9242027604922625,-1.6254058144243568
0.6741573033707865,0.550561797752809,1.9774039736291897,-1.8836616819877643,-1.889581836057503,-0.9068856800561715
0.6741573033707865,0.5617977528089888,1.966995580210411,-1.9490031331189908,-1.889423783749421,-0.5069984643053875
0.6741573033707865,0.5730337078651685,1.957354566463634,-1.9161896911906982,-1.8796879752352746,-0.5000861013536677
0.6741573033707865,0.5842696629213483,1.9098583069009656,-1.6934514224443835,-1.7558534600458875,-0.2353335039468762
0.6741573033707865,0.5955056179775281,1.8776010057535693,-1.5238552773349927,-1.55755165528612,0.3565197978895215
0.6741573033707865,0.6067415730337078,1.9082278267284443,-1.5595234005094316,-1.4335995691742727,0.7468841186034139
0.6741573033707865,0.6179775280898876,1.9046260574728058,-1.5865728927062521,-1.4216620187453963,0.7551712801049427
0.6741573033707865,0.6292134831460674,1.7478119518842126,-1.5274356915514646,-1.4434250569805913,0.6737575359444663
0.6741573033707865,0.6404494382022472,1.5490312311429426,-1.5103122405943727,-1.4613671830077017,0.7887754953930567
0.6741573033707865,0.651685393258427,1.472466815341561,-1.5920660390235366,-1.5062947701595497,0.9940879208020297
0.6741573033707865,0.6629213483146067,1.4749362132591666,-1.5877079279129596,-1.5262827802906196,1.0286486152514103
0.6741573033707865,0.6741573033707865,1.389783541262771,-1.3766398040035088,-1.4304212045782236,0.8590037696257986
0.6741573033707865,0.6853932584269663,1.2682543891457263,-1.1762575346146495,-1.3065755823720626,0.6896158351317032
0.6741573033707865,0.696629213483146,1.2333219737782217,-1.145319493562042,-1.274973655120648,0.6513703608863372
0.6741573033707865,0.7078651685393258,1.2163129252199054,-1.1114134213741937,-1.2218785375948642,0.6143210973110271
0.6741573033707865,0.7191011235955056,1.1331189497262073,-0.8256404918032736,-1.0350367322819614,0.46001900677824953
0.6741573033707865,0.7303370786516854,1.0935095120407867,-0.5557222795185376,-0.9301353015409798,0.32728480643832597
0.6741573033707865,0.7415730337078652,1.144247677346702,-0.5155116513453205,-0.9207567396213568,0.31760249073013674
0.6741573033707865,0.7528089887640449,0.9387373695172416,-0.44370067446986355,-0.8113574639105487,0.2678570586026312
0.6741573033707865,0.7640449438202247,0.5212355430250345,-0.20630704299352348,-0.6340136295573613,0.130670924131644
0.6741573033707865,0.7752808988764045,0.39776489220771816,-0.03364304042071252,-0.5801885524996107,0.07100770048213999
0.6741573033707865,0.7865168539325842,0.37997525664467013,-0.036102740177389535,-0.504088949245103,0.06629197389955757
0.6741573033707865,0.797752808988764,0.19309004196642093,-0.02066471405916341,-0.24483279033770286,0.03733180499968766
0.6741573033707865,0.8089887640449438,0.10141983398836513,0.04442392611892985,-0.15988839194647694,0.035118375595955466
0.6741573033707865,0.8202247191011236,0.1048697049332517,0.05161881680821058,-0.15859915322061366,0.040061647794625684
0.6741573033707865,0.8314606741573034,0.08704695143459067,0.014531228719766464,-0.13674878350928538,0.02362267670069404
0.6741573033707865,0.8426966292134831,0.07499341251657138,-0.005498295562300947,-0.07964768633136238,0.007541310752340145
0.6741573033707865,0.8539325842696629,0.07462311236019184,-0.0035774319788131714,-0.057900293226090145,0.006620912466321716
0.6741573033707865,0.8651685393258427,0.07447747662434664,-0.004694814517379069,-0.020768802191338007,0.017593576460569797
0.6741573033707865,0.8764044943820224,0.08863930624647824,-0.021148402076639795,0.0011089051154028581,0.032264712386138115
0.6741573033707865,0.8876404494382022,0.07510286376752644,-0.020841347593671653,0.0015456582146547051,0.029674369181447693
0.6741573033707865,0.898876404494382,0.0051218711112089275,-0.0009927379571698554,-0.0005950772869794925,0.0016070621552260697
0.6741573033707865,0.9101123595505618,-0.009926187117158524,0.002792559442819204,-0.004670876928525677,-0.008278105825089352
0.6741573033707865,0.9213483146067416,-0.0030093249054348,-0.004824920352940446,-0.0018755853625376316,-0.005249666821802538
0.6741573033707865,0.9325842696629213,-7.367018623499718e-05,-0.0068129517802138825,0.0019457302236434851,-0.002979018311529201
0.6741573033707865,0.9438202247191011,-0.0016820191525741387,-0.0016077259495150193,0.0012010210676125018,-0.0017607751800583428
0.6741573033707865,0.9550561797752809,-0.002435018515776818,0.0018940601409578092,0.0009568285545342175,-0.0004378164814866716
0.6741573033707865,0.9662921348314606,-0.0014272081194985713,0.0015071386954780914,0.0004568584398545601,-0.00027365162363914876
0.6741573033707865,0.9775280898876404,-0.00037327234102694986,0.0006949329231142857,0.0004630723916782172,-0.0001974097868217427
0.6741573033707865,0.9887640449438202,4.637338240755217e-05,-1.0411710994279333e-05,0.0012442081210971016,3.3818294382923346e-05
0.6741573033707865,1.0,4.0444208348550537e-19,-1.577800713676509e-18,9.863243681626801e-18,-1.0162508952234596e-19
0.6853932584269663,0.0,-0.0,-0.0,-0.0,0.0
0.6853932584269663,0.011235955056179775,-0.0003734827878243757,-0.000211788256095693,0.0016354467255980897,0.00022898020273823014
0.6853932584269663,0.02247191011235955,-0.0011259147099426043,8.487749330105114e-05,0.0031290757779834986,-0.0014141070306750076
0.6853932584269663,0.033707865168539325,-0.0013205642044935382,0.0014576595650418831,0.0038381952449124137,-0.0028134339621196714
0.6853932584269663,0.0449438202247191,-0.001232892681583722,0.0033999574830538538,0.00420121113067589,-0.0026530661398222423
0.6853932584269663,0.056179775280898875,-0.001455130774770841,0.002834069477721521,0.004904875748274438,-0.003983388006607286
0.6853932584269663,0.06741573033707865,-0.0010873408906390523,0.001051809107317239,0.00529869232683129,-0.0062576529341193616
0.6853932584269663,0.07865168539325842,-0.0004446577279944842,0.002050769081242831,0.005098576056106458,-0.005658332432437971
0.6853932584269663,0.0898876404494382,-0.001038449148321267,0.0041003463698447914,0.004501275479285348,-0.005108854968560333
0.6853932584269663,0.10112359550561797,-0.0009643801344961947,0.003722892217070748,0.0043084317621071054,-0.007252661259516962
0.6853932584269663,0.11235955056179775,-0.004222535539420379,0.007900565604839451,0.004663740959853536,-0.011765934361548465
0.6853932584269663,0.12359550561797752,-0.008185435957559354,0.00822218301491416,0.004842352613730405,-0.018373600248187325
0.6853932584269663,0.1348314606741573,0.04146107505624923,-0.010967175575670706,0.000913728328309604,-0.00951939496880648
0.6853932584269663,0.14606741573033707,0.1079991492631577,-0.026432183955456615,-0.0043864149337604595,0.011614400697882214
0.6853932584269663,0.15730337078651685,0.10805157719340504,-0.017069303904067887,-0.007318706846014847,0.00859659495019155
0.6853932584269663,0.16853932584269662,0.1471503869012034,-0.011616422900883442,-0.023715835280657172,-0.011355311322009806
0.6853932584269663,0.1797752808988764,0.1680834104793765,-0.02324454289246765,-0.01777070760438023,-0.05404358075671183
0.6853932584269663,0.19101123595505617,0.18240491467923342,-0.025676822534632264,-0.020030037939479047,-0.04197920890570305
0.6853932584269663,0.20224719101123595,0.29290551533624537,-0.015859273902161047,-0.10624426233136643,0.10046487241711975
0.6853932584269663,0.21348314606741572,0.4397570704388948,-0.02341013272877017,-0.19807412083186518,0.24922520920271005
0.6853932584269663,0.2247191011235955,0.44208531324745115,-0.028551338948950598,-0.18910121320857293,0.2724134981039285
0.6853932584269663,0.23595505617977527,0.5126001094188933,0.02103661768856874,-0.2316298690942152,0.4288849465901793
0.6853932584269663,0.24719101123595505,0.8345778059504958,0.08946907929197385,-0.3719789261876567,0.8017138989264543
0.6853932584269663,0.2584269662921348,1.042010124986512,0.1001258744701844,-0.46240004577636007,0.9955337446543261
0.6853932584269663,0.2696629213483146,0.9892061815815719,0.13747915826810697,-0.4959503056870561,1.0150232533356598
0.6853932584269663,0.2808988764044944,1.0316741134723424,0.3268177743290691,-0.5950803909350662,1.297942233576099
0.6853932584269663,0.29213483146067415,1.2198934207141525,0.5056104620215641,-0.723843947165222,1.724361071888432
0.6853932584269663,0.3033707865168539,1.2898332758628872,0.5394941303388675,-0.7578136238171985,1.8332284022088081
0.6853932584269663,0.3146067415730337,1.3123590110162782,0.5603538581068794,-0.7683610902545399,1.7455016011223898
0.6853932584269663,0.3258426966292135,1.4166056187343734,0.740407632426819,-0.8541507714842318,2.0169801601268422
0.6853932584269663,0.33707865168539325,1.4919552569569254,0.9253899456880255,-0.9557009903230722,2.5406604090555316
0.6853932584269663,0.348314606741573,1.4724088008284841,0.9533912715570643,-0.9639179407965762,2.552279650854984
0.6853932584269663,0.3595505617977528,1.4559580836188954,1.1289562571398877,-0.9597373831326725,1.9961121857716018
0.6853932584269663,0.3707865168539326,1.5316562979668171,1.5740164872649516,-1.0068140106876873,1.5331248457040674
0.6853932584269663,0.38202247191011235,1.6436128591535428,1.9102071637866553,-1.0596039027205237,1.56532731276993
0.6853932584269663,0.3932584269662921,1.636694139218124,1.8946418377679406,-1.075888519771333,1.5157254234104722
0.6853932584269663,0.4044943820224719,1.5938976821167599,1.8271331510948379,-1.1099148831067547,0.39892949832385455
0.6853932584269663,0.4157303370786517,1.6497379680679451,2.154401157457081,-1.1790914211600396,-1.4616280660368814
0.6853932584269663,0.42696629213483145,1.7549669524679767,2.578162539157992,-1.2138681088457441,-2.3694204691205156
0.6853932584269663,0.4382022471910112,1.7674375519060392,2.5356876392539323,-1.2271449979824678,-2.3630388775949913
0.6853932584269663,0.449438202247191,1.733543978872237,1.8346721083167894,-1.2482450972198356,-2.3027350885299764
0.6853932584269663,0.4606741573033708,1.7319296239213073,0.98238327955387,-1.2675298166122755,-2.543981705107757
0.6853932584269663,0.47191011235955055,1.7381219470500195,0.7111674292839318,-1.2637549984640237,-2.8435960462123973
0.6853932584269663,0.4831460674157303,1.7330114975633983,0.6827368557786065,-1.2511971100401598,-2.8476754523250953
0.6853932584269663,0.4943820224719101,1.725014843623297,0.14805278676803618,-1.2564478821771956,-2.492199180987197
0.6853932584269663,0.5056179775280899,1.7165030568650017,-0.9326986551146691,-1.2773097822225048,-2.1164578087293817
0.6853932584269663,0.5168539325842696,1.7298381693920897,-1.6216182475623881,-1.2901014464081877,-2.0551047497366417
0.6853932584269663,0.5280898876404494,1.740514563981663,-1.662757969639142,-1.2941970785933041,-2.030070807743102
0.6853932584269663,0.5393258426966292,1.7100498552638221,-1.576057699301262,-1.3017284009701178,-1.609883802823002
0.6853932584269663,0.550561797752809,1.670333369402047,-1.5827907402174402,-1.2954159894913453,-0.9169914817162688
0.6853932584269663,0.5617977528089888,1.6799122672152669,-1.6464079757774421,-1.2943051172792144,-0.540741369143674
0.6853932584269663,0.5730337078651685,1.668589473409954,-1.621525085467408,-1.288942418229424,-0.5352010232533436
0.6853932584269663,0.5842696629213483,1.6100147693066236,-1.4506453612518286,-1.2011774104427575,-0.28424237568999267
0.6853932584269663,0.5955056179775281,1.5746300989794333,-1.3446613225459947,-1.0522049894243803,0.2553964748582587
0.6853932584269663,0.6067415730337078,1.6083275960057808,-1.3930899161911168,-0.9556535191017764,0.5968183443784847
0.6853932584269663,0.6179775280898876,1.6143401487413105,-1.4180153747753053,-0.9403868329327366,0.6117910781121604
0.6853932584269663,0.6292134831460674,1.4725492980944532,-1.3662091164278847,-0.945666791450886,0.5566803179421076
0.6853932584269663,0.6404494382022472,1.2947329353767545,-1.3497473447654178,-0.9487039174750973,0.6792934134038409
0.6853932584269663,0.651685393258427,1.2340829512936005,-1.4024151928905573,-0.9847483398504032,0.865502392650008
0.6853932584269663,0.6629213483146067,1.2367696761568931,-1.3903564176365675,-1.0090865180300987,0.8874223209710277
0.6853932584269663,0.6741573033707865,1.170372629841067,-1.2401436486356632,-0.9431687644562063,0.7423302008801365
0.6853932584269663,0.6853932584269663,1.0808388152647517,-1.0926293318282552,-0.8417548382857294,0.6040254163702601
0.6853932584269663,0.696629213483146,1.0556343537725255,-1.0733634221048858,-0.7985983475129051,0.5750075141941908
0.6853932584269663,0.7078651685393258,1.0395442123253362,-1.0427974135775593,-0.7586974691034842,0.5409375456900425
0.6853932584269663,0.7191011235955056,0.9710561588492925,-0.7679646208314838,-0.62489685134544,0.3911829499318527
0.6853932584269663,0.7303370786516854,0.941741748949819,-0.515452058777497,-0.557742172121246,0.26075350063710867
0.6853932584269663,0.7415730337078652,0.9887342652100146,-0.48374913947547626,-0.5679496892575832,0.2514537497342099
0.6853932584269663,0.7528089887640449,0.8163741861073676,-0.40711078250225735,-0.4908113576914328,0.2178190674539755
0.6853932584269663,0.7640449438202247,0.45945352392511934,-0.16492343986581512,-0.36748952464079715,0.1066235259434571
0.6853932584269663,0.7752808988764045,0.36751107053144305,0.0010240025921450279,-0.3490696000305147,0.06101515962674051
0.6853932584269663,0.7865168539325842,0.35700443104734225,-0.0033525077200500714,-0.299611299544897,0.05713533567301769
0.6853932584269663,0.797752808988764,0.19010367732751618,-0.0013859248693943065,-0.12794446823545078,0.028755535192306003
0.6853932584269663,0.8089887640449438,0.09599200803699105,0.04796063565359997,-0.08514031087177555,0.021948901767605347
0.6853932584269663,0.8202247191011236,0.096978648929947,0.051801542436254046,-0.08879789814284496,0.025391277336547103
0.6853932584269663,0.8314606741573034,0.07684221342977036,0.01057261583710324,-0.0903446317969289,0.00858275000303429
0.6853932584269663,0.8426966292134831,0.06141685025775084,-0.013345090214145329,-0.06470978637854377,-0.008251733392596076
0.6853932584269663,0.8539325842696629,0.060184311393268346,-0.012365527837777779,-0.05433559274160413,-0.007917425078955187
0.6853932584269663,0.8651685393258427,0.0624710541211558,-0.01293661450120524,-0.021124708060341703,0.006524703506423558
0.6853932584269663,0.8764044943820224,0.07682959009164769,-0.028970659983546487,-0.001217672200481399,0.02372007833537411
0.6853932584269663,0.8876404494382022,0.0647764364682328,-0.02650903741851165,-0.0013229083444316289,0.023245821272054035
0.6853932584269663,0.898876404494382,0.0034941472001163683,-0.002718005333645414,-0.003046524128490911,-0.0018348458053210044
0.6853932584269663,0.9101123595505618,-0.008939706409943921,0.00397263290253432,-0.005565881785763296,-0.011496714183646199
0.6853932584269663,0.9213483146067416,-0.002990797394854289,-0.001963198087117577,-0.0019476493865695783,-0.00863999826230691
0.6853932584269663,0.9325842696629213,-0.0009539229584130315,-0.004210167783876056,0.0014087950296770518,-0.005943395633311218
0.6853932584269663,0.9438202247191011,-0.0020440682292785506,-0.0011531720655829668,-0.0005793248624797516,-0.004686998382560388
0.6853932584269663,0.9550561797752809,-0.002400669890740321,0.0012422051351632663,-0.0014636955793903218,-0.0035971155874338625
0.6853932584269663,0.9662921348314606,-0.0016789270328794591,0.001332697921000406,-0.0015349497990794997,-0.0033798054653544625
0.6853932584269663,0.9775280898876404,-0.0011376003373957248,0.001337484489550066,-0.0007563457665256048,-0.0029873826908644275
0.6853932584269663,0.9887640449438202,-0.000723482259359405,0.0006932190487923997,0.0008201427502722551,-0.001876667450898172
0.6853932584269663,1.0,-2.5543167877618466e-18,6.318059989631257e-19,9.365805632898674e-18,-7.79777690385724e-18
0.696629213483146,0.0,0.0,0.0,-0.0,0.0
0.696629213483146,0.011235955056179775,0.0008507607059813313,0.00037866226872992475,0.0013979152440805238,0.0007027018440477515
0.696629213483146,0.02247191011235955,0.0011829904810282314,0.0003580267906717452,0.0025205086866266616,0.0006475240926088439
0.696629213483146,0.033707865168539325,0.0014429579278249262,0.0006955394634239669,0.002181645108066322,0.00021983602309904736
0.696629213483146,0.0449438202247191,0.0017432306466769116,0.0012482681010515936,0.001444997745399959,0.0003353438259653281
0.696629213483146,0.056179775280898875,0.002077187961850177,-0.0001234148175279774,0.0013911557601300696,-0.0007097269088911715
0.696629213483146,0.06741573033707865,0.002454787024108587,-0.0017146179283397023,0.0015211159011677196,-0.0022974704804865705
0.696629213483146,0.07865168539325842,0.002234000569705107,-0.00037658692283660134,0.0008383711828443101,-0.0005037120879993344
0.696629213483146,0.0898876404494382,0.0013368791683759484,0.0013720595580228024,-8.053531714119268e-05,0.001208582512313709
0.696629213483146,0.10112359550561797,0.001987798107042938,0.0020748501367645025,0.0005523332830221104,0.0005007000790318473
0.696629213483146,0.11235955056179775,-0.0005907387610651954,0.00816680150936161,0.0027621564890149553,-0.001064973282287458
0.696629213483146,0.12359550561797752,-0.0018030549233527416,0.00917483343789232,0.00360547439312326,-0.0020397432776557475
0.696629213483146,0.1348314606741573,0.05088191907409688,-0.00966002386180514,0.0003113186630189503,0.012608253292546815
0.696629213483146,0.14606741573033707,0.11469648115113613,-0.029777216172795717,-0.002545347694619391,0.03500292979020606
0.696629213483146,0.15730337078651685,0.11783074687253516,-0.025680616999190366,-0.005018090035500852,0.03337907628970162
0.696629213483146,0.16853932584269662,0.14946976555123193,-0.013827304657774543,-0.021590216535384635,0.013278751268709749
0.696629213483146,0.1797752808988764,0.1679956611276053,-0.013734260933133142,-0.01670201645479631,-0.025921219228089123
0.696629213483146,0.19101123595505617,0.17804603494233603,-0.013682120202530436,-0.022627021014346965,-0.013604671941712191
0.696629213483146,0.20224719101123595,0.277026194069892,-0.011303357564775143,-0.09319750903367673,0.12041880604728748
0.696629213483146,0.21348314606741572,0.4087542828834097,-0.021852322297119923,-0.15154166899704286,0.25858180622347254
0.696629213483146,0.2247191011235955,0.4246996802803387,-0.026032493950964124,-0.1492501693100473,0.2783861951507498
0.696629213483146,0.23595505617977527,0.5039010700284933,0.014092057087497075,-0.1930318696952464,0.4331777997369172
0.696629213483146,0.24719101123595505,0.8052416218860923,0.06880299028214865,-0.30965701961186454,0.793222430846978
0.696629213483146,0.2584269662921348,1.0068106961243541,0.07701812622803064,-0.37269695623318716,0.9712574070243368
0.696629213483146,0.2696629213483146,0.9734872154286125,0.11307861806858722,-0.3932774908292445,0.9809624942790418
0.696629213483146,0.2808988764044944,1.0138807600386104,0.29001201916164604,-0.48140597271749297,1.245098028717058
0.696629213483146,0.29213483146067415,1.1689696372431828,0.461036777552433,-0.5955905722857838,1.6406935289484201
0.696629213483146,0.3033707865168539,1.2137495228557478,0.49492015891372326,-0.6249763731716865,1.7400383581424872
0.696629213483146,0.3146067415730337,1.2277463576729342,0.5146957016528317,-0.6199454115944378,1.6584350198559452
0.696629213483146,0.3258426966292135,1.3150319329174212,0.6903011499936644,-0.6893266457871603,1.8967504929316108
0.696629213483146,0.33707865168539325,1.3861293425613885,0.8604435406698882,-0.7877420910702405,2.4063101277749572
0.696629213483146,0.348314606741573,1.386322089257318,0.8798079247235117,-0.7979509298250865,2.443412159466787
0.696629213483146,0.3595505617977528,1.398731716971788,1.0483360614846686,-0.8075319278529373,1.9017643663942505
0.696629213483146,0.3707865168539326,1.480601922945768,1.4783706052649435,-0.8629968491289642,1.488748378372864
0.696629213483146,0.38202247191011235,1.5811287106408223,1.8118534251577858,-0.9085496787808691,1.5666622675486348
0.696629213483146,0.3932584269662921,1.5813020311998145,1.8063192022052783,-0.9135847863304732,1.5101968398154813
0.696629213483146,0.4044943820224719,1.5460997888612935,1.7349684395379683,-0.9367147889545792,0.4144434924007179
0.696629213483146,0.4157303370786517,1.5967464316165136,2.028876879122132,-0.9957712944604502,-1.4226270108429884
0.696629213483146,0.42696629213483145,1.687910681323233,2.428168368764173,-1.022135440563275,-2.3599138817557415
0.696629213483146,0.4382022471910112,1.6841087220186324,2.3799553849283313,-1.0249121126407632,-2.370864575126598
0.696629213483146,0.449438202247191,1.6343789293339455,1.690229896899207,-1.039585497920192,-2.2990413294536634
0.696629213483146,0.4606741573033708,1.6193305565173999,0.8968877612808004,-1.05894811101526,-2.5231053991369863
0.696629213483146,0.47191011235955055,1.6207706080138744,0.6617520742172784,-1.0621514211244802,-2.815134228485204
0.696629213483146,0.4831460674157303,1.6203720270965574,0.6275949672088466,-1.0596292545656252,-2.7997143480451396
0.696629213483146,0.4943820224719101,1.6188574319388656,0.1275261534668028,-1.0754997575337297,-2.412060969496659
0.696629213483146,0.5056179775280899,1.61042791528095,-0.8427489077424173,-1.1000385158870918,-2.0468717167669936
0.696629213483146,0.5168539325842696,1.6154987370217109,-1.4514168454600689,-1.1068472581852518,-2.0105256973222234
0.696629213483146,0.5280898876404494,1.6166928481400187,-1.4844926498094888,-1.1108082457106587,-1.9994805284752517
0.696629213483146,0.5393258426966292,1.5815866443672701,-1.3966646473319877,-1.1306337893210117,-1.5980832047405935
0.696629213483146,0.550561797752809,1.5455788165826332,-1.405322957104352,-1.135141971718611,-0.9230217573913012
0.696629213483146,0.5617977528089888,1.5671546362740372,-1.4820081979746917,-1.1337200267190892,-0.5326371362512429
0.696629213483146,0.5730337078651685,1.5678381213631913,-1.48270998905594,-1.1320407831090176,-0.5014923332790429
0.696629213483146,0.5842696629213483,1.5209637386571924,-1.3567634146759888,-1.0612400786481098,-0.26614000402968363
0.696629213483146,0.5955056179775281,1.4974378081178872,-1.2854096836583258,-0.9323785368299833,0.24404175318940327
0.696629213483146,0.6067415730337078,1.5321903547559685,-1.328934551479813,-0.8507432125424893,0.5519926614909674
0.696629213483146,0.6179775280898876,1.5347771610014929,-1.3372268556711244,-0.8425201882604089,0.5707941744969558
0.696629213483146,0.6292134831460674,1.3980481437233923,-1.283598929079881,-0.8443906643359957,0.5535327781651741
0.696629213483146,0.6404494382022472,1.2315463837616654,-1.2745335785337004,-0.8310881963848235,0.6942970551269635
0.696629213483146,0.651685393258427,1.1744938647480683,-1.326599292339609,-0.8395782726976805,0.8538951959904549
0.696629213483146,0.6629213483146067,1.1689085905054226,-1.3156772692122083,-0.8391684977891684,0.8493935236423543
0.696629213483146,0.6741573033707865,1.103115488968708,-1.1954443691659637,-0.7693702275435952,0.7073131275297895
0.696629213483146,0.6853932584269663,1.0224399291403465,-1.0784157219802577,-0.675602422145406,0.5810793623197907
0.696629213483146,0.696629213483146,1.0000595723858774,-1.0620865918856228,-0.6381519499405226,0.5541059018266677
0.696629213483146,0.7078651685393258,0.9917146830051737,-1.0175969400679628,-0.6108846761682716,0.5285211891674606
0.696629213483146,0.7191011235955056,0.9477175253044673,-0.7373570245822588,-0.5005420411754891,0.39453814930719705
0.696629213483146,0.7303370786516854,0.9298383030369832,-0.49714449538354116,-0.446861787982249,0.2635346978188754
0.696629213483146,0.7415730337078652,0.954311061282333,-0.46988534059133147,-0.45634931627907555,0.2406174660150266
0.696629213483146,0.7528089887640449,0.7952816374067821,-0.38343230727200617,-0.39290584106691767,0.2127730240042354
0.696629213483146,0.7640449438202247,0.47252008993392286,-0.13378744778736382,-0.2983318519828446,0.11868266565432559
0.696629213483146,0.7752808988764045,0.3739435913464462,0.022095810396433276,-0.29229555772033844,0.07805891991559043
0.696629213483146,0.7865168539325842,0.35359005046539893,0.01267325688678782,-0.2577850224412795,0.07570959263838865
0.696629213483146,0.797752808988764,0.2002881745884582,0.004714550752157849,-0.1244913954395223,0.05177223117401328
0.696629213483146,0.8089887640449438,0.09838897290724974,0.043959867095623044,-0.08585166653562334,0.04100997346554458
0.696629213483146,0.8202247191011236,0.0920061144165383,0.04818873408370336,-0.08498451481466437,0.041391222817038574
0.696629213483146,0.8314606741573034,0.07109694477799292,0.010300237370361695,-0.09118173413047764,0.024815209928277085
0.696629213483146,0.8426966292134831,0.05360427110595858,-0.013880028130854802,-0.07500936480515934,0.00798412023821058
0.696629213483146,0.8539325842696629,0.05227094915203284,-0.015510276199799842,-0.06688549638035601,0.005815654586440811
0.696629213483146,0.8651685393258427,0.057044824884773845,-0.01769039892733945,-0.027735948091940806,0.015583924808420564
0.696629213483146,0.8764044943820224,0.0732031439275382,-0.03295534421512278,-0.00625664676628948,0.02833461972026144
0.696629213483146,0.8876404494382022,0.06108138712262255,-0.027298685982117276,-0.006187851537138642,0.024323841207528188
0.696629213483146,0.898876404494382,0.006414020017472921,0.0007016407012896045,-0.007631026968051136,0.0001242047178380541
0.696629213483146,0.9101123595505618,-0.0060201768483039274,0.009027017715967972,-0.009033873964712736,-0.007822942956205258
0.696629213483146,0.9213483146067416,-0.0016867297183425466,0.003448562985269638,-0.00499348387497784,-0.00345150597128927
0.696629213483146,0.9325842696629213,-0.00015311578097964933,0.0006544130440705734,-0.0014937923826428114,-0.0010371817104118883
0.696629213483146,0.9438202247191011,-0.0006798065265223357,0.0017172008629985178,-0.003111161937429244,-0.001198872750575559
0.696629213483146,0.9550561797752809,-0.0009041993487178533,0.002460980867131886,-0.0039474807820565295,-0.0013401033909693806
0.696629213483146,0.9662921348314606,-0.0009402401390460992,0.0021689407667487576,-0.0037951857418635337,-0.0021346598103703218
0.696629213483146,0.9775280898876404,-0.0011876774123019374,0.0022947178485871857,-0.0027239383836336626,-0.0026180561130969204
0.696629213483146,0.9887640449438202,-0.0008036101544927278,0.0014316323833404904,-0.0004314440818377049,-0.0017681020295318844
0.696629213483146,1.0,-1.5959105828533223e-18,3.454604220641564e-18,5.487539552764343e-18,-6.046550792357129e-18
0.7078651685393258,0.0,0.0,0.0,-0.0,0.0
0.7078651685393258,0.011235955056179775,0.0005593531314432495,0.00041437250197883045,0.0014414873568409693,-0.0013669870601893577
0.7078651685393258,0.02247191011235955,0.0007662046993268489,0.00016829579471239745,0.0029004943381746497,-0.001741425567307409
0.7078651685393258,0.033707865168539325,0.0010577406153473063,0.0005423631732214193,0.0029000367773846228,-0.0037079503908240326
0.7078651685393258,0.0449438202247191,0.0011629977612237343,0.0014448667423622268,0.0025238489001128254,-0.0067676773764252934
0.7078651685393258,0.056179775280898875,0.0013938872195925214,0.0006271844062894643,0.002828493635573512,-0.009994727487531668
0.7078651685393258,0.06741573033707865,0.0017490560850013967,-0.0006208054447590164,0.003099804201145171,-0.012986559604297015
0.7078651685393258,0.07865168539325842,0.0016301714315739672,6.500035166818404e-05,0.002008495320909096,-0.012424011508348156
0.7078651685393258,0.0898876404494382,0.0010128890259834744,0.0010719000960814217,0.0012988520629223209,-0.011835975226360594
0.7078651685393258,0.10112359550561797,0.0019729675460613406,0.0025772207767654023,0.003021111635397304,-0.014684610379510401
0.7078651685393258,0.11235955056179775,-0.0007786877565077905,0.007072931323654821,0.005493268004535502,-0.019478407483748763
0.7078651685393258,0.12359550561797752,-0.00036146183181162743,0.0076417194792248126,0.0035968729850258995,-0.023382126104118484
0.7078651685393258,0.1348314606741573,0.05391120620357861,-0.00504082139419211,-0.0018938139379514364,-0.011383556300123042
0.7078651685393258,0.14606741573033707,0.11182541675574179,-0.023875011403833118,-0.0027918870313558834,0.006064019815984625
0.7078651685393258,0.15730337078651685,0.11663581734736057,-0.02848564618934048,-0.0018658012617357056,0.00392840272416069
0.7078651685393258,0.16853932584269662,0.14628100069792774,-0.021115343612597922,-0.015112304661727456,-0.013201980537418005
0.7078651685393258,0.1797752808988764,0.16437616099764316,-0.016687175790017265,-0.012769148591698459,-0.046082868449948355
0.7078651685393258,0.19101123595505617,0.1708184319084208,-0.013754494856597119,-0.024005517179980552,-0.030505085872525407
0.7078651685393258,0.20224719101123595,0.26365393309215923,-0.012504235981532196,-0.08354128650702894,0.09956110461080442
0.7078651685393258,0.21348314606741572,0.39231166027904074,-0.022552490106718826,-0.1306906466879041,0.23043142437185588
0.7078651685393258,0.2247191011235955,0.4280315042870094,-0.025762169798253878,-0.14808290798360169,0.2452280444695338
0.7078651685393258,0.23595505617977527,0.5220484878686298,0.010925744599785136,-0.20316843145929256,0.39058538094039524
0.7078651685393258,0.24719101123595505,0.8046479058256532,0.06601944840534456,-0.3106613482999004,0.7427609050147082
0.7078651685393258,0.2584269662921348,0.9926948587074176,0.08192473956667477,-0.3629047126157804,0.9287283707550764
0.7078651685393258,0.2696629213483146,0.9824630430254422,0.12137283670795557,-0.37351419288982607,0.9524756967786322
0.7078651685393258,0.2808988764044944,1.0371715801342891,0.2957762826377816,-0.4556936021418126,1.2165608412048883
0.7078651685393258,0.29213483146067415,1.1720135254379533,0.4671233823601881,-0.5808477899677219,1.6071394710226272
0.7078651685393258,0.3033707865168539,1.200286412414475,0.4977471107564708,-0.629394257547767,1.7196008662386215
0.7078651685393258,0.3146067415730337,1.207755932675212,0.5102378941709175,-0.6168706356293914,1.6656825131888418
0.7078651685393258,0.3258426966292135,1.2819601448538238,0.6914475732647278,-0.6741867401092165,1.8895804688472873
0.7078651685393258,0.33707865168539325,1.3598009961182522,0.8722736448647505,-0.7717061956846274,2.3650209395754294
0.7078651685393258,0.348314606741573,1.3863658402622956,0.8986027576325295,-0.7821994967425709,2.383379213235414
0.7078651685393258,0.3595505617977528,1.4186927064956587,1.0647656625950248,-0.794708997535342,1.824063205417498
0.7078651685393258,0.3707865168539326,1.4922638235736048,1.4931687111417646,-0.8498595191860422,1.4436643906226092
0.7078651685393258,0.38202247191011235,1.5651805499957012,1.820271034188585,-0.8863035782879711,1.5164372886064703
0.7078651685393258,0.3932584269662921,1.5609615115962328,1.8084548003263987,-0.8778309254215263,1.3933603317157393
0.7078651685393258,0.4044943820224719,1.5299420830715469,1.7370466746700748,-0.8905130381907328,0.31625485899418015
0.7078651685393258,0.4157303370786517,1.5759717711965064,2.0267548874278005,-0.9497626787366963,-1.3650687066375968
0.7078651685393258,0.42696629213483145,1.6616839477334673,2.4227831772185744,-0.9873512922799066,-2.238033438676356
0.7078651685393258,0.4382022471910112,1.6655560808211327,2.3883988024656366,-0.9878496940478688,-2.253946245059608
0.7078651685393258,0.449438202247191,1.6230876663170652,1.6900799620307752,-0.9937112346136494,-2.192318083305151
0.7078651685393258,0.4606741573033708,1.6081462120643957,0.8908892013793119,-1.0105699573029785,-2.40348253685671
0.7078651685393258,0.47191011235955055,1.6094529229290777,0.6695037474343964,-1.0226423018849626,-2.689111507421055
0.7078651685393258,0.4831460674157303,1.6097306305312822,0.6209636401705042,-1.0326532707582088,-2.6899377566826974
0.7078651685393258,0.4943820224719101,1.608988559469546,0.09873936408752068,-1.0571738349494428,-2.3207981064269414
0.7078651685393258,0.5056179775280899,1.6043728895846234,-0.8752310804849495,-1.0789359272330363,-1.9760598627778712
0.7078651685393258,0.5168539325842696,1.609154385086159,-1.4827757597109819,-1.0712925931704393,-1.9377422800762647
0.7078651685393258,0.5280898876404494,1.6044658245114614,-1.5188970681550513,-1.0635307558373537,-1.9008919039180934
0.7078651685393258,0.5393258426966292,1.5646360158008934,-1.4146938426805742,-1.082787111016132,-1.4999871872954997
0.7078651685393258,0.550561797752809,1.5276387310496504,-1.4178362576149892,-1.093643011832113,-0.8767133609388562
0.7078651685393258,0.5617977528089888,1.5504570834873326,-1.5029466295701424,-1.0936125430717933,-0.5094679430664487
0.7078651685393258,0.5730337078651685,1.5590478772338234,-1.5127524934360606,-1.0905368326677933,-0.4739195037201867
0.7078651685393258,0.5842696629213483,1.5233778656816914,-1.392546996748734,-1.0202554177659187,-0.2903601449498365
0.7078651685393258,0.5955056179775281,1.5012929128099082,-1.3137945588616906,-0.8888310648012795,0.1930041529415121
0.7078651685393258,0.6067415730337078,1.519215769285071,-1.339200909843282,-0.8093489992504502,0.5155675776125781
0.7078651685393258,0.6179775280898876,1.5029738575985945,-1.3257720613741353,-0.8106214449550717,0.5488935263844126
0.7078651685393258,0.6292134831460674,1.370735901846217,-1.2602323104198137,-0.829570770168306,0.5564763619323709
0.7078651685393258,0.6404494382022472,1.2206367903957742,-1.2533836073316285,-0.8268827698468512,0.6966263635828528
0.7078651685393258,0.651685393258427,1.1674827243449357,-1.3193445827093593,-0.8260079346696486,0.82312052987716
0.7078651685393258,0.6629213483146067,1.1580363417610362,-1.3152034881578165,-0.8107696074388894,0.8007529151291125
0.7078651685393258,0.6741573033707865,1.0922255649535813,-1.1905647065165774,-0.7378632478296179,0.660595718746166
0.7078651685393258,0.6853932584269663,1.0137227654670162,-1.0680501976604269,-0.6526510858473688,0.5359647671979422
0.7078651685393258,0.696629213483146,0.9906956925415406,-1.0431345376446897,-0.6257994339328485,0.5083771224747061
0.7078651685393258,0.7078651685393258,0.9840391482098778,-0.9885133376456496,-0.6053772492449627,0.4909699002817365
0.7078651685393258,0.7191011235955056,0.9504305094979263,-0.7151743211921073,-0.5048085910185395,0.3733355838733872
0.7078651685393258,0.7303370786516854,0.9318644284748575,-0.4885887073920221,-0.44769744348177104,0.2421588711035117
0.7078651685393258,0.7415730337078652,0.9361445021272631,-0.4626105245839175,-0.4422707508298583,0.20641280876049645
0.7078651685393258,0.7528089887640449,0.7980609764585497,-0.37066413792228003,-0.38264656679708736,0.18521292064616282
0.7078651685393258,0.7640449438202247,0.49973440105093425,-0.12567381788050014,-0.3045191307971327,0.103204991498874
0.7078651685393258,0.7752808988764045,0.3743037822952796,0.018094063743698343,-0.2913084594542626,0.0579647451684031
0.7078651685393258,0.7865168539325842,0.33813986092787485,0.007378031672285176,-0.24864775794099053,0.0548811003946246
0.7078651685393258,0.797752808988764,0.19261753331556755,-0.0009219147163422946,-0.1295852380913277,0.037229040015026534
0.7078651685393258,0.8089887640449438,0.0958271977154362,0.04216092893679551,-0.08096651686788976,0.0278771499020254
0.7078651685393258,0.8202247191011236,0.09031147243449555,0.05351116322111806,-0.07179272303524363,0.025535055192378003
0.7078651685393258,0.8314606741573034,0.07235932145348335,0.018401436580320844,-0.0748116911978724,0.007652229636592649
0.7078651685393258,0.8426966292134831,0.05509091456614663,-0.009686716903137138,-0.061014356772222285,-0.008928045495453445
0.7078651685393258,0.8539325842696629,0.05200219744420372,-0.01534723345978524,-0.05824920638050125,-0.010986307459855984
0.7078651685393258,0.8651685393258427,0.05543282778947684,-0.01657515195559094,-0.023465945026033455,-0.0005858831272812796
0.7078651685393258,0.8764044943820224,0.07140841692137893,-0.03011986859634502,-0.003948399219404905,0.01355902151533239
0.7078651685393258,0.8876404494382022,0.058556349290216365,-0.026265350189067324,-0.004435609619623591,0.009590814698053552
0.7078651685393258,0.898876404494382,0.006224005781852236,-0.0004903262751186047,-0.005852125279457436,-0.012721978325934979
0.7078651685393258,0.9101123595505618,-0.007877566451524688,0.007702249496082738,-0.007229438907087237,-0.017834321333462442
0.7078651685393258,0.9213483146067416,-0.003574356532118895,0.002284137999257181,-0.003882770109580472,-0.011308475455695877
0.7078651685393258,0.9325842696629213,-0.001285289977382493,-2.1898716288358728e-05,-0.0004777244222160236,-0.009168644638694145
0.7078651685393258,0.9438202247191011,-0.0009435302579996663,0.0010342396825707703,-0.0012234059350580537,-0.00942249185182861
0.7078651685393258,0.9550561797752809,-0.0007568906152052792,0.0016452034508126897,-0.0017892174418802295,-0.007869585639422364
0.7078651685393258,0.9662921348314606,-0.0009414680539670858,0.0013931555542351147,-0.002113670441925494,-0.006444657807957342
0.7078651685393258,0.9775280898876404,-0.0012221357482784172,0.0015647529138217047,-0.0020456684925376453,-0.005038508732691647
0.7078651685393258,0.9887640449438202,-0.0006758403496591798,0.001014591441194787,-0.0006573862556419307,-0.0024905055759396975
0.7078651685393258,1.0,-6.088351725618507e-19,2.3041223390182876e-18,3.9726616240645536e-18,-5.428445623467018e-18
0.7191011235955056,0.0,-0.0,-0.0,-0.0,0.0
0.7191011235955056,0.011235955056179775,-0.0003211977564105046,-0.00015750153592370954,0.0015544353044655158,-0.00218553704080611
0.7191011235955056,0.02247191011235955,-0.00040520491865251803,-0.00017447013713510384,0.002965296253239748,-0.0019981593449037343
0.7191011235955056,0.033707865168539325,2.4978306041545937e-05,0.0011849437058425011,0.002884435872956839,-0.003201670283436884
0.7191011235955056,0.0449438202247191,0.00019741459186018283,0.0027730196204961825,0.0030060144358030364,-0.008376999968701376
0.7191011235955056,0.056179775280898875,0.0003861070267659855,0.0015039000551739753,0.004448079334195723,-0.016677945658511478
0.7191011235955056,0.06741573033707865,0.0007927596759085338,-0.0010939345656883347,0.004968975489419529,-0.02351177259907465
0.7191011235955056,0.07865168539325842,0.0010876366046001936,-0.0019372046167984562,0.003301487895654298,-0.022183982283892168
0.7191011235955056,0.0898876404494382,0.0011511094950667374,-0.0011516420334374846,0.0028254143594231874,-0.018566698521507278
0.7191011235955056,0.10112359550561797,0.0030846181780519125,0.0005839810358271275,0.005749087574541142,-0.0192360129713913
0.7191011235955056,0.11235955056179775,0.0014425465620075322,0.002528102350946959,0.009282853013143565,-0.023244482707615546
0.7191011235955056,0.12359550561797752,0.003656361760323541,0.0015175046206990107,0.00600006165152935,-0.028225155446204183
0.7191011235955056,0.1348314606741573,0.0557430394285677,-0.0040066845775775075,-0.001435187424390857,-0.02063855491861278
0.7191011235955056,0.14606741573033707,0.10398785920435288,-0.013105652673901154,-0.0025211337158132147,-0.008712566677677301
0.7191011235955056,0.15730337078651685,0.10739137320709446,-0.016591828957249817,-0.0005147171314568985,-0.00694379077120045
0.7191011235955056,0.16853932584269662,0.1357766405814677,-0.013644616006754564,-0.012122356887245648,-0.011363956374933459
0.7191011235955056,0.1797752808988764,0.15002897769966692,-0.012006661225144604,-0.01333287929135703,-0.03366317721802616
0.7191011235955056,0.19101123595505617,0.1544362005594982,-0.008619454016908473,-0.024848166883236357,-0.02145208536317671
0.7191011235955056,0.20224719101123595,0.24409464321779586,-0.005120909693146465,-0.061707976646848794,0.09065249448205409
0.7191011235955056,0.21348314606741572,0.36411367793242155,-0.013759332669649144,-0.09226400758992637,0.20393019587827915
0.7191011235955056,0.2247191011235955,0.40067146749848265,-0.016681064834456104,-0.10735463693569376,0.2114962392977542
0.7191011235955056,0.23595505617977527,0.4943280427405506,0.020432983898714636,-0.15285624128628328,0.3190050856736814
0.7191011235955056,0.24719101123595505,0.7559799950743599,0.08121088496560622,-0.23911078675120007,0.6112030699536798
0.7191011235955056,0.2584269662921348,0.9299718753992613,0.10337340903350703,-0.2787257732435628,0.7712063331926956
0.7191011235955056,0.2696629213483146,0.93285658257926,0.13950886433557722,-0.28313119286098587,0.7879068754094102
0.7191011235955056,0.2808988764044944,0.9936837816852732,0.3021011890293079,-0.34541317235877744,1.0077209028143836
0.7191011235955056,0.29213483146067415,1.1119911425476956,0.46332779162207355,-0.46668384950558905,1.3565968145031158
0.7191011235955056,0.3033707865168539,1.130846859064344,0.4941576221825505,-0.5316530115858467,1.4630327609862221
0.7191011235955056,0.3146067415730337,1.134034223363464,0.5081593726559585,-0.5071762925247085,1.4065354023000538
0.7191011235955056,0.3258426966292135,1.1991096883985166,0.6977303992159095,-0.5229361466801986,1.5889140710777951
0.7191011235955056,0.33707865168539325,1.2761925028052623,0.8972069839996026,-0.5764227537764379,1.9941007925276462
0.7191011235955056,0.348314606741573,1.309084744828127,0.9356547783351968,-0.5806624602357443,1.9818354904880393
0.7191011235955056,0.3595505617977528,1.3406383453271684,1.0886010976639202,-0.5927728118367835,1.4792849303465185
0.7191011235955056,0.3707865168539326,1.4024289147954216,1.4901366263477658,-0.631690382199143,1.1794293618461034
0.7191011235955056,0.38202247191011235,1.4616142762896103,1.7912188952290224,-0.6491136852661995,1.2700798212230926
0.7191011235955056,0.3932584269662921,1.4588806360238642,1.7571838322693836,-0.6269145333615006,1.1793123879386296
0.7191011235955056,0.4044943820224719,1.4322093280195687,1.6923614372506175,-0.6189429893735597,0.30087679352493524
0.7191011235955056,0.4157303370786517,1.471934672514009,1.9799412353070143,-0.6503922988003099,-1.0876048063077348
0.7191011235955056,0.42696629213483145,1.5480978218493084,2.3531133636317145,-0.678539762025176,-1.853059008385646
0.7191011235955056,0.4382022471910112,1.5574437849769434,2.319288838801575,-0.6851677293097299,-1.8843082663810387
0.7191011235955056,0.449438202247191,1.5262541934662548,1.657685163396452,-0.7015410916256781,-1.8436247950225422
0.7191011235955056,0.4606741573033708,1.5174682811335887,0.8819154304797113,-0.7232603240179257,-2.025137072619255
0.7191011235955056,0.47191011235955055,1.5210380012955431,0.6598916234588422,-0.73400743317919,-2.259263349462287
0.7191011235955056,0.4831460674157303,1.5190793775339864,0.6183343326366862,-0.7412418180647246,-2.2435957341635224
0.7191011235955056,0.4943820224719101,1.5137130033328736,0.0966601326164649,-0.7606246318041342,-1.900854684678922
0.7191011235955056,0.5056179775280899,1.5110778467330328,-0.8972078186475437,-0.7740333604926214,-1.590914072176446
0.7191011235955056,0.5168539325842696,1.5190718549774347,-1.546152868633045,-0.7591046406828442,-1.5677912935833869
0.7191011235955056,0.5280898876404494,1.5143089413038284,-1.5983900312740582,-0.746693581211274,-1.5364032842997182
0.7191011235955056,0.5393258426966292,1.474794514610415,-1.4763927501611207,-0.757030616141951,-1.1962977769415524
0.7191011235955056,0.550561797752809,1.4386326093800932,-1.4671213548527815,-0.7593486791469103,-0.6832274294041109
0.7191011235955056,0.5617977528089888,1.4566730927785667,-1.543754822065444,-0.7569549275369849,-0.3704550156391252
0.7191011235955056,0.5730337078651685,1.4653076405101095,-1.5389163514548352,-0.7677907886500874,-0.33198142595373775
0.7191011235955056,0.5842696629213483,1.4343658352430773,-1.3843645116350662,-0.7411005142210674,-0.18138983980444995
0.7191011235955056,0.5955056179775281,1.405771792171581,-1.2697338820038206,-0.6477119139414846,0.21250537512696815
0.7191011235955056,0.6067415730337078,1.407712961154201,-1.2797783336387878,-0.583891293710442,0.4832683336313865
0.7191011235955056,0.6179775280898876,1.3856233737331463,-1.2599526972194217,-0.5828614739395604,0.4959305487306017
0.7191011235955056,0.6292134831460674,1.2751545869158782,-1.192632704763913,-0.5982717037826415,0.47135588455733507
0.7191011235955056,0.6404494382022472,1.1556216971480062,-1.1834761142895132,-0.5961288899322131,0.5682310610837222
0.7191011235955056,0.651685393258427,1.1146790135956701,-1.2577510306542377,-0.5946036454663107,0.6651425948199106
0.7191011235955056,0.6629213483146067,1.1049756671528257,-1.2509588086469876,-0.5905207978811289,0.6517297593227224
0.7191011235955056,0.6741573033707865,1.0372187487427513,-1.1002127385369451,-0.5429765277942499,0.5430590377153547
0.7191011235955056,0.6853932584269663,0.955935342135028,-0.9620375128130715,-0.4789293342377725,0.441862275226533
0.7191011235955056,0.696629213483146,0.9282787442934628,-0.9330742478335843,-0.45752349033964995,0.41764831197309643
0.7191011235955056,0.7078651685393258,0.9180990467051817,-0.8818800819442689,-0.4508967071436069,0.39358814351252214
0.7191011235955056,0.7191011235955056,0.8851088407690431,-0.6374130710233535,-0.3900106954342534,0.28276419046001605
0.7191011235955056,0.7303370786516854,0.8605493062250364,-0.4359638165035052,-0.3442658153673781,0.16389418088651558
0.7191011235955056,0.7415730337078652,0.8565966381757398,-0.4152607667803308,-0.33361048085144995,0.13510451858034495
0.7191011235955056,0.7528089887640449,0.7465633632047972,-0.3351523460746559,-0.2901271616242643,0.133674354174961
0.7191011235955056,0.7640449438202247,0.47913970484202234,-0.11849520244167107,-0.24578378932567685,0.0760881523074042
0.7191011235955056,0.7752808988764045,0.33945746969380436,0.008104455294539886,-0.24137824737286862,0.03684008249169653
0.7191011235955056,0.7865168539325842,0.2985222266934632,-0.00655839482834501,-0.1931199029455656,0.03748973276363345
0.7191011235955056,0.797752808988764,0.16136378902304427,-0.014619359842641101,-0.09848959862242555,0.02349314195687619
0.7191011235955056,0.8089887640449438,0.07306964663547814,0.03591396500960117,-0.048686068128571854,0.015745317222685556
0.7191011235955056,0.8202247191011236,0.07798045142848935,0.057482156977678445,-0.03529495192736512,0.017986802314611264
0.7191011235955056,0.8314606741573034,0.0662823850620839,0.0282265979382228,-0.03798595800603903,0.004675587468719287
0.7191011235955056,0.8426966292134831,0.05180516320568171,-0.00220846795818511,-0.027570856438478647,-0.010268022336551502
0.7191011235955056,0.8539325842696629,0.046330659646992664,-0.008603926259112746,-0.031360981331111995,-0.015693729167849522
0.7191011235955056,0.8651685393258427,0.04620178621834903,-0.006611610943359292,-0.013555484203449698,-0.011353811839844657
0.7191011235955056,0.8764044943820224,0.06022575858334155,-0.016712847643102772,-0.0002505544466021531,-0.0015647327073646273
0.7191011235955056,0.8876404494382022,0.05003252737386351,-0.015531899561141399,-0.0011387001269350554,-0.005251570793419048
0.7191011235955056,0.898876404494382,0.002312610399726496,0.002611612816603535,-0.0015346752905252138,-0.024537422181675865
0.7191011235955056,0.9101123595505618,-0.011480944475148516,0.00813149023624551,-0.0022227190862065976,-0.029525718669231343
0.7191011235955056,0.9213483146067416,-0.005862773648675145,0.0008627719196955272,0.00023912217485196538,-0.023379796985865307
0.7191011235955056,0.9325842696629213,-0.0026358065061095805,-0.001549364070971603,0.0024830729404691472,-0.018590724065436808
0.7191011235955056,0.9438202247191011,-0.0018446642235343217,0.0002493168500507192,0.0017705711399101799,-0.01531214391679772
0.7191011235955056,0.9550561797752809,-0.0012507521167525021,0.0006829857176447745,0.0016285877974222757,-0.01154535120402115
0.7191011235955056,0.9662921348314606,-0.0010577502967548,0.00016376459211340147,0.0011295703412834864,-0.009060183628338816
0.7191011235955056,0.9775280898876404,-0.0010703436806808093,0.00027715478927260755,0.0002060970650220635,-0.007214267270721407
0.7191011235955056,0.9887640449438202,-0.0005526815984303233,0.0001953141990981853,-5.5112910409277124e-05,-0.003980789366657051
0.7191011235955056,1.0,-8.039066369884996e-19,-2.8543501462556645e-19,3.969701241937031e-18,-1.1706400438086532e-17
0.7303370786516854,0.0,-0.0,-0.0,-0.0,0.0
0.7303370786516854,0.011235955056179775,-0.0007623219521090345,-0.00013307777560086804,0.0007755993836091848,-0.0005220825809369513
0.7303370786516854,0.02247191011235955,-0.000952242518929668,-2.004392933965718e-05,0.0012937712502522902,0.0007452327010202863
0.7303370786516854,0.033707865168539325,-0.0005619341503232501,0.0008645448835668044,0.00039071304337944283,0.0019645605084048835
0.7303370786516854,0.0449438202247191,-0.0003732834027357328,0.0013184659674034503,4.3422892166792035e-05,0.0012165328730760316
0.7303370786516854,0.056179775280898875,-0.00025263352907522443,-0.00048217995827600527,0.0013721555381048037,-0.0016894938794773968
0.7303370786516854,0.06741573033707865,-0.00013332900850410666,-0.0026530299485816337,0.0018443870760726088,-0.004281525816008407
0.7303370786516854,0.07865168539325842,-0.00025871861145817675,-0.003079498330148223,0.0003844547603489771,-0.001866231984932218
0.7303370786516854,0.0898876404494382,-0.000550812529764764,-0.002110417232698158,-0.00015321050965650236,0.0013864281905434691
0.7303370786516854,0.10112359550561797,0.001597513396310748,-0.0010238657011480577,0.002322909583173567,0.0030725239256082794
0.7303370786516854,0.11235955056179775,0.00029911359812596986,-0.00022808151957695317,0.006777321077708665,0.005020319216107101
0.7303370786516854,0.12359550561797752,0.0018765209857300312,-0.0013591436897620265,0.004914671219596907,0.0044923230609400485
0.7303370786516854,0.1348314606741573,0.047823365283785745,-0.0030730990447356533,-0.0034324172485323337,0.009070317219974453
0.7303370786516854,0.14606741573033707,0.08616343390498277,-0.005777067547994426,-0.007314611013409707,0.014029708310370198
0.7303370786516854,0.15730337078651685,0.08935011936809126,-0.0069886125239368956,-0.007089358783039257,0.015364848195899379
0.7303370786516854,0.16853932584269662,0.12450875056002902,-0.00859485039377039,-0.019811269043927267,0.017983402214990236
0.7303370786516854,0.1797752808988764,0.14210429115894158,-0.013018216390768741,-0.025327427322697438,0.00021985379777411665
0.7303370786516854,0.19101123595505617,0.14931286776453026,-0.01003217033192247,-0.03138714157371598,0.008514602679952576
0.7303370786516854,0.20224719101123595,0.23701645582806494,-0.0033100457087059643,-0.04773199590854487,0.11064500970033664
0.7303370786516854,0.21348314606741572,0.3447581980767115,-0.013361977979926299,-0.06733905953659747,0.2177634502239665
0.7303370786516854,0.2247191011235955,0.3678700916043563,-0.01776328135430438,-0.07062857030886735,0.2300496847501136
0.7303370786516854,0.23595505617977527,0.45319168213297345,0.027142637260362708,-0.10061118914040565,0.3322101434440404
0.7303370786516854,0.24719101123595505,0.7028882858769916,0.1032379008194471,-0.1672655522602279,0.5965836393929719
0.7303370786516854,0.2584269662921348,0.8583191062675686,0.13351413283504032,-0.190769605343921,0.7300880425827588
0.7303370786516854,0.2696629213483146,0.8560688189259916,0.16575323881430432,-0.18850893799723648,0.7320416611904971
0.7303370786516854,0.2808988764044944,0.9124110305951144,0.31772404995115544,-0.21687385307273,0.9057465732599298
0.7303370786516854,0.29213483146067415,1.0228867153577268,0.4658383308536929,-0.2869990296913854,1.1958759700594446
0.7303370786516854,0.3033707865168539,1.0394983197109962,0.4938237350597922,-0.3261310760503006,1.2780048633825885
0.7303370786516854,0.3146067415730337,1.0454962938789083,0.5133133287356393,-0.2905474254532733,1.2159197972068465
0.7303370786516854,0.3258426966292135,1.1117989347494723,0.7040124381687823,-0.28782532758306795,1.379256506134634
0.7303370786516854,0.33707865168539325,1.1840278594332287,0.904949314101617,-0.32194732791960856,1.7500536727682736
0.7303370786516854,0.348314606741573,1.205528229603642,0.9289251007516909,-0.33071653793386563,1.7607628231350958
0.7303370786516854,0.3595505617977528,1.22491200258081,1.0430816488014107,-0.3393038395339324,1.3333410515687003
0.7303370786516854,0.3707865168539326,1.282499522231922,1.420072691200254,-0.35723317834926266,1.0432010085606624
0.7303370786516854,0.38202247191011235,1.3437588194177204,1.728199086592305,-0.3690197841957519,1.1199689084757958
0.7303370786516854,0.3932584269662921,1.3423402535118538,1.7058020618537835,-0.35629250426938025,1.0718290003075694
0.7303370786516854,0.4044943820224719,1.3171803526390489,1.67098450276635,-0.3421104051565589,0.27525804057675846
0.7303370786516854,0.4157303370786517,1.3541340798026302,1.9725622758011399,-0.34799418757597383,-1.0046368149252427
0.7303370786516854,0.42696629213483145,1.422201081222412,2.343711867112599,-0.3599377566391393,-1.6852493425789694
0.7303370786516854,0.4382022471910112,1.4283606596961738,2.3003687028340476,-0.3648830938271968,-1.714061300166284
0.7303370786516854,0.449438202247191,1.4024049408870518,1.6486314136101594,-0.38691593745895914,-1.6870518962978458
0.7303370786516854,0.4606741573033708,1.400652173843174,0.8970294995931749,-0.40977101380319436,-1.850002126766102
0.7303370786516854,0.47191011235955055,1.409284734714062,0.648891432611321,-0.41618044794232756,-2.04462437838804
0.7303370786516854,0.4831460674157303,1.405145634534672,0.6203689253484941,-0.4186148445185115,-2.0119664152634056
0.7303370786516854,0.4943820224719101,1.38876079983951,0.1298660959245058,-0.4258898587658183,-1.6729473330073001
0.7303370786516854,0.5056179775280899,1.374900294129069,-0.8811797889568787,-0.42633692439379534,-1.3571422420166184
0.7303370786516854,0.5168539325842696,1.3770065657424007,-1.5869506414303844,-0.4108471326060644,-1.3304470097556282
0.7303370786516854,0.5280898876404494,1.3754002502243876,-1.6500673814328115,-0.40195772607630814,-1.3213997391860395
0.7303370786516854,0.5393258426966292,1.3473946240500574,-1.5165219258280447,-0.40643166266970204,-1.0341456352180143
0.7303370786516854,0.550561797752809,1.3210039249534467,-1.5079766634076186,-0.4013327539162371,-0.5760248043927683
0.7303370786516854,0.5617977528089888,1.337302782376774,-1.588786382283491,-0.39146651460774395,-0.28643567064375314
0.7303370786516854,0.5730337078651685,1.3414650837173114,-1.5769533907162774,-0.40099978076264564,-0.24257443041350504
0.7303370786516854,0.5842696629213483,1.3072677984113052,-1.376684478284384,-0.42160845046710155,-0.08796427431000524
0.7303370786516854,0.5955056179775281,1.274459539357916,-1.213316392550816,-0.397550743643953,0.2756142057055175
0.7303370786516854,0.6067415730337078,1.2795029481483957,-1.2173556033270099,-0.36874654768267756,0.517959735263934
0.7303370786516854,0.6179775280898876,1.2685973181230268,-1.2078335099467645,-0.3662309277660943,0.5205043534867417
0.7303370786516854,0.6292134831460674,1.1743918704901286,-1.1465835495887382,-0.36367039294042797,0.4641320153627796
0.7303370786516854,0.6404494382022472,1.0736335506002912,-1.1278317354186285,-0.34468738877506866,0.5230533915939487
0.7303370786516854,0.651685393258427,1.0432158686572228,-1.2013010672225408,-0.3333564495047693,0.6093449893329222
0.7303370786516854,0.6629213483146067,1.0328726876500722,-1.1920572987123217,-0.3322652190393687,0.6110593124464391
0.7303370786516854,0.6741573033707865,0.955828170288425,-1.0196807668274552,-0.3016172800328641,0.5257410074611313
0.7303370786516854,0.6853932584269663,0.8653227020277041,-0.8779699953543801,-0.2592280700753671,0.4408318882961101
0.7303370786516854,0.696629213483146,0.8356221341698209,-0.8569917537725766,-0.24638557892613616,0.4212005469020285
0.7303370786516854,0.7078651685393258,0.8257957767640149,-0.814645768379834,-0.252015039325168,0.39112900033753045
0.7303370786516854,0.7191011235955056,0.7908621142789919,-0.5882148043521985,-0.23414381212538501,0.2741975691379237
0.7303370786516854,0.7303370786516854,0.7611204898490299,-0.39590344809751127,-0.2091688546400599,0.15649178200663896
0.7303370786516854,0.7415730337078652,0.7594629819022396,-0.37605719202728066,-0.20450102990030306,0.12923719615235565
0.7303370786516854,0.7528089887640449,0.6677630721320705,-0.30924228352395955,-0.17660564246531135,0.1349444363507281
0.7303370786516854,0.7640449438202247,0.4186758724225248,-0.1114405330413243,-0.15632331323872886,0.09235331839039294
0.7303370786516854,0.7752808988764045,0.2908773137856994,0.011309581801800937,-0.17323059282290765,0.06201070211167488
0.7303370786516854,0.7865168539325842,0.2686448514085378,-0.003235054981402623,-0.14833613388531922,0.05900614425477955
0.7303370786516854,0.797752808988764,0.14695721846081225,-0.011086021556117936,-0.08056124743421064,0.035163705887759994
0.7303370786516854,0.8089887640449438,0.055048644966198816,0.0373002344581575,-0.03124004916449077,0.019474071667981575
0.7303370786516854,0.8202247191011236,0.06098839059330596,0.05553459574449512,-0.02146129369789956,0.022503865709179883
0.7303370786516854,0.8314606741573034,0.05228816029852881,0.0255060787369246,-0.028278820606204822,0.012454742788415565
0.7303370786516854,0.8426966292134831,0.043948137301041156,-0.006741510815076234,-0.016886215847101385,0.001626144691058293
0.7303370786516854,0.8539325842696629,0.04076085702813668,-0.011666814376477463,-0.017679435365983178,-0.0016749127625490245
0.7303370786516854,0.8651685393258427,0.040392820075714646,-0.005452466952844833,-0.011217920613769762,0.0027728996938844704
0.7303370786516854,0.8764044943820224,0.05439408044364595,-0.010605214624198216,-0.003097243664854049,0.01232281714550057
0.7303370786516854,0.8876404494382022,0.04771403834981406,-0.008388979741260514,-0.002950073125128434,0.010119130940117717
0.7303370786516854,0.898876404494382,0.0031293857872155316,0.00641783662844973,-0.0009404428077753779,-0.007237730943507012
0.7303370786516854,0.9101123595505618,-0.010511485968099865,0.01152227390542469,-0.00031008526615337433,-0.012272978154291186
0.7303370786516854,0.9213483146067416,-0.0037185382028662242,0.002811677291296139,0.0010623544341749169,-0.007231180369022381
0.7303370786516854,0.9325842696629213,-0.000544527539143761,-0.0007962180791399242,0.002004223985079179,-0.0044182955815036265
0.7303370786516854,0.9438202247191011,-0.0005817399854420407,0.0015181103646761634,0.001364919767990516,-0.004212862457897124
0.7303370786516854,0.9550561797752809,-0.00048205748922420925,0.0015292758378307896,0.0016727453767743728,-0.003635109529712323
0.7303370786516854,0.9662921348314606,-0.00027278723623615274,0.0003895947629482515,0.0016639719756854463,-0.002953816206288826
0.7303370786516854,0.9775280898876404,-0.0002516154126826223,0.00024121537009341617,0.0007558916897944492,-0.0025449856883105297
0.7303370786516854,0.9887640449438202,-0.0001555753074474689,0.00013740677564027552,-0.00016129105525180588,-0.00172584380533093
0.7303370786516854,1.0,-3.4442837662055284e-19,-9.948604054318874e-20,1.070515140026273e-18,-6.499230392630297e-18
0.7415730337078652,0.0,-0.0,-0.0,-0.0,0.0
0.7415730337078652,0.011235955056179775,-0.0006371217778933653,-0.00017304913793424187,0.00014913711872302366,0.0004879687688444266
0.7415730337078652,0.02247191011235955,-0.0012714048969667846,-0.0006080990165437676,0.0004109586424083886,0.0009399369353154623
0.7415730337078652,0.033707865168539325,-0.001600519903995553,-0.0008676053591815706,-0.0005030407125487275,0.0013479639881203973
0.7415730337078652,0.0449438202247191,-0.0017976979561904606,-0.0007900481313915865,-0.0009346111359369669,0.0016517172080309469
0.7415730337078652,0.056179775280898875,-0.0018557109265957795,-0.000908708901250225,-2.6875319458368022e-05,0.0009782130090452792
0.7415730337078652,0.06741573033707865,-0.0019355699684783117,-0.0014811188270210675,0.0008241272258255545,0.00015623097778569902
0.7415730337078652,0.07865168539325842,-0.0023771072487267612,-0.0012848722287916307,8.588798728167698e-05,0.0022677363115723623
0.7415730337078652,0.0898876404494382,-0.003482795057000532,-0.0007499006885478194,-0.0012748947461605914,0.0037600788857516656
0.7415730337078652,0.10112359550561797,-0.001924747240557426,-0.0015326071724979093,-0.000847240364599539,0.004713047860146875
0.7415730337078652,0.11235955056179775,-0.0035534607826312407,-0.001037122081061563,0.00379655502724818,0.008092018846566948
0.7415730337078652,0.12359550561797752,-0.00438602525765141,-0.0007029870428373301,0.00502131850479083,0.008789620148316633
0.7415730337078652,0.1348314606741573,0.03710570434263627,-0.0024159638590497473,-0.0022445334352133527,0.012171786237021262
0.7415730337078652,0.14606741573033707,0.07277585957860694,-0.004230612923179696,-0.008573666030892001,0.015044316907945278
0.7415730337078652,0.15730337078651685,0.07776766357303572,-0.004036112631175763,-0.010054522039359571,0.016365381555169072
0.7415730337078652,0.16853932584269662,0.12310004269748813,-0.008473659614324969,-0.023568574945080568,0.02338254123353375
0.7415730337078652,0.1797752808988764,0.14542770885352255,-0.017535748935439497,-0.031484100796484414,0.008291657880235372
0.7415730337078652,0.19101123595505617,0.15337353960513422,-0.01661750943130863,-0.03210189222550815,0.018789749156530602
0.7415730337078652,0.20224719101123595,0.2399585694011007,-0.009408145683266865,-0.040048443883609855,0.121431456807317
0.7415730337078652,0.21348314606741572,0.3494482753426798,-0.01940648981146427,-0.060843282297809734,0.2265307544936056
0.7415730337078652,0.2247191011235955,0.36601807662636726,-0.023972740283981983,-0.06697670906621507,0.24100179604082328
0.7415730337078652,0.23595505617977527,0.446167470910591,0.029869870711995344,-0.09561140348010913,0.34901466982791773
0.7415730337078652,0.24719101123595505,0.7013851513262234,0.11769195434953982,-0.1564093579232848,0.6157991138272625
0.7415730337078652,0.2584269662921348,0.8462839893500957,0.14841365737451695,-0.17573070340456398,0.7430060857327313
0.7415730337078652,0.2696629213483146,0.8322600147711177,0.17534083550106697,-0.18269686137593083,0.7491254048023512
0.7415730337078652,0.2808988764044944,0.8804975637103045,0.3303210322248193,-0.2104479478517096,0.9210149272006806
0.7415730337078652,0.29213483146067415,0.9885951925631349,0.481520465485384,-0.25422468236268164,1.1871678223213362
0.7415730337078652,0.3033707865168539,1.010977588171004,0.5095465440286518,-0.2702967994504935,1.2541428990053838
0.7415730337078652,0.3146067415730337,1.0301979726253558,0.5339643130729256,-0.2461580963848736,1.2034925079123795
0.7415730337078652,0.3258426966292135,1.1077544912150366,0.7207258426591557,-0.25986822383188146,1.3817469425994013
0.7415730337078652,0.33707865168539325,1.1772332455805876,0.9237040456286627,-0.2869396458173886,1.740032167844182
0.7415730337078652,0.348314606741573,1.1804240326816493,0.9464057739063098,-0.28805084989104796,1.7689397451982034
0.7415730337078652,0.3595505617977528,1.1820273806081878,1.0357395017920323,-0.2912469378612443,1.3966694904119037
0.7415730337078652,0.3707865168539326,1.245122072963458,1.4058969349101074,-0.30467588331334333,1.0864737374106799
0.7415730337078652,0.38202247191011235,1.322503089878271,1.7341043773960803,-0.3232186576717815,1.1108618540003217
0.7415730337078652,0.3932584269662921,1.3240584214751603,1.7376051718850962,-0.3237093144867295,1.054541153189057
0.7415730337078652,0.4044943820224719,1.3016382494610788,1.7167780020436376,-0.31828114726583395,0.22214374796126893
0.7415730337078652,0.4157303370786517,1.3396982523704848,2.0251750293323734,-0.32521474109270926,-1.0742583008564184
0.7415730337078652,0.42696629213483145,1.397491559946194,2.41112670531832,-0.33459976614644865,-1.7006502159170087
0.7415730337078652,0.4382022471910112,1.3936685117905543,2.3637641910947376,-0.3364067688645797,-1.708682521913096
0.7415730337078652,0.449438202247191,1.3714226046546543,1.706447290371716,-0.35577385260438554,-1.6833935072277444
0.7415730337078652,0.4606741573033708,1.3777076096749579,0.9636195770112387,-0.37573521288235984,-1.8426844398261788
0.7415730337078652,0.47191011235955055,1.3942664886166134,0.675339337354246,-0.3822119693916229,-2.0336747262799917
0.7415730337078652,0.4831460674157303,1.395215063913813,0.6272773454067961,-0.3829932616217328,-2.023399127961134
0.7415730337078652,0.4943820224719101,1.3731332109279275,0.09798366695370994,-0.3794796334338098,-1.7126036040719048
0.7415730337078652,0.5056179775280899,1.3433061472344299,-0.9765656838695669,-0.36944210350324286,-1.3795692385238272
0.7415730337078652,0.5168539325842696,1.332084305344337,-1.6640550839671084,-0.3581778996227204,-1.3195430567337034
0.7415730337078652,0.5280898876404494,1.3305660615963637,-1.6893714928615784,-0.3584140096226289,-1.306569158420453
0.7415730337078652,0.5393258426966292,1.3127359256686226,-1.5442631185497153,-0.3626529721469845,-1.0204796666154485
0.7415730337078652,0.550561797752809,1.2960476048113432,-1.542920216851414,-0.35678254557855926,-0.555140765294858
0.7415730337078652,0.5617977528089888,1.3141784681667665,-1.6393692169998602,-0.34615577271486164,-0.2731553078119048
0.7415730337078652,0.5730337078651685,1.3150104726845082,-1.648504485531671,-0.34499845580685706,-0.2506444533152019
0.7415730337078652,0.5842696629213483,1.2731040964871203,-1.4475546885547348,-0.36419181438625914,-0.10950184764711433
0.7415730337078652,0.5955056179775281,1.2346935896204616,-1.2421409636543461,-0.3645168752111301,0.2606550646968957
0.7415730337078652,0.6067415730337078,1.2480161852293081,-1.2317594270753844,-0.3502879253057094,0.527896751619328
0.7415730337078652,0.6179775280898876,1.2487031877836339,-1.2336759395593018,-0.34851387178515136,0.5493963275930741
0.7415730337078652,0.6292134831460674,1.152511402983361,-1.1844901394573597,-0.34112253476024385,0.4862142911336817
0.7415730337078652,0.6404494382022472,1.0525924039136987,-1.1657842644830176,-0.31991822979512113,0.5325407748209091
0.7415730337078652,0.651685393258427,1.028243861419414,-1.2344855349270885,-0.3100086818484268,0.6104954674472314
0.7415730337078652,0.6629213483146067,1.0210248679817666,-1.2112967911165204,-0.30655635674848597,0.6016777400664856
0.7415730337078652,0.6741573033707865,0.9358532938824822,-1.0211401279374623,-0.26546905115265884,0.5055087964104688
0.7415730337078652,0.6853932584269663,0.8357080368410454,-0.8876257008102383,-0.2240381927821584,0.425115563127125
0.7415730337078652,0.696629213483146,0.8077357345532575,-0.8758186029526516,-0.21513713626694367,0.4238515131084367
0.7415730337078652,0.7078651685393258,0.8032913054976909,-0.8347398620144835,-0.21440873507076966,0.3970900805734806
0.7415730337078652,0.7191011235955056,0.7670244067223984,-0.6136566158410612,-0.2011839980889377,0.2718544288979165
0.7415730337078652,0.7303370786516854,0.7307400177094823,-0.41152574548965115,-0.1804935665668274,0.15211443721487938
0.7415730337078652,0.7415730337078652,0.7294061296993926,-0.38037416878825425,-0.17923964721678667,0.12200095724313013
0.7415730337078652,0.7528089887640449,0.6359528373109194,-0.3098557992413669,-0.15525123376843658,0.12348248146715576
0.7415730337078652,0.7640449438202247,0.39424408469843486,-0.11205769072706444,-0.13685690369083878,0.08640968981963343
0.7415730337078652,0.7752808988764045,0.2839808948958934,0.015288837278295237,-0.16537875988542136,0.06558280438873118
0.7415730337078652,0.7865168539325842,0.276548906431226,0.007836499253037962,-0.15616682088146985,0.0651798381720913
0.7415730337078652,0.797752808988764,0.16849384679078208,0.009082248260677248,-0.08202307555697716,0.0428378629155283
0.7415730337078652,0.8089887640449438,0.06333906463554542,0.04992675741163134,-0.02775013295074604,0.0221458249822581
0.7415730337078652,0.8202247191011236,0.054493997413372054,0.052989730967629864,-0.02414150143557093,0.02002329436074055
0.7415730337078652,0.8314606741573034,0.04368327917896907,0.017914789990684965,-0.031713284541922036,0.010211262789297437
0.7415730337078652,0.8426966292134831,0.039889194615297226,-0.01354328804335267,-0.017544016550858983,0.0027031532714755185
0.7415730337078652,0.8539325842696629,0.040614854976733034,-0.016963195165773517,-0.013671785329705909,0.0023181455948980503
0.7415730337078652,0.8651685393258427,0.04339163459410119,-0.00922868891385445,-0.00905066206407853,0.008459674974025154
0.7415730337078652,0.8764044943820224,0.05710198381975691,-0.012061224711850558,-0.004730142477767918,0.01768776070998532
0.7415730337078652,0.8876404494382022,0.04773658566738107,-0.009777383962774746,-0.0038800356365549316,0.014543806077005974
0.7415730337078652,0.898876404494382,0.0037205703127582224,0.005328973485496058,-0.0008288005523793069,-0.0025175332164267187
0.7415730337078652,0.9101123595505618,-0.009136025989343299,0.012898900399652625,-6.82613640884919e-05,-0.007728971564982069
0.7415730337078652,0.9213483146067416,-0.0019301625756685283,0.0039296867556993685,0.0005723194086199191,-0.003976190785441917
0.7415730337078652,0.9325842696629213,0.0012310576592597588,-0.002494079937762692,0.001238759327433881,-0.0019368371595468276
0.7415730337078652,0.9438202247191011,0.0006212030027781355,-0.0003556323143242153,0.0010549553106302624,-0.0018937937629912626
0.7415730337078652,0.9550561797752809,0.00021480150852890053,0.0010370338153939812,0.001101175112004359,-0.0019169423570178036
0.7415730337078652,0.9662921348314606,0.00038120112020037885,0.0006508662229162482,0.0011221331136387794,-0.0014810293341506152
0.7415730337078652,0.9775280898876404,0.0007317864762264053,0.0004732320381961475,0.0003711591351302104,-0.0007319693873880587
0.7415730337078652,0.9887640449438202,0.0006242752633319296,8.186598993491838e-05,-0.0005066032262358736,-0.00019158517376261376
0.7415730337078652,1.0,2.4939653755045214e-18,-1.7496191306859758e-18,-1.953910046106685e-18,-5.78278620680256e-19
0.7528089887640449,0.0,0.0,-0.0,-0.0,0.0
0.7528089887640449,0.011235955056179775,0.002072624674850534,-0.0011688877205144072,-0.0003408886484832521,0.0006359343134288192
0.7528089887640449,0.02247191011235955,0.0037649619589715773,-0.0014973321885075332,-0.00021593116116244566,0.0018749453094645894
0.7528089887640449,0.033707865168539325,0.004722994345087914,-0.0007074180715282124,-0.0011293113918995367,0.0032259412848484274
0.7528089887640449,0.0449438202247191,0.005173734697096383,-0.00040420918818971955,-0.0017466769852758914,0.004215515895080691
0.7528089887640449,0.056179775280898875,0.005169070627445161,-0.0014324003351580295,-0.001079057644633669,0.003925961692918454
0.7528089887640449,0.06741573033707865,0.005449336413592994,-0.002511857919302212,0.0001046195455494231,0.004062671678132677
0.7528089887640449,0.07865168539325842,0.006168050196546314,-0.0019725668265313497,4.480179797910389e-05,0.008071457507793346
0.7528089887640449,0.0898876404494382,0.006125648139360791,-0.001445716957657616,-0.001561350911898892,0.011845789029370949
0.7528089887640449,0.10112359550561797,0.009080170755596629,-0.003319857769023796,-0.0025256106043301985,0.014503170984884389
0.7528089887640449,0.11235955056179775,0.011000538330616186,-0.0036238907819313585,0.0010568057287130776,0.01872073298442274
0.7528089887640449,0.12359550561797752,0.01275315159949529,-0.004824428981772405,0.0031833659478309614,0.019728761933708018
0.7528089887640449,0.1348314606741573,0.05236460931898881,-0.011981390441565081,-0.0020541368162184147,0.022827683330687805
0.7528089887640449,0.14606741573033707,0.08429921178963296,-0.01814556957883198,-0.007402595815033246,0.024561949205658407
0.7528089887640449,0.15730337078651685,0.07539024987637609,-0.015538916108024102,-0.0071445382227019625,0.019688983244778847
0.7528089887640449,0.16853932584269662,0.1054155985474381,-0.014195572881581657,-0.016800613892738667,0.016690082513071414
0.7528089887640449,0.1797752808988764,0.11580316229387243,-0.0199458677830494,-0.023464990371770054,-0.004702581398794856
0.7528089887640449,0.19101123595505617,0.11779017566026481,-0.021978079880108674,-0.023329350225655354,0.010487474636063296
0.7528089887640449,0.20224719101123595,0.19022270490577725,-0.02042904010205335,-0.02870226934009927,0.10849685601646714
0.7528089887640449,0.21348314606741572,0.28255246843957105,-0.03001452491766569,-0.04650697789831737,0.19089378626749182
0.7528089887640449,0.2247191011235955,0.28693474468061486,-0.03618617333253862,-0.05790744792114143,0.18846452190124752
0.7528089887640449,0.23595505617977527,0.34051126535445486,0.005057281033696531,-0.08735944453152314,0.2781747227469404
0.7528089887640449,0.24719101123595505,0.5628899171612777,0.07650834248285544,-0.13920621693725918,0.5150701713322393
0.7528089887640449,0.2584269662921348,0.6881172694423521,0.10035334082837281,-0.15119517895644544,0.6312491842647369
0.7528089887640449,0.2696629213483146,0.688408472974985,0.12159610555311778,-0.1625906198184884,0.6626956525649885
0.7528089887640449,0.2808988764044944,0.7350414884925222,0.25582756139670115,-0.18967982770167324,0.8400577440030453
0.7528089887640449,0.29213483146067415,0.8063990735821162,0.38324731256724676,-0.2134098380815401,1.0687943723145201
0.7528089887640449,0.3033707865168539,0.8099477026021654,0.3983027227176175,-0.21912029604706648,1.1141551348591368
0.7528089887640449,0.3146067415730337,0.8313551655111036,0.41086322074837145,-0.21484581861150456,1.079376843622333
0.7528089887640449,0.3258426966292135,0.9018274827274074,0.550526239144675,-0.22519781535023622,1.2393807095370504
0.7528089887640449,0.33707865168539325,0.9558965764185399,0.7108475805124479,-0.22723020811302616,1.5352692871879026
0.7528089887640449,0.348314606741573,0.9392570394247415,0.7322327459525796,-0.21749409937374006,1.5590371618037036
0.7528089887640449,0.3595505617977528,0.9120841933531929,0.7945948193656855,-0.22421898010305166,1.2346366444920838
0.7528089887640449,0.3707865168539326,0.9680620443379584,1.1038091408304813,-0.24331484343998888,0.9433814690145428
0.7528089887640449,0.38202247191011235,1.051927014995851,1.4076626677797301,-0.26017979241709144,0.9447957136824208
0.7528089887640449,0.3932584269662921,1.0567764489997324,1.4344696313371545,-0.2577627770638457,0.90238031844748
0.7528089887640449,0.4044943820224719,1.0508722622338738,1.412574963291958,-0.2501599485477738,0.20174483093129217
0.7528089887640449,0.4157303370786517,1.09083833125565,1.6755403817265448,-0.25020848001911833,-0.945624949421885
0.7528089887640449,0.42696629213483145,1.126370066963281,2.030325834715709,-0.24962600834195783,-1.5496789928753558
0.7528089887640449,0.4382022471910112,1.1082046955868772,1.9732085272527304,-0.2439333165297931,-1.5649931404487363
0.7528089887640449,0.449438202247191,1.0852282707341812,1.375046646641835,-0.25628131929461845,-1.5422268915116708
0.7528089887640449,0.4606741573033708,1.086373508274411,0.7633558339850229,-0.26768981737409464,-1.6915258635692938
0.7528089887640449,0.47191011235955055,1.0979349532541873,0.5329461292877419,-0.2712890381356065,-1.8708559747517026
0.7528089887640449,0.4831460674157303,1.1118951032624769,0.48547705517118084,-0.2777601693501226,-1.867361452313096
0.7528089887640449,0.4943820224719101,1.1129024613128966,-0.004176797994072444,-0.28137172651664694,-1.5909828455333432
0.7528089887640449,0.5056179775280899,1.0933869184372913,-0.8940494938681198,-0.27496172748399983,-1.2799050617608538
0.7528089887640449,0.5168539325842696,1.0781553227467395,-1.388091177902708,-0.2691616046332217,-1.2051707806272325
0.7528089887640449,0.5280898876404494,1.0650655033765608,-1.360764304224618,-0.2767436142324497,-1.1849092940804202
0.7528089887640449,0.5393258426966292,1.0346228697848536,-1.224228234028571,-0.2832675775662889,-0.9256899078190706
0.7528089887640449,0.550561797752809,1.0148839806220102,-1.2321162697851176,-0.2769890628221686,-0.5129893013965621
0.7528089887640449,0.5617977528089888,1.0353331899568479,-1.3420000988069112,-0.2661466793505087,-0.27213885406237975
0.7528089887640449,0.5730337078651685,1.044583263385977,-1.3716703080458283,-0.26008566480118017,-0.26932245076652034
0.7528089887640449,0.5842696629213483,1.0130461402378135,-1.2054755708672478,-0.27073038955713247,-0.17323622664043012
0.7528089887640449,0.5955056179775281,0.9826863638809089,-1.0330415489721814,-0.2769610457700551,0.14130291615425056
0.7528089887640449,0.6067415730337078,1.0050937701000275,-1.0243162281251152,-0.2680667002111748,0.4019693478354296
0.7528089887640449,0.6179775280898876,1.0207551891696085,-1.0297828039106938,-0.2660974007894537,0.44854311037562394
0.7528089887640449,0.6292134831460674,0.935503581651399,-0.9895308654335264,-0.25735469608559314,0.4117079844969373
0.7528089887640449,0.6404494382022472,0.8432050674781392,-0.9716936977163964,-0.23781152380830572,0.4771133749940612
0.7528089887640449,0.651685393258427,0.8151971772516192,-1.0045169323884982,-0.23426757084081182,0.55344181887245
0.7528089887640449,0.6629213483146067,0.8077565057096414,-0.9606624152564964,-0.24313585176560368,0.5305675428591556
0.7528089887640449,0.6741573033707865,0.7409905578324943,-0.8228238816357931,-0.212065504954587,0.4255763867427375
0.7528089887640449,0.6853932584269663,0.6646051814766649,-0.7418282703574555,-0.17845237158622781,0.3507608839239808
0.7528089887640449,0.696629213483146,0.6525120727385331,-0.7384610425623825,-0.1722771017531331,0.355682863769521
0.7528089887640449,0.7078651685393258,0.6558584527584003,-0.6863803358597763,-0.17081020337749175,0.3330237610259373
0.7528089887640449,0.7191011235955056,0.6295950918078623,-0.5003119699134646,-0.16908310046108457,0.23328002806102638
0.7528089887640449,0.7303370786516854,0.6056832245572094,-0.3488163717613418,-0.15775148049153692,0.14113193315918862
0.7528089887640449,0.7415730337078652,0.607790992515458,-0.3356929808468117,-0.15488071221457667,0.11812781708401324
0.7528089887640449,0.7528089887640449,0.5154298600726543,-0.2829190000395011,-0.1264067368023877,0.11650119101634972
0.7528089887640449,0.7640449438202247,0.31877952664269227,-0.11265027065903584,-0.10455874328454128,0.08966590225325294
0.7528089887640449,0.7752808988764045,0.23224493008221245,0.004207645573508068,-0.1314740317912134,0.07476977909888646
0.7528089887640449,0.7865168539325842,0.22233912801501882,0.00736767774340204,-0.13462020312771483,0.07036359724353408
0.7528089887640449,0.797752808988764,0.13498256940440634,0.01437107545974102,-0.07046483169881848,0.04611959675602053
0.7528089887640449,0.8089887640449438,0.04757748838460168,0.04192572945062282,-0.02170742208193107,0.02076261682274858
0.7528089887640449,0.8202247191011236,0.04122750069922067,0.03718412782202229,-0.022000731980072255,0.013893640154949555
0.7528089887640449,0.8314606741573034,0.03680111902117387,0.009697719974308643,-0.0261636990800258,0.007091138577448997
0.7528089887640449,0.8426966292134831,0.036188593037437475,-0.01078063060590364,-0.01366086103047612,0.004048243905984516
0.7528089887640449,0.8539325842696629,0.03834915708684357,-0.0110948047614659,-0.010774858076017796,0.006781118961042347
0.7528089887640449,0.8651685393258427,0.040970577437930034,-0.007521922740887957,-0.006187840953611517,0.01458891805336168
0.7528089887640449,0.8764044943820224,0.04835876097697499,-0.013741579985260445,-0.0029753111497384443,0.02342555258122658
0.7528089887640449,0.8876404494382022,0.032317123488342356,-0.014798081219455937,-0.0017442905342171398,0.02005877879056271
0.7528089887640449,0.898876404494382,-0.001972350088225013,-0.003225470190467351,-0.0002091880031886858,0.00687760468544361
0.7528089887640449,0.9101123595505618,-0.008814934779719178,0.004008605717755071,-0.0006021057170191083,0.0025728415182527165
0.7528089887640449,0.9213483146067416,-0.0035184455369156,-0.0019435525045334275,-0.0002350324891431433,0.003423772240943029
0.7528089887640449,0.9325842696629213,-0.0017919026141230187,-0.006520399839341321,0.0006942131647273434,0.0023815611520100134
0.7528089887640449,0.9438202247191011,-0.0023372048966163825,-0.0030345406679705375,0.00097138048294212,-0.0001044882942804228
0.7528089887640449,0.9550561797752809,-0.0025290870875114627,0.0003012930208425754,0.0007106864965353079,-0.0023774142085517154
0.7528089887640449,0.9662921348314606,-0.0021340888444654448,0.0008972405839931765,0.0005997687436300592,-0.0033778310696339943
0.7528089887640449,0.9775280898876404,-0.0011189365989190288,0.0005463655596649297,7.858574365146654e-05,-0.0028212221645204545
0.7528089887640449,0.9887640449438202,-5.556321931266816e-06,-0.00023259739485623513,-0.00054198575346672,-0.0011717539982105411
0.7528089887640449,1.0,2.998519880103723e-18,-4.097944639466774e-18,-2.93667212024297e-18,-1.4450395496673154e-18
0.7640449438202247,0.0,0.0,-0.0,-0.0,0.0
0.7640449438202247,0.011235955056179775,0.0004331983915385681,-0.0005223503511233814,-7.612871778592983e-05,9.175114292931415e-05
0.7640449438202247,0.02247191011235955,0.0010587364546170172,-0.00014914743463077335,0.0004057026676609704,0.0011972795048683666
0.7640449438202247,0.033707865168539325,0.00114912821119282,0.0008312605545400415,-9.4011409778576e-05,0.0028599920945203065
0.7640449438202247,0.0449438202247191,0.0011264938352094347,0.0011774878370844958,-0.0006144865225193943,0.004125665076949119
0.7640449438202247,0.056179775280898875,0.001348774185142934,0.0005842991468302473,-0.00030553061128632075,0.003944711758746609
0.7640449438202247,0.06741573033707865,0.0020220294663529197,0.0001453355779217289,0.00028244805543583054,0.004276506307150937
0.7640449438202247,0.07865168539325842,0.0029645090674116368,0.0013422507024310904,0.0003059030636200142,0.008524261234905468
0.7640449438202247,0.0898876404494382,0.0024021594587046316,0.0027504533891475544,-0.000664942223952508,0.012056576561478651
0.7640449438202247,0.10112359550561797,0.0040065398513551564,0.00255802639387664,-0.0015607307915864303,0.013118496738050916
0.7640449438202247,0.11235955056179775,0.005925382302941712,0.004129800290545001,0.0003695276439348264,0.015544955602175873
0.7640449438202247,0.12359550561797752,0.0063237750838237745,0.0026151207828826175,0.0013840830313567641,0.016289240849393146
0.7640449438202247,0.1348314606741573,0.034543498868854425,-0.008174984088643712,-0.001291444085841131,0.017761245607539222
0.7640449438202247,0.14606741573033707,0.06441215995606077,-0.0178747613944103,-0.004398204452066596,0.020499153310572372
0.7640449438202247,0.15730337078651685,0.05359340826210168,-0.016001127349374887,-0.0028612594655637634,0.01394250256215625
0.7640449438202247,0.16853932584269662,0.06356849716854052,-0.013000749255085611,-0.006707542806758121,0.0004924370096872517
0.7640449438202247,0.1797752808988764,0.07213239257759584,-0.01659712087343869,-0.011290051684684159,-0.02121963143247335
0.7640449438202247,0.19101123595505617,0.07348741613654787,-0.018685090402977347,-0.012139903332321676,-0.003342380041658317
0.7640449438202247,0.20224719101123595,0.11646351471042882,-0.018031202822436265,-0.015395298122920092,0.07557335875447757
0.7640449438202247,0.21348314606741572,0.1676713338008402,-0.023532512826455704,-0.024497638968084188,0.12285283176423227
0.7640449438202247,0.2247191011235955,0.16599012294257856,-0.027012906592121973,-0.03347936238489268,0.10622057785145585
0.7640449438202247,0.23595505617977527,0.19914791672310878,0.0015441565217413978,-0.058675593197096504,0.1900845704867038
0.7640449438202247,0.24719101123595505,0.36239468677264586,0.05413384787244992,-0.0993934124384555,0.39982926625787546
0.7640449438202247,0.2584269662921348,0.4426679187194674,0.06909052225951391,-0.10246430475708874,0.49740253571653636
0.7640449438202247,0.2696629213483146,0.438452539275431,0.08296712186196095,-0.10849566195860058,0.531263424416752
0.7640449438202247,0.2808988764044944,0.47967934633340975,0.18525100542620954,-0.12237695943555722,0.6807409484583616
0.7640449438202247,0.29213483146067415,0.5345645931883526,0.27618624171038086,-0.11402592458103214,0.8513781586263844
0.7640449438202247,0.3033707865168539,0.540180877301058,0.28493897179614863,-0.10344382587505907,0.8723589361921781
0.7640449438202247,0.3146067415730337,0.5590997354169607,0.29663579064093437,-0.11245514360799085,0.8559970636463671
0.7640449438202247,0.3258426966292135,0.6127248794537861,0.3989496958934804,-0.11649702279970936,0.9947981367555094
0.7640449438202247,0.33707865168539325,0.6544590476062533,0.5076509632216721,-0.10188042879871229,1.226766164903537
0.7640449438202247,0.348314606741573,0.6403687594156853,0.5026079751785812,-0.08904847390048497,1.2307837065917138
0.7640449438202247,0.3595505617977528,0.6049891151485346,0.5089428032028864,-0.10041877561002899,0.9176293166243191
0.7640449438202247,0.3707865168539326,0.637007899203007,0.7035530558552513,-0.12736557950935376,0.6508404701555617
0.7640449438202247,0.38202247191011235,0.6961623974622857,0.9463206086132946,-0.1466009990163162,0.6681792334133466
0.7640449438202247,0.3932584269662921,0.6918339441680702,0.9870725947825996,-0.14256425349945093,0.668334685614386
0.7640449438202247,0.4044943820224719,0.6895620853786428,0.9637397788939192,-0.12906944098853929,0.18789054679348738
0.7640449438202247,0.4157303370786517,0.7237750045305349,1.1684739153700547,-0.11890660258030204,-0.6455514671342399
0.7640449438202247,0.42696629213483145,0.7522053556697009,1.4579289539758031,-0.11016760232847075,-1.159060549214579
0.7640449438202247,0.4382022471910112,0.7461864026641929,1.4037961738552167,-0.10403059087297753,-1.189751252496139
0.7640449438202247,0.449438202247191,0.7405343898632949,0.9344775941848044,-0.11233036160873354,-1.183357231823289
0.7640449438202247,0.4606741573033708,0.7513825553590623,0.48976581311488887,-0.11235341159318886,-1.3330508630556843
0.7640449438202247,0.47191011235955055,0.7637096190410219,0.32952484750678923,-0.10621361124450783,-1.493557954356751
0.7640449438202247,0.4831460674157303,0.7733365356632625,0.3026814912224183,-0.11102157820930751,-1.4845027304646379
0.7640449438202247,0.4943820224719101,0.7713858838337361,-0.04348829582850369,-0.12077648225030682,-1.2524192248287265
0.7640449438202247,0.5056179775280899,0.7537742673285297,-0.633220200955937,-0.12298711365022783,-1.0002204458899797
0.7640449438202247,0.5168539325842696,0.741423901793366,-0.9799952373102309,-0.12337439103907334,-0.9514107323410447
0.7640449438202247,0.5280898876404494,0.7272879134285792,-0.9745378200616781,-0.13423262831858468,-0.9509106730939738
0.7640449438202247,0.5393258426966292,0.6973897372861659,-0.8853118076894935,-0.14440676349445333,-0.7649297944804073
0.7640449438202247,0.550561797752809,0.6811222164621695,-0.9007744624205326,-0.14243511682466228,-0.4617560036126445
0.7640449438202247,0.5617977528089888,0.7005647533087684,-0.987912715871281,-0.1337561498819043,-0.2872293159626615
0.7640449438202247,0.5730337078651685,0.7112431097006681,-0.9969476743520312,-0.12484579747663133,-0.2837285215813583
0.7640449438202247,0.5842696629213483,0.6884850811370786,-0.8563567543976777,-0.1333726900420147,-0.18721909218142838
0.7640449438202247,0.5955056179775281,0.6633306713308802,-0.7480111455416351,-0.14905468556873,0.08266886719366291
0.7640449438202247,0.6067415730337078,0.6747419923405945,-0.7619122537509401,-0.1468635200906482,0.3029845608623175
0.7640449438202247,0.6179775280898876,0.6828562474390836,-0.7706490497707909,-0.1466510982190222,0.33615235704682267
0.7640449438202247,0.6292134831460674,0.6137627966780769,-0.7344996865541311,-0.14390051425163514,0.3069999799524211
0.7640449438202247,0.6404494382022472,0.5424861133460127,-0.7182536309524548,-0.13086246130610993,0.3767979161229615
0.7640449438202247,0.651685393258427,0.5128515291379736,-0.7503078451905717,-0.12905809470206925,0.4454075277777738
0.7640449438202247,0.6629213483146067,0.49933145940023055,-0.7343674517797971,-0.14185985427607814,0.41822035533239954
0.7640449438202247,0.6741573033707865,0.45563221707112195,-0.6470340917585581,-0.12223714761660172,0.3224702052189042
0.7640449438202247,0.6853932584269663,0.40850045345330543,-0.5958065356005339,-0.09661355981074478,0.26301807435403063
0.7640449438202247,0.696629213483146,0.40845659469230045,-0.5973616945020858,-0.08934908449269321,0.27348266318823566
0.7640449438202247,0.7078651685393258,0.41934156329035144,-0.5515258556399945,-0.09169202363944198,0.2541326632476342
0.7640449438202247,0.7191011235955056,0.41075717200958306,-0.40385050885257806,-0.10652036324166066,0.17446568093833464
0.7640449438202247,0.7303370786516854,0.4062241259444692,-0.2933255017024491,-0.10637694061695924,0.10589867154023859
0.7640449438202247,0.7415730337078652,0.4142611481243517,-0.2911979523710827,-0.10460014806197175,0.09282622657517496
0.7640449438202247,0.7528089887640449,0.3397566420686001,-0.25105999015112557,-0.07990966094079886,0.09545652416336167
0.7640449438202247,0.7640449438202247,0.20800364246550757,-0.10606792548802071,-0.062136495397797885,0.0807782389771151
0.7640449438202247,0.7752808988764045,0.15939872662950164,-0.0021712482067403984,-0.0840399915979943,0.06805056427604657
0.7640449438202247,0.7865168539325842,0.1525047147567557,0.002481565281143366,-0.0951242059057108,0.058600503112260706
0.7640449438202247,0.797752808988764,0.08795543052020957,0.00494256138643112,-0.05281390979966071,0.03914095232226299
0.7640449438202247,0.8089887640449438,0.028113395204607126,0.025038088598378486,-0.013421313547445584,0.021967174773902778
0.7640449438202247,0.8202247191011236,0.025118621191323347,0.02394437761148468,-0.01288633176700403,0.017919045253776862
0.7640449438202247,0.8314606741573034,0.023444674223326276,0.00779302577619739,-0.01135269996663472,0.014463050057622447
0.7640449438202247,0.8426966292134831,0.0238986584861889,-0.002831031853040725,-0.0032390723568823426,0.012830949666153271
0.7640449438202247,0.8539325842696629,0.02499141308860022,-0.002284607156360584,-0.003655913965387054,0.014637007577491744
0.7640449438202247,0.8651685393258427,0.025789292693274624,-0.004157812406635876,-0.003051107401907173,0.020990862126972643
0.7640449438202247,0.8764044943820224,0.03225465053548331,-0.014589688225379604,-0.001887440678441862,0.029284652688445892
0.7640449438202247,0.8876404494382022,0.019169106669860273,-0.015979393767045238,-0.0013091597519011419,0.026581864552404674
0.7640449438202247,0.898876404494382,-0.002864493657993886,-0.002917230986027898,-0.001222321909901716,0.015731128400900973
0.7640449438202247,0.9101123595505618,-0.0042107336845737175,0.005218403573532833,-0.0022458334628615404,0.01035301256692072
0.7640449438202247,0.9213483146067416,-0.0009425610882640779,-0.00040323999563522363,-0.0018336236972356728,0.008000639655637218
0.7640449438202247,0.9325842696629213,-0.001102452175871145,-0.005830738287914519,-0.0006548521956276712,0.005212362173149269
0.7640449438202247,0.9438202247191011,-0.002004204660516579,-0.0033133903136735613,-0.00021673615832745285,0.0029159230282126843
0.7640449438202247,0.9550561797752809,-0.0022032036255932932,-0.0005693767652502771,-0.000496028610763696,0.0011062356921343664
0.7640449438202247,0.9662921348314606,-0.0018564496586160478,-0.0004964355456347683,-0.00044144000410496266,-0.0003961575867435392
0.7640449438202247,0.9775280898876404,-0.001290671347139923,-0.0007584241765522132,-0.00038042704793493973,-0.0012382582844071817
0.7640449438202247,0.9887640449438202,-0.0005730342339001975,-0.0009030602356479005,-0.00044882776607916094,-0.0008713437405318593
0.7640449438202247,1.0,-7.563043345704129e-19,-5.547354941947964e-18,-2.151288892508694e-18,-2.166423913390797e-18
0.7752808988764045,0.0,-0.0,-0.0,-0.0,0.0
0.7752808988764045,0.011235955056179775,-4.0156345738760686e-05,0.0001942400433579613,3.3792829764368e-05,-0.00025248265768003126
0.7752808988764045,0.02247191011235955,-0.00017098330866890073,0.0008891858323553228,0.0006969418289604615,-0.00029457156552408186
0.7752808988764045,0.033707865168539325,-0.0005532088682327273,0.0014034136349640471,0.0004273863211654028,0.00037095230842732537
0.7752808988764045,0.0449438202247191,-0.0007464168073279672,0.001683801828431863,-8.098403857712046e-06,0.0010847965472373642
0.7752808988764045,0.056179775280898875,-0.00046043929858871624,0.0018634488186733873,0.00013462236181928603,7.647593788168364e-06
0.7752808988764045,0.06741573033707865,-0.00025354892476207793,0.0019082295514551606,0.00016796623743182436,-0.0013292018150752522
0.7752808988764045,0.07865168539325842,-0.0005247755781999386,0.002553106923217952,1.3668526227565489e-05,0.0010190639347310826
0.7752808988764045,0.0898876404494382,-0.001906120688303258,0.003293434443895294,-0.00026808550213534176,0.0030617229071584536
0.7752808988764045,0.10112359550561797,-0.0010530262734841339,0.0037988523238599793,-0.0006331687222146152,0.0022371989983865875
0.7752808988764045,0.11235955056179775,-0.0006512148408757819,0.007290940691696789,-5.211362094387749e-05,0.0023251908011992692
0.7752808988764045,0.12359550561797752,-0.0006228136588858805,0.007786118771049995,-0.00020632722159350696,0.003151345061134419
0.7752808988764045,0.1348314606741573,0.026544275284946225,-0.0020786390094010114,-0.0017640095512368973,0.006892597608437267
0.7752808988764045,0.14606741573033707,0.06301477717378322,-0.011665838372528223,-0.00442638889357527,0.0145462853491396
0.7752808988764045,0.15730337078651685,0.05923396415733269,-0.010786369461893723,-0.003751916702647042,0.011200895890041534
0.7752808988764045,0.16853932584269662,0.05655240787585571,-0.008986359136655733,-0.0038256582193659915,-0.007027984750686046
0.7752808988764045,0.1797752808988764,0.06442478033977943,-0.011527744155922583,-0.0064682204423038075,-0.03070433248335066
0.7752808988764045,0.19101123595505617,0.06593220619679863,-0.011507036517773288,-0.007330642942556238,-0.021573078661341047
0.7752808988764045,0.20224719101123595,0.0898076704978148,-0.009504685165611077,-0.010086431414966367,0.0375979781098305
0.7752808988764045,0.21348314606741572,0.12064096845375111,-0.012956842034351742,-0.016088820590844204,0.06931337902556346
0.7752808988764045,0.2247191011235955,0.12449053134732564,-0.014711283535807904,-0.01906523507236697,0.06172680408526449
0.7752808988764045,0.23595505617977527,0.15673740376352002,0.009850585139413467,-0.03697679691027602,0.1715507600324454
0.7752808988764045,0.24719101123595505,0.2922193450762393,0.05537038650375108,-0.07419624591313045,0.38894295512558014
0.7752808988764045,0.2584269662921348,0.3627094509889389,0.06870076906169659,-0.08193501973661212,0.47853208177965056
0.7752808988764045,0.2696629213483146,0.3587517890646835,0.08766540290552197,-0.08510362588179518,0.49596605463899796
0.7752808988764045,0.2808988764044944,0.3988086988637686,0.18071006868057685,-0.08696553563482551,0.621909951856087
0.7752808988764045,0.29213483146067415,0.45548287147592137,0.2564501994508738,-0.060689076452117026,0.7708954106332362
0.7752808988764045,0.3033707865168539,0.4655576967392406,0.2677992350495857,-0.046467243389958945,0.7957370025834571
0.7752808988764045,0.3146067415730337,0.4772167358195421,0.28304230595047436,-0.05774125657226209,0.8083315543328219
0.7752808988764045,0.3258426966292135,0.5224497742418359,0.3733138549467366,-0.054659952626601074,0.9509099930445786
0.7752808988764045,0.33707865168539325,0.5659871310476247,0.4674701866887901,-0.03598905446251989,1.1564636383579012
0.7752808988764045,0.348314606741573,0.5663536360581525,0.47033311548777024,-0.030475627408687634,1.1549936688351077
0.7752808988764045,0.3595505617977528,0.5390646829700104,0.49046879737842664,-0.04651860346479539,0.8348042543795507
0.7752808988764045,0.3707865168539326,0.5592809206916203,0.6637655153088772,-0.07541086541174064,0.5502375869925296
0.7752808988764045,0.38202247191011235,0.6090744428900281,0.8559266807993645,-0.09899479105551322,0.5532651490111462
0.7752808988764045,0.3932584269662921,0.6077708356408835,0.8662181879793198,-0.09713177050654752,0.5428215144007471
0.7752808988764045,0.4044943820224719,0.606334829693617,0.8298412644493129,-0.0799222729896245,0.1274220352915424
0.7752808988764045,0.4157303370786517,0.6322150519610881,1.0211814924860887,-0.061213935089121596,-0.5605956457298391
0.7752808988764045,0.42696629213483145,0.6546728967972333,1.291768106496828,-0.04585107313542443,-0.9916457188849693
0.7752808988764045,0.4382022471910112,0.6536144933867366,1.2503296133303035,-0.0451146141177193,-1.0054582247009867
0.7752808988764045,0.449438202247191,0.6527903863441703,0.8232914321100986,-0.05546099588183744,-1.00977832120477
0.7752808988764045,0.4606741573033708,0.6665417525604836,0.41274904692792275,-0.04843926266713868,-1.1833449618303813
0.7752808988764045,0.47191011235955055,0.6779652602170784,0.26919449376646204,-0.034182103326984896,-1.3505603940612905
0.7752808988764045,0.4831460674157303,0.6804695977169322,0.24409093354987477,-0.03606634792635091,-1.3435530063985384
0.7752808988764045,0.4943820224719101,0.674681728881435,-0.046657370877533196,-0.050929479139177745,-1.131930364440965
0.7752808988764045,0.5056179775280899,0.6640904582036818,-0.5478402129755875,-0.06176544079996652,-0.9081174571972777
0.7752808988764045,0.5168539325842696,0.6644786265193559,-0.8573312176861385,-0.06350155871650362,-0.8760494579457487
0.7752808988764045,0.5280898876404494,0.6613246435709046,-0.8693861790756819,-0.06713572977558899,-0.8740267148373659
0.7752808988764045,0.5393258426966292,0.6386135726081359,-0.8002797691763094,-0.07273173083681315,-0.7140340927425753
0.7752808988764045,0.550561797752809,0.6190270030157802,-0.8175261446027243,-0.07418069876766648,-0.4657513471233589
0.7752808988764045,0.5617977528089888,0.6261059936704867,-0.89554437665209,-0.07259104266536767,-0.32855711177115887
0.7752808988764045,0.5730337078651685,0.6278688311662562,-0.9007549754706123,-0.06994290017923828,-0.32139665145568097
0.7752808988764045,0.5842696629213483,0.6029903682545726,-0.7764749881272399,-0.0862903058128173,-0.21009771975814645
0.7752808988764045,0.5955056179775281,0.5767658169389244,-0.688813126461033,-0.11001881540031934,0.05023874740835856
0.7752808988764045,0.6067415730337078,0.580028787043655,-0.7063588412801916,-0.10930189377124132,0.2410228081994923
0.7752808988764045,0.6179775280898876,0.5804228769196254,-0.7085853770693777,-0.10961523426323432,0.25393875150030004
0.7752808988764045,0.6292134831460674,0.5155959271586998,-0.6665986373940445,-0.11436675619092888,0.222175136787654
0.7752808988764045,0.6404494382022472,0.4513836796987862,-0.65583204476467,-0.10778162335494373,0.2882740928944633
0.7752808988764045,0.651685393258427,0.4260116185305401,-0.7057394718965754,-0.10139197372737177,0.36626346488431477
0.7752808988764045,0.6629213483146067,0.42125423465505935,-0.7006710962211516,-0.103480766884486,0.354581718608492
0.7752808988764045,0.6741573033707865,0.3958730601338264,-0.6216640118139102,-0.08404611418128027,0.27184092553960787
0.7752808988764045,0.6853932584269663,0.3570758565880016,-0.5744156834498091,-0.06253767730295452,0.22310278135834874
0.7752808988764045,0.696629213483146,0.3490269771976777,-0.5814936791469739,-0.05445780696345684,0.23770643382360698
0.7752808988764045,0.7078651685393258,0.349918881124832,-0.5475038915913965,-0.06239751150334841,0.21684560643401773
0.7752808988764045,0.7191011235955056,0.34008974811089576,-0.4084610422260621,-0.0860526736326548,0.13800438443420002
0.7752808988764045,0.7303370786516854,0.34106060775845254,-0.29822020409765054,-0.0874737192537294,0.07137899102202741
0.7752808988764045,0.7415730337078652,0.35233469182788185,-0.2890350319088022,-0.08682184432763072,0.05800838104563144
0.7752808988764045,0.7528089887640449,0.279856787887842,-0.2427151277602467,-0.07091281012647017,0.055508614073721305
0.7752808988764045,0.7640449438202247,0.17014205438146754,-0.09940871893074518,-0.05843663356270029,0.03727796453512909
0.7752808988764045,0.7752808988764045,0.13886919069875356,-0.002965451934470081,-0.07114914553716452,0.024824723662495538
0.7752808988764045,0.7865168539325842,0.1331665677224115,-0.004159376493843873,-0.07560921231731689,0.02264562999648003
0.7752808988764045,0.797752808988764,0.07418109844810007,-0.0037398258631046325,-0.042183749487638325,0.01737956970812157
0.7752808988764045,0.8089887640449438,0.02478289091688254,0.01586470795081123,-0.00864010691428585,0.013092732667103332
0.7752808988764045,0.8202247191011236,0.021305602685619412,0.018082490781201343,-0.006068439404128588,0.013183113368230083
0.7752808988764045,0.8314606741573034,0.0191148901182685,0.006429693505466494,-0.0021039204592476373,0.010367620507383204
0.7752808988764045,0.8426966292134831,0.019030068571596153,7.615464715855624e-05,0.0018511156930261859,0.007721822557479372
0.7752808988764045,0.8539325842696629,0.019074508886305876,-0.00029107204408884187,0.0007457551127397928,0.007005077995945091
0.7752808988764045,0.8651685393258427,0.018936523924073176,-0.005353023806196542,-0.002068512807189081,0.009801529232836538
0.7752808988764045,0.8764044943820224,0.028287685790808027,-0.01628316727852233,-0.002599972243699675,0.01590297681726568
0.7752808988764045,0.8876404494382022,0.02210810112661973,-0.014271319654651362,-0.002596509246307014,0.013514646245220814
0.7752808988764045,0.898876404494382,0.0028733728911336963,0.0027183771724359385,-0.0024974705570625757,0.003840958608097196
0.7752808988764045,0.9101123595505618,-0.0003537062128690847,0.010805104564818037,-0.00286136749830742,0.0007031332340962491
0.7752808988764045,0.9213483146067416,0.0013240442008289925,0.0032137973481803344,-0.0018509867767035392,0.002086083254866966
0.7752808988764045,0.9325842696629213,0.001288124345622144,-0.0028299301991972286,-0.0008652759870673589,0.0024704783315162683
0.7752808988764045,0.9438202247191011,0.0009620473858162543,0.0001333303476104672,-0.0009292064850778489,0.0024489422111612386
0.7752808988764045,0.9550561797752809,0.0009614283998366166,0.002169283606469061,-0.001505157954194996,0.002265529499748492
0.7752808988764045,0.9662921348314606,0.0011131939999120017,0.0008452111488020834,-0.0014594451139079466,0.001289029521220697
0.7752808988764045,0.9775280898876404,0.0008920824593875911,-6.585727524267231e-05,-0.0009313130348748001,0.00017180358599223666
0.7752808988764045,0.9887640449438202,0.000389916496128469,-0.00044989779289893254,-0.0004529843181405284,-0.00024287282237898033
0.7752808988764045,1.0,1.4737599947527726e-18,-3.750046212291734e-18,-1.375554917574543e-18,-1.6583427888872612e-18
0.7865168539325842,0.0,-0.0,-0.0,-0.0,0.0
0.7865168539325842,0.011235955056179775,-0.0004994841013495984,0.0006338393112411327,6.319671305769906e-05,0.0005382695278603625
0.7865168539325842,0.02247191011235955,-0.0006217308816034371,0.0011130259824393704,0.000652938731879762,0.0021396989065532884
0.7865168539325842,0.033707865168539325,-0.0005882068153527365,0.0010180315356228865,0.00029542577407638354,0.005291272407934623
0.7865168539325842,0.0449438202247191,-0.0004893362791390173,0.0012038550267989643,-0.00016606648733997212,0.007706660576457584
0.7865168539325842,0.056179775280898875,-0.0005841135828292651,0.001964055250085921,0.00012789042422480513,0.007122240634355371
0.7865168539325842,0.06741573033707865,-0.0014805507460146385,0.002488107895109329,0.00015055780953131522,0.005892924182305492
0.7865168539325842,0.07865168539325842,-0.0028504253332462407,0.0031328549909543186,-0.0002516906658919694,0.00804435794050011
0.7865168539325842,0.0898876404494382,-0.0034433381360067204,0.0041316348189602455,-0.00042409182553974694,0.010292796486915078
0.7865168539325842,0.10112359550561797,-0.0004891175711158466,0.005069697719215858,-0.0001550139996317266,0.010144449518001575
0.7865168539325842,0.11235955056179775,-0.00028463591460756453,0.007897341153153551,0.00029139345115179743,0.0100377043675061
0.7865168539325842,0.12359550561797752,-0.0020635444182191135,0.007800539891514991,0.00024619290261889234,0.010823666176854586
0.7865168539325842,0.1348314606741573,0.023199870508971442,-0.0016823747589689458,-0.000592530009301074,0.015610542275500155
0.7865168539325842,0.14606741573033707,0.05909975982334576,-0.011649223353616804,-0.0034114709608487255,0.024116469970261678
0.7865168539325842,0.15730337078651685,0.05956913651398688,-0.012972078951096306,-0.004456602961197994,0.02237737066908411
0.7865168539325842,0.16853932584269662,0.05586961590005362,-0.012181171560854255,-0.0042865771458665295,0.006424073844968285
0.7865168539325842,0.1797752808988764,0.05966588268451542,-0.013553653013121843,-0.006690357066728354,-0.015678075864764888
0.7865168539325842,0.19101123595505617,0.06431275657711626,-0.013231813224623976,-0.005693958326219154,-0.012973290886869498
0.7865168539325842,0.20224719101123595,0.08765450039491797,-0.012861042609196672,-0.007231709429956656,0.03645776196990814
0.7865168539325842,0.21348314606741572,0.11827442764209604,-0.01794510088639507,-0.01741010634358939,0.07534141489395234
0.7865168539325842,0.2247191011235955,0.12741597575793928,-0.018578241106899245,-0.016913222834115765,0.0898048439565969
0.7865168539325842,0.23595505617977527,0.16052315660822022,0.010374695177006283,-0.02663552339615911,0.19637806405389216
0.7865168539325842,0.24719101123595505,0.27898301865142694,0.05350700630611365,-0.06073438045321857,0.3724823147910236
0.7865168539325842,0.2584269662921348,0.35586538876560925,0.06161405947258995,-0.07818879723616232,0.4334033866162059
0.7865168539325842,0.2696629213483146,0.3528786927005842,0.08523988543476071,-0.08445353699265673,0.4338327327023526
0.7865168539325842,0.2808988764044944,0.3847360493053697,0.17458598151100205,-0.08086341875673447,0.5481505564235314
0.7865168539325842,0.29213483146067415,0.4423375108441359,0.24469921993767693,-0.05528133418147286,0.7001120935935693
0.7865168539325842,0.3033707865168539,0.4600367983600857,0.2559435240740071,-0.049189834415099935,0.7319592651622349
0.7865168539325842,0.3146067415730337,0.46717290792349325,0.2668829988001335,-0.05772232233168737,0.7300556543648731
0.7865168539325842,0.3258426966292135,0.5085032826912949,0.3490880514912822,-0.04807016615216898,0.8306377927735339
0.7865168539325842,0.33707865168539325,0.552371010857467,0.4431525087404616,-0.03218017269683579,0.99960969830052
0.7865168539325842,0.348314606741573,0.557001318351751,0.46261252512184103,-0.03724397156194402,1.0477600492622219
0.7865168539325842,0.3595505617977528,0.5317246708625547,0.5012187651040622,-0.052434407310959774,0.8298135115559061
0.7865168539325842,0.3707865168539326,0.5443496956736875,0.6771691480374825,-0.07209444449968454,0.5701924750630513
0.7865168539325842,0.38202247191011235,0.5938573377231926,0.837264540604394,-0.0928913705703342,0.5488917714234712
0.7865168539325842,0.3932584269662921,0.6025164173682934,0.8138677039890023,-0.09683532006711337,0.509987510430253
0.7865168539325842,0.4044943820224719,0.6047465936000441,0.7655950233985588,-0.0855574370260822,0.10651853629445601
0.7865168539325842,0.4157303370786517,0.6246216504965254,0.9604120746068635,-0.06615341666546601,-0.5243763688387191
0.7865168539325842,0.42696629213483145,0.6424133836286166,1.2321430205955166,-0.0467392987784834,-0.9195903253981869
0.7865168539325842,0.4382022471910112,0.6446651656342081,1.2303734644216218,-0.051766075673452136,-0.9264636894181172
0.7865168539325842,0.449438202247191,0.6452487622671187,0.8411676829591652,-0.06711537255301402,-0.9223865338913926
0.7865168539325842,0.4606741573033708,0.6586752173680654,0.3995545039420652,-0.05862998691068029,-1.0987801145993048
0.7865168539325842,0.47191011235955055,0.6693447650573732,0.2629222417796559,-0.03932954559494578,-1.2519292822110022
0.7865168539325842,0.4831460674157303,0.6654884984997926,0.2465583106085915,-0.03676141664138864,-1.2228789666080486
0.7865168539325842,0.4943820224719101,0.6526969081688598,-0.02138486142634574,-0.052133730730227514,-1.0098615962767814
0.7865168539325842,0.5056179775280899,0.6424854419374286,-0.5128285585823523,-0.06748244945845927,-0.7942774647941548
0.7865168539325842,0.5168539325842696,0.6484950032268382,-0.8320199417377431,-0.06894295203876166,-0.77028206130558
0.7865168539325842,0.5280898876404494,0.6508478430337312,-0.85537445351553,-0.06343861644283594,-0.7758176139482351
0.7865168539325842,0.5393258426966292,0.6317012600271286,-0.7916355234621407,-0.0603334858624168,-0.635239788606901
0.7865168539325842,0.550561797752809,0.6108832464608339,-0.8054269437591989,-0.06202448437436613,-0.40498131702452533
0.7865168539325842,0.5617977528089888,0.6135068115556775,-0.8761487563181518,-0.06768749084422296,-0.26700124039019413
0.7865168539325842,0.5730337078651685,0.6143831338351613,-0.873004886951289,-0.07382171156030592,-0.2369882031658484
0.7865168539325842,0.5842696629213483,0.5938854630588483,-0.7464278674020348,-0.09586809862314623,-0.11105154752287127
0.7865168539325842,0.5955056179775281,0.5726837372645096,-0.6542442293873283,-0.11481298281298423,0.12725112465939237
0.7865168539325842,0.6067415730337078,0.5747723967097954,-0.6748778278051802,-0.10501360545411016,0.27930613924997444
0.7865168539325842,0.6179775280898876,0.570682645858734,-0.6842787761131356,-0.10190073521899687,0.28293807889135686
0.7865168539325842,0.6292134831460674,0.5058791648677875,-0.6397357792467736,-0.11184281375615764,0.24374274571361176
0.7865168539325842,0.6404494382022472,0.4401925482152364,-0.6305524494065323,-0.11172677924382442,0.2686516349312027
0.7865168539325842,0.651685393258427,0.4170638894335219,-0.6812125588181084,-0.10179963721044258,0.33658491450905853
0.7865168539325842,0.6629213483146067,0.4178413109025014,-0.6673946469209997,-0.09210608311849011,0.3510764419980631
0.7865168539325842,0.6741573033707865,0.39716299049453296,-0.5897271065933446,-0.07235730575801183,0.287148647803025
0.7865168539325842,0.6853932584269663,0.3592556590655726,-0.5418931395083348,-0.058069779889590015,0.23666144376481074
0.7865168539325842,0.696629213483146,0.34454802883136343,-0.5535362339912859,-0.05291997158059203,0.24146119047589126
0.7865168539325842,0.7078651685393258,0.33921924972905976,-0.5396873723283281,-0.06535698500449603,0.21522966916227765
0.7865168539325842,0.7191011235955056,0.32815573579266116,-0.4169888068466317,-0.0891274409965221,0.1373621973960981
0.7865168539325842,0.7303370786516854,0.3328735905574829,-0.29938855414266846,-0.08415879717321528,0.07792484779042758
0.7865168539325842,0.7415730337078652,0.3482618576838885,-0.27237979124107636,-0.0831343578988518,0.07010110192838027
0.7865168539325842,0.7528089887640449,0.27385935910333553,-0.21007963838574714,-0.07679830376143919,0.06445556557228471
0.7865168539325842,0.7640449438202247,0.16705900823904377,-0.07290603955527271,-0.06937133027371041,0.048988746595276265
0.7865168539325842,0.7752808988764045,0.13738168148798288,0.0015306070287326242,-0.07242198714175775,0.04829229513138446
0.7865168539325842,0.7865168539325842,0.1235882904719703,-0.008545309469860927,-0.06442142044311636,0.050916852871550886
0.7865168539325842,0.797752808988764,0.06290857648962984,-0.004707863206454917,-0.03411000298942215,0.04264625572071809
0.7865168539325842,0.8089887640449438,0.022566337767758477,0.016216321611120472,-0.00832468576184732,0.03649408239232764
0.7865168539325842,0.8202247191011236,0.020367990582677895,0.01883507868323486,-0.005953898063904302,0.033515814653022814
0.7865168539325842,0.8314606741573034,0.0185688997926768,0.006169717853408563,-0.002924788665062565,0.02874650080160088
0.7865168539325842,0.8426966292134831,0.018487902570708474,-0.0004564282737177589,4.752094171845948e-08,0.0274891346306732
0.7865168539325842,0.8539325842696629,0.018886887590171687,-0.0011107309911065942,0.001447678264171668,0.02838315411391915
0.7865168539325842,0.8651685393258427,0.018523212001276906,-0.007125244280039789,-0.001975867145424259,0.0291358838622377
0.7865168539325842,0.8764044943820224,0.025988446724932265,-0.016638112193584312,-0.0023665756611078834,0.031189367814140223
0.7865168539325842,0.8876404494382022,0.023052279556696725,-0.011985061409887124,-0.0023948040357225434,0.02657221091704513
0.7865168539325842,0.898876404494382,0.005082817846164614,0.004566906155120807,-0.002663171065802744,0.01424776379084186
0.7865168539325842,0.9101123595505618,-0.0012363202061306648,0.008997938619941071,-0.002362855960510588,0.007329410886228313
0.7865168539325842,0.9213483146067416,-0.000778819824244434,0.0003411433107823558,-0.0006023094716542485,0.00643405535673005
0.7865168539325842,0.9325842696629213,0.00026905539206685184,-0.003665230836004096,-0.0004158069160272652,0.006300351538655089
0.7865168539325842,0.9438202247191011,0.0008710011211016724,0.00027886283784301594,-0.0008674587036825239,0.005976639719486415
0.7865168539325842,0.9550561797752809,0.0007975103959092661,0.0019248869385834514,-0.0013882055009882092,0.005746741855513898
0.7865168539325842,0.9662921348314606,0.0007169586375441005,0.00028176935937599816,-0.0014265670888700935,0.004620161098462131
0.7865168539325842,0.9775280898876404,0.000440227041043544,-9.441773925090608e-05,-0.0008913466712115344,0.0027440764270676987
0.7865168539325842,0.9887640449438202,5.851906983504174e-05,0.0001664459326290894,-0.0002779179260094932,0.0010424010584126019
0.7865168539325842,1.0,2.7079303654531595e-20,6.472301708840045e-19,-4.2813724873836666e-20,2.3234270405773935e-18
0.797752808988764,0.0,-0.0,-0.0,-0.0,0.0
0.797752808988764,0.011235955056179775,-0.001187665405258553,0.0012215064203965188,0.00026586910188431957,0.0022312767704218755
0.797752808988764,0.02247191011235955,-0.001504896177519941,0.0019306814171478085,0.0008720923759207422,0.005100061452382094
0.797752808988764,0.033707865168539325,-0.0012502119624404455,0.0010267550187873621,0.0006784697055930259,0.008054497948911806
0.797752808988764,0.0449438202247191,-0.0009038956694348397,0.0004902228230609534,0.00039890808720130933,0.00899054229903147
0.797752808988764,0.056179775280898875,-0.0013644169467765955,0.0014492107360102536,0.0008523213372628806,0.0076269752726078445
0.797752808988764,0.06741573033707865,-0.003200620910228569,0.0030938403368874954,0.0011183581728015986,0.006334045239556873
0.797752808988764,0.07865168539325842,-0.005610267034669126,0.005657452555132431,0.0005741185394050675,0.0075097491781056175
0.797752808988764,0.0898876404494382,-0.006956787535718842,0.008234962495297104,0.00012650933182569894,0.009088370592809392
0.797752808988764,0.10112359550561797,-0.0046106758850896455,0.00845230986150839,0.0011088557417383534,0.009154986173981769
0.797752808988764,0.11235955056179775,-0.004718257168942307,0.007956750472634298,0.002277460753940583,0.008162003406420268
0.797752808988764,0.12359550561797752,-0.007557966061246857,0.00620160044565177,0.0025326862609298282,0.008102252423372916
0.797752808988764,0.1348314606741573,0.013316429680900393,0.0006629683677887427,0.002127068400403444,0.013877685695660042
0.797752808988764,0.14606741573033707,0.04491013404787424,-0.004242704194630802,-0.00044432049721725,0.024109478649544824
0.797752808988764,0.15730337078651685,0.048264905203674414,-0.005329036640636559,-0.001882815079626107,0.027485353848823998
0.797752808988764,0.16853932584269662,0.04388254852804251,-0.007315713813628152,-0.0013906420490325349,0.019490318771615375
0.797752808988764,0.1797752808988764,0.039915457580478104,-0.01182292308818153,-0.004439401097380055,0.005351503298535767
0.797752808988764,0.19101123595505617,0.04473772747009027,-0.01598037120236844,-0.0010776612315555323,0.011960277262572566
0.797752808988764,0.20224719101123595,0.07504956930079594,-0.022604215305701236,0.0027382847285096295,0.05628699757562303
0.797752808988764,0.21348314606741572,0.11383671011065422,-0.03401069458548095,-0.010533666186849233,0.09281413739047122
0.797752808988764,0.2247191011235955,0.12177465040429758,-0.035921179068711895,-0.010578486841519219,0.09439703219474908
0.797752808988764,0.23595505617977527,0.14757086949036705,-0.007461956827433981,-0.012077388342483147,0.12792496766666098
0.797752808988764,0.24719101123595505,0.24155539596616082,0.0229688086167299,-0.03659441643860975,0.21096076590991902
0.797752808988764,0.2584269662921348,0.3086716881950114,0.023686672025378455,-0.05117063000731523,0.2407954904264771
0.797752808988764,0.2696629213483146,0.30018525910042326,0.04448341479127403,-0.05680015617713651,0.2284654529072533
0.797752808988764,0.2808988764044944,0.32307007653908226,0.11348970724297691,-0.051454390925491866,0.3008296476168927
0.797752808988764,0.29213483146067415,0.383147835839331,0.1636562619635222,-0.035474478938937154,0.4142512412579877
0.797752808988764,0.3033707865168539,0.40414038803168245,0.1702372684781612,-0.03527774046522685,0.4265201965228121
0.797752808988764,0.3146067415730337,0.4010131413494891,0.18119572446524126,-0.04117372289164512,0.38667883710518414
0.797752808988764,0.3258426966292135,0.4346755304726268,0.25342464544776677,-0.03296509168544182,0.41481454500341125
0.797752808988764,0.33707865168539325,0.47551641415830026,0.33590649651509313,-0.023485000348309977,0.4970948175874825
0.797752808988764,0.348314606741573,0.4789556426310266,0.3502145020526835,-0.03145192142534694,0.5353013482899267
0.797752808988764,0.3595505617977528,0.45587681294024524,0.36028499379938705,-0.03545116811377114,0.4501745220778038
0.797752808988764,0.3707865168539326,0.4701386286316692,0.4725177880208225,-0.03919065043220218,0.3232819295872029
0.797752808988764,0.38202247191011235,0.5214271866995978,0.597078805347215,-0.047093283175039975,0.33066165094138983
0.797752808988764,0.3932584269662921,0.5348011892726644,0.5743002947549782,-0.055868042179670355,0.34858843224620156
0.797752808988764,0.4044943820224719,0.5367559935680631,0.5218074393866443,-0.061631115899712846,0.1779330156823855
0.797752808988764,0.4157303370786517,0.5482228088157951,0.6756283402511091,-0.05264242111200331,-0.12286904397641393
0.797752808988764,0.42696629213483145,0.5577191145908419,0.8799469399984383,-0.03188928198550134,-0.319133968169793
0.797752808988764,0.4382022471910112,0.5590185392081887,0.8799428204257367,-0.037177614814424755,-0.29921432617283755
0.797752808988764,0.449438202247191,0.5605540503764549,0.6241041826989928,-0.05568294808926674,-0.27128280638152336
0.797752808988764,0.4606741573033708,0.5763606783294508,0.28686383629205026,-0.04872631545051788,-0.37599346477826395
0.797752808988764,0.47191011235955055,0.5914161872909179,0.2023368619354157,-0.028667163645301155,-0.4635759934028615
0.797752808988764,0.4831460674157303,0.5886725989878493,0.20655296114017338,-0.024302475923718272,-0.4355667732154617
0.797752808988764,0.4943820224719101,0.5731638243237137,-0.01441402992316285,-0.03754590763034212,-0.32239998667806313
0.797752808988764,0.5056179775280899,0.56307408942591,-0.4074541012362874,-0.05111005457792081,-0.21684540609640304
0.797752808988764,0.5168539325842696,0.572812338612,-0.665512235899335,-0.051896480956564996,-0.2139768445765467
0.797752808988764,0.5280898876404494,0.5760071006707347,-0.6939602142071454,-0.045246632248191504,-0.23857443077238016
0.797752808988764,0.5393258426966292,0.552777083886523,-0.6437231289662164,-0.0396629970397006,-0.16843697077230785
0.797752808988764,0.550561797752809,0.5265076879833215,-0.6549697821240892,-0.039096376526595866,-0.030125763164036833
0.797752808988764,0.5617977528089888,0.5245157053344821,-0.7108921221470845,-0.04343505256120678,0.03705451290687548
0.797752808988764,0.5730337078651685,0.5241880438681825,-0.6922986111524153,-0.04730903450339259,0.040231372250970565
0.797752808988764,0.5842696629213483,0.5094057174376186,-0.5731078162722003,-0.0620713292523374,0.11403274515861117
0.797752808988764,0.5955056179775281,0.498925528234569,-0.4780966898426861,-0.06872035652943129,0.23370488766718403
0.797752808988764,0.6067415730337078,0.50965074402274,-0.488272849520036,-0.050656708386732446,0.2826598126883303
0.797752808988764,0.6179775280898876,0.5116085753586347,-0.5064143832547928,-0.046915474059071725,0.25415162225309385
0.797752808988764,0.6292134831460674,0.4542619527359121,-0.4686326996349516,-0.0630182421887705,0.201938831496497
0.797752808988764,0.6404494382022472,0.39171097377708547,-0.45612747992344216,-0.0717297541522913,0.1878214412782022
0.797752808988764,0.651685393258427,0.37173400966601605,-0.48844847729591645,-0.06546015513880875,0.2155799229899064
0.797752808988764,0.6629213483146067,0.37187606587827304,-0.4743999430984956,-0.054331889727782676,0.23132986689200866
0.797752808988764,0.6741573033707865,0.3477540912490154,-0.41620873218951987,-0.038594383995780863,0.2058876100990723
0.797752808988764,0.6853932584269663,0.3124505041835339,-0.3801517353905334,-0.03307906361540533,0.17902710965781013
0.797752808988764,0.696629213483146,0.2986769154991904,-0.395463107412161,-0.03283597204169712,0.1727520591633019
0.797752808988764,0.7078651685393258,0.29458763804471333,-0.4039198427208719,-0.04448631561429748,0.14647121994807985
0.797752808988764,0.7191011235955056,0.2861867327363092,-0.326559174969661,-0.0629625576455564,0.09547396688699723
0.797752808988764,0.7303370786516854,0.29204610719764584,-0.22543316736624489,-0.04900546159944271,0.06799606700862262
0.797752808988764,0.7415730337078652,0.30890042538586504,-0.19395284685205058,-0.045311069988868406,0.07758040343472435
0.797752808988764,0.7528089887640449,0.24284623526187998,-0.14254935062734797,-0.04377191489507558,0.07688121714785957
0.797752808988764,0.7640449438202247,0.14646386263280542,-0.04807046275467265,-0.04041753298355717,0.06470554008097101
0.797752808988764,0.7752808988764045,0.11766065831145486,-0.010841277527783584,-0.04200307276189846,0.06685148387335271
0.797752808988764,0.7865168539325842,0.09790368972737158,-0.02200587646142961,-0.033762393993522884,0.06821275570475865
0.797752808988764,0.797752808988764,0.04497508980427748,-0.01012274013564395,-0.01955278578762861,0.0587628658193592
0.797752808988764,0.8089887640449438,0.014170728441906718,0.01134461945425015,-0.006152727500402208,0.05298613901305489
0.797752808988764,0.8202247191011236,0.014660579678726395,0.015151990012758975,-0.006092411001331286,0.05164963251539463
0.797752808988764,0.8314606741573034,0.015249519090147622,0.006107684727296588,-0.005002171643689687,0.04754962986171888
0.797752808988764,0.8426966292134831,0.015676197642594505,-0.0003766893989619803,-0.0014935966452304635,0.04380352234493597
0.797752808988764,0.8539325842696629,0.015103045975763625,-0.0023617182732637975,0.002023141323797207,0.04052456332463288
0.797752808988764,0.8651685393258427,0.012918716876042565,-0.0070021431563896275,-0.001610781294028431,0.03600309523891673
0.797752808988764,0.8764044943820224,0.016387137924735968,-0.013117103293477294,-0.0013940670575584276,0.031931238706384105
0.797752808988764,0.8876404494382022,0.014018306415836478,-0.008843802557622153,-0.0014323350470781923,0.024309200530533568
0.797752808988764,0.898876404494382,0.0008046610441879104,0.0020264172482902525,-0.0026518134629477737,0.012850687182437233
0.797752808988764,0.9101123595505618,-0.0036687373976556845,0.002351360534049415,-0.0023643208148304913,0.006554494438270628
0.797752808988764,0.9213483146067416,-0.0025083152180816436,-0.0048340966755011025,-0.0005468474683581168,0.00530671896865186
0.797752808988764,0.9325842696629213,-0.000879339681869454,-0.006484123368835964,-0.001095832573188635,0.006049672486888552
0.797752808988764,0.9438202247191011,-0.00091508458178207,-0.002805537150303074,-0.0008321539350046128,0.007036085489316696
0.797752808988764,0.9550561797752809,-0.0017145016768184368,-0.00116425937150975,-0.00047130978544388387,0.007470904769848816
0.797752808988764,0.9662921348314606,-0.001613389710260257,-0.0017891055892195092,-0.00039112389537922357,0.006665961098135508
0.797752808988764,0.9775280898876404,-0.0011154063362705888,-0.0011587481632073873,-0.0001706292334247845,0.004766153209843467
0.797752808988764,0.9887640449438202,-0.0006386295331234193,1.0647594187863581e-05,8.834390488008466e-05,0.0023024415046301876
0.797752808988764,1.0,-2.2175810966243318e-18,2.327939608443349e-18,1.289783255205123e-18,6.679138754670475e-18
0.8089887640449438,0.0,-0.0,-0.0,-0.0,0.0
0.8089887640449438,0.011235955056179775,-0.0005760516258136394,0.0006321808736170201,0.00037296615249870476,7.246085505773381e-05
0.8089887640449438,0.02247191011235955,-0.00045302327117889687,0.0013733660953191714,0.0009355236489035899,0.0006065464970392057
0.8089887640449438,0.033707865168539325,-0.00012960681755684234,0.0010355697497811628,0.000929615543879681,0.0013039265150086975
0.8089887640449438,0.0449438202247191,0.00026295121975564373,0.0006293391900048359,0.0008109522432869729,0.0010855393594126313
0.8089887640449438,0.056179775280898875,0.00031290211853195914,0.0007535051398278697,0.0012149783177525775,0.00043725372350904073
0.8089887640449438,0.06741573033707865,-2.8360202482760803e-05,0.0009317685028216385,0.0015781007187184067,0.00011088688302164663
0.8089887640449438,0.07865168539325842,-0.0005451696922908738,0.0020838940987411214,0.0007526299789159482,0.0004621303025652428
0.8089887640449438,0.0898876404494382,-0.0013969343288813324,0.003556975201909741,-0.00039912699947572075,0.0007701332996743743
0.8089887640449438,0.10112359550561797,-0.0008651989926716993,0.0027655762700676025,0.0004766123669838438,0.0007872771078557231
0.8089887640449438,0.11235955056179775,-0.002181348539220608,0.0009952269025069475,0.0019723312284028235,-0.0002649437410856916
0.8089887640449438,0.12359550561797752,-0.004501617828758241,3.534297166862122e-05,0.0022121812829657226,-0.0015489739786702374
0.8089887640449438,0.1348314606741573,0.01285009201833442,0.0003767914693075889,0.0021952418090622084,0.0016079627783789022
0.8089887640449438,0.14606741573033707,0.037496983956738575,0.002370857877303842,0.0009217547747877883,0.007891388486399791
0.8089887640449438,0.15730337078651685,0.039606560732533165,0.0029859981440547136,0.0007627849470273378,0.009455919361642473
0.8089887640449438,0.16853932584269662,0.031894691462700187,-0.000696818618095639,0.0026737073077267993,-0.00030944288030702367
0.8089887640449438,0.1797752808988764,0.021548910326408217,-0.005582947414137134,-0.0005236679352660593,-0.016609481093214192
0.8089887640449438,0.19101123595505617,0.023984450496895102,-0.007701333376270164,0.0017367407196435369,-0.013773648852998796
0.8089887640449438,0.20224719101123595,0.05906716396293071,-0.012477244954815822,0.009282718547300037,0.020604132824075496
0.8089887640449438,0.21348314606741572,0.11173027762999259,-0.02279090037122985,-0.00028638551268108655,0.05483333976969171
0.8089887640449438,0.2247191011235955,0.12073011445921525,-0.024818461145007662,-0.003672612954020877,0.05734676733218669
0.8089887640449438,0.23595505617977527,0.13944334163436067,-0.007938441726645392,0.0006522068594335339,0.06863353969766389
0.8089887640449438,0.24719101123595505,0.21167736885598334,0.00814223804407939,-0.01239885819079188,0.11603893214318256
0.8089887640449438,0.2584269662921348,0.2633102509069853,0.006425879475904655,-0.018114101285600613,0.14215572395127005
0.8089887640449438,0.2696629213483146,0.24389853520094246,0.01723944133868872,-0.017329274076563296,0.12881081556176213
0.8089887640449438,0.2808988764044944,0.25530881713751724,0.05808333076777118,-0.008155920828593377,0.16929096905455154
0.8089887640449438,0.29213483146067415,0.3188578913873421,0.08352012514116194,0.003911865479599131,0.25981309354489535
0.8089887640449438,0.3033707865168539,0.33802591083886013,0.08503026754561163,0.006221734902905454,0.27720512080035614
0.8089887640449438,0.3146067415730337,0.33080341378286854,0.10180208809877221,0.00018439756125065683,0.24347030731514965
0.8089887640449438,0.3258426966292135,0.36938999695473546,0.1700365209176361,-0.00080819725754512,0.2606508123591956
0.8089887640449438,0.33707865168539325,0.4165402010229738,0.23935817202105003,0.0007321645896970874,0.3070655229509156
0.8089887640449438,0.348314606741573,0.42110771866265295,0.2417720329416021,-0.0025971699907362407,0.32179899012200347
0.8089887640449438,0.3595505617977528,0.40147727487548435,0.22572224452181086,0.004878754895411916,0.2713259937487542
0.8089887640449438,0.3707865168539326,0.4183734604562659,0.28867967205938827,0.011026325003395924,0.19711624125082275
0.8089887640449438,0.38202247191011235,0.46637751315215986,0.38337931513925433,0.015041354142929281,0.19095323976755585
0.8089887640449438,0.3932584269662921,0.47390617442611366,0.37449877938407,0.010994790687155146,0.19903734856178582
0.8089887640449438,0.4044943820224719,0.467732675644178,0.32388611911768184,-0.0018762523157035435,0.1330934998672925
0.8089887640449438,0.4157303370786517,0.4693673486932746,0.43383474318621157,-0.0006634334081967347,0.01796570618136497
0.8089887640449438,0.42696629213483145,0.4704036349564812,0.5752196104885082,0.02080866012149285,-0.05139666048387068
0.8089887640449438,0.4382022471910112,0.46966945124297343,0.5624693461590492,0.018072099994186203,-0.022020114101550404
0.8089887640449438,0.449438202247191,0.476872230574223,0.3969404054882421,-0.004237299684065524,0.011739694851095791
0.8089887640449438,0.4606741573033708,0.5040555136925154,0.18392751331053706,-0.002492266968625786,-0.027404745426000472
0.8089887640449438,0.47191011235955055,0.528192181533259,0.1353070502928347,0.012784285789805222,-0.07250513363653863
0.8089887640449438,0.4831460674157303,0.5283408208922369,0.14017064571616672,0.013629880053091847,-0.07735250673041558
0.8089887640449438,0.4943820224719101,0.5117749238522773,-0.03414891277381272,0.0019913688759059887,-0.05268418770915001
0.8089887640449438,0.5056179775280899,0.5030378871476149,-0.32236302639582665,-0.0055208953240613355,-0.020490179479625392
0.8089887640449438,0.5168539325842696,0.5171228587603177,-0.4945558565544202,-0.003468565052735445,-0.013712713093478955
0.8089887640449438,0.5280898876404494,0.51946682335093,-0.5113798081461367,-0.0003222002346003154,-0.02386114943708989
0.8089887640449438,0.5393258426966292,0.48898432687506477,-0.47546434449083325,0.0019904051148034742,0.003243938060822993
0.8089887640449438,0.550561797752809,0.45411622045666294,-0.4924483906525534,0.005195572958337425,0.06387088192087124
0.8089887640449438,0.5617977528089888,0.4441793195979279,-0.5532279398289847,0.00602864419907106,0.08850219006013066
0.8089887640449438,0.5730337078651685,0.44049911736978553,-0.5505991524319935,0.005435880739406285,0.08452890945708419
0.8089887640449438,0.5842696629213483,0.431761468153888,-0.4571981345808522,-0.004530589102842495,0.11773091059110641
0.8089887640449438,0.5955056179775281,0.4329984112588789,-0.36288405561731,-0.005960600026759504,0.1747556910177017
0.8089887640449438,0.6067415730337078,0.45344943733280446,-0.34746288566865946,0.014727835235077072,0.20485613113818477
0.8089887640449438,0.6179775280898876,0.45893493941316044,-0.3524703390725477,0.016470513142840294,0.19399229545751234
0.8089887640449438,0.6292134831460674,0.40259520038646895,-0.3193951540070071,-0.004763051808926367,0.15573026569264647
0.8089887640449438,0.6404494382022472,0.34554667978144227,-0.3157962553251706,-0.020052856694743285,0.13711224506655417
0.8089887640449438,0.651685393258427,0.33510875368348086,-0.3555583328765226,-0.021945843792140547,0.14841417770777474
0.8089887640449438,0.6629213483146067,0.3346167656644594,-0.3513995673824982,-0.01610874374582164,0.1533593633721394
0.8089887640449438,0.6741573033707865,0.3025931885122679,-0.3016665675275037,-0.0008391963854123346,0.13261368188646205
0.8089887640449438,0.6853932584269663,0.2653198152231322,-0.2702737907275687,0.004687792089156005,0.11254805659473867
0.8089887640449438,0.696629213483146,0.2516495545554391,-0.27899539175565397,0.0034227077485150634,0.10814190661044087
0.8089887640449438,0.7078651685393258,0.24625089742535433,-0.27915544357012295,-0.002371210369902521,0.09724705873986955
0.8089887640449438,0.7191011235955056,0.2353612699890954,-0.2202136655474095,-0.013505294159416079,0.07561437649906703
0.8089887640449438,0.7303370786516854,0.23749039521834184,-0.14897041934426433,0.004063321859966307,0.06686855210628917
0.8089887640449438,0.7415730337078652,0.25351822396625073,-0.13364445527484423,0.00849340947057556,0.07439061683839256
0.8089887640449438,0.7528089887640449,0.19585492821717979,-0.10742870720143974,0.012320413113288358,0.06249171092111007
0.8089887640449438,0.7640449438202247,0.11324018810597532,-0.051157230155909686,0.014099594773822577,0.03972816691889506
0.8089887640449438,0.7752808988764045,0.09355812436551512,-0.03255402656880999,0.004894067737163502,0.033357300688356184
0.8089887640449438,0.7865168539325842,0.0817338201066772,-0.03483669713543574,0.0016489302337808877,0.03014617229348413
0.8089887640449438,0.797752808988764,0.037530174714040056,-0.015066481430329477,-0.005267280105096784,0.019199379034163643
0.8089887640449438,0.8089887640449438,0.009224734688309184,0.006549592228056372,-0.0016941880169697617,0.012425798428535875
0.8089887640449438,0.8202247191011236,0.00915211756775074,0.010063617733564333,-0.002098313511927605,0.012221673756673655
0.8089887640449438,0.8314606741573034,0.011477842994196128,0.0040650970382597185,-0.0034161206633635216,0.011166627960782115
0.8089887640449438,0.8426966292134831,0.01326408477359824,0.0014242364837759348,-0.0018932562676700253,0.009536627880965324
0.8089887640449438,0.8539325842696629,0.012263374837597058,0.0005012388276045394,-0.00011838103126484606,0.0083059009828454
0.8089887640449438,0.8651685393258427,0.0073346127778103854,-0.003705888268461934,-0.003767199621690234,0.006717435204150784
0.8089887640449438,0.8764044943820224,0.007526071847034806,-0.008823871501359961,-0.002126971433298566,0.006266656868116954
0.8089887640449438,0.8876404494382022,0.005955382665485055,-0.00744239587548757,-0.002269721758027342,0.004499617667685118
0.8089887640449438,0.898876404494382,-0.0025121365887766684,-0.0011773099719550445,-0.003880392161487002,0.0008723872385840356
0.8089887640449438,0.9101123595505618,-0.004342478517017321,-0.0005183617903766782,-0.00369206282344725,-9.51144571717085e-05
0.8089887640449438,0.9213483146067416,-0.002512517490974076,-0.0032523153711901116,-0.0021219580067370317,0.0001234287214955894
0.8089887640449438,0.9325842696629213,-0.0011976880488383706,-0.002984273514305787,-0.0024241741504592274,0.0004947328156446543
0.8089887640449438,0.9438202247191011,-0.002092922609125937,-0.001013974359486225,-0.0012314291465128462,0.0007124994055044091
0.8089887640449438,0.9550561797752809,-0.0030627198650899604,-0.0007052719251408153,-8.085296526401584e-05,0.0009325917680784304
0.8089887640449438,0.9662921348314606,-0.0025397607307291272,-0.0014596434336496707,0.00023448105273562355,0.0012235566708341669
0.8089887640449438,0.9775280898876404,-0.001476513791666991,-0.0009842632087470006,0.00029365891618466457,0.0012397064335859373
0.8089887640449438,0.9887640449438202,-0.0005991668477157479,-4.9545911835560794e-05,0.00023944134363774704,0.000635243789364101
0.8089887640449438,1.0,-1.4398820873269704e-18,1.5350512342956064e-18,1.4132910766542613e-18,1.1043823726433907e-18
0.8202247191011236,0.0,-0.0,-0.0,-0.0,0.0
0.8202247191011236,0.011235955056179775,-0.0003398854426030887,0.0004926898210556496,0.00044009523703027756,-0.000183430900880047
0.8202247191011236,0.02247191011235955,-0.00013738061735279534,0.0005310894449537138,0.000953315214025635,-0.00015279895703108616
0.8202247191011236,0.033707865168539325,0.00012742805048336815,0.00019508105818035872,0.0010444424143174328,0.00018328573034045835
0.8202247191011236,0.0449438202247191,0.0004727781757410917,0.0005345503652293925,0.0009541059186650107,0.0003240630280343285
0.8202247191011236,0.056179775280898875,0.0005854759995491118,0.0007718207013246887,0.001260680266054967,0.0005463905962063256
0.8202247191011236,0.06741573033707865,0.0006196871113369738,0.00011159136022734255,0.0017539437243065516,0.0007077197705191794
0.8202247191011236,0.07865168539325842,0.0006641420005329509,0.000651250617763013,0.0008941802535368054,0.00040264339976458347
0.8202247191011236,0.0898876404494382,0.0004163236922630094,0.001955997405966813,-0.0008067499369558721,-9.35615605538307e-06
0.8202247191011236,0.10112359550561797,0.0002549964088016487,0.0007367741643417629,-0.0004275779765668284,-9.21389425810321e-05
0.8202247191011236,0.11235955056179775,-0.0021273220785065403,-0.0014431765614836536,0.0013936502287240963,-0.0008517807705579295
0.8202247191011236,0.12359550561797752,-0.0022269543859079516,-0.0015320827009700684,0.0016497100647525603,-0.001045550029241272
0.8202247191011236,0.1348314606741573,0.017947803956490916,0.0010171821397205454,0.001078500953622746,0.0036494468273472703
0.8202247191011236,0.14606741573033707,0.037866521914715894,0.0018196093069247584,0.0005589062987901469,0.00802272927742705
0.8202247191011236,0.15730337078651685,0.03656230142709145,-0.0014972009116090929,0.001297225562858842,0.005538056574885776
0.8202247191011236,0.16853932584269662,0.027860670732575202,-0.005585169714810237,0.003948541633322193,-0.006572534763804272
0.8202247191011236,0.1797752808988764,0.018323448186901462,-0.00856187764175675,0.0006299385994014314,-0.020667517652211222
0.8202247191011236,0.19101123595505617,0.02266561102012274,-0.00948032640095093,-0.0006632530231719586,-0.015779345530248373
0.8202247191011236,0.20224719101123595,0.05842990905245211,-0.013917268111320723,0.003175271341021618,0.013913187514382416
0.8202247191011236,0.21348314606741572,0.11097802274447707,-0.023824933632919414,0.0007730992046981397,0.04627325869481843
0.8202247191011236,0.2247191011235955,0.12121000962029509,-0.02984388719305058,-0.004326589457140088,0.05467876453570192
0.8202247191011236,0.23595505617977527,0.14439387948171964,-0.024709181234738992,-0.0008755315055253702,0.06674826288058384
0.8202247191011236,0.24719101123595505,0.20744580958925746,-0.01077891533047019,-0.009025425908122147,0.10166696447682426
0.8202247191011236,0.2584269662921348,0.2540727651752129,-0.0012410824860458302,-0.013803968624689545,0.1291694193067255
0.8202247191011236,0.2696629213483146,0.2386897252497673,0.013866585430857292,-0.01325129791004662,0.12806302796287436
0.8202247191011236,0.2808988764044944,0.24233772206941376,0.04792783841048755,-0.005349572364866912,0.15663511377604208
0.8202247191011236,0.29213483146067415,0.3050439816847755,0.06652131250968495,0.0062476729590533065,0.23488561692516352
0.8202247191011236,0.3033707865168539,0.32698965048599055,0.06759992768371667,0.012243415223704633,0.26732843306059023
0.8202247191011236,0.3146067415730337,0.324259989425879,0.08849785144484049,0.008949508676297414,0.25787045333564673
0.8202247191011236,0.3258426966292135,0.3651138016116823,0.15433425776598267,0.0036494830115671724,0.2784166780087689
0.8202247191011236,0.33707865168539325,0.40855967536461774,0.2126813369137503,0.001760204755668945,0.3034207853385513
0.8202247191011236,0.348314606741573,0.41096710628169225,0.21978783080695913,0.003770251726425782,0.29461508203588616
0.8202247191011236,0.3595505617977528,0.39981149992659,0.2135318925519602,0.014181494535047063,0.244486931253393
0.8202247191011236,0.3707865168539326,0.4208744763513554,0.26401916636470923,0.017548492694126634,0.19101378391628485
0.8202247191011236,0.38202247191011235,0.45857797405935236,0.3423954294403553,0.021319708356817162,0.1825542237288064
0.8202247191011236,0.3932584269662921,0.4540084796438327,0.34150551592608386,0.021400477496231054,0.17560680386277405
0.8202247191011236,0.4044943820224719,0.43932849773023597,0.2960883272056196,0.011919839130163028,0.1312943965381107
0.8202247191011236,0.4157303370786517,0.4438838693820687,0.4019785635547389,0.011504168992773036,0.05900680099431393
0.8202247191011236,0.42696629213483145,0.45219180775157974,0.5269039286874604,0.02867554185653752,-0.017243508650399832
0.8202247191011236,0.4382022471910112,0.45607992788051094,0.509580856033328,0.02618961555482556,-0.03208760380822899
0.8202247191011236,0.449438202247191,0.465806853274529,0.3697816834082959,0.00406062517104651,-0.02452691217638087
0.8202247191011236,0.4606741573033708,0.49335107077495294,0.19597514228315188,0.004318227372464038,-0.04279960540522065
0.8202247191011236,0.47191011235955055,0.5150146638669235,0.13559366787130797,0.018563279979324037,-0.05520106889102866
0.8202247191011236,0.4831460674157303,0.5130707066059736,0.11295820594183224,0.018826183752050397,-0.04987015365688692
0.8202247191011236,0.4943820224719101,0.49560470285873964,-0.034976495143327374,0.009109523213405968,-0.04113190920891311
0.8202247191011236,0.5056179775280899,0.4901609550813308,-0.2985430470584437,0.0042076736907946215,-0.02640035601200128
0.8202247191011236,0.5168539325842696,0.5057998441929176,-0.4662626994119985,0.005513462535105184,-0.010897474406339706
0.8202247191011236,0.5280898876404494,0.5042908732463047,-0.4648634535362169,0.0032514744621305776,-0.0013344010358938715
0.8202247191011236,0.5393258426966292,0.4690881519735345,-0.43463614141156703,0.0005716454112953142,0.021755470310745876
0.8202247191011236,0.550561797752809,0.4330741937447689,-0.46021659969336487,0.005603538994514667,0.05788360966416456
0.8202247191011236,0.5617977528089888,0.42676556576433133,-0.5211691511393041,0.011647919940739247,0.0802762580615356
0.8202247191011236,0.5730337078651685,0.4313064856880028,-0.5211686786379613,0.012091276040120306,0.08547043216047646
0.8202247191011236,0.5842696629213483,0.43096169259500755,-0.4327276558368124,0.0007886080638464922,0.10483890751768732
0.8202247191011236,0.5955056179775281,0.4339373599083389,-0.3428389584086153,-0.0001411729815815544,0.14586180219891962
0.8202247191011236,0.6067415730337078,0.4482153551835981,-0.32654805136137605,0.022237433766112664,0.1843703845314234
0.8202247191011236,0.6179775280898876,0.4403256296981769,-0.3230161465982198,0.02403893970609385,0.18957061105626186
0.8202247191011236,0.6292134831460674,0.37775026355470487,-0.2956904755097846,0.00617245461352469,0.1602461230548902
0.8202247191011236,0.6404494382022472,0.33181007924484507,-0.29681324356916905,-0.007062759256909581,0.14287574627263513
0.8202247191011236,0.651685393258427,0.32854927265988515,-0.3327832793969091,-0.014275997778621194,0.14532370294797206
0.8202247191011236,0.6629213483146067,0.32119161281595465,-0.3328546335529346,-0.01503985266603683,0.14085078884868307
0.8202247191011236,0.6741573033707865,0.2817443776136843,-0.29009017833341777,-0.0012870789882778024,0.11790390877517294
0.8202247191011236,0.6853932584269663,0.2444236254743318,-0.26129252412042686,0.009390100437686854,0.09735283157208081
0.8202247191011236,0.696629213483146,0.23991557912156142,-0.26399962166729485,0.00925568671741946,0.09856904676708533
0.8202247191011236,0.7078651685393258,0.24678433997350685,-0.2516028816452353,0.002259692529641349,0.10028123603730804
0.8202247191011236,0.7191011235955056,0.23946761762591373,-0.1908525456994607,-0.006072422080171246,0.08648538626492466
0.8202247191011236,0.7303370786516854,0.23667299331147185,-0.13751308079736843,0.01036301124859543,0.0741592647395464
0.8202247191011236,0.7415730337078652,0.24253577119957676,-0.12800809632895024,0.015482429671891113,0.07211377830540482
0.8202247191011236,0.7528089887640449,0.17141146216275852,-0.10547560330382173,0.02449440704485415,0.051216891753551326
0.8202247191011236,0.7640449438202247,0.09759692524552473,-0.06064608119658176,0.026167872894064602,0.02962208435775975
0.8202247191011236,0.7752808988764045,0.08784960735696,-0.03957115993220878,0.011615231366198861,0.027348454849241827
0.8202247191011236,0.7865168539325842,0.08131567489012474,-0.03230980419020713,0.008189429239554017,0.027157410883127942
0.8202247191011236,0.797752808988764,0.04016144605831725,-0.012151678772557782,-0.003943015894669731,0.01685086952976338
0.8202247191011236,0.8089887640449438,0.011371008988012543,0.006507478432247448,-0.002873890475178725,0.009002227972798944
0.8202247191011236,0.8202247191011236,0.0068084579108449814,0.006909042593547661,-0.0006116263610345131,0.007048080622136194
0.8202247191011236,0.8314606741573034,0.0074895572094077776,-0.0005180068355449046,-0.0018031307532009057,0.005744440512414178
0.8202247191011236,0.8426966292134831,0.011034991123106375,-0.001357186458359758,-0.0011121360107955048,0.005178220077072692
0.8202247191011236,0.8539325842696629,0.013098602909760844,-0.000661254882061697,-0.0016102575047694777,0.005374129067759327
0.8202247191011236,0.8651685393258427,0.008833057726428272,-0.004834938874319768,-0.0048738962954831,0.0043840451299864336
0.8202247191011236,0.8764044943820224,0.006961586378672037,-0.010402458114426407,-0.0022320512107644403,0.0035074900910251248
0.8202247191011236,0.8876404494382022,0.004622053407203416,-0.010909926182654198,-0.002488815236079286,0.0020657961952345516
0.8202247191011236,0.898876404494382,-0.002671851753752089,-0.005584921392183512,-0.003923060061404183,-0.0005603398135654521
0.8202247191011236,0.9101123595505618,-0.004053403645016284,-0.0023921290736049865,-0.003929988010510518,-0.001125656254849246
0.8202247191011236,0.9213483146067416,-0.002738000755269508,-0.002570264133312461,-0.002657229769815709,-0.0004987954611626068
0.8202247191011236,0.9325842696629213,-0.0017344008685721815,-0.0028919447270736877,-0.002681535443645083,0.0004216213840556479
0.8202247191011236,0.9438202247191011,-0.0022467431382066742,-0.0022733728907167166,-0.0015633803898678874,0.0006818904514974546
0.8202247191011236,0.9550561797752809,-0.002770702144432923,-0.0013672259953616715,-0.00035351106633724726,0.0005083998045158321
0.8202247191011236,0.9662921348314606,-0.0023661502852478206,-0.0009523578883070864,0.00012173099395902238,0.0005449787835906061
0.8202247191011236,0.9775280898876404,-0.001499705380542034,-0.0001522379721156074,0.0002741370720345393,0.0007298303077793963
0.8202247191011236,0.9887640449438202,-0.0005546374126983545,0.000461927924368856,0.00018736383508739264,0.0004389466112437255
0.8202247191011236,1.0,-5.984687371016827e-19,3.1492453237638434e-18,1.06081140132232e-18,7.744090291446372e-19
0.8314606741573034,0.0,-0.0,-0.0,-0.0,0.0
0.8314606741573034,0.011235955056179775,-0.0006830376869516674,-0.0007475271113117235,0.0003616822884567216,7.67467901621576e-05
0.8314606741573034,0.02247191011235955,-0.0009237866948616863,-0.00335186531142925,0.0007208431992301057,-5.193645809508299e-05
0.8314606741573034,0.033707865168539325,-0.0013755122330502579,-0.00696677293618922,0.0008718825082876273,0.00019904176627324395
0.8314606741573034,0.0449438202247191,-0.0014515915973741637,-0.009206404550443078,0.0006672914146910768,0.000792525655914324
0.8314606741573034,0.056179775280898875,-0.0011720841818356354,-0.009950893335026072,0.0006291993608482681,0.001748486900548515
0.8314606741573034,0.06741573033707865,-0.0006718911635168857,-0.009922130566785377,0.0010030164197187032,0.002523620753665947
0.8314606741573034,0.07865168539325842,-3.0455916233063966e-05,-0.009025132815218566,0.0003219062668201025,0.0021636887628212263
0.8314606741573034,0.0898876404494382,0.00089422987297966,-0.009593940476285064,-0.0012824418321532485,0.0019909799548513503
0.8314606741573034,0.10112359550561797,0.0015556911571280112,-0.013471890467592952,-0.0006334639154696762,0.002922285093743378
0.8314606741573034,0.11235955056179775,-0.0021537712455517695,-0.017655113222390415,0.0021944148149333495,0.0023910263258595647
0.8314606741573034,0.12359550561797752,-0.006951165045556585,-0.01843803082313719,0.0032856935219254513,0.000996030572234171
0.8314606741573034,0.1348314606741573,0.001113303326425167,-0.01777982939494089,0.003389573187226379,0.0028035954042189793
0.8314606741573034,0.14606741573033707,0.012762567532198706,-0.021077282201357572,0.0033854938246396854,0.003748463584750797
0.8314606741573034,0.15730337078651685,0.012937956041650864,-0.02603265135317294,0.0034752105207692028,0.0005337990695268074
0.8314606741573034,0.16853932584269662,0.008509773098149527,-0.028839541559969165,0.004395710925320308,-0.004473790024916275
0.8314606741573034,0.1797752808988764,0.0072378414459866305,-0.03126163882512308,-0.0008026130281836422,-0.007419364925404495
0.8314606741573034,0.19101123595505617,0.017816993035096564,-0.037544303546151764,-0.004563264487797233,-0.0014283226855027241
0.8314606741573034,0.20224719101123595,0.048131952413131916,-0.050017632256235685,-0.007660369686972637,0.014041404210437005
0.8314606741573034,0.21348314606741572,0.06728174922108518,-0.062155577774496616,-0.004706613347602944,0.02700666760578961
0.8314606741573034,0.2247191011235955,0.05641854074583623,-0.06668444558921177,-0.004802980653708971,0.029995516118277856
0.8314606741573034,0.23595505617977527,0.07549153722614659,-0.06346924386087517,-0.002331682862423905,0.039956532841258
0.8314606741573034,0.24719101123595505,0.11331695959170801,-0.052245049070887804,-0.005057352423051382,0.055710271406344984
0.8314606741573034,0.2584269662921348,0.1263549685317318,-0.037741847190100805,-0.004370317998712386,0.06525644668790463
0.8314606741573034,0.2696629213483146,0.10827714968874516,-0.024322714562586688,-0.007299944495137329,0.06006210398865598
0.8314606741573034,0.2808988764044944,0.10825769698143019,-0.008661269354840897,-0.00894698280303046,0.061195761878757554
0.8314606741573034,0.29213483146067415,0.15501637153736147,-0.004845861382688194,-0.004828073304711266,0.09791046255114466
0.8314606741573034,0.3033707865168539,0.18155299737949399,-0.012668888018140409,0.0010414169652028242,0.1280623087962377
0.8314606741573034,0.3146067415730337,0.1753122046879922,-0.012577470667980086,0.004067829296598664,0.1347232499473602
0.8314606741573034,0.3258426966292135,0.197408957666945,0.013076268229777992,0.0016381438621176497,0.1532618655004955
0.8314606741573034,0.33707865168539325,0.22592543580897131,0.03804902347300004,-0.0015516769088270758,0.16386871033562456
0.8314606741573034,0.348314606741573,0.22531828551101354,0.04513273068139689,0.0014046984829295013,0.14494953427069124
0.8314606741573034,0.3595505617977528,0.21188840197509332,0.04412368237042365,0.011380392984726932,0.11009423385137375
0.8314606741573034,0.3707865168539326,0.21289405466791478,0.047905710318612425,0.011344951904184511,0.08618276571202955
0.8314606741573034,0.38202247191011235,0.22548024284266632,0.07456305106269337,0.012391092323580764,0.08951841269641868
0.8314606741573034,0.3932584269662921,0.21807073377900646,0.08101524826393394,0.013331075729700418,0.08771644694411986
0.8314606741573034,0.4044943820224719,0.2065641643176837,0.05651772482584958,0.005971003301458661,0.0722431320466098
0.8314606741573034,0.4157303370786517,0.21673207008691503,0.10038932625480666,0.0016169003070479304,0.053451764486539564
0.8314606741573034,0.42696629213483145,0.23926694905548793,0.1374450644965299,0.009296465656557815,0.015778340608179075
0.8314606741573034,0.4382022471910112,0.25106400537169415,0.1070227990753255,0.005809631503460744,-0.0004210568423594472
0.8314606741573034,0.449438202247191,0.24809617452839078,0.052131186389995726,-0.011285152303374995,-0.00587560157122125
0.8314606741573034,0.4606741573033708,0.25021755094952913,0.0131674154875351,-0.0076405066360970605,-0.021239276728615378
0.8314606741573034,0.47191011235955055,0.2499364059053538,0.011376110047158034,0.00979511984645314,-0.02307448447989632
0.8314606741573034,0.4831460674157303,0.23779193874047214,0.0024683546860141243,0.01392096506769487,-0.01620435132031286
0.8314606741573034,0.4943820224719101,0.22410658655506088,-0.04279196369979767,0.006710337864254326,-0.021369096387578838
0.8314606741573034,0.5056179775280899,0.23001008036393608,-0.09838225665725553,0.001496659689591308,-0.023679059710254646
0.8314606741573034,0.5168539325842696,0.2496967157698177,-0.14953380263616234,0.0005163819277130979,-0.012316854256569663
0.8314606741573034,0.5280898876404494,0.2544951419281764,-0.15790034984618,-0.005845950474035246,0.005232284165338823
0.8314606741573034,0.5393258426966292,0.23943678414409736,-0.14973934112446405,-0.012486625227755463,0.027603105557689044
0.8314606741573034,0.550561797752809,0.23249640187986115,-0.1656157422073441,-0.007620102792178484,0.04748874246491048
0.8314606741573034,0.5617977528089888,0.24757053019703817,-0.1898769047890587,0.001744213668387641,0.059819485806554044
0.8314606741573034,0.5730337078651685,0.25674231546527954,-0.17230475006654108,0.004136793932673539,0.05875184339232547
0.8314606741573034,0.5842696629213483,0.24469630561985997,-0.12299022228589092,-0.007143057232902819,0.05701490750521356
0.8314606741573034,0.5955056179775281,0.22698313759801397,-0.1021838610524267,-0.004231676276466049,0.0669180092786296
0.8314606741573034,0.6067415730337078,0.2195739117893593,-0.11873679692556785,0.017607595328186586,0.0805920216677932
0.8314606741573034,0.6179775280898876,0.20486383157711818,-0.11888412850978335,0.01879363685440632,0.07862145171911834
0.8314606741573034,0.6292134831460674,0.16790552761734223,-0.09722140110229194,0.008394464860278601,0.0623522103550503
0.8314606741573034,0.6404494382022472,0.1467391365215231,-0.08656435047166701,0.001089010112995023,0.05828029444085031
0.8314606741573034,0.651685393258427,0.15205029599597508,-0.09467191065664064,-0.007112156217727715,0.06513725796749884
0.8314606741573034,0.6629213483146067,0.15419333454053655,-0.10867233555316241,-0.011588000262364144,0.06704183862812489
0.8314606741573034,0.6741573033707865,0.13692342517247047,-0.10940534914079288,-0.006187674501448653,0.0603233920230988
0.8314606741573034,0.6853932584269663,0.12015088060511839,-0.10662021118570406,0.003742186119089288,0.052840128786933976
0.8314606741573034,0.696629213483146,0.12734699546850783,-0.11283075547951264,0.004662951442156865,0.05615378036030969
0.8314606741573034,0.7078651685393258,0.14251206570757147,-0.11297599826899803,-0.00733134906821682,0.061072956363409654
0.8314606741573034,0.7191011235955056,0.14406622594178556,-0.09821036147069379,-0.01462731901715792,0.050996689020406126
0.8314606741573034,0.7303370786516854,0.14706670365202631,-0.08703479796253988,0.0024467432211874346,0.040957583719416435
0.8314606741573034,0.7415730337078652,0.1437472867460774,-0.08550699535027233,0.009837328479209945,0.039549348708968785
0.8314606741573034,0.7528089887640449,0.08061260802963378,-0.07167909082206655,0.018764397585897204,0.02601697958233512
0.8314606741573034,0.7640449438202247,0.04323053952866416,-0.04834974454871467,0.017965302159086195,0.020052324050342966
0.8314606741573034,0.7752808988764045,0.04521287471954334,-0.036311984146659884,0.0023713425921162894,0.023207197093876024
0.8314606741573034,0.7865168539325842,0.04575743410072049,-0.03145153522611792,0.004411308253639627,0.02384640557465484
0.8314606741573034,0.797752808988764,0.02515742366046631,-0.022656734257239446,-0.005061065498140358,0.018511876950831875
0.8314606741573034,0.8089887640449438,0.008006209161202277,-0.013731252003172824,-0.005428383673292453,0.014661016778701498
0.8314606741573034,0.8202247191011236,0.003947314300371116,-0.01421977475038324,-0.0021341871132037355,0.01302497719226514
0.8314606741573034,0.8314606741573034,0.0018863445359236363,-0.019199729403874835,-0.0022470001891399393,0.009543701583633876
0.8314606741573034,0.8426966292134831,0.00279268151239148,-0.020200943524308283,0.0004105012773074298,0.006375250035584768
0.8314606741573034,0.8539325842696629,0.005306254985221678,-0.02134743101714114,0.0003081556378505712,0.004725205631199893
0.8314606741573034,0.8651685393258427,0.004056042127151812,-0.025345457752587744,-0.0025219755355359165,0.0023633468250296025
0.8314606741573034,0.8764044943820224,0.003680342889200852,-0.027188411551174407,0.00023258105331906513,0.0003028303386433575
0.8314606741573034,0.8876404494382022,0.001139922446928995,-0.023330029806766062,-0.00041162086839980516,-0.0012813763601880032
0.8314606741573034,0.898876404494382,-0.0028009229050302213,-0.014659190944906248,-0.002562443704221404,-0.0020495313099224404
0.8314606741573034,0.9101123595505618,-0.003017883073595108,-0.007895439935057995,-0.003171589633097978,-0.0018114188766187305
0.8314606741573034,0.9213483146067416,-0.002199094412457307,-0.005605206335242311,-0.0021406787110923517,-0.0013099105904023005
0.8314606741573034,0.9325842696629213,-0.0008315640427193802,-0.004990205025824988,-0.00218440077098122,0.0006486821430332761
0.8314606741573034,0.9438202247191011,-0.0002486135672305929,-0.003848196756406526,-0.0015076603310771896,0.0027934268750411505
0.8314606741573034,0.9550561797752809,-0.0005143775067396794,-0.0017257707797745955,-0.00048751786654783514,0.0034858704496674234
0.8314606741573034,0.9662921348314606,-0.0008924924157544855,0.00011860618371021456,-5.9808684479296065e-05,0.0029434985973337408
0.8314606741573034,0.9775280898876404,-0.0008892178892751867,0.0008781054483049383,0.00010372419682174355,0.0017432970099045323
0.8314606741573034,0.9887640449438202,-0.0003940682966962753,0.0008149100735908229,6.961800055183093e-05,0.0004210882158918971
0.8314606741573034,1.0,-1.239105859944189e-19,3.650892472424572e-18,5.866241955236401e-19,-3.9080302816786694e-19
0.8426966292134831,0.0,-0.0,-0.0,-0.0,0.0
0.8426966292134831,0.011235955056179775,0.0006485080857832918,4.0451831279918364e-05,-0.00019779392285363358,0.00020235761943935573
0.8426966292134831,0.02247191011235955,0.001219306753636811,-0.0008360516700073918,-0.0002647878869910146,0.0005685937455592503
0.8426966292134831,0.033707865168539325,0.0011485772080534358,-0.0011822830552766462,-0.00013440586813034207,0.001305711571578422
0.8426966292134831,0.0449438202247191,0.0009612920509534052,-0.0004150853316670326,-0.0003185685069712734,0.00201936771449804
0.8426966292134831,0.056179775280898875,0.001026482688761212,-3.0929213403484765e-05,-0.0006135169070790993,0.0023630034617426435
0.8426966292134831,0.06741573033707865,0.001507908008027381,-0.00033415987179694626,-0.0004646001089574478,0.0023338417518940094
0.8426966292134831,0.07865168539325842,0.002001032711774584,-0.00015028307447949337,-0.0007630930818490802,0.0019398079017087675
0.8426966292134831,0.0898876404494382,0.002709353534999849,0.00024242038195435546,-0.001644006435179027,0.0020745560333958464
0.8426966292134831,0.10112359550561797,0.0035012852889706307,-0.0005584724756531938,-0.000292750461776771,0.002834150547088129
0.8426966292134831,0.11235955056179775,0.0012234165527625666,-0.001918124143717373,0.0027098998623237055,0.0018466075790323992
0.8426966292134831,0.12359550561797752,-0.0005975677557189065,-0.0011461758947962071,0.00325793201197322,0.0011914921579028106
0.8426966292134831,0.1348314606741573,0.003934698207667227,0.0007553237103461863,0.0032371407648048895,0.0028858818465320873
0.8426966292134831,0.14606741573033707,0.006340342208570352,0.0008015233433915928,0.0041741434795198725,0.0025165416540845168
0.8426966292134831,0.15730337078651685,0.004831096283642687,-0.0003643130847100564,0.004229044671242709,0.0017569875229758462
0.8426966292134831,0.16853932584269662,0.0008438600832525638,-0.0005280645867620242,0.003177947549146794,0.0025726709753920744
0.8426966292134831,0.1797752808988764,-0.0011204656473547444,0.00022746912817894679,-0.003651911409870552,0.004130426122348974
0.8426966292134831,0.19101123595505617,0.0038400650488442344,-0.0006762046638911887,-0.005811881889855705,0.005495814771494472
0.8426966292134831,0.20224719101123595,0.01449312411158851,-0.0028362104983098014,-0.010391383168960044,0.004148936140872191
0.8426966292134831,0.21348314606741572,0.002918258836880415,-0.0024865373925474004,-0.007570041387062262,-0.003951262258893096
0.8426966292134831,0.2247191011235955,-0.009043306055876625,-0.0022039125933482322,-0.0062644394072972325,-0.006477495970703052
0.8426966292134831,0.23595505617977527,0.0023566774653775375,-0.004768630723579451,-0.003380260385046948,0.0010808274282948927
0.8426966292134831,0.24719101123595505,0.015441929455236408,-0.004248489756828399,0.0020756435719482807,0.007719323518224269
0.8426966292134831,0.2584269662921348,0.01572958500249001,0.0002843767030731624,0.012465242980237573,0.010285771902280689
0.8426966292134831,0.2696629213483146,0.012694431847543979,0.0008243061902416106,0.007343127855684779,0.005266113474645318
0.8426966292134831,0.2808988764044944,0.02301775272772598,-0.0013800569343276397,-0.0011418730843279735,-0.0025976283511278445
0.8426966292134831,0.29213483146067415,0.05711765830970327,-0.003186685548553243,-0.004600173607234162,0.008336434215939074
0.8426966292134831,0.3033707865168539,0.07087835919162838,-0.006205595007314701,-0.0024475846531579956,0.017014354097650928
0.8426966292134831,0.3146067415730337,0.05745247293033023,-0.007960118453600017,0.0028228443691831555,0.008552451797450332
0.8426966292134831,0.3258426966292135,0.06177077433312611,-0.0007584620916672153,0.004434574459818551,0.006827627537306226
0.8426966292134831,0.33707865168539325,0.07291366900569653,0.006128998141117221,0.0027499829068341275,0.010537458187311563
0.8426966292134831,0.348314606741573,0.07097278785458107,0.00851785146694996,0.004100441405951112,0.0070874686618430174
0.8426966292134831,0.3595505617977528,0.061199236521400524,0.007054807220116556,0.013233037452647962,0.0035702986929591393
0.8426966292134831,0.3707865168539326,0.058344668549820365,-0.0025746862917463836,0.013108891492500118,0.007569017065565452
0.8426966292134831,0.38202247191011235,0.06897094249518347,-0.0021221451753171217,0.012615557190242136,0.01965328527564299
0.8426966292134831,0.3932584269662921,0.06953544096206342,-0.003138998205225604,0.013091586382273568,0.021100317517290745
0.8426966292134831,0.4044943820224719,0.06143813980603172,-0.02683701986764228,0.006875306903951489,0.024992548184037743
0.8426966292134831,0.4157303370786517,0.06238442158572199,-0.022949123794186208,0.0019782126973431507,0.04631820754620596
0.8426966292134831,0.42696629213483145,0.06962032977130754,-0.01195880315127771,0.007393845722053258,0.0475668039405697
0.8426966292134831,0.4382022471910112,0.07065890218824235,-0.01668873018876591,0.004069978370596358,0.04583160285002284
0.8426966292134831,0.449438202247191,0.06914786336557714,-0.019086787517446576,-0.012212662090765776,0.049331060765660746
0.8426966292134831,0.4606741573033708,0.0769389518908951,-0.0062270190600464586,-0.010205568234181742,0.04889529571114508
0.8426966292134831,0.47191011235955055,0.08376140613269119,0.01868935540459731,0.004558658698027625,0.05480061370638381
0.8426966292134831,0.4831460674157303,0.08116337851302774,0.019287278308529315,0.007738677412744232,0.05666417843986449
0.8426966292134831,0.4943820224719101,0.07615296450323096,0.00719924926566216,0.0003290876146310163,0.0417516717707588
0.8426966292134831,0.5056179775280899,0.08238060463836556,0.009769405669335473,-0.004592021693447797,0.028048393021858735
0.8426966292134831,0.5168539325842696,0.09527102844971641,0.009869300115160226,-0.002816434928450461,0.02587744687386981
0.8426966292134831,0.5280898876404494,0.09587565651542562,0.007522736232321589,-0.005442100477869383,0.02966361633148515
0.8426966292134831,0.5393258426966292,0.08122521955106306,0.01062252467342217,-0.010291641178824038,0.030600188020124625
0.8426966292134831,0.550561797752809,0.07363188205199234,0.007530629187691683,-0.004228839776942138,0.02801214467789368
0.8426966292134831,0.5617977528089888,0.08246225706470421,0.0008491560580691602,0.006965209951255136,0.031218398021796073
0.8426966292134831,0.5730337078651685,0.08435899245981247,0.0035582489121535428,0.008491825766145641,0.02940097808488037
0.8426966292134831,0.5842696629213483,0.07176815863486646,0.011199126243669193,-0.004442989720989893,0.019411055439420382
0.8426966292134831,0.5955056179775281,0.06096155707239452,0.014488789737896008,0.0013705685421686656,0.007825487021658629
0.8426966292134831,0.6067415730337078,0.061555650235034995,0.007931314163591063,0.01832668627416358,0.0007110966276516947
0.8426966292134831,0.6179775280898876,0.06063581253616729,0.0075100677001688826,0.018979742177291842,-0.001691903224288337
0.8426966292134831,0.6292134831460674,0.042786755595019654,0.013350945865546571,0.01543701249695416,-0.0025236524959691606
0.8426966292134831,0.6404494382022472,0.027548780031569083,0.011145264941656638,0.010547180564458952,0.0036203225076043514
0.8426966292134831,0.651685393258427,0.027756811178364087,0.006429879003700445,0.0013601853603502345,0.011346046445903797
0.8426966292134831,0.6629213483146067,0.028289245998194646,0.003786554549504895,-0.00027353456923325653,0.012767438679092868
0.8426966292134831,0.6741573033707865,0.01985717832317361,0.002544369151750609,0.0019557765551932367,0.009196111340973267
0.8426966292134831,0.6853932584269663,0.01384137836449911,0.0030828557825720825,0.007658424463547425,0.005596730615739582
0.8426966292134831,0.696629213483146,0.017270599103223337,0.002756795808965986,0.012945186848659154,0.005901562920983003
0.8426966292134831,0.7078651685393258,0.019254834967247482,0.003002764681282342,0.0057798163212516756,0.007749301033368002
0.8426966292134831,0.7191011235955056,0.018633296140994043,0.001793713277461646,0.0026677619859906258,0.00525255411743823
0.8426966292134831,0.7303370786516854,0.030698716766495934,-0.000580109625316845,0.015295929993749992,0.004872984843901304
0.8426966292134831,0.7415730337078652,0.039822729923637376,-0.002164190927003715,0.018448386218099456,0.007140018970147197
0.8426966292134831,0.7528089887640449,0.01569070697266382,-0.0018648713891909917,0.020643267012031265,0.0008560348143559093
0.8426966292134831,0.7640449438202247,0.008643211878043277,-0.0018866598272689605,0.0158124321341494,-0.0001823576942162886
0.8426966292134831,0.7752808988764045,0.013757443664821711,-0.004106163533639546,0.002040030987395026,0.002279761409536276
0.8426966292134831,0.7865168539325842,0.012217719358075868,-0.003999204269806354,0.007139791566949366,0.002203434135793852
0.8426966292134831,0.797752808988764,0.002762734133756354,-0.0019942974477230005,-0.0003146738768803935,0.0008492294321172868
0.8426966292134831,0.8089887640449438,-0.0038629557277021316,0.0007941225176313446,-0.0038183662741639716,0.0013782802673968158
0.8426966292134831,0.8202247191011236,-0.003173222051442778,0.001520136270314184,-0.0025555131624463157,0.0018845931412157482
0.8426966292134831,0.8314606741573034,-0.00414579040731603,0.0017211553846155508,-0.003583364300450093,-0.0016190406257073596
0.8426966292134831,0.8426966292134831,-0.005783585192245599,0.00363756067719955,0.0007751962548891644,-0.005601218312041813
0.8426966292134831,0.8539325842696629,-0.006169440266973678,0.0032821616856899133,0.00152495526776143,-0.006507277811329965
0.8426966292134831,0.8651685393258427,-0.006643252194578206,0.0003142392390970306,-0.0018755896702898013,-0.006241258702867958
0.8426966292134831,0.8764044943820224,-0.005164389688643471,-0.0010284787490206894,0.0018538262365951678,-0.005859858651308896
0.8426966292134831,0.8876404494382022,-0.004599374282318504,0.0001714065607652568,0.001050022775528866,-0.005324339544269314
0.8426966292134831,0.898876404494382,-0.0020614406035445645,0.0028208816163237294,-0.0021248563634244577,-0.003491201614593714
0.8426966292134831,0.9101123595505618,-0.0012014210573656865,0.003917259583379214,-0.0031271885231855044,-0.0028638306204074766
0.8426966292134831,0.9213483146067416,-0.0010068443426856034,0.00295736127956844,-0.0020674901741712434,-0.003421634838739818
0.8426966292134831,0.9325842696629213,-0.00030114036715151224,0.0019918336588163636,-0.0017884144905584063,-0.0028868450675670447
0.8426966292134831,0.9438202247191011,0.00030651740749025586,0.002033262357605033,-0.0011853117007834151,-0.0011359073134185982
0.8426966292134831,0.9550561797752809,0.00015006576295240712,0.0028152945133827685,-0.00035888259427615485,-0.0002005822818454428
0.8426966292134831,0.9662921348314606,-0.00041969199299912583,0.003177966323400952,-0.00020629560374020402,-0.0004287036104473228
0.8426966292134831,0.9775280898876404,-0.0005539869700913818,0.002622142917947186,-0.00021926431705929635,-0.0007861441477499897
0.8426966292134831,0.9887640449438202,5.220241765892085e-05,0.0015503459404106947,-0.00023583178958048854,-0.0005802832880734304
0.8426966292134831,1.0,3.4471883181020395e-18,6.013201055184956e-18,-1.1607954535750582e-18,-1.604645097891644e-18
0.8539325842696629,0.0,0.0,0.0,-0.0,0.0
0.8539325842696629,0.011235955056179775,0.0009071480094074983,1.602959393847145e-05,-0.0005762994767558517,0.0007119251290068448
0.8539325842696629,0.02247191011235955,0.0013384277799657,-0.00047012263071764625,-0.000819356514854957,0.0009037799289164553
0.8539325842696629,0.033707865168539325,0.001383617456349526,-0.00011720575661417477,-0.0005016892205009517,0.0009203242217722992
0.8539325842696629,0.0449438202247191,0.00157690060331058,0.0010251023821309427,-0.00034553100012900797,0.0011603771163884078
0.8539325842696629,0.056179775280898875,0.0020040417918252796,0.001399176490241926,-0.000651859338720948,0.0016425893470105972
0.8539325842696629,0.06741573033707865,0.002564981534191975,0.0010688187386745673,-0.0007766770269046477,0.00198776408693968
0.8539325842696629,0.07865168539325842,0.0026869128890801806,0.0010543056454869935,-0.0009285998647113166,0.0020124127517041784
0.8539325842696629,0.0898876404494382,0.002632449028545049,0.0015933784006543637,-0.0013973903811297466,0.0025126329187784217
0.8539325842696629,0.10112359550561797,0.00266313985749995,0.0015110040968350676,3.288723536187687e-05,0.00309038226925495
0.8539325842696629,0.11235955056179775,0.00045210197573331386,0.00032245830631566177,0.0024925683907579925,0.0018447951381291973
0.8539325842696629,0.12359550561797752,0.00029825995157577314,-0.00033364876525335794,0.0026821545046711473,0.001414025178352019
0.8539325842696629,0.1348314606741573,0.005273263407797423,0.0002254538995875559,0.0026072035576529397,0.0030147679131468865
0.8539325842696629,0.14606741573033707,0.006164975257576986,0.0014219196114693548,0.0038042716573528047,0.0025465243735546426
0.8539325842696629,0.15730337078651685,0.006458341471025053,0.0021857671731708214,0.004019740204569894,0.0029689636321992285
0.8539325842696629,0.16853932584269662,0.004215928974521948,0.002186679601480388,0.00248356193288225,0.0046494870320407476
0.8539325842696629,0.1797752808988764,0.0003257342827973298,0.0022133641712446333,-0.004587767603135307,0.005912331211523522
0.8539325842696629,0.19101123595505617,-0.0003843996943864799,0.0015291564716655337,-0.004060008899643281,0.006178884001038131
0.8539325842696629,0.20224719101123595,0.0005045406471933564,0.0006859773867482377,-0.005200434261602224,0.0026357715660297056
0.8539325842696629,0.21348314606741572,-0.011110575408841415,0.0017635652722749321,-0.005383810988932557,-0.007230259997411432
0.8539325842696629,0.2247191011235955,-0.01225405919151185,0.003074819691589482,-0.008179135488795642,-0.009561052670160285
0.8539325842696629,0.23595505617977527,-0.0025926727461245834,0.00270719528054912,-0.009153761153825902,-0.0028483939856174777
0.8539325842696629,0.24719101123595505,0.005248605774243229,0.0026103145871931538,-0.0022488988130886243,0.0034000317941988933
0.8539325842696629,0.2584269662921348,0.007383288659359772,0.0033233201911225057,0.014187972053303905,0.00678728026109286
0.8539325842696629,0.2696629213483146,0.009700845511352234,0.0008399944345183376,0.010416822923148628,0.0035874287714786498
0.8539325842696629,0.2808988764044944,0.021697635840631176,-0.004087110712305183,0.0037216910732447406,-0.003192035419143192
0.8539325842696629,0.29213483146067415,0.053141303152509055,-0.0057186631614176055,-0.001015582126169218,0.0043004629312158385
0.8539325842696629,0.3033707865168539,0.06520605858289875,-0.004718090747357157,-0.003873936012022666,0.009385561903782392
0.8539325842696629,0.3146067415730337,0.053887605458656784,-0.0018579433765119157,-0.0006521756661884746,0.0005025936208938629
0.8539325842696629,0.3258426966292135,0.053748797392848595,0.004063981028368344,0.0033360929346764323,-0.005378805743031244
0.8539325842696629,0.33707865168539325,0.061698120402052144,0.006261057209986492,0.0036583268826807023,-0.0038572185829087334
0.8539325842696629,0.348314606741573,0.06341888898118629,0.005974074788836022,0.0030777575246661174,-0.0032332810295257314
0.8539325842696629,0.3595505617977528,0.05626107672963276,0.003920560622144991,0.011447033686302519,-0.0013382479646661457
0.8539325842696629,0.3707865168539326,0.0526204574448396,-0.0036993187102862548,0.013826687188719338,0.0059221305255489
0.8539325842696629,0.38202247191011235,0.06127077932810133,-0.005319190542169858,0.013313463246509427,0.016340243425723086
0.8539325842696629,0.3932584269662921,0.06063890107474329,-0.00783380263091258,0.01175437082942938,0.015640901185037075
0.8539325842696629,0.4044943820224719,0.05240735665504428,-0.029143131942140296,0.004376439858043537,0.021255575836763792
0.8539325842696629,0.4157303370786517,0.05327798543385242,-0.030470766150702183,-0.0010863383016104448,0.0469670617224821
0.8539325842696629,0.42696629213483145,0.05987697087504047,-0.02209720025362157,0.005940725923561519,0.05239980662261041
0.8539325842696629,0.4382022471910112,0.05902554931550459,-0.0205094537658068,0.006145502149079936,0.052648057335435615
0.8539325842696629,0.449438202247191,0.05805454900623985,-0.015714276290179116,-0.005626354619992789,0.059234662572636765
0.8539325842696629,0.4606741573033708,0.06662114682903804,-0.0001493273027648223,-0.0028429712515461495,0.062015595584667814
0.8539325842696629,0.47191011235955055,0.07548457888636922,0.02296356654199393,0.006485940194494996,0.06673893241845535
0.8539325842696629,0.4831460674157303,0.07590530667789817,0.02192066952383326,0.0035633973516852996,0.06520686423173981
0.8539325842696629,0.4943820224719101,0.07204420878471086,0.011679906974338032,-0.006969494893048782,0.05158895794448399
0.8539325842696629,0.5056179775280899,0.07658323036850367,0.014210956496375,-0.0114268476696122,0.03855977775942344
0.8539325842696629,0.5168539325842696,0.0877654960271162,0.017868631130761387,-0.005616461785730017,0.03288048084481812
0.8539325842696629,0.5280898876404494,0.08856887340408866,0.01844637201440629,-0.003915121344808571,0.0322255676355392
0.8539325842696629,0.5393258426966292,0.07436051986793474,0.020353945566907523,-0.007476364405750129,0.027407358154624507
0.8539325842696629,0.550561797752809,0.06576286934371729,0.017480232297564218,-0.0026101138428598555,0.022544487796572178
0.8539325842696629,0.5617977528089888,0.07228608087082063,0.012175643302754882,0.007973552958911955,0.02818207713277627
0.8539325842696629,0.5730337078651685,0.07337682215787689,0.011535693054463583,0.00821205531607914,0.03038043378207556
0.8539325842696629,0.5842696629213483,0.06313729316670105,0.013785556296765169,-0.0031102591533264377,0.020673417902470962
0.8539325842696629,0.5955056179775281,0.05445049595106694,0.017935089966122524,0.004971514824093023,0.0042363382466455895
0.8539325842696629,0.6067415730337078,0.05501672326476225,0.0165625895309203,0.017957391877755267,-0.006169455125424843
0.8539325842696629,0.6179775280898876,0.054203452177356136,0.01613690003946912,0.019477800704593224,-0.004923026537035271
0.8539325842696629,0.6292134831460674,0.03797870197776776,0.020028197910716673,0.018855048576692582,-0.00034880697299985653
0.8539325842696629,0.6404494382022472,0.022706151043571536,0.01728186354517476,0.01234780059078191,0.005557375905671273
0.8539325842696629,0.651685393258427,0.020726343872959317,0.012061742821994355,0.0011738507821040483,0.009203337961339934
0.8539325842696629,0.6629213483146067,0.020438123408168987,0.01218812807132216,0.002739716471982048,0.008373793056461068
0.8539325842696629,0.6741573033707865,0.012573581204506813,0.012901852440911634,0.005584779117646919,0.005401868794837505
0.8539325842696629,0.6853932584269663,0.007535790268147713,0.012204817702568801,0.005731689466966982,0.0034676269091999112
0.8539325842696629,0.696629213483146,0.009649058602219584,0.011010611455759725,0.012938658124157176,0.0026918008913341244
0.8539325842696629,0.7078651685393258,0.007264963773900248,0.010237829651854088,0.011833573061912078,0.0012169165258330713
0.8539325842696629,0.7191011235955056,0.006486220267750334,0.006620449170090412,0.012579507750182359,-0.0005075432479404618
0.8539325842696629,0.7303370786516854,0.02193266201825556,0.0031646657698942903,0.018908581092914278,0.0018457899803158446
0.8539325842696629,0.7415730337078652,0.03414573583538592,0.002943293416262658,0.01919880371419201,0.005142951440413472
0.8539325842696629,0.7528089887640449,0.016559605518204526,0.002503107444694774,0.020720028325763147,0.0004554867502276452
0.8539325842696629,0.7640449438202247,0.007214844832357149,8.82122632704963e-05,0.01486045717463218,-0.0013452201604966826
0.8539325842696629,0.7752808988764045,0.01164415843868678,-0.002787407856229376,0.00245655608047696,0.0007245204388013441
0.8539325842696629,0.7865168539325842,0.010623557246601219,-0.0016273398280195598,0.008630630203823564,0.0003258256291783292
0.8539325842696629,0.797752808988764,0.0031146780967379684,0.0009250809613780313,0.003526882706472349,-0.0006967794586650298
0.8539325842696629,0.8089887640449438,-0.0039052580525826062,0.0025367743332048976,-0.002484912806330772,1.4240250618045235e-05
0.8539325842696629,0.8202247191011236,-0.005283922851626497,0.0023629905915629797,-0.0030320361469337964,0.00028441065437747345
0.8539325842696629,0.8314606741573034,-0.0065996874179823205,0.0028270684686827036,-0.0055601235654270465,-0.0031498384433593313
0.8539325842696629,0.8426966292134831,-0.007645634331553028,0.005285195145194868,1.2621992376846285e-05,-0.006888997988425872
0.8539325842696629,0.8539325842696629,-0.007239814808521251,0.005984164281207726,0.00042329739403871116,-0.007320867464155073
0.8539325842696629,0.8651685393258427,-0.006681834149181915,0.0041716327177272975,-0.004376675933541726,-0.006361239456094865
0.8539325842696629,0.8764044943820224,-0.006501720311998357,0.0025797855106288875,0.0013362091127245323,-0.0062225096120698
0.8539325842696629,0.8876404494382022,-0.005615264946462938,0.0023150972066393783,0.0012171056504187948,-0.005985056823330346
0.8539325842696629,0.898876404494382,-0.001628047863688551,0.0035647166868474607,-0.002045051174951957,-0.0041370045366937915
0.8539325842696629,0.9101123595505618,-0.0010009189573393197,0.004299854693462124,-0.003143316521169251,-0.003332482323172875
0.8539325842696629,0.9213483146067416,-0.000927251941328816,0.003550751308253319,-0.0019760788752311194,-0.0034882831094453118
0.8539325842696629,0.9325842696629213,-0.0008980830396026044,0.0026679824008378848,-0.0012162668875164897,-0.0031870128723708252
0.8539325842696629,0.9438202247191011,-0.0007514895021088628,0.0025987249293868316,-0.0006295700238255939,-0.001681979045813139
0.8539325842696629,0.9550561797752809,-0.0006085364635221498,0.003077542392849247,-0.0001569458669668019,-0.0006216456196321216
0.8539325842696629,0.9662921348314606,-0.0004969920982366744,0.003154195358938895,-0.0003126861797184136,-0.0006602727917492606
0.8539325842696629,0.9775280898876404,7.887901861195693e-05,0.0024961033899015754,-0.0004484843270236049,-0.0005340082528884431
0.8539325842696629,0.9887640449438202,0.0008252730988199344,0.001416867140037093,-0.00047078596928586483,-6.064591024462099e-06
0.8539325842696629,1.0,6.865063662382951e-18,5.2423218707487286e-18,-2.7006094105995824e-18,1.4374835520397863e-18
0.8651685393258427,0.0,0.0,-0.0,-0.0,0.0
0.8651685393258427,0.011235955056179775,0.0006192404380606712,-0.00021117542138500704,-0.0004209160734461628,0.0007924923105897557
0.8651685393258427,0.02247191011235955,0.0006292622318193315,-0.000748720546291574,-0.00045341452225792746,0.0004075940133985572
0.8651685393258427,0.033707865168539325,0.000610587726001191,-0.0008071917155532208,0.00013584128835223916,-0.0006278215338452745
0.8651685393258427,0.0449438202247191,0.0009740164114271482,-0.00045083686302307816,0.0006721497479800181,-0.0010567572830993408
0.8651685393258427,0.056179775280898875,0.0015765487528929408,-0.0005138509285423844,0.0005469582744536334,-0.00018512913340805364
0.8651685393258427,0.06741573033707865,0.0022559160302001676,-0.0007914600242286725,0.00022685611190078215,0.0011006365646912641
0.8651685393258427,0.07865168539325842,0.002439937866534586,-0.0009576093863437093,-7.141502683836278e-05,0.0017239343295992887
0.8651685393258427,0.0898876404494382,0.002392456138602167,-0.0006864780986391603,-0.0006639308885819718,0.001958040382049923
0.8651685393258427,0.10112359550561797,0.0026056037767458124,-0.0003988988395036874,0.0001054569656790169,0.001624997306490023
0.8651685393258427,0.11235955056179775,0.0009552618535990258,-0.0007278988654824494,0.001590514553036845,-0.0001498765434708585
0.8651685393258427,0.12359550561797752,0.0011983141084061033,-0.001116202957155384,0.0017233870357804266,-0.0006848791214666023
0.8651685393258427,0.1348314606741573,0.007373154563579262,-0.0011289204730707623,0.0016869575346194908,0.0014607174213989984
0.8651685393258427,0.14606741573033707,0.009197394112314497,-0.00018570819960749577,0.002672457704714699,0.0019543309599618064
0.8651685393258427,0.15730337078651685,0.00986657604164816,0.0011038141923188154,0.003220191704803402,0.002543926011685904
0.8651685393258427,0.16853932584269662,0.007612578169163745,0.0011146716696350896,0.002734414713149653,0.0028779053195993817
0.8651685393258427,0.1797752808988764,0.0025879823367919177,0.00038472609551412385,-0.002887656528295001,0.0022892958926665967
0.8651685393258427,0.19101123595505617,0.002438862550087625,-0.0010503452254932925,-0.0011633827769804129,0.0030295595944147403
0.8651685393258427,0.20224719101123595,0.00630127125067645,-0.0030730131275713,0.0016762869801977543,0.0034395074178127155
0.8651685393258427,0.21348314606741572,-4.167403352950785e-05,-0.0036463307036486694,0.002229117709560741,-0.0017622878450723567
0.8651685393258427,0.2247191011235955,0.0004351063730225965,-0.001977878154883121,-0.002731741555310034,-0.0034310679565757226
0.8651685393258427,0.23595505617977527,0.006808454028701826,-0.00021382813595664332,-0.010984740015661678,0.0015665813609480961
0.8651685393258427,0.24719101123595505,0.01644518124530746,-0.0001598683909398755,-0.0127215998199711,0.007313161530108716
0.8651685393258427,0.2584269662921348,0.02333729009231197,-0.0011557158762681343,0.0007331903370337932,0.009954849788889617
0.8651685393258427,0.2696629213483146,0.022971896868576657,-0.0028521395744252175,-0.001866877216736464,0.0070297485693316415
0.8651685393258427,0.2808988764044944,0.027371185397950443,-0.005393259436102044,-0.004198182579330999,0.003029676283638139
0.8651685393258427,0.29213483146067415,0.051086451801761724,-0.0061449425583502615,-0.004684060625763622,0.011275453533412905
0.8651685393258427,0.3033707865168539,0.0622291953427966,-0.004683897701234076,-0.007396718696689517,0.016854870353334685
0.8651685393258427,0.3146067415730337,0.05600739944378101,-0.0008316362467389366,-0.0064882266410671895,0.013581539719471635
0.8651685393258427,0.3258426966292135,0.05806376181241989,0.004065042991566556,-0.003956025260982011,0.014378059971719183
0.8651685393258427,0.33707865168539325,0.066316428008647,0.0037396094535135623,-0.0040724308223664026,0.01901145933210733
0.8651685393258427,0.348314606741573,0.06771414673429331,0.0022709852936987802,-0.0051903201599361164,0.018949138306143188
0.8651685393258427,0.3595505617977528,0.05957087362195234,0.0016263399520138739,0.0005543603737666676,0.014784332873872054
0.8651685393258427,0.3707865168539326,0.05927511809818555,-0.0008740184546033153,0.0012398230161932296,0.016554644858737276
0.8651685393258427,0.38202247191011235,0.07275590690484224,0.00017479560951706488,-0.0002771213764934904,0.02549418608513322
0.8651685393258427,0.3932584269662921,0.07373563842570566,-0.0013456744224529978,-0.0030834255482526125,0.024171990616334006
0.8651685393258427,0.4044943820224719,0.06561615720029584,-0.01729262657300124,-0.012204694656380561,0.02573057900129601
0.8651685393258427,0.4157303370786517,0.06711866923096911,-0.014539176662635678,-0.020412057751927275,0.04090808298487748
0.8651685393258427,0.42696629213483145,0.07490768617269605,-0.00469460972915056,-0.013491076210441828,0.036896178539014536
0.8651685393258427,0.4382022471910112,0.07286153101275923,-0.003352656649847463,-0.009173513350044618,0.03332946820593876
0.8651685393258427,0.449438202247191,0.06804780557384402,-0.006516540325606839,-0.014564387815419872,0.03673769337193655
0.8651685393258427,0.4606741573033708,0.0722906604044013,-0.005999110459381323,-0.01087984704323666,0.033606016766574764
0.8651685393258427,0.47191011235955055,0.07957796474024195,0.005986040953717327,-0.007154922660793385,0.03321799817643887
0.8651685393258427,0.4831460674157303,0.08004424377097026,0.0030990831342983913,-0.01356745723200325,0.033076519616626686
0.8651685393258427,0.4943820224719101,0.07468360626758562,-0.0031542691154598243,-0.02252248299284788,0.02835716796678863
0.8651685393258427,0.5056179775280899,0.07676749235807512,0.0014491362150594782,-0.02206731848346989,0.02418638499961162
0.8651685393258427,0.5168539325842696,0.08680091194303254,0.003660412671283479,-0.0106778840169355,0.02289682019955475
0.8651685393258427,0.5280898876404494,0.08771249722777093,0.0038124704153565613,-0.007096056526653018,0.023618819575345666
0.8651685393258427,0.5393258426966292,0.07442286701691349,0.005897952015501441,-0.013370028471423072,0.018647479681352365
0.8651685393258427,0.550561797752809,0.06708282980820829,0.004095312856499508,-0.012820887480680483,0.01498628460927907
0.8651685393258427,0.5617977528089888,0.07416472710187344,0.0005327495121919948,-0.005321776224689572,0.02137003573722508
0.8651685393258427,0.5730337078651685,0.07663332110273645,0.000291931483397786,-0.0061537341062536405,0.024982215214213534
0.8651685393258427,0.5842696629213483,0.06872681523019421,0.001696070844934543,-0.014586714748467634,0.019883509850924016
0.8651685393258427,0.5955056179775281,0.06175914807265029,0.0042649023397793705,-0.008518582796087923,0.010883557592103429
0.8651685393258427,0.6067415730337078,0.0640248861922828,0.00206107961498082,-0.001404893094637894,0.00788456102722948
0.8651685393258427,0.6179775280898876,0.06436583485671028,0.0016131439025558623,-0.0004600025866255842,0.012208946595596997
0.8651685393258427,0.6292134831460674,0.05058083405170972,0.007468913235721447,0.003779251773908385,0.015700383446172916
0.8651685393258427,0.6404494382022472,0.03719914080589512,0.007940537702311208,0.002461146174353988,0.017494222309299663
0.8651685393258427,0.651685393258427,0.036123873585778794,0.003223116064135923,-0.005474625723313195,0.017143846336878314
0.8651685393258427,0.6629213483146067,0.0368746456757956,0.003354204784517971,-0.002896549208537594,0.014923257877677813
0.8651685393258427,0.6741573033707865,0.028887507549565972,0.005301419964549878,-0.001627169131130716,0.012534235731280052
0.8651685393258427,0.6853932584269663,0.021015674862626305,0.004878751424491362,-0.005948648031037425,0.011937516187434617
0.8651685393258427,0.696629213483146,0.021457144621627094,0.003531255463297073,-0.00027003706461871055,0.011871527784312871
0.8651685393258427,0.7078651685393258,0.018862493736328517,0.0034509055326050492,-0.0010502468948076298,0.00882623786523839
0.8651685393258427,0.7191011235955056,0.019112967350707763,0.0014362039559845993,0.0013541930413720471,0.005389415622941165
0.8651685393258427,0.7303370786516854,0.0341588310006339,-0.0003772978496494091,0.003657870775975888,0.007132404287562471
0.8651685393258427,0.7415730337078652,0.045053169622059075,0.00017401527181132515,0.0032743214159536536,0.010694438578071579
0.8651685393258427,0.7528089887640449,0.02777720677663436,-0.0008466588273037986,0.010651147953525309,0.007187530315113974
0.8651685393258427,0.7640449438202247,0.013522460595037243,-0.00360723146759868,0.00809669452037428,0.004387965325354542
0.8651685393258427,0.7752808988764045,0.01650679877203973,-0.005480071704471067,-0.0017076825180776225,0.005595525941240083
0.8651685393258427,0.7865168539325842,0.015091384325302739,-0.0035108447631641555,0.005424253627535519,0.00407614144196084
0.8651685393258427,0.797752808988764,0.006106599112221437,-0.0012819847387335404,0.004309163048688714,0.0015127071127396924
0.8651685393258427,0.8089887640449438,-0.00117918544087453,-0.0008708719710605822,-0.0027488825100124496,0.0016707294494593386
0.8651685393258427,0.8202247191011236,-0.002815305170951716,-0.0019322441832422058,-0.004184880382401522,0.0021518854465741024
0.8651685393258427,0.8314606741573034,-0.0022330182443426752,-0.001622656203399262,-0.007565273164769595,4.299876219705914e-05
0.8651685393258427,0.8426966292134831,-0.0012032296081052394,0.0010076286494482064,-0.0002293053011898462,-0.0024866011489840696
0.8651685393258427,0.8539325842696629,-9.584881981759826e-05,0.002224168473726313,0.00028667535230581903,-0.002597327643250902
0.8651685393258427,0.8651685393258427,-0.00019682522727177348,0.0014176708159962645,-0.004561763591602788,-0.001747443761794991
0.8651685393258427,0.8764044943820224,-0.0015339133008843329,0.0005312288570970365,0.0023532219309550513,-0.0019733928876074108
0.8651685393258427,0.8876404494382022,-0.00046900713914995563,-0.00013141967786194772,0.0023130189460419445,-0.002309663319782731
0.8651685393258427,0.898876404494382,0.0013341702274528434,6.163300275682404e-05,-0.0007040328552055691,-0.0020729149437152274
0.8651685393258427,0.9101123595505618,5.753166446579993e-06,0.0007361578878933295,-0.0018723915774051779,-0.0020000098802619034
0.8651685393258427,0.9213483146067416,3.516787904872092e-05,0.000811419087747666,-0.0011165365260118478,-0.0017767894278753716
0.8651685393258427,0.9325842696629213,-0.0001522303280334876,0.0005774676574783105,-0.0005795226601757802,-0.0017134860685678404
0.8651685393258427,0.9438202247191011,-0.000663837650897679,0.0007773910558299895,-0.00034624391029652147,-0.0011627997701837928
0.8651685393258427,0.9550561797752809,-0.0007632900213595297,0.0013942115574267656,-9.888873520670534e-05,-0.0006477255672285494
0.8651685393258427,0.9662921348314606,-0.00037339223728386173,0.0017519095631622966,-0.00011705218048947691,-0.0005747735886843612
0.8651685393258427,0.9775280898876404,0.0006085981965326988,0.0014808419356586255,-8.052703026305999e-05,-0.00013988452513092622
0.8651685393258427,0.9887640449438202,0.0012747180092111533,0.0008541360670989688,-0.00024030604522821036,0.00040614831987366244
0.8651685393258427,1.0,8.053421065288754e-18,3.17150708199264e-18,-2.2440538556512583e-18,2.9632367961048773e-18
0.8764044943820224,0.0,0.0,-0.0,-0.0,0.0
0.8764044943820224,0.011235955056179775,0.00043712575489165495,-0.00032536343789331217,-2.3195447688316026e-05,0.0005790897514113319
0.8764044943820224,0.02247191011235955,0.00040817931938874293,-0.0007839138611872496,0.00024126880239682067,0.00029764917915913185
0.8764044943820224,0.033707865168539325,0.0005978319678618128,-0.0010705918781437561,0.0009891152678560195,-0.0005070701579955625
0.8764044943820224,0.0449438202247191,0.0008787495351597753,-0.0010278533157579875,0.0016748828395728036,-0.0009410267001611325
0.8764044943820224,0.056179775280898875,0.001126125373781902,-0.0009519505856143379,0.001699933135724084,-0.00023304791206131943
0.8764044943820224,0.06741573033707865,0.0016473111745212688,-0.0008095892705815976,0.0014368642605032,0.0009502895050833511
0.8764044943820224,0.07865168539325842,0.0019839530605706736,-0.0008996676081337663,0.001067027926745384,0.001447461971361522
0.8764044943820224,0.0898876404494382,0.0022788227988701083,-0.0010928774349802139,0.00023012554250069988,0.0011837699911605344
0.8764044943820224,0.10112359550561797,0.0031295229777291915,-0.001005594521088275,0.0002401505669939902,0.00019542727138441307
0.8764044943820224,0.11235955056179775,0.00270024076856729,-0.0007886346941459342,0.0006663273342924892,-0.0015054032134609303
0.8764044943820224,0.12359550561797752,0.0029719370839090954,-0.00048498594311684607,0.000633114537622879,-0.0016295164751502984
0.8764044943820224,0.1348314606741573,0.009655668906390283,-0.00042892039913108117,0.000748839516141363,0.0013900754069940192
0.8764044943820224,0.14606741573033707,0.01380055261080307,-0.00032116877079587085,0.001335212676229618,0.0033578532726799277
0.8764044943820224,0.15730337078651685,0.01415229451634429,-0.0002794647747198806,0.0019233238096593645,0.004100175579161881
0.8764044943820224,0.16853932584269662,0.01159022608249757,-0.001085456563604552,0.002402337993056159,0.003867121495425599
0.8764044943820224,0.1797752808988764,0.006504325256679075,-0.001517396063459088,-0.002016059635352131,0.0022204733505158344
0.8764044943820224,0.19101123595505617,0.007773832724209135,-0.0018728706047736027,-0.0010078765134284213,0.0023343310453240256
0.8764044943820224,0.20224719101123595,0.015897094887968474,-0.003639813797747941,0.0024179340225786807,0.004199503978557893
0.8764044943820224,0.21348314606741572,0.01108536957106609,-0.00600108728862508,0.004453779154861249,0.0008560105199786459
0.8764044943820224,0.2247191011235955,0.009691633257138977,-0.006143323672507857,0.001739540477709541,-0.00019111790085570574
0.8764044943820224,0.23595505617977527,0.016463318388503276,-0.00419703490386938,-0.012379947385946631,0.005276444488741609
0.8764044943820224,0.24719101123595505,0.03091023204650572,-0.0037419796586639553,-0.02264392644406555,0.011694028595713082
0.8764044943820224,0.2584269662921348,0.039336664894892716,-0.004954373899565102,-0.011359889171412845,0.01334076994877746
0.8764044943820224,0.2696629213483146,0.03627468809873025,-0.005328496513531402,-0.01323602528311484,0.011630371485488573
0.8764044943820224,0.2808988764044944,0.03572418154836262,-0.005561280371581742,-0.013770334965165061,0.010939815920865003
0.8764044943820224,0.29213483146067415,0.05267419607865358,-0.005758442798785212,-0.011610178666117361,0.01863971485115527
0.8764044943820224,0.3033707865168539,0.06134080318360108,-0.0053447440176797685,-0.01133818149376598,0.022148627950229014
0.8764044943820224,0.3146067415730337,0.05791635299192318,-0.0030233035847305276,-0.010705448697323419,0.02164237665919934
0.8764044943820224,0.3258426966292135,0.06354748181484686,0.00011601058399606984,-0.010526854820678706,0.027209582003664017
0.8764044943820224,0.33707865168539325,0.07262370525697762,-0.0017420987566748429,-0.012417548436469203,0.0334097094056539
0.8764044943820224,0.348314606741573,0.07321745567145808,-0.0028329117687884925,-0.01278753657387013,0.03303344025427594
0.8764044943820224,0.3595505617977528,0.06604921122235699,-0.0005962806769847827,-0.009293927038512976,0.025171490195394677
0.8764044943820224,0.3707865168539326,0.07135051602702909,0.0006167474857057612,-0.01222127726178475,0.024069619286253376
0.8764044943820224,0.38202247191011235,0.08986149962383294,0.0028543032283260515,-0.013938949127915207,0.03426974237217938
0.8764044943820224,0.3932584269662921,0.09066341282011332,0.0018453250710023302,-0.015075219630633978,0.034263108452115956
0.8764044943820224,0.4044943820224719,0.08111225344363952,-0.009331049038250392,-0.02391161984125949,0.034884802350778156
0.8764044943820224,0.4157303370786517,0.0822669984789895,-0.002617122230388746,-0.03390709790476954,0.041266038082700005
0.8764044943820224,0.42696629213483145,0.09166460351005315,0.007989391315479355,-0.03074555275784601,0.031123659215599207
0.8764044943820224,0.4382022471910112,0.09033742493981313,0.007634170629654275,-0.029819529208494257,0.030020657911240086
0.8764044943820224,0.449438202247191,0.08303632532224148,-0.003478687088588866,-0.03559654918773325,0.0324467893805727
0.8764044943820224,0.4606741573033708,0.08452203222433344,-0.01549056607805434,-0.03253128065707619,0.02278386881278192
0.8764044943820224,0.47191011235955055,0.09082050661769892,-0.009210672675517494,-0.02886376014040512,0.016592266557973027
0.8764044943820224,0.4831460674157303,0.09093913552537394,-0.01030810509942479,-0.030849927989192172,0.016680339964382875
0.8764044943820224,0.4943820224719101,0.0836977402130214,-0.014340656133241592,-0.03288384663150477,0.01735176918556781
0.8764044943820224,0.5056179775280899,0.08349139312619368,-0.007383349315463748,-0.02575548870427904,0.0212418881144708
0.8764044943820224,0.5168539325842696,0.09203104069991463,-0.003744964864901744,-0.010450150245960483,0.02402628374994645
0.8764044943820224,0.5280898876404494,0.09180535665597873,-0.0034784080298177764,-0.008488985210627121,0.02414133188682149
0.8764044943820224,0.5393258426966292,0.07900442538113561,-0.0011511412602256497,-0.01996199301006553,0.020136090003152363
0.8764044943820224,0.550561797752809,0.07324135499477699,-0.0015939729450053744,-0.023713209925956522,0.01895806828959166
0.8764044943820224,0.5617977528089888,0.07989522434564979,-0.0037952662572513975,-0.01839996438395973,0.023974813541841136
0.8764044943820224,0.5730337078651685,0.08173929071951602,-0.0041113795958005435,-0.018912701097670476,0.025608657919440916
0.8764044943820224,0.5842696629213483,0.0757299358027676,-0.0033415359531613446,-0.026011876464294828,0.02466332142468226
0.8764044943820224,0.5955056179775281,0.07335248234212367,-0.0030851810952965152,-0.024317806851563782,0.023482880945913706
0.8764044943820224,0.6067415730337078,0.07972789935177388,-0.0074681091875871556,-0.02241546617094128,0.024273403933928413
0.8764044943820224,0.6179775280898876,0.0809847829697946,-0.007751260793329794,-0.02192407282264599,0.025716635424409825
0.8764044943820224,0.6292134831460674,0.06867652271143758,-0.0002087108821097953,-0.012625848545444919,0.0252055930100625
0.8764044943820224,0.6404494382022472,0.05586376752433455,0.002469259833347948,-0.007112218660451603,0.02474935583927108
0.8764044943820224,0.651685393258427,0.054088447657610436,-0.001242935541013858,-0.010987470162989985,0.024288526841692703
0.8764044943820224,0.6629213483146067,0.05366274767873839,-0.0009953424940801375,-0.01031490952033928,0.0229389518964319
0.8764044943820224,0.6741573033707865,0.0438214059945406,0.0012942276720442054,-0.01234171496570508,0.020692497217242145
0.8764044943820224,0.6853932584269663,0.03244327920060356,0.0012377286876070089,-0.017563454010109197,0.019470012053860456
0.8764044943820224,0.696629213483146,0.030844605075497303,0.000433867797453818,-0.01375196299489392,0.019796537055024998
0.8764044943820224,0.7078651685393258,0.02892000584312453,0.0008281830727911696,-0.01524923630113778,0.01768429023696323
0.8764044943820224,0.7191011235955056,0.03049419405014375,-0.00045973673747949607,-0.011359879176813165,0.01436933952384307
0.8764044943820224,0.7303370786516854,0.04687993530752732,-0.0014005938455882649,-0.010783900367189002,0.015902396983291225
0.8764044943820224,0.7415730337078652,0.05809866727215223,-0.000581366903511443,-0.014071857784606338,0.018696131516293645
0.8764044943820224,0.7528089887640449,0.0402782695620615,-0.0020224793938003567,-0.0013706984639167592,0.014195515675310933
0.8764044943820224,0.7640449438202247,0.023590630814302262,-0.005561827118469135,0.0015954594174288235,0.010599657653203382
0.8764044943820224,0.7752808988764045,0.024588159006762835,-0.008116817293118337,-0.005749973045978337,0.011750494115712468
0.8764044943820224,0.7865168539325842,0.021408468925703476,-0.007327955472589497,0.00016940696923072496,0.010177799545609625
0.8764044943820224,0.797752808988764,0.008673864576940332,-0.006090274414820721,0.0012757963263353878,0.006137368030270053
0.8764044943820224,0.8089887640449438,0.0002579661685531704,-0.005665009625051162,-0.004440337966887937,0.005048137185041347
0.8764044943820224,0.8202247191011236,-0.0006096411662806577,-0.005950394813463497,-0.005283128294657295,0.005226398013913502
0.8764044943820224,0.8314606741573034,0.002594018764188713,-0.00493464777604579,-0.008411914138750561,0.0038594043310202185
0.8764044943820224,0.8426966292134831,0.005239066541890028,-0.002429187857024994,-0.00010534377387920594,0.00185945502329507
0.8764044943820224,0.8539325842696629,0.005700370269553033,-0.0017411673508798845,0.0012941767178224948,0.0015401141522603018
0.8764044943820224,0.8651685393258427,0.0035563135713107437,-0.0022455306874359453,-0.0026090055369040223,0.002062598284168403
0.8764044943820224,0.8764044943820224,0.00123294409266087,-0.001912185755901699,0.0034860966622763975,0.002158255143372682
0.8764044943820224,0.8876404494382022,0.001905471536506759,-0.0015507233478000793,0.0033086602316169645,0.001907075842188417
0.8764044943820224,0.898876404494382,0.0017008065137617176,-0.0016501053077684973,0.0009735780805254131,0.0009064541952315775
0.8764044943820224,0.9101123595505618,0.0001604728569842825,-0.0016130892555246044,-2.4692781104372904e-05,6.89002344224124e-05
0.8764044943820224,0.9213483146067416,0.0005727344678638396,-0.001257033969211623,0.00011089148486809068,-2.928946433410339e-05
0.8764044943820224,0.9325842696629213,0.0009075219241786447,-0.0008681802058485437,-0.00013734043194645957,-0.00044758696860621616
0.8764044943820224,0.9438202247191011,0.00032942516236528896,-0.0003869039679257122,-0.0004243182281435929,-0.0010264433489792304
0.8764044943820224,0.9550561797752809,-0.0002853856595847557,0.00022927893387627592,-9.990007102673249e-05,-0.0014366719661509217
0.8764044943820224,0.9662921348314606,-0.0003036007119827747,0.0005561709088484976,0.0003911483760852421,-0.001558945652890971
0.8764044943820224,0.9775280898876404,0.0005805287597529148,0.00045280156755130946,0.0006952712502031148,-0.0008869985195919488
0.8764044943820224,0.9887640449438202,0.001279031393165606,0.00026780626189215216,0.0002632419950023387,5.733725883993104e-05
0.8764044943820224,1.0,7.767917392163274e-18,1.1601976316477075e-18,-5.295883604124677e-19,1.9677195239902035e-18
0.8876404494382022,0.0,0.0,-0.0,-0.0,0.0
0.8876404494382022,0.011235955056179775,0.00028281339834037997,-0.00015710373186186133,0.00021334520053588308,0.0002433028403476212
0.8876404494382022,0.02247191011235955,0.000500184252261789,-0.00024991070138671325,0.0005565475973092233,0.00024188666252462546
0.8876404494382022,0.033707865168539325,0.000849884462013646,-0.00032074684714655056,0.001295568693273788,-9.219555862474943e-05
0.8876404494382022,0.0449438202247191,0.0008825878872314201,-0.0003740323698567526,0.0019819791775693555,-0.0004447184993576306
0.8876404494382022,0.056179775280898875,0.0007744830750303781,-0.0005220573810314365,0.002012569969061914,-0.0002656326131326861
0.8876404494382022,0.06741573033707865,0.0009870824472653812,-0.00035501676486587164,0.0017713371733916225,0.0002892962055461724
0.8876404494382022,0.07865168539325842,0.0013018263489522747,-0.00020209829771166473,0.0013396388831309163,0.0006580161712889786
0.8876404494382022,0.0898876404494382,0.0017473840104180835,-0.0005890592783039154,0.0004903203691820956,0.0005948065805311197
0.8876404494382022,0.10112359550561797,0.0027639139303039166,-0.0009883149486800274,0.0003831033894353509,-0.00017742911847974844
0.8876404494382022,0.11235955056179775,0.0028198719243054415,-0.0009093727669982709,0.0004134888764481011,-0.0014076894721811299
0.8876404494382022,0.12359550561797752,0.0023315888676988614,-0.0003991295412337551,0.00035531431587336714,-0.0013372737648163402
0.8876404494382022,0.1348314606741573,0.007598624172343152,-5.790949264527271e-05,0.0009364731169760021,0.0013037179846398632
0.8876404494382022,0.14606741573033707,0.012355221727086755,-0.00027672897897956534,0.0015965997201593907,0.003258143573842983
0.8876404494382022,0.15730337078651685,0.011502113076558938,-0.001234490074417284,0.0020323899042649913,0.0034902688787273044
0.8876404494382022,0.16853932584269662,0.009184661194620808,-0.002264031515741445,0.0028254003509246553,0.003456935071766978
0.8876404494382022,0.1797752808988764,0.005603598980541968,-0.0018381504585819732,-0.001160384599922613,0.0024260406778670884
0.8876404494382022,0.19101123595505617,0.00694815712464235,-0.0008523916346416797,-0.0013917359774537595,0.0022754642076398884
0.8876404494382022,0.20224719101123595,0.0174158084140504,-0.0014866696093481936,-0.0003545839399685674,0.004736490778964834
0.8876404494382022,0.21348314606741572,0.012367000386227659,-0.004125364864693042,0.0003418962095467341,0.0019447202607042054
0.8876404494382022,0.2247191011235955,0.006887664159481125,-0.005736008329847357,0.0017893331011049909,-4.539546963910606e-06
0.8876404494382022,0.23595505617977527,0.01566999991738216,-0.0046222663913005274,-0.014203485267036024,0.004863240343091418
0.8876404494382022,0.24719101123595505,0.029837789361655223,-0.003912165837510192,-0.02346866245565983,0.009987297146833217
0.8876404494382022,0.2584269662921348,0.03402587862362967,-0.004117641819384119,-0.009524337370167191,0.011426577901485026
0.8876404494382022,0.2696629213483146,0.03520662897698731,-0.0030681343317211607,-0.011606796844611265,0.012765778983698198
0.8876404494382022,0.2808988764044944,0.03531496831219265,-0.0028217110309045755,-0.011815684730216852,0.01267390961201396
0.8876404494382022,0.29213483146067415,0.04863254082272749,-0.0037485077755120646,-0.010447644214452068,0.01755235754849195
0.8876404494382022,0.3033707865168539,0.05430241240610081,-0.004822533811956286,-0.009550697342267869,0.019110282996427704
0.8876404494382022,0.3146067415730337,0.04458998922507681,-0.004136078817062683,-0.007928090051838763,0.01753380001458912
0.8876404494382022,0.3258426966292135,0.051227489713680775,-0.0011401518647229947,-0.007498937436823005,0.022281896080216856
0.8876404494382022,0.33707865168539325,0.06460186429902413,-0.0018396932482510247,-0.010203397271265227,0.028357335024197655
0.8876404494382022,0.348314606741573,0.06623231657640967,-0.0017300987585188504,-0.011343913337797024,0.03006272327895898
0.8876404494382022,0.3595505617977528,0.057807737694166327,0.0013865784476760359,-0.00889932738476775,0.022724525774806388
0.8876404494382022,0.3707865168539326,0.06446590666464033,0.0026387594402963246,-0.012394789483809392,0.021246772298221063
0.8876404494382022,0.38202247191011235,0.08205723398346762,0.0033859656876250904,-0.012834703300009591,0.03066258986953763
0.8876404494382022,0.3932584269662921,0.08025067579052805,0.0011585481910569842,-0.01268499515173441,0.030506587120073786
0.8876404494382022,0.4044943820224719,0.07062518247095134,-0.009358053658235808,-0.019788768766453007,0.03535512869343821
0.8876404494382022,0.4157303370786517,0.07177771347100136,-0.00288132985348076,-0.02751680470950388,0.04042622806966948
0.8876404494382022,0.42696629213483145,0.08146739136977996,0.007053086082181851,-0.025008824738065188,0.027933119296914173
0.8876404494382022,0.4382022471910112,0.0813650774839952,0.006598217969430853,-0.02819490725484732,0.02922677828188188
0.8876404494382022,0.449438202247191,0.07403125256047006,-0.0037473804572763754,-0.03669983047340145,0.03303281209080944
0.8876404494382022,0.4606741573033708,0.07593505304810787,-0.01638164621704031,-0.03360273807831129,0.023403107935954882
0.8876404494382022,0.47191011235955055,0.08211774455723195,-0.009176582727932195,-0.026782441596396304,0.01649856528467099
0.8876404494382022,0.4831460674157303,0.07999819068196794,-0.007458957203698345,-0.024763559202034,0.014748667482366204
0.8876404494382022,0.4943820224719101,0.07077997010801335,-0.012374381788061243,-0.025644162914915326,0.013881092620146926
0.8876404494382022,0.5056179775280899,0.07134706263195235,-0.007547777385304065,-0.020247007079621047,0.019082018104669547
0.8876404494382022,0.5168539325842696,0.08210136435316448,-0.0034794589106489993,-0.008306373955051263,0.0223312760794862
0.8876404494382022,0.5280898876404494,0.08366210779918422,-0.0031796442073556913,-0.009571492998574894,0.021950628658522087
0.8876404494382022,0.5393258426966292,0.07356804915737462,-0.001230469560652458,-0.02157958609845754,0.020417282709310113
0.8876404494382022,0.550561797752809,0.0688395053933203,-0.0015008148614993832,-0.02373657099595612,0.02101159174137123
0.8876404494382022,0.5617977528089888,0.0731618963687455,-0.003396371937096954,-0.01730944791544481,0.02334513757242727
0.8876404494382022,0.5730337078651685,0.07154560142348373,-0.003474160482776933,-0.015557339920205195,0.022089703803625
0.8876404494382022,0.5842696629213483,0.06420317128821385,-0.0015125959442816102,-0.02013413345397377,0.021380640533677348
0.8876404494382022,0.5955056179775281,0.06438933017795163,-0.0010168988557969806,-0.019868818897138506,0.021657473652202285
0.8876404494382022,0.6067415730337078,0.07187058862979416,-0.005931199740374573,-0.01908145958530223,0.02256981751311832
0.8876404494382022,0.6179775280898876,0.0701452489846909,-0.006373835042749451,-0.01888451652408433,0.021469071663782712
0.8876404494382022,0.6292134831460674,0.057499689030973584,0.0009404770746298098,-0.011067929653219143,0.01944967392567958
0.8876404494382022,0.6404494382022472,0.047239378534373676,0.0032839466608308096,-0.0059372915986882265,0.019490451123639504
0.8876404494382022,0.651685393258427,0.04727048824953099,-0.000802272081483882,-0.00922173002401636,0.02059790028828631
0.8876404494382022,0.6629213483146067,0.04622116966499178,-0.0008943079306959418,-0.009985486889118957,0.020656638027026553
0.8876404494382022,0.6741573033707865,0.0348485629510389,0.0014186718616266227,-0.011862193814075392,0.018261433555582064
0.8876404494382022,0.6853932584269663,0.024572154757149134,0.0015476516769192844,-0.014353449720295277,0.01632759222138035
0.8876404494382022,0.696629213483146,0.026368920955779505,0.0009729819432156242,-0.011740513451036242,0.017231726620455093
0.8876404494382022,0.7078651685393258,0.02647952449234284,0.001272170028723115,-0.01347922048753349,0.016561123883549928
0.8876404494382022,0.7191011235955056,0.026106485831120525,-0.00027683797483760164,-0.009768872747876842,0.013576463742139314
0.8876404494382022,0.7303370786516854,0.04192587097966413,-0.001282352745626299,-0.007889571672681598,0.01464453245261755
0.8876404494382022,0.7415730337078652,0.051242174741486596,-0.00039406452832195136,-0.01215520445961653,0.015493299150555017
0.8876404494382022,0.7528089887640449,0.03284894283456353,-0.001524880320807771,-0.00150053103308808,0.00992233141353328
0.8876404494382022,0.7640449438202247,0.020089679990730833,-0.00474918073049899,0.0030085286005211358,0.007828521362488192
0.8876404494382022,0.7752808988764045,0.02127879854261914,-0.007048483859962976,-0.004627945422404402,0.009897085848273809
0.8876404494382022,0.7865168539325842,0.018569016187179807,-0.0066792626399072115,-0.0019304898313695798,0.009258683726550237
0.8876404494382022,0.797752808988764,0.008000309329165619,-0.005851708285512185,-0.0020390727615617814,0.00607388846344564
0.8876404494382022,0.8089887640449438,-2.347554938291205e-05,-0.0052762009589944195,-0.0050014959697097915,0.0046262964842091565
0.8876404494382022,0.8202247191011236,-0.0005689030176802015,-0.004949942023892282,-0.004270415645350929,0.004749902913117461
0.8876404494382022,0.8314606741573034,0.0025966897379594216,-0.0034308512944420575,-0.006948283968978238,0.0036877756932997803
0.8876404494382022,0.8426966292134831,0.0048357849062823045,-0.001202953477172225,0.0003734991425363809,0.001815275618542657
0.8876404494382022,0.8539325842696629,0.0053023154750618685,-0.0011713441908402598,0.0019720772077277816,0.001434751250538454
0.8876404494382022,0.8651685393258427,0.002964691184924325,-0.0019486360754016028,-0.0012709257625754164,0.0017671398363502152
0.8876404494382022,0.8764044943820224,0.0012678669278116809,-0.0014546711149723993,0.002584729864326239,0.0021658528788590908
0.8876404494382022,0.8876404494382022,0.00016476501346605587,-0.0009866271568570865,0.0026644191879520427,0.001697841920161135
0.8876404494382022,0.898876404494382,-0.00024929315741407764,-0.0014355598870127181,0.0011403522277144797,0.0006193108033504787
0.8876404494382022,0.9101123595505618,7.534521259314065e-05,-0.0018812316886893663,0.0006030461460599351,-0.00013750020407049033
0.8876404494382022,0.9213483146067416,0.0005052332415469864,-0.0014708933172172638,0.0006909867276833626,-0.00033205206477348275
0.8876404494382022,0.9325842696629213,0.0008357199029396197,-0.0006828451188584864,0.00012247443006552092,-0.0005434602319920078
0.8876404494382022,0.9438202247191011,0.0008724994952105347,-5.594775315688181e-05,-0.000394594589792808,-0.0010769760443069087
0.8876404494382022,0.9550561797752809,0.00032675460404756214,0.00037108967165796764,6.388345821598136e-05,-0.0018310024315397893
0.8876404494382022,0.9662921348314606,-0.0002454828808848023,0.0004188910445498252,0.0009081270977838183,-0.0024113615348551167
0.8876404494382022,0.9775280898876404,-1.4198815090714477e-05,0.00022286384643271814,0.0013222904569371577,-0.0019918676011366487
0.8876404494382022,0.9887640449438202,0.000658854795509686,0.00013042068994072872,0.0006749423081374542,-0.0007002414921119204
0.8876404494382022,1.0,5.14429296156995e-18,8.212592840220026e-19,1.1024652464789948e-18,-5.248233039395027e-19
0.898876404494382,0.0,-0.0,-0.0,-0.0,0.0
0.898876404494382,0.011235955056179775,-0.00012911280642465472,9.359718186038068e-05,0.0002438834723695134,-0.00013603743688320733
0.898876404494382,0.02247191011235955,-5.010484645206039e-05,0.0004198671343870857,0.0005394707086900257,-0.00016761887307291154
0.898876404494382,0.033707865168539325,1.9973605194411187e-05,0.0006806950186369613,0.0011763109182482852,-0.00044269813869666363
0.898876404494382,0.0449438202247191,-0.0002655535244518323,0.00041414157004715496,0.001878172348730405,-0.0007836604259675414
0.898876404494382,0.056179775280898875,-0.0005215297335359029,-0.0004105145624147324,0.0018749170470917413,-0.0006522048727979545
0.898876404494382,0.06741573033707865,-0.0005903615746314416,-0.000569178133284055,0.0013153717610298894,-0.00012920397719356908
0.898876404494382,0.07865168539325842,-0.0005499573726157297,-2.5181697827265355e-06,0.0005814975865088039,0.00048553743126089865
0.898876404494382,0.0898876404494382,-0.0005913272050044196,-7.033665416040896e-05,-4.532902218248369e-05,0.0008173305424980449
0.898876404494382,0.10112359550561797,-0.000764298089193168,-0.0007384197771562181,0.00047049970598894697,0.00029305766049200554
0.898876404494382,0.11235955056179775,-0.0020872127123037674,-0.001079369147152588,0.0010963290582363583,-0.0008547439054916903
0.898876404494382,0.12359550561797752,-0.0039138554192607354,-0.0008664063051513494,0.0014796644422715864,-0.0010099961656694011
0.898876404494382,0.1348314606741573,-6.534659416829579e-05,-0.0004972293030333436,0.002495000289547848,0.0007804190679192738
0.898876404494382,0.14606741573033707,0.0027088502726318915,-0.0005126052647687489,0.003455096033468391,0.0013705588340097521
0.898876404494382,0.15730337078651685,0.0022808750175087496,-0.0009461010631981343,0.0032538151481701057,0.001531353308029283
0.898876404494382,0.16853932584269662,0.0022892365030941775,-0.0009361888614698256,0.003679846704483913,0.0031438685781056954
0.898876404494382,0.1797752808988764,0.0016005376436880154,-3.9387549454559854e-05,0.00045954820844179735,0.004326871160752097
0.898876404494382,0.19101123595505617,0.00286177177113923,0.0011251652007654162,-0.0003674821134765964,0.004554812452799835
0.898876404494382,0.20224719101123595,0.012466477047557952,0.0013216395122305543,-0.002567588172817196,0.006348205431288809
0.898876404494382,0.21348314606741572,0.006777336410841279,6.707330296557639e-05,-0.003873238902820659,0.003635116970322699
0.898876404494382,0.2247191011235955,-0.001485201045857119,-0.00046237946626723024,-0.0003520639533569003,0.0013926456819541582
0.898876404494382,0.23595505617977527,0.011615200969823746,0.0005196095900375639,-0.015350383431753174,0.005774919505901929
0.898876404494382,0.24719101123595505,0.015315837381144504,0.0008803004861223666,-0.016425081083032433,0.004857140584932418
0.898876404494382,0.2584269662921348,0.007867647995559467,0.0012638676865753394,0.0004560173207169607,0.0018476802594072487
0.898876404494382,0.2696629213483146,0.010450647006314616,0.002240262360228589,-0.0017824564403331187,0.0036182672105644206
0.898876404494382,0.2808988764044944,0.004294243128202928,0.0009489323915121733,-0.0013662597085671803,0.0009293085422918852
0.898876404494382,0.29213483146067415,0.006514031132248076,-0.0007844204501110709,-9.313365752047111e-05,0.00042014586808180156
0.898876404494382,0.3033707865168539,0.012357767375369429,-0.001728325698762278,-0.0004872215160099525,0.0017679637367359427
0.898876404494382,0.3146067415730337,-0.0054260132547418165,-0.0016012500921124115,0.001309163483886123,-0.0017547592633747747
0.898876404494382,0.3258426966292135,-0.004010376627769777,0.001520830058078095,0.003131727131691862,-0.001032623920652296
0.898876404494382,0.33707865168539325,0.014060829154307173,0.001993649162330132,0.0015303236771859244,0.003811183932250132
0.898876404494382,0.348314606741573,0.016010743617537623,0.0020271513045820753,6.180950650005219e-05,0.005832332391903489
0.898876404494382,0.3595505617977528,0.001956700238026195,0.0036105844968254506,0.002750204319614101,-0.0011084508109011019
0.898876404494382,0.3707865168539326,0.008184075012830841,0.0031294187125306405,-0.00023508857096542037,-0.001934116189951124
0.898876404494382,0.38202247191011235,0.020871055898208594,0.0026208087259736892,0.0006545585429006825,0.004792006309575881
0.898876404494382,0.3932584269662921,0.01903807968214388,-2.857392803701478e-05,0.0005380181094749811,0.004758206899846161
0.898876404494382,0.4044943820224719,0.011575757556227601,-0.011499786226014547,-0.004699070065675316,0.015410103349523415
0.898876404494382,0.4157303370786517,0.011231129583025187,-0.007529426065091085,-0.008411222664095025,0.0246083532657176
0.898876404494382,0.42696629213483145,0.01803643265232433,0.001298318739946589,-0.002949936061990635,0.01364083418182746
0.898876404494382,0.4382022471910112,0.01863943333137294,0.0017123439298287384,-0.006141958398990325,0.01501886652886982
0.898876404494382,0.449438202247191,0.01279859824858645,-0.00378709834958729,-0.015941994648849312,0.019546486592405765
0.898876404494382,0.4606741573033708,0.015105052400149171,-0.010514439258986564,-0.01245706761476911,0.013573385346825714
0.898876404494382,0.47191011235955055,0.021303522654198277,-0.0008043362946761757,-0.003557381490278869,0.010973019736172828
0.898876404494382,0.4831460674157303,0.018354256659266245,0.001080433113228095,-0.0020963347210940114,0.009374020704695665
0.898876404494382,0.4943820224719101,0.00989698388833729,-0.00631474177285672,-0.008468641888024304,0.006522833531638449
0.898876404494382,0.5056179775280899,0.011108626623249192,-0.004156974890244185,-0.01062001261554418,0.008274752839810265
0.898876404494382,0.5168539325842696,0.020445386749591628,-0.00015712250359125582,-0.004038837823528619,0.007933882716355568
0.898876404494382,0.5280898876404494,0.021496795313309416,0.00027312046199470775,-0.005309389508239266,0.00774192987736543
0.898876404494382,0.5393258426966292,0.013271127544454933,0.002205618418862531,-0.012617725223601124,0.00820681566625859
0.898876404494382,0.550561797752809,0.00910968866177641,0.0018420373860870921,-0.011415511170438025,0.008037976136929716
0.898876404494382,0.5617977528089888,0.0140955232668686,-0.00022859327149698218,-0.006221933186440022,0.008274773798443238
0.898876404494382,0.5730337078651685,0.014217043369149964,-0.00010259194874882215,-0.004550903809138056,0.007591322615420031
0.898876404494382,0.5842696629213483,0.007398857878542331,0.0025723742933588234,-0.00589115690147598,0.007484587261079218
0.898876404494382,0.5955056179775281,0.008434023627510565,0.00452010406437823,-0.0033767609472583854,0.006916393056563168
0.898876404494382,0.6067415730337078,0.016861770939840526,0.0011481182249589157,-0.00104932618999382,0.0072248107594594145
0.898876404494382,0.6179775280898876,0.014347973386621235,0.00047222095347108716,-0.0006899210680044924,0.00588775161557528
0.898876404494382,0.6292134831460674,0.004517872764933546,0.005806715017321617,0.002771836620101177,0.004287031307281918
0.898876404494382,0.6404494382022472,0.0019652503598226348,0.006057374579350836,0.0034295333853691947,0.004147723067742724
0.898876404494382,0.651685393258427,0.007256557315763224,0.0007763626642920378,-0.0009791190213011617,0.0042232243471890946
0.898876404494382,0.6629213483146067,0.008307267513482446,0.0006273132143759032,-0.0016978506189327385,0.004611344187805192
0.898876404494382,0.6741573033707865,-0.0003763238668868652,0.003830568934010342,-0.0022181727269635952,0.0029926375688642723
0.898876404494382,0.6853932584269663,-0.003375694353459541,0.004439198319068079,-0.004206487934002828,0.00211705082886005
0.898876404494382,0.696629213483146,0.004984420230668639,0.00375098322170351,-0.0045748611570216625,0.00415705125419589
0.898876404494382,0.7078651685393258,0.0032848810511526567,0.004077360296750828,-0.0058533228866196555,0.003952298298326432
0.898876404494382,0.7191011235955056,-0.005482646450317944,0.0025775286123310977,-0.0014459080117331443,0.0007372647622406499
0.898876404494382,0.7303370786516854,0.0056141140145242,0.0011791337936430668,0.0023640516642840378,0.0021134659992150403
0.898876404494382,0.7415730337078652,0.013115140993656422,0.0017872419842138768,0.00045597892556241946,0.0033082438962747326
0.898876404494382,0.7528089887640449,0.0013883225971894932,0.0014573978972231506,0.007660596448595642,9.104079273100547e-05
0.898876404494382,0.7640449438202247,-0.000987893169568546,-0.0005808350989151889,0.00940595331455186,0.0006154046100503565
0.898876404494382,0.7752808988764045,0.004107755554334187,-0.001979602611890087,-0.00030578441626636385,0.0031085530089868165
0.898876404494382,0.7865168539325842,0.005447507253614402,-0.0015478513346439242,0.0006495092356660738,0.003578207852442362
0.898876404494382,0.797752808988764,0.0038160779850509355,-0.0008103215304684446,-0.0011241359784360534,0.003394863302210715
0.898876404494382,0.8089887640449438,-0.00012987940559635263,-0.0002838647299751648,-0.002779332609358386,0.0030593363827188494
0.898876404494382,0.8202247191011236,8.975536052270953e-05,-0.00013902235405998222,-0.0017327098165163565,0.003418696699668927
0.898876404494382,0.8314606741573034,0.0017214928409796137,0.0011685068642820558,-0.0038578362647493543,0.0026940966442039523
0.898876404494382,0.8426966292134831,0.002283739408033629,0.0031431315082988505,0.002222150188970957,0.001229411596753948
0.898876404494382,0.8539325842696629,0.002899898111510343,0.002874489484632923,0.003303628729238148,0.001115718668543818
0.898876404494382,0.8651685393258427,0.0008990080287650685,0.0015920406465282858,0.00021314253732418004,0.0012289078492207436
0.898876404494382,0.8764044943820224,-0.0006090503326967987,0.0014832221122362626,0.002036338937498893,0.0013714534695887259
0.898876404494382,0.8876404494382022,-0.001957916415380236,0.0011807677388550872,0.0020556035071848224,0.0007755215587114839
0.898876404494382,0.898876404494382,-0.0018296370855101286,-0.00012050400424751053,0.0006842147557613072,-0.00019207943064214938
0.898876404494382,0.9101123595505618,-0.0005634685113242246,-0.0011429165871072583,0.00021221664435598154,-0.0007370342631041411
0.898876404494382,0.9213483146067416,-2.856948069014938e-05,-0.0010527240176031296,0.00043336488708921463,-0.0005044395749130376
0.898876404494382,0.9325842696629213,0.00016994956430297446,-0.000383609508386433,0.00014234049342376547,-9.615613741688393e-05
0.898876404494382,0.9438202247191011,0.0007670405119440727,0.0002192523941663793,-0.00021931090256052652,-0.0001948409569527543
0.898876404494382,0.9550561797752809,0.0008454397631960552,0.0006129593841768731,0.00017155718711701334,-0.0010664854565794564
0.898876404494382,0.9662921348314606,0.00041540359454318926,0.0006578153565459518,0.0008887197978910765,-0.002185331600031674
0.898876404494382,0.9775280898876404,0.0002922669267248086,0.00046490159551443023,0.001211054592294583,-0.0023106628526402546
0.898876404494382,0.9887640449438202,0.0004249900940534189,0.00029939595673334716,0.000668200359024206,-0.0011414113807933712
0.898876404494382,1.0,2.770418351720397e-18,1.6092582764091535e-18,1.656396629813713e-18,-2.5140736419225543e-18
0.9101123595505618,0.0,0.0,-0.0,-0.0,0.0
0.9101123595505618,0.011235955056179775,-9.601232848274343e-06,0.0001304620977859289,0.00016003283276359517,3.0208634722202226e-05
0.9101123595505618,0.02247191011235955,-0.00010065708042023066,0.0005325338088755537,0.00044140208928033717,0.0001000935605934468
0.9101123595505618,0.033707865168539325,-0.00027438094350288743,0.0008549058929340235,0.000918300383050139,-0.00014352874806169362
0.9101123595505618,0.0449438202247191,-0.0007307886364548828,0.0004014433224980432,0.001536832046348071,-0.0004877637584591395
0.9101123595505618,0.056179775280898875,-0.0010921992605086358,-0.000890407228988519,0.0015740430509138988,-0.00032427435687611714
0.9101123595505618,0.06741573033707865,-0.0013151564593563137,-0.0013926389685190459,0.0007254561790501461,0.0001894415763640263
0.9101123595505618,0.07865168539325842,-0.0014535328965647255,-0.0005745264978739579,-0.0004843813088641453,0.0006157831016159216
0.9101123595505618,0.0898876404494382,-0.001922661132584791,-0.00018584965253609894,-0.00105099513348649,0.0008309578906966921
0.9101123595505618,0.10112359550561797,-0.0029481939948116987,-0.0007759145090777614,5.215876730830092e-05,0.00045761697742623494
0.9101123595505618,0.11235955056179775,-0.004929057695393451,-0.0012483119460543295,0.0013538899172503404,-0.0006103286653158748
0.9101123595505618,0.12359550561797752,-0.006049379135959083,-0.0011318029263190327,0.0018636346852243346,-0.0007507421935443886
0.9101123595505618,0.1348314606741573,-0.0009174077160034883,-0.0007217591134512944,0.0023842892535993238,0.001259169762928879
0.9101123595505618,0.14606741573033707,-5.6672162981386276e-05,-0.0003981152216085412,0.0031327292007017385,0.0011500839790805745
0.9101123595505618,0.15730337078651685,0.00027146508613949113,9.241668247247592e-05,0.0022535977644282173,0.001406328644721554
0.9101123595505618,0.16853932584269662,0.0017325048985000137,0.0008724297037040737,0.0024901525532657095,0.0038477719171239183
0.9101123595505618,0.1797752808988764,0.0017911724381017781,0.0012973737952115946,0.0011044927007083328,0.006056975142122122
0.9101123595505618,0.19101123595505617,0.002104284569779407,0.0014941594801945865,0.0004617943323888451,0.00651065535262143
0.9101123595505618,0.20224719101123595,0.007754692305844712,0.0015669399836922774,-0.0036128740508651583,0.006827791556024429
0.9101123595505618,0.21348314606741572,0.0034900089709463777,0.0012955715191261357,-0.004312057427003683,0.004210876874850951
0.9101123595505618,0.2247191011235955,0.0001243438668910261,0.001754263554221332,-0.002137230052216622,0.003539678143203405
0.9101123595505618,0.23595505617977527,0.018283686316737255,0.002669626276851937,-0.014413015287471194,0.009264241547483992
0.9101123595505618,0.24719101123595505,0.015199038713751755,0.0030588486099168964,-0.010704582954743443,0.005538804201959787
0.9101123595505618,0.2584269662921348,0.003614207780141842,0.003696922133945028,0.0029926031788425913,0.00025936563725830077
0.9101123595505618,0.2696629213483146,0.004024697406410992,0.0033900390490670808,0.0012193979124996218,0.0012931502040999098
0.9101123595505618,0.2808988764044944,-0.00428669091209278,0.0005405586716460639,0.0020212389425275576,-0.0017218174247169967
0.9101123595505618,0.29213483146067415,-0.007529282064612576,-0.0003293788950100406,0.003275817528248499,-0.004857199770356129
0.9101123595505618,0.3033707865168539,-0.003477413660739487,0.00039407625942560685,0.003127028110735085,-0.0040606765560685125
0.9101123595505618,0.3146067415730337,-0.021796758918230463,0.00011568250520626977,0.0048587436217536065,-0.007367617071945752
0.9101123595505618,0.3258426966292135,-0.025024070171069977,0.0025071061992044475,0.005944858091655374,-0.008701183901961906
0.9101123595505618,0.33707865168539325,-0.005765604124814283,0.0035257270309873526,0.004907354125320533,-0.0044552517345194265
0.9101123595505618,0.348314606741573,-0.0036588485074279383,0.0033298013194508463,0.004942534651019947,-0.003888127705184347
0.9101123595505618,0.3595505617977528,-0.018221072031020972,0.003474048549624422,0.006737281863514556,-0.010973210782879014
0.9101123595505618,0.3707865168539326,-0.01010984906519856,0.0019717157414668733,0.003636632871786049,-0.010745320105403888
0.9101123595505618,0.38202247191011235,-0.00048113593750009285,0.0023079574537722587,0.00599321330003065,-0.00542950389681224
0.9101123595505618,0.3932584269662921,-0.00045910809025106287,0.0010731026439280839,0.0055818206741614215,-0.004155517357883753
0.9101123595505618,0.4044943820224719,-0.005772019355565877,-0.009975804917286791,0.0014104261146187069,0.007585887819623014
0.9101123595505618,0.4157303370786517,-0.007079928284967123,-0.007348172052054376,-0.0013121960672731838,0.018235064926555532
0.9101123595505618,0.42696629213483145,-0.003738556026570707,0.00021959542576061516,0.004280345185873335,0.009763480518966448
0.9101123595505618,0.4382022471910112,-0.004474071571889215,0.00045452067773700365,0.0028352319134105795,0.009996702729725464
0.9101123595505618,0.449438202247191,-0.008897293221049327,-0.002563712803889916,-0.006854729241137542,0.01379293423702706
0.9101123595505618,0.4606741573033708,-0.0063114010553584855,-0.006000349226386247,-0.004004542856483641,0.010309664259035303
0.9101123595505618,0.47191011235955055,0.0009996827069909304,0.003000709761961368,0.004494995210929214,0.010604549992934831
0.9101123595505618,0.4831460674157303,0.0014633325971508105,0.0028639301071645656,0.004420291137043535,0.010461898378767119
0.9101123595505618,0.4943820224719101,-0.003052936874771913,-0.00600244436982897,-0.004601088284219337,0.008211459518567624
0.9101123595505618,0.5056179775280899,-0.001919800736195643,-0.004026729500182454,-0.0092937824323514,0.007599784352383491
0.9101123595505618,0.5168539325842696,0.0033647341473278356,0.000874175245682791,-0.003796317819143565,0.004502961885392561
0.9101123595505618,0.5280898876404494,0.0036007589397696275,0.0017313219770898642,-0.0030202813897571676,0.004341018832643064
0.9101123595505618,0.5393258426966292,-0.0027692553584052226,0.003960079451376993,-0.0064166164127717725,0.0062136152885518105
0.9101123595505618,0.550561797752809,-0.008697945387831573,0.0037334876473934402,-0.004302160991769007,0.005301019953714786
0.9101123595505618,0.5617977528089888,-0.006642707884942315,0.0013179135752613995,-0.0017690475566915563,0.004184632385530755
0.9101123595505618,0.5730337078651685,-0.006276273932447114,0.00124971258368296,-0.0015349376045618742,0.004314905008966552
0.9101123595505618,0.5842696629213483,-0.012734197139289985,0.0030157838410171064,-0.0018115074966744314,0.00495490430400554
0.9101123595505618,0.5955056179775281,-0.011494795352373934,0.005022412837341861,0.0017452206691271367,0.003829617124881369
0.9101123595505618,0.6067415730337078,-0.0009891997536548213,0.0033836388598002484,0.004544001014124919,0.003834813974573293
0.9101123595505618,0.6179775280898876,0.00026868626765975295,0.00305515460456358,0.0046583401670494086,0.004135519342512173
0.9101123595505618,0.6292134831460674,-0.00403831037504154,0.00671521267987891,0.005620941687562898,0.004536414350405906
0.9101123595505618,0.6404494382022472,-0.001780036613736306,0.005677356631910949,0.004165707774537909,0.004106532337134183
0.9101123595505618,0.651685393258427,0.002668228483395634,0.000717873993424571,0.0002540358501373697,0.0015758506733424772
0.9101123595505618,0.6629213483146067,0.0017417570439187417,0.0014660105449360158,0.0003702643616583863,0.0012088312693279972
0.9101123595505618,0.6741573033707865,-0.0036818102826765647,0.005562390715594774,-1.2510536471992998e-05,0.0009287097199986535
0.9101123595505618,0.6853932584269663,-0.0022984032040261897,0.006237903374345712,-0.003342434022298044,0.0005654969029212641
0.9101123595505618,0.696629213483146,0.004977269798348798,0.005129889208909668,-0.0047669009826487455,0.0016732565829650373
0.9101123595505618,0.7078651685393258,-0.0003372295361066674,0.005876584559424834,-0.0040111365800771515,0.0008985087381368007
0.9101123595505618,0.7191011235955056,-0.010878462736220436,0.004942472710059622,0.0012648825124076328,-0.0018939747979292896
0.9101123595505618,0.7303370786516854,-0.002676759629439655,0.002744928616848365,0.0052291261016330845,-0.0003936910716317501
0.9101123595505618,0.7415730337078652,0.004541644556968046,0.0024292388939341747,0.0042268334868557685,0.001534776273568721
0.9101123595505618,0.7528089887640449,-0.00078241148393357,0.0024307876191858022,0.010103059243517275,0.0005376269818048117
0.9101123595505618,0.7640449438202247,6.517939542084275e-05,0.0012751919191198787,0.01047287481385649,0.001691031122093844
0.9101123595505618,0.7752808988764045,0.003661579306922718,0.00041954843241987194,0.00037431838429346776,0.0031842473629414164
0.9101123595505618,0.7865168539325842,0.00241400911749724,0.0006374244340044144,0.002801485735456588,0.0026309506307052163
0.9101123595505618,0.797752808988764,0.0018208585273801739,0.0011091614020761137,0.0013435185446840912,0.0025880797663373864
0.9101123595505618,0.8089887640449438,3.553305705387113e-05,0.0016893227730935888,-0.0010561337147813195,0.002496361791561108
0.9101123595505618,0.8202247191011236,-0.0005111219364825903,0.001668654724460387,-0.0009368545172232589,0.0024646864172129758
0.9101123595505618,0.8314606741573034,0.00040732190397194253,0.0025309878285425854,-0.00221881517557107,0.0022329270592669694
0.9101123595505618,0.8426966292134831,0.000892734062194704,0.004443538992935772,0.0032107392512217086,0.001678106419692224
0.9101123595505618,0.8539325842696629,0.0012711969638752945,0.0044125997321552025,0.004122370095074442,0.0017341330763202658
0.9101123595505618,0.8651685393258427,-0.0009145023193921006,0.002925970180704565,0.0011272603520274213,0.0015292804509889617
0.9101123595505618,0.8764044943820224,-0.0020513188987993495,0.002448261579063819,0.0020897864661779167,0.0014536521511811953
0.9101123595505618,0.8876404494382022,-0.001690265661189917,0.002032284367361014,0.0020791690392048456,0.0011993167766662705
0.9101123595505618,0.898876404494382,-0.001431103398258061,0.0008270664542938616,0.0007492530019084304,0.00019547239461612252
0.9101123595505618,0.9101123595505618,-0.0009491982404579502,-0.00012124868526881053,5.04752903924127e-06,-0.0006099455442216327
0.9101123595505618,0.9213483146067416,-0.0009214242177858817,-0.0003867461481814044,0.0001925247920132688,-0.00035536974167914667
0.9101123595505618,0.9325842696629213,-0.0007786280820391689,-0.00030237542072159734,0.00016960130186856754,0.000311360480310183
0.9101123595505618,0.9438202247191011,0.00015229350608991202,-7.453036839172872e-05,-0.00016163203941396608,0.00033772257249479163
0.9101123595505618,0.9550561797752809,0.0007398817255600709,0.0002607462114729961,-5.884574024851343e-05,-0.0006366195394822905
0.9101123595505618,0.9662921348314606,0.0007493988392114935,0.0005011061126400186,0.00033029931981119835,-0.0018658791174002282
0.9101123595505618,0.9775280898876404,0.0008789877216419282,0.000518083680477949,0.0005656281739888503,-0.002041232517060756
0.9101123595505618,0.9887640449438202,0.0008774483384551434,0.00039197019204709345,0.0003336973602535587,-0.0009711057350262424
0.9101123595505618,1.0,4.470587177179821e-18,2.047792829918851e-18,1.0316863807895908e-18,-1.8264781645961247e-18
0.9213483146067416,0.0,0.0,-0.0,-0.0,0.0
0.9213483146067416,0.011235955056179775,0.0004208015642876394,-0.00010296565739162905,0.00015995601631320236,0.00034160303841853534
0.9213483146067416,0.02247191011235955,0.0007226415690569921,-5.762909008570174e-05,0.0004916077073682199,0.0006905448840970964
0.9213483146067416,0.033707865168539325,0.0007896223686583997,6.815427572433967e-05,0.0007822917357284452,0.0006485310161773457
0.9213483146067416,0.0449438202247191,0.0005325898457513021,-0.00014901342948255025,0.0010989952709051349,0.00035562795621640495
0.9213483146067416,0.056179775280898875,0.00023859424946190302,-0.001053996428454959,0.001180525841206928,0.00025910375543447767
0.9213483146067416,0.06741573033707865,3.3817397106438375e-05,-0.0015288070922177001,0.0004950046693958015,0.00023641775131905398
0.9213483146067416,0.07865168539325842,0.00014257898521462373,-0.0007645321598022302,-0.0010080397450774167,7.959690586574333e-05
0.9213483146067416,0.0898876404494382,-3.869654876634953e-05,-0.00019436381969090434,-0.0019081917773943195,3.77085704424521e-05
0.9213483146067416,0.10112359550561797,-0.0009712987513486415,-0.0006668014460635453,-0.0008233235048538014,-0.0001785268370034255
0.9213483146067416,0.11235955056179775,-0.0026502468278149943,-0.0011941907503302284,0.0006654608327980819,-0.0010285478593349774
0.9213483146067416,0.12359550561797752,-0.0024317523265662846,-0.0011470933930646432,0.000878634733232693,-0.0010718488442400264
0.9213483146067416,0.1348314606741573,0.002496118629174718,-0.000872703863853747,0.0007422592080137879,0.0006739255292776304
0.9213483146067416,0.14606741573033707,0.0006397821266576121,-0.0007507215920905773,0.001465869440068291,-0.00012045907027358003
0.9213483146067416,0.15730337078651685,0.0003656261155294462,-0.0003690153501290297,0.0005921598737095002,-0.00026169807837559084
0.9213483146067416,0.16853932584269662,0.0018171514822645876,0.00013815407143128182,0.0009918004883841774,0.0014459827932049537
0.9213483146067416,0.1797752808988764,0.0016470081000832012,-0.0001380861742439042,0.0009141965872033799,0.0029810541823510396
0.9213483146067416,0.19101123595505617,0.001358869502869859,-0.0006223120386308637,0.0008400593262172047,0.0033809102955353744
0.9213483146067416,0.20224719101123595,0.004496831637128856,-0.0005599034849759754,-0.0026309413483174824,0.0032372891384168543
0.9213483146067416,0.21348314606741572,0.0018210974726374505,-0.000458383683804879,-0.0015136970367198865,0.0006063422364403911
0.9213483146067416,0.2247191011235955,0.00011989432086007228,-0.00044227946109853534,-0.0010602651281125992,-0.0003692877076548663
0.9213483146067416,0.23595505617977527,0.01319787043778136,-0.0004071586693796331,-0.009311566659828536,0.004475277494608017
0.9213483146067416,0.24719101123595505,0.008030705702298963,0.00020232192728911205,-0.005592653494362126,0.002224849718102104
0.9213483146067416,0.2584269662921348,0.00047845222303187897,0.0011545429704831094,0.0022048196081614134,-0.0013472779675521593
0.9213483146067416,0.2696629213483146,0.0016514293336693947,-3.1914688519657497e-06,0.0006842522370995042,-7.704358050831567e-05
0.9213483146067416,0.2808988764044944,-0.002409718928833412,-0.002993527037360719,0.0017101328273223413,-0.0008743341890431818
0.9213483146067416,0.29213483146067415,-0.0026022867586335064,-0.002632881374306123,0.0026927962222110732,-0.0027933040640994895
0.9213483146067416,0.3033707865168539,-0.0005727763466702419,-0.0013166770376971948,0.0021763624875991688,-0.0025796403927828286
0.9213483146067416,0.3146067415730337,-0.016446912607454782,-0.0028109941664061925,0.003506446127891643,-0.005143221627671508
0.9213483146067416,0.3258426966292135,-0.020738128257971698,-0.0013748499096354976,0.003931872800567661,-0.005854502968164654
0.9213483146067416,0.33707865168539325,-0.003989970985347028,0.0006590106760505827,0.0025620185251715214,-0.0014402133614758502
0.9213483146067416,0.348314606741573,-0.0020994549877095888,0.0010771888625008368,0.0026669893426876545,-0.0016321448194237867
0.9213483146067416,0.3595505617977528,-0.01490863877781817,0.0005981927869944001,0.0014244498036928243,-0.007587832964779363
0.9213483146067416,0.3707865168539326,-0.008426443979357351,-0.0013582231396259293,-0.0021803262181933035,-0.00664839020411778
0.9213483146067416,0.38202247191011235,-0.0011940728212999016,0.00028748711713723113,0.0007273412923665952,-0.002577634244819474
0.9213483146067416,0.3932584269662921,-0.00033937399381553623,7.318481649560368e-05,0.0009445450376273016,-0.0010800269972310909
0.9213483146067416,0.4044943820224719,-0.0028705409953927678,-0.009637032849491455,-0.0018653487760716366,0.006315880860129973
0.9213483146067416,0.4157303370786517,-0.002475753738430819,-0.0065349799287604355,-0.004475125666373786,0.011947702262020455
0.9213483146067416,0.42696629213483145,0.0001398209643649989,8.889717239138114e-05,-0.00047975505291847305,0.004297582667721891
0.9213483146067416,0.4382022471910112,-0.0013711144409596981,-0.0001750266795387481,-0.0007939671112234097,0.003401155439023302
0.9213483146067416,0.449438202247191,-0.005510097635632854,-0.002637385901131833,-0.008915456298335863,0.0059088128784416175
0.9213483146067416,0.4606741573033708,-0.0044209901947890795,-0.006222165938647868,-0.006622298443032045,0.0027524334079805854
0.9213483146067416,0.47191011235955055,0.0006117914993335674,-0.00027549624252480164,0.0001446089083813115,0.0023880868871865037
0.9213483146067416,0.4831460674157303,0.0006443077630456625,-0.00142673345077192,-0.0004871819167901572,0.0027409898603505036
0.9213483146067416,0.4943820224719101,-0.002491062448317533,-0.008806747695228883,-0.007684039309829156,0.0027151035927440326
0.9213483146067416,0.5056179775280899,-0.0011920264957354994,-0.005206825177482743,-0.009943065751284117,0.0033430112673100715
0.9213483146067416,0.5168539325842696,0.0022027061877372286,-0.00018547233523625092,-0.003557910080280639,0.0012991605845305565
0.9213483146067416,0.5280898876404494,0.0021825516909756027,0.00020860818315586782,-0.0019167529339747505,0.0008023794750907483
0.9213483146067416,0.5393258426966292,-0.0015935549920416323,0.002342084930120795,-0.004482245284882673,0.001782063951402712
0.9213483146067416,0.550561797752809,-0.004892074364333393,0.0019810654487124554,-0.0034242415084516048,0.0010077577753314479
0.9213483146067416,0.5617977528089888,-0.0022941566670075337,-0.0008942725353823255,-0.0024223589742066206,0.0008282133134335926
0.9213483146067416,0.5730337078651685,-0.001801647878645289,-0.0011290385925182007,-0.003004456862822407,0.0010784229757222622
0.9213483146067416,0.5842696629213483,-0.008101798829252962,0.0001085942836538835,-0.004772258523429034,0.0008728009965561335
0.9213483146067416,0.5955056179775281,-0.008607648390382073,0.0016635718089183316,-0.002339620136263781,-0.0006572522220204927
0.9213483146067416,0.6067415730337078,-0.00099131754171038,0.0008197005475563027,0.000803723148738586,-0.0007190259894137575
0.9213483146067416,0.6179775280898876,-0.00012452233447751734,0.0010537570754179638,0.0012057941565913248,0.0005474891638016351
0.9213483146067416,0.6292134831460674,-0.0035653539833088894,0.004281778898666836,0.0019428933413921207,0.002276843558006131
0.9213483146067416,0.6404494382022472,-0.0017069018482334397,0.003547762284218862,0.001699216864757243,0.00320289748483131
0.9213483146067416,0.651685393258427,0.0009491901120375958,-0.00011275099309583407,-1.4118918363440182e-06,0.0013536124309243473
0.9213483146067416,0.6629213483146067,-0.0008378358959346742,0.0008274914700140142,0.0003746744915891515,0.001649676136586664
0.9213483146067416,0.6741573033707865,-0.0047302915955373,0.00445893469450592,-0.00010453343026413675,0.002589126287000374
0.9213483146067416,0.6853932584269663,-0.0038908361430947404,0.004686746347005662,-0.0026640661503437094,0.001955945876470035
0.9213483146067416,0.696629213483146,0.00036039498099966387,0.0031514939028501002,-0.0027553674664926977,0.0017674780677907123
0.9213483146067416,0.7078651685393258,-0.003525508038134174,0.004280786227232636,-0.0023390515517940783,0.0008189990918480999
0.9213483146067416,0.7191011235955056,-0.010651775972311173,0.003998537151264198,0.001198341637658831,-0.002295853163471546
0.9213483146067416,0.7303370786516854,-0.005280678164909038,0.0010336097286761513,0.0037223211466902665,-0.002926887658722524
0.9213483146067416,0.7415730337078652,0.00026628367029137836,-0.0002817286281658601,0.0021858684193479406,-0.0019894390573755127
0.9213483146067416,0.7528089887640449,-0.0017937389634043004,-0.00016791476907464958,0.008020174534446143,-0.0017465977985708777
0.9213483146067416,0.7640449438202247,-0.0008505501853509348,-0.00045943747567388595,0.009628843090372026,0.00014289051277860133
0.9213483146067416,0.7752808988764045,0.0007884570158791644,-0.000672445214191959,1.4400490607734776e-05,0.001846682761471907
0.9213483146067416,0.7865168539325842,-0.0005877288711995292,-0.000490710998010467,0.0032352077687818463,0.0017878071208456488
0.9213483146067416,0.797752808988764,0.00015168740220589618,-0.0002931488015931264,0.002719595260591135,0.0019816124188441623
0.9213483146067416,0.8089887640449438,0.00037036222260964025,0.00019899991612757644,-0.0008503040469808682,0.001784262370464146
0.9213483146067416,0.8202247191011236,0.0004084264853247221,6.01792912672971e-05,-0.0014564844245432943,0.0012951944358608589
0.9213483146067416,0.8314606741573034,0.0017231187412003396,0.0006171332655377366,-0.00254609344792682,0.0011901132613046199
0.9213483146067416,0.8426966292134831,0.0023804934673600825,0.0027364290120386386,0.0021257199872111625,0.0009967790236207763
0.9213483146067416,0.8539325842696629,0.0023086592592086526,0.0033759126923462,0.0032719003025449152,0.0008263123752793248
0.9213483146067416,0.8651685393258427,-0.00016443041877994404,0.0021191683423174216,0.0005072691487133261,0.0001590774668607354
0.9213483146067416,0.8764044943820224,-0.0017227631016914489,0.00147985622618436,0.0013482816358671749,-0.0003028472557353673
0.9213483146067416,0.8876404494382022,-0.0010354739817802492,0.001232112138164408,0.0016980107476199044,-0.0003271676024988037
0.9213483146067416,0.898876404494382,-0.0004947584126642829,0.0006609794109668955,0.0007905703274811042,-0.0007464207532731526
0.9213483146067416,0.9101123595505618,-0.0003520405104384203,0.0002600762088586154,0.00014880450095180038,-0.0011391555059567025
0.9213483146067416,0.9213483146067416,-0.000807950633870709,-9.486091658545996e-06,0.0004607835561501544,-0.000912675113348417
0.9213483146067416,0.9325842696629213,-0.0010131133438375762,-0.00030632488937290666,0.0005332289370533193,-0.0005734766224612829
0.9213483146067416,0.9438202247191011,-0.0003775916293525698,-0.00045029371407519626,-3.911766328593503e-07,-0.0008590959709021211
0.9213483146067416,0.9550561797752809,0.00024064534771469598,-0.0002807399070782846,-0.0002522110163211824,-0.0017060412233207425
0.9213483146067416,0.9662921348314606,0.0005811182515023893,4.881077507891476e-05,-0.00017459127700483862,-0.0023065617001152214
0.9213483146067416,0.9775280898876404,0.0009402820088572701,0.00029565594335383865,1.8743138589951188e-05,-0.0019161722023506287
0.9213483146067416,0.9887640449438202,0.0009548573448730527,0.00030599914692717886,6.724468749841613e-05,-0.0007702052106539712
0.9213483146067416,1.0,5.0350281880369406e-18,1.6190240456251208e-18,5.39048203519775e-19,-9.865196698873364e-19
0.9325842696629213,0.0,0.0,-0.0,-0.0,0.0
0.9325842696629213,0.011235955056179775,0.0002652214700866789,-0.00037085761023899084,0.00023411274918410004,0.0003963652911841306
0.9325842696629213,0.02247191011235955,0.000757322897410897,-0.0008045106054388979,0.0006118623241740344,0.0008435790159641033
0.9325842696629213,0.033707865168539325,0.0011345974832122395,-0.000997275159467549,0.0007294504876919109,0.0009665048936986259
0.9325842696629213,0.0449438202247191,0.0011593610791704996,-0.0009561937079092775,0.0007100907318136038,0.0007965142891571483
0.9325842696629213,0.056179775280898875,0.0009093017317598006,-0.0013172818277773334,0.0008362896204993231,0.0005534553849177668
0.9325842696629213,0.06741573033707865,0.0006737061273169498,-0.0016459980271760447,0.0007041975485999639,0.00024228903144751606
0.9325842696629213,0.07865168539325842,0.000984071126528031,-0.0010626435660659155,-0.0005639763471685121,-7.808951380686173e-05
0.9325842696629213,0.0898876404494382,0.0011705658937278677,-0.00044911796963412827,-0.001778850317134036,-0.00016582069880166864
0.9325842696629213,0.10112359550561797,0.000526873444706888,-0.000720939126440669,-0.0011412991840900719,-0.0003234636979937009
0.9325842696629213,0.11235955056179775,-0.001046953752798288,-0.0011412981205171028,0.00016560422404451492,-0.0010616787544274098
0.9325842696629213,0.12359550561797752,-0.0008547809497211715,-0.001012525086144644,0.0002786309033782351,-0.0012238987984704267
0.9325842696629213,0.1348314606741573,0.0026033905168438677,-0.0006992929919014157,0.00012075451878155765,-0.00025972418165465087
0.9325842696629213,0.14606741573033707,0.00023160636515376378,-0.0008188348473173384,0.0011306243209178502,-0.0014907524798111209
0.9325842696629213,0.15730337078651685,-6.60495028004297e-05,-0.0011377379088689,0.0007679144978054062,-0.0017878584013619342
0.9325842696629213,0.16853932584269662,0.0011839413416987296,-0.0013185690899248181,0.001234761474530718,-0.0005603306303496901
0.9325842696629213,0.1797752808988764,0.0011559440222801399,-0.0018544662382847742,0.0008458212265815593,0.00028940940080820387
0.9325842696629213,0.19101123595505617,0.00106111006877828,-0.0022667467669864887,0.0009151898210259163,0.0002948478362801325
0.9325842696629213,0.20224719101123595,0.0032790624945279187,-0.0018810167942720968,-0.0010429943145224302,-6.63044094112446e-05
0.9325842696629213,0.21348314606741572,0.0015186556819142085,-0.0014755343127132259,0.0001290984046602451,-0.002476489973093095
0.9325842696629213,0.2247191011235955,-0.0003812181953116302,-0.0017809081170437103,0.00010328198802271927,-0.0038090719565491444
0.9325842696629213,0.23595505617977527,0.006025627179330235,-0.002066827810835457,-0.004823152111883042,-0.0009222165876636993
0.9325842696629213,0.24719101123595505,0.002067101947135967,-0.0012431741786232886,-0.002714721576693905,-0.0015650626842182045
0.9325842696629213,0.2584269662921348,-0.0014629558194174319,-0.00041831045803027855,0.00156046493807082,-0.003318226153124857
0.9325842696629213,0.2696629213483146,-0.002430286171539643,-0.0018911696028061783,0.0006151589652524754,-0.0031266696012698988
0.9325842696629213,0.2808988764044944,-0.005699569578925178,-0.0041388777556295026,0.0015353942110094894,-0.003301014763965247
0.9325842696629213,0.29213483146067415,-0.0029771830163735696,-0.0032338237195384317,0.002411880501012431,-0.0034133394474690332
0.9325842696629213,0.3033707865168539,-0.00020489333204295505,-0.0022927829058926974,0.0016057165617736722,-0.003031144632983928
0.9325842696629213,0.3146067415730337,-0.013074788165689232,-0.004646988481990271,0.0029620825555529925,-0.004961123451657948
0.9325842696629213,0.3258426966292135,-0.017030528207100482,-0.004039969903585879,0.003889236398329769,-0.004365105707748158
0.9325842696629213,0.33707865168539325,-0.0036350557551005904,-0.001485451612218487,0.0021146065608246417,-0.0003170134213989228
0.9325842696629213,0.348314606741573,-0.002478623482811095,-0.000993651948969735,0.0014385744888851925,-0.0002574916594796693
0.9325842696629213,0.3595505617977528,-0.013096050838284672,-0.002136478565775853,-0.0010649337743678397,-0.003563565608429941
0.9325842696629213,0.3707865168539326,-0.008682821448044175,-0.0039480833283225365,-0.004731831417450979,-0.0026124329628402026
0.9325842696629213,0.38202247191011235,-0.0035366881483535634,-0.00136055001535927,-0.00303534598657277,-0.0010261916823743875
0.9325842696629213,0.3932584269662921,-0.003312721517122208,-0.0017160361938653346,-0.0028017296116989625,-0.0006277811213379079
0.9325842696629213,0.4044943820224719,-0.005145407904816634,-0.009813518287934805,-0.004285036545860829,0.0018892811209494913
0.9325842696629213,0.4157303370786517,-0.004201016669860096,-0.006048690059803888,-0.005857215970780208,0.0022933803927742847
0.9325842696629213,0.42696629213483145,-0.0010648658431221102,-0.00010422955453877394,-0.002970348416347557,-0.0028210417787271195
0.9325842696629213,0.4382022471910112,-0.0015695046205422146,1.232174472877593e-07,-0.0033517286955138037,-0.0023631780106656494
0.9325842696629213,0.449438202247191,-0.005049928715390834,-0.0021578275351631345,-0.009705303399691367,-6.4523800736059024e-06
0.9325842696629213,0.4606741573033708,-0.00483971930026232,-0.006202740967427978,-0.0077049338935273656,-0.0028078722152235975
0.9325842696629213,0.47191011235955055,-0.0013497139400395245,-0.0026631373800685312,-0.0026355465342342635,-0.0039004300996095917
0.9325842696629213,0.4831460674157303,-0.0018420634045640042,-0.0033798255759143214,-0.003126575030302541,-0.00350619649697262
0.9325842696629213,0.4943820224719101,-0.004138157954251088,-0.008154245300589658,-0.00815727712185437,-0.0026115833962133783
0.9325842696629213,0.5056179775280899,-0.0022970641771557867,-0.0037816117507460624,-0.008907078598512672,-0.0014032487253223703
0.9325842696629213,0.5168539325842696,0.0006808669479527501,-0.0005394432434061914,-0.00322152908046529,-0.0017045354666415887
0.9325842696629213,0.5280898876404494,0.0005965901864994013,-0.0007814543146440573,-0.0024716043469232805,-0.0025522827125184235
0.9325842696629213,0.5393258426966292,-0.0020013334633278853,0.0017402926163430257,-0.005847071239185298,-0.003527536140687004
0.9325842696629213,0.550561797752809,-0.0034528589783406555,0.001285494076472569,-0.00551733873309723,-0.003950528710312761
0.9325842696629213,0.5617977528089888,-0.0005530478580118242,-0.002173427883229346,-0.0036155153698174927,-0.002575175839250875
0.9325842696629213,0.5730337078651685,-0.00032899281728219495,-0.002673844778542784,-0.0037131896592229644,-0.0023615667268674107
0.9325842696629213,0.5842696629213483,-0.005992775318049711,-0.001188649820726194,-0.007682638350015603,-0.0032873255754099556
0.9325842696629213,0.5955056179775281,-0.0076125471914763035,0.0004447042305517548,-0.005953691655479793,-0.0038155456215967828
0.9325842696629213,0.6067415730337078,-0.0024457040285229673,-0.0002389926446645128,-0.001705976801939489,-0.0036709054060036854
0.9325842696629213,0.6179775280898876,-0.002042803916395556,-7.43570098316861e-05,-0.0010718424056392142,-0.0032076210397577864
0.9325842696629213,0.6292134831460674,-0.0053792657188186516,0.0026376989903631734,-0.0009480688886974295,-0.0019978840154574167
0.9325842696629213,0.6404494382022472,-0.003716079176492384,0.0022381741313823567,-0.00032169899181517587,0.00019103083685919416
0.9325842696629213,0.651685393258427,-0.0005365495051019764,-0.0006450798904878193,5.221459463338474e-05,0.0005367560912437966
0.9325842696629213,0.6629213483146067,-0.0012460116313612434,-0.00027270456438339524,-8.638173122180396e-05,0.001298547102109096
0.9325842696629213,0.6741573033707865,-0.004408552251101157,0.0026535089546640997,-0.0017579057532512842,0.0021710533408907267
0.9325842696629213,0.6853932584269663,-0.004747389351913461,0.003142492831727072,-0.0025146897739053956,0.0014976977126242251
0.9325842696629213,0.696629213483146,-0.00199761198577015,0.0017508286956819078,-0.0009158811607294895,0.0013840179254483837
0.9325842696629213,0.7078651685393258,-0.003937874405531309,0.002454560779679516,-0.0019870490791317544,0.0006336375729455947
0.9325842696629213,0.7191011235955056,-0.008607115519607238,0.00231699245122322,0.00028323593662196126,-0.0030443208557101352
0.9325842696629213,0.7303370786516854,-0.006119546455753205,-0.0005214043211652483,0.0023711512748697833,-0.005369260843955181
0.9325842696629213,0.7415730337078652,-0.0034625235657335337,-0.0019097336517067559,0.0004903078612005053,-0.00528629596844347
0.9325842696629213,0.7528089887640449,-0.005348189349485805,-0.0016184288589489557,0.005787886574568352,-0.004675142258323004
0.9325842696629213,0.7640449438202247,-0.004029824524333408,-0.0014633555426087292,0.00850353462636956,-0.002376722712876394
0.9325842696629213,0.7752808988764045,-0.001535474318991352,-0.0013675382357375202,-0.00010289845406795071,-2.1391470695509075e-05
0.9325842696629213,0.7865168539325842,-0.0013844365040823414,-0.0011269842442136076,0.0029447979643614265,0.0008807171968645169
0.9325842696629213,0.797752808988764,2.4783555882555454e-05,-0.0009273739522720019,0.003312314923343366,0.001608522217635726
0.9325842696629213,0.8089887640449438,0.0005023751643824884,-0.0005144978137711386,-0.0006303936171049576,0.001494941798308358
0.9325842696629213,0.8202247191011236,0.0005485413176674508,-0.0007186151087081057,-0.0006089548455120175,0.0007454228783604276
0.9325842696629213,0.8314606741573034,0.0021003646277939765,-0.00024384548791520227,-0.0013886618974388674,0.00042151010110922407
0.9325842696629213,0.8426966292134831,0.00289931808627644,0.0020171512468520315,0.0020140823647425096,6.401553379100264e-05
0.9325842696629213,0.8539325842696629,0.002715936416159722,0.003128387878823483,0.002808723177878923,-0.0004878360357721432
0.9325842696629213,0.8651685393258427,0.0003175268956421929,0.002005451008541119,-8.297101897120562e-06,-0.0015023978130271932
0.9325842696629213,0.8764044943820224,-0.0015440795238594266,0.0008880048741201565,0.00040306426605786635,-0.002125833795299973
0.9325842696629213,0.8876404494382022,-0.0009826508078984123,0.00029322880593998926,0.0008020049681616326,-0.0018887142345030234
0.9325842696629213,0.898876404494382,1.6971619194949286e-06,-2.4026223679395664e-05,0.00020771078920813512,-0.0015777396492475722
0.9325842696629213,0.9101123595505618,0.00045221104782017593,-9.144976866955147e-05,-7.952499600194397e-06,-0.0013739309450001267
0.9325842696629213,0.9213483146067416,2.01411165666414e-05,-0.00026283555040028004,0.0007031159551339654,-0.0012706699121458962
0.9325842696629213,0.9325842696629213,-0.0004548630330593486,-0.0005487751181889994,0.0009151791378604654,-0.0014704117993895424
0.9325842696629213,0.9438202247191011,-0.0004849961783159525,-0.0006777073689003052,0.00030239005958548795,-0.002046187601878198
0.9325842696629213,0.9550561797752809,-0.0003298902371145478,-0.0005093022015968725,-0.00010937671655331316,-0.002591428037320122
0.9325842696629213,0.9662921348314606,5.438982406103448e-05,-0.00017099476907573533,-0.00024398756280331993,-0.0025009697166139986
0.9325842696629213,0.9775280898876404,0.0005926744404988924,0.00014325524780110262,-0.00019344223272487916,-0.0016507014547782258
0.9325842696629213,0.9887640449438202,0.0007468052148551802,0.0002093142831720689,-6.782078864533096e-05,-0.0005611474448197563
0.9325842696629213,1.0,4.238107451491246e-18,1.0060440705784226e-18,2.395609814437859e-19,-4.660284730054666e-19
0.9438202247191011,0.0,-0.0,-0.0,-0.0,0.0
0.9438202247191011,0.011235955056179775,-0.0001237445949588327,-0.0005047911161496976,0.0002323692917127114,0.0003493759174628482
0.9438202247191011,0.02247191011235955,0.00020908687571800114,-0.0011779632015176571,0.0005748437708038364,0.0007485336191826773
0.9438202247191011,0.033707865168539325,0.0006329021130340246,-0.0015469668708510045,0.000583159888010978,0.0009336036749376397
0.9438202247191011,0.0449438202247191,0.0007603933838340294,-0.0014626466488530615,0.00041163615375868704,0.0008404284690564099
0.9438202247191011,0.056179775280898875,0.00048242650983394247,-0.0015843057830982029,0.000608378862434142,0.0006316085586189917
0.9438202247191011,0.06741573033707865,0.00022646916034067054,-0.0017668428779534873,0.0009876232297444663,0.00046730601863208607
0.9438202247191011,0.07865168539325842,0.0006349592303091569,-0.0012254530511282512,0.00023719253928599848,0.00029542393234717186
0.9438202247191011,0.0898876404494382,0.001123809980446163,-0.0005290780589765082,-0.0010223251085310812,0.0001816927911109349
0.9438202247191011,0.10112359550561797,0.0008927812962052529,-0.0006100299286846599,-0.0008824554596103191,-7.541994501470919e-05
0.9438202247191011,0.11235955056179775,-0.0006687203720167283,-0.0009053629198133415,9.481801067175422e-05,-0.0008646528116140806
0.9438202247191011,0.12359550561797752,-0.0012199198282674818,-0.0005742394733615941,0.0003361389490689653,-0.0011293032223986834
0.9438202247191011,0.1348314606741573,0.0012061460540239662,9.118364682344887e-05,0.0004884596845913661,-0.000263912147524563
0.9438202247191011,0.14606741573033707,3.613184778605388e-05,0.0002252087975337224,0.001622144173789369,-0.0007726052257044654
0.9438202247191011,0.15730337078651685,0.0001242303896529396,-0.0002164874818542204,0.0017098931313796074,-0.0006229642034634163
0.9438202247191011,0.16853932584269662,0.0008436847456083451,-0.0005940740288751132,0.0021126375413149426,0.00039430881881839114
0.9438202247191011,0.1797752808988764,0.0006507536019353371,-0.0009789374546402886,0.0008916861195272449,0.0009615309100435482
0.9438202247191011,0.19101123595505617,0.0006395114785582641,-0.0012494753312820629,0.0007897747055962439,0.0010091517542833045
0.9438202247191011,0.20224719101123595,0.002127305918200433,-0.0010903253395246465,-0.00047049751993204697,0.000953972848755173
0.9438202247191011,0.21348314606741572,0.0007526691822178728,-0.0009586172974024635,-0.0005727088761612265,-0.0005813439534412825
0.9438202247191011,0.2247191011235955,-0.001345635570031639,-0.0011161907640082026,2.237007519461591e-05,-0.0017745649636902374
0.9438202247191011,0.23595505617977527,0.0009910018743398172,-0.0009323947503958306,-0.0024097546657006193,-0.0007488949405892325
0.9438202247191011,0.24719101123595505,-0.0010140825016838517,-0.00025017879090172165,-0.0014992108630537044,-0.0010464504747999001
0.9438202247191011,0.2584269662921348,-0.0008345510204347213,-9.684085135326947e-05,0.001414390739112179,-0.0013523030883252083
0.9438202247191011,0.2696629213483146,-0.003273512544212326,-0.0014176221567166497,0.001388644286753343,-0.0020642576511946
0.9438202247191011,0.2808988764044944,-0.007324869293186377,-0.002474585985423691,0.0017795141824021145,-0.0029118205196015847
0.9438202247191011,0.29213483146067415,-0.0032320493824242484,-0.0013287147502354883,0.0025268385477111234,-0.001908823847643307
0.9438202247191011,0.3033707865168539,0.00010657804379008791,-0.0008102305118147633,0.0020633432069974505,-0.00150528433525407
0.9438202247191011,0.3146067415730337,-0.010692302673749599,-0.0032044329307355825,0.004295277015014931,-0.0037908490148054357
0.9438202247191011,0.3258426966292135,-0.013566410715586398,-0.003195115384019335,0.0056110036696690535,-0.00344012959963527
0.9438202247191011,0.33707865168539325,-0.002517336336513326,-0.0009977076273137231,0.0031363250538933847,-0.0007171665227780407
0.9438202247191011,0.348314606741573,-0.001539249099207745,-0.0009058090072583366,0.002630019267615994,-0.00014750866818648092
0.9438202247191011,0.3595505617977528,-0.009290362241756542,-0.002481912265753625,0.0019824372843135064,-0.0010150892580524473
0.9438202247191011,0.3707865168539326,-0.005440822747620431,-0.003621990804999559,-0.0004807087183606495,-0.00011027344753037008
0.9438202247191011,0.38202247191011235,-0.001208022584136387,-0.0007559176750064297,-0.0002494972184815293,-0.00011182853860371642
0.9438202247191011,0.3932584269662921,-0.0015418827516613845,-0.0016512454346961243,-0.0005020068735640876,-0.0002225963538562877
0.9438202247191011,0.4044943820224719,-0.0038126141126317366,-0.008123019509568457,-0.001547948443964357,0.0006725451512715851
0.9438202247191011,0.4157303370786517,-0.003542255625723849,-0.004745410985228151,-0.0026038804552602907,0.000585025197572287
0.9438202247191011,0.42696629213483145,-0.0006463289708431395,7.502357527560258e-05,-0.0007977166225475291,-0.0008937969511414028
0.9438202247191011,0.4382022471910112,-0.0005849424600717316,0.0006725243274369639,-0.0018199772531077418,0.0005029919134277183
0.9438202247191011,0.449438202247191,-0.003546262865985974,-0.0010627120727028513,-0.007020499213241944,0.0019737037854382204
0.9438202247191011,0.4606741573033708,-0.0033082792575686256,-0.004625989619509754,-0.005304882596656566,-0.00015207457107920173
0.9438202247191011,0.47191011235955055,7.081997921516966e-05,-0.0017656244511571938,-0.0008707997554299675,-0.0008096813899206058
0.9438202247191011,0.4831460674157303,-0.00010536060732437279,-0.0014739865740232676,-0.0004040811945730306,-0.0006367527679481059
0.9438202247191011,0.4943820224719101,-0.0018986847787221637,-0.004463111055318759,-0.004092083060487958,-0.0012198843962309134
0.9438202247191011,0.5056179775280899,-0.0004781045929145489,-0.0010663077242995386,-0.005385635088666329,-0.0017804624538121175
0.9438202247191011,0.5168539325842696,0.0017163803810423756,0.00011592718608879753,-0.0015393714210151588,-0.0010651438592587954
0.9438202247191011,0.5280898876404494,0.0014839350718900853,0.00018452966386209231,-0.001609449559605608,-0.0009183448949705421
0.9438202247191011,0.5393258426966292,-0.0008367632296380238,0.0035104502252016013,-0.005789134142578858,-0.0021144711399940144
0.9438202247191011,0.550561797752809,-0.0023630127879529774,0.0033005234861031873,-0.006080236580803333,-0.0023313091017289392
0.9438202247191011,0.5617977528089888,-0.0006205707677658679,-0.0003928313929619682,-0.003139399926138528,-0.000532091913690509
0.9438202247191011,0.5730337078651685,-0.0009626729493968907,-0.0012843951563276045,-0.002797201029090426,-0.0005814418521368393
0.9438202247191011,0.5842696629213483,-0.00591687827777329,0.00040711503978325584,-0.007478790890513513,-0.002005927561289453
0.9438202247191011,0.5955056179775281,-0.007029935161750061,0.0018251041061308536,-0.005055697390077715,-0.001242068290561557
0.9438202247191011,0.6067415730337078,-0.0017679150920586841,0.0008741630585194059,-0.0002940370292447854,-0.0007775629996478848
0.9438202247191011,0.6179775280898876,-0.0008988133742217738,0.0007801977023947192,-8.640299154095026e-05,-0.001663848766376241
0.9438202247191011,0.6292134831460674,-0.004544239240498545,0.0029377963454769672,-0.0013869499970636222,-0.0018545356621434655
0.9438202247191011,0.6404494382022472,-0.003672531417058908,0.0027518631033090256,-0.001508468730086898,-1.7818570308502993e-05
0.9438202247191011,0.651685393258427,-0.00025015499955429956,0.0001524749801511008,-0.0004143728606009947,0.0011528783272575231
0.9438202247191011,0.6629213483146067,-7.947916452079375e-05,-0.00023299619046972099,-0.0010409082520175179,0.0014768307831985138
0.9438202247191011,0.6741573033707865,-0.0028461372419842485,0.0022070045709054642,-0.003990758748096716,0.0014170105473866774
0.9438202247191011,0.6853932584269663,-0.003625338021927656,0.0035026404756806195,-0.004322760660857757,0.001108400047103599
0.9438202247191011,0.696629213483146,-0.0013052012667645575,0.0025569675551599122,-0.001593233971692105,0.0019022303814034717
0.9438202247191011,0.7078651685393258,-0.0020733477701538896,0.0018823815885124053,-0.0029589292730155263,0.0015012494506109445
0.9438202247191011,0.7191011235955056,-0.004927732224956362,0.0009707069647839848,7.404346340122563e-05,-0.0017543066318763555
0.9438202247191011,0.7303370786516854,-0.0033419809071613344,-0.0009556643942614969,0.002632717530391266,-0.0037814432512819386
0.9438202247191011,0.7415730337078652,-0.0016955941328834693,-0.0013275245014778203,0.0008248783540363766,-0.00347966104475079
0.9438202247191011,0.7528089887640449,-0.004003354710626731,-0.0008238219831781039,0.0044338170225026435,-0.0030465386260159206
0.9438202247191011,0.7640449438202247,-0.0033548261037538852,-0.0007496123155980678,0.006212174688540684,-0.001654725537225532
0.9438202247191011,0.7752808988764045,-0.0008107724643128853,-0.000689359849358193,-0.00017939122870343376,-0.00023660415552257118
0.9438202247191011,0.7865168539325842,-0.0007662157743787829,-0.0004828399241726127,0.00267327377128598,2.4743757733102426e-05
0.9438202247191011,0.797752808988764,3.170889820228974e-05,-0.00045893969195282745,0.0034922501079205914,0.0006155866967787203
0.9438202247191011,0.8089887640449438,-5.8194728603077244e-05,-0.000342810508199017,-0.0006033657896220687,0.0008534742622582373
0.9438202247191011,0.8202247191011236,-0.0004320613412625528,-0.0005949578549115995,3.668100148717512e-05,0.0005143301870389659
0.9438202247191011,0.8314606741573034,0.001173158383708589,-4.846656268823469e-05,0.00045572595481664467,0.0004855336100237322
0.9438202247191011,0.8426966292134831,0.002184156473997315,0.002087993356132251,0.0026991693924205153,0.0003101535737749055
0.9438202247191011,0.8539325842696629,0.002312196574884723,0.00312981670816466,0.0028086710821899645,-4.7136649683310314e-05
0.9438202247191011,0.8651685393258427,0.00047845686241980374,0.0018647060647154084,5.784044964598124e-05,-0.0007000179927895142
0.9438202247191011,0.8764044943820224,-0.001199487688692104,0.0005165644690364518,9.934739825161243e-05,-0.0010219414073027926
0.9438202247191011,0.8876404494382022,-0.0008543327575768476,-1.1092042263812995e-06,0.00023480684675003348,-0.0007685549952701579
0.9438202247191011,0.898876404494382,0.00024611547021693265,-1.5985033625187423e-05,-0.0004649495767150163,-0.0005302409695877012
0.9438202247191011,0.9101123595505618,0.0009928548061759667,-1.829611794138434e-05,-0.0005870182905429937,-0.0005281079846373211
0.9438202247191011,0.9213483146067416,0.0007578305639334073,-0.0002715981579944855,0.0002271023611012093,-0.0008299419435024827
0.9438202247191011,0.9325842696629213,0.0001815053710425996,-0.0005372564254072595,0.0005358907661603156,-0.0013187050703715219
0.9438202247191011,0.9438202247191011,-0.00038221502440686286,-0.0006116475473830903,0.00010144451913660148,-0.0019096013284632023
0.9438202247191011,0.9550561797752809,-0.0007324127547607693,-0.00047825593295893273,-0.00015354386314245529,-0.002290980371949921
0.9438202247191011,0.9662921348314606,-0.0005141664592394792,-0.00020874615574467296,-0.00023461042726856662,-0.002020511646056073
0.9438202247191011,0.9775280898876404,8.06140049824972e-05,6.336191342800156e-05,-0.00026811688939429784,-0.0011752845295300836
0.9438202247191011,0.9887640449438202,0.00043047936637562054,0.00013414962521305344,-0.00014971880779674745,-0.0003207870238167047
0.9438202247191011,1.0,3.0263018680935107e-18,5.561913166736958e-19,-8.027008690303676e-20,6.288831568893583e-20
0.9550561797752809,0.0,-0.0,-0.0,-0.0,0.0
0.9550561797752809,0.011235955056179775,-0.0004965210317473339,-0.0005577176048213709,0.00016594168005991538,0.00014644294493254065
0.9550561797752809,0.02247191011235955,-0.0005226910409599072,-0.0012231294805245625,0.00044188112178880266,0.00037289544812572613
0.9550561797752809,0.033707865168539325,-0.00020467242157277737,-0.001475305233280791,0.00043430490584198345,0.0005689568789161253
0.9550561797752809,0.0449438202247191,2.837819659529764e-05,-0.0011847286539874193,0.000304857522988832,0.0005745069701197423
0.9550561797752809,0.056179775280898875,-0.00018628249621084516,-0.0009857160692916353,0.0005768467141707936,0.0003829343882049424
0.9550561797752809,0.06741573033707865,-0.0004212416658811566,-0.0008232812440417245,0.0011495883368236686,0.00016776188016456227
0.9550561797752809,0.07865168539325842,-4.6680307364789396e-05,-0.00011954174116066606,0.0007813210333540631,-0.00015411195505469656
0.9550561797752809,0.0898876404494382,0.00050957636039017,0.000602380478859974,-0.0002761864781938289,-0.0005576894762516006
0.9550561797752809,0.10112359550561797,0.0005494880365862358,0.0004516739736401216,-0.00031789357973534564,-0.0011235569148672425
0.9550561797752809,0.11235955056179775,-0.0007664510970853968,-0.00012566540410192397,0.00044759072054785775,-0.0019845418474965493
0.9550561797752809,0.12359550561797752,-0.0016440389350749255,-0.00019156523602923255,0.0007176564627925093,-0.002020227870825369
0.9550561797752809,0.1348314606741573,0.0003072830220986599,0.00024085045362654594,0.0008207807970436169,-0.0005680893377182255
0.9550561797752809,0.14606741573033707,0.0002469337229309223,0.00043672043739709877,0.001555755640315681,8.73299101110549e-05
0.9550561797752809,0.15730337078651685,0.00047240379570620984,0.00022723124901975503,0.0018337901178776899,0.00059527299165925
0.9550561797752809,0.16853932584269662,0.0005818607954884196,-9.942289946189775e-06,0.0023831169583044603,0.0010910430815743884
0.9550561797752809,0.1797752808988764,0.0002770125291281309,-0.00016934537354040705,0.000803883601232498,0.0013251056870146698
0.9550561797752809,0.19101123595505617,0.0005143879824653196,-0.0002403748897397287,0.00068435531391065,0.001651172691124631
0.9550561797752809,0.20224719101123595,0.0014150774524138029,-0.00041429099921553805,-7.755191349259608e-05,0.002074067829596124
0.9550561797752809,0.21348314606741572,6.156075736460992e-05,-0.0008759213894978493,-0.0012622723555437273,0.0012565021627571754
0.9550561797752809,0.2247191011235955,-0.0015742685117036978,-0.0009361943493764938,-5.759230637285907e-05,0.0002160716550072239
0.9550561797752809,0.23595505617977527,-0.0007074631848454182,-0.00035092171424671957,-0.0008625196931976897,0.000176751109973418
0.9550561797752809,0.24719101123595505,-0.0021121429826963392,-4.118099635899818e-05,-0.00047798555457542166,-0.0003678106355659624
0.9550561797752809,0.2584269662921348,-0.00027866628142592846,-0.00036839113303567403,0.0013085273406556108,-0.00017931846362289532
0.9550561797752809,0.2696629213483146,-0.002980395398980012,-0.0011802923181165157,0.001646074473733929,-0.00124090654750781
0.9550561797752809,0.2808988764044944,-0.007286871867279924,-0.0012180453098566619,0.0018789111899629193,-0.0024555940088165323
0.9550561797752809,0.29213483146067415,-0.002902779066063075,-9.42881783490036e-05,0.0026079540629071864,-0.0007941864439337078
0.9550561797752809,0.3033707865168539,0.00020498211509790485,-7.346742122123035e-05,0.0027125321441824014,-0.00019471200255164592
0.9550561797752809,0.3146067415730337,-0.008929590603864486,-0.0023122198242446533,0.005795275994530581,-0.0025797975616123903
0.9550561797752809,0.3258426966292135,-0.010820305075258836,-0.0025039962571129066,0.006693359300954557,-0.002620083831829269
0.9550561797752809,0.33707865168539325,-0.0014726039183130372,-0.0007094178084473974,0.003397119727255224,-0.0010537571199609017
0.9550561797752809,0.348314606741573,-0.0005497331806377225,-0.0008795627819449888,0.0032703926727999117,-0.0007639012999212264
0.9550561797752809,0.3595505617977528,-0.006064737806671451,-0.002546322841091975,0.004348744239054481,-0.0009202469779270948
0.9550561797752809,0.3707865168539326,-0.0027485099375648735,-0.0031726789246850065,0.0025943625683488496,-4.4821752476673314e-05
0.9550561797752809,0.38202247191011235,0.0006373184163362335,-0.0003028594898605346,0.0018652155453501187,-4.3228662246298e-05
0.9550561797752809,0.3932584269662921,0.0002167717478035826,-0.000995778822367718,0.0013473833059214312,2.142107404434605e-05
0.9550561797752809,0.4044943820224719,-0.0018420902875219381,-0.005873448306774656,0.00032665320131322747,0.0008920503173549928
0.9550561797752809,0.4157303370786517,-0.00201742798636788,-0.003182871170704744,-0.0006136827171855282,0.0017647327261982508
0.9550561797752809,0.42696629213483145,-3.6545892687037954e-05,0.00017257751369725822,0.0006646049653432986,0.0015118427346871837
0.9550561797752809,0.4382022471910112,-0.00034294402691881996,0.000334960460659618,1.6264820326620084e-05,0.0018020701256788155
0.9550561797752809,0.449438202247191,-0.0030819781477478122,-0.0010215442379120073,-0.003738809089344623,0.0017863359341583963
0.9550561797752809,0.4606741573033708,-0.0026089384010223008,-0.0037048700994622764,-0.0026947100062062745,0.00041087374882948927
0.9550561797752809,0.47191011235955055,0.0009963192478012104,-0.0013179558911534872,0.0006160179628488943,0.0007251362204051138
0.9550561797752809,0.4831460674157303,0.0013194840530129039,-0.0008339706441882111,0.0013611159991361592,0.0008498802191822194
0.9550561797752809,0.4943820224719101,-0.0002259068721146182,-0.002884796848487566,-0.0014558304642537402,-0.001112797875775745
0.9550561797752809,0.5056179775280899,0.00043679030360287905,4.666830697950494e-05,-0.0031724305674465905,-0.0024407754879141193
0.9550561797752809,0.5168539325842696,0.0020647909812308335,0.0005456342118290682,-0.000722181362474357,-0.0005404903358408559
0.9550561797752809,0.5280898876404494,0.0022438082265594556,0.0008599339179814461,-0.0008182336999700243,0.0006775836738840725
0.9550561797752809,0.5393258426966292,0.00035263318909728214,0.00396116062774866,-0.004783279314559783,-0.00034152421484553194
0.9550561797752809,0.550561797752809,-0.0018353699307181801,0.0037366624463100197,-0.005382794859949266,-0.0005363498313998153
0.9550561797752809,0.5617977528089888,-0.0012840213524075354,0.0004891014958148262,-0.0023521218024017154,0.0014716758274150338
0.9550561797752809,0.5730337078651685,-0.0015763670267861549,-0.0003068978159894909,-0.002114192555660102,0.001524919009721754
0.9550561797752809,0.5842696629213483,-0.005619100300545473,0.0014213050761214287,-0.005835617763712594,-0.0007701418529814188
0.9550561797752809,0.5955056179775281,-0.006203486758375504,0.0026775171292583917,-0.0026631529231801957,-0.000687474718113183
0.9550561797752809,0.6067415730337078,-0.0011193646592105534,0.0016645543052197624,0.0014423832747066936,9.38090469155174e-05
0.9550561797752809,0.6179775280898876,-0.00032136187976593083,0.0014038236215098143,0.0011352057094469535,-0.0004965290918446087
0.9550561797752809,0.6292134831460674,-0.003995895253164152,0.003085157540628447,-0.0010658529827066712,-0.000815681421615563
0.9550561797752809,0.6404494382022472,-0.0034075501234404944,0.002995712106595627,-0.0020271578699191696,0.0005188605666633376
0.9550561797752809,0.651685393258427,3.725657563723492e-05,0.0005098522641156919,-0.0007877266083647691,0.0015999890994279537
0.9550561797752809,0.6629213483146067,0.00046739165688111656,-0.0005886877470426576,-0.0012338623307325326,0.0013379448956420713
0.9550561797752809,0.6741573033707865,-0.0021375251503895284,0.0012528734282291612,-0.003828981926947904,0.00042539356217789965
0.9550561797752809,0.6853932584269663,-0.0027253865799417914,0.003073813261969605,-0.004598993274096554,0.0004916126188159266
0.9550561797752809,0.696629213483146,-0.0007863391240889175,0.0028094231490227778,-0.002109251671529073,0.002008263828439778
0.9550561797752809,0.7078651685393258,-0.0014600012615209746,0.001614851230023761,-0.0033628976617185256,0.0019043469138671858
0.9550561797752809,0.7191011235955056,-0.0032907129102607846,0.00021997817779555314,-6.26307363132872e-05,-0.00063268678853911
0.9550561797752809,0.7303370786516854,-0.0018459502410809697,-0.00111714893874386,0.002363657181805963,-0.002154406172153948
0.9550561797752809,0.7415730337078652,-0.00018087543895687906,-0.0007484272038877458,0.00126825692985517,-0.0017550390549231213
0.9550561797752809,0.7528089887640449,-0.0021846507134616615,7.80610739652512e-06,0.0029977800407548433,-0.0015567824522306312
0.9550561797752809,0.7640449438202247,-0.0021524634245186623,3.811372973260593e-05,0.0030913512322670645,-0.0009386818426215702
0.9550561797752809,0.7752808988764045,4.877220707513739e-05,-3.472261009333101e-05,-0.0006622800919219027,-0.00028555267439683726
0.9550561797752809,0.7865168539325842,-0.0004254478702334654,2.5108288906590384e-05,0.002088443707723647,-0.0007296894140515217
0.9550561797752809,0.797752808988764,-2.1337314011306655e-05,-0.0002192936407755715,0.0028938661541652185,-0.0004374170313628583
0.9550561797752809,0.8089887640449438,-0.0003576174137529272,-0.0003209963134597937,-0.0007463925041514619,1.539350059775151e-06
0.9550561797752809,0.8202247191011236,-0.0009362041485239042,-0.0004103193498747509,-0.0006276048951195892,2.9257439046146635e-05
0.9550561797752809,0.8314606741573034,0.0006164776032262416,0.00018993121201133677,0.001015388631271421,0.0002834267147573165
0.9550561797752809,0.8426966292134831,0.0015925622752697311,0.0017743529653027168,0.0031496731972691762,0.00031224834762193134
0.9550561797752809,0.8539325842696629,0.0019126185386551641,0.002213389266723377,0.003181239820422596,0.0003415059983569774
0.9550561797752809,0.8651685393258427,0.0006414272147700854,0.0008754968723863489,0.0008651720952219755,0.00029344651184754807
0.9550561797752809,0.8764044943820224,-0.0008635084382572224,1.1134274233458015e-05,0.0007011319879952852,0.00035924318954811606
0.9550561797752809,0.8876404494382022,-0.0009472917776728591,0.0001466824803504263,0.0004664991756571341,0.0005365808924044161
0.9550561797752809,0.898876404494382,-9.652294750392491e-05,0.0005098921700980517,-0.0005161572256416818,0.00045802987839248824
0.9550561797752809,0.9101123595505618,0.0007194965810984419,0.0005321980009972496,-0.000958638791030282,4.2146421742631845e-05
0.9550561797752809,0.9213483146067416,0.00062468208291633,0.00018444170418121443,-0.000560439709952458,-0.0006386261618405458
0.9550561797752809,0.9325842696629213,5.657396106955384e-05,-0.0001369146006239072,-0.0003708364678244177,-0.0012593149869740369
0.9550561797752809,0.9438202247191011,-0.0006741302121591223,-0.0002782428198888815,-0.0005758012338097471,-0.0017998610741862028
0.9550561797752809,0.9550561797752809,-0.001151342397647483,-0.00029565572892535814,-0.0005839477835999529,-0.0020948974462512986
0.9550561797752809,0.9662921348314606,-0.0010112179948493821,-0.0002049309134426137,-0.00047437782425624404,-0.0018217079666965504
0.9550561797752809,0.9775280898876404,-0.0004180341568773153,-6.472630821412499e-05,-0.00042716255478402,-0.00106235431768243
0.9550561797752809,0.9887640449438202,9.776905878250202e-05,9.982012803609576e-06,-0.0002448055359110952,-0.00030203049928916194
0.9550561797752809,1.0,1.6338358054578623e-18,2.980572473878961e-20,-4.625465415629583e-19,-8.189474212081734e-20
0.9662921348314606,0.0,-0.0,-0.0,-0.0,0.0
0.9662921348314606,0.011235955056179775,-0.000574876156775673,-0.0005280976040248499,4.7419422457413955e-05,-6.363550029919087e-05
0.9662921348314606,0.02247191011235955,-0.0007847855068876767,-0.0010594378561881443,0.0002096992352069203,-2.653521832043376e-05
0.9662921348314606,0.033707865168539325,-0.0005172371588436644,-0.0011877538267493649,0.0002086687574209661,0.00010476420244022633
0.9662921348314606,0.0449438202247191,-0.0002092467136992293,-0.0008327394960110946,0.00018138171312411102,0.00015680804889190456
0.9662921348314606,0.056179775280898875,-0.00039916664466254904,-0.0004825128065496372,0.0004709363794554798,-4.319359566283939e-05
0.9662921348314606,0.06741573033707865,-0.0007097094165546059,-0.00011256693791038745,0.0009762109176432646,-0.00042833960434057717
0.9662921348314606,0.07865168539325842,-0.0005936355882832419,0.0006336278983845973,0.0008084811981671165,-0.0010132735564283857
0.9662921348314606,0.0898876404494382,-0.00033298711891940956,0.0012620888536191525,0.00012735286600001414,-0.0017158653848101967
0.9662921348314606,0.10112359550561797,-0.00032881742084343835,0.0010017446185025562,0.0002511912236527832,-0.002512499217191534
0.9662921348314606,0.11235955056179775,-0.0010513015372577619,0.00010611224772381938,0.000963280890609092,-0.003266515248434373
0.9662921348314606,0.12359550561797752,-0.0013093729520689324,-0.0005633603473044633,0.001113948163816989,-0.002957377314790451
0.9662921348314606,0.1348314606741573,0.0004272076040811349,-0.0006634142201139043,0.0008856684375057776,-0.0012062384438001398
0.9662921348314606,0.14606741573033707,0.0005462215242461998,-0.0005282621957928014,0.0009800298270091707,-6.640073573843308e-05
0.9662921348314606,0.15730337078651685,0.0005115454217633061,-0.0003818830007479153,0.0011870214310267643,0.0004531922183562897
0.9662921348314606,0.16853932584269662,0.00037082037495912295,-0.00040857458526285314,0.0019481965946839457,0.0005327996138433054
0.9662921348314606,0.1797752808988764,0.0003799934174933529,-0.0006067098976469654,0.0006315156323077665,0.0005556439914959463
0.9662921348314606,0.19101123595505617,0.0008082808444156611,-0.0006756389780046595,0.0007589081347389558,0.000951214773294616
0.9662921348314606,0.20224719101123595,0.0009975472392030232,-0.0009436875427739494,0.0009214813327269885,0.00141151668971096
0.9662921348314606,0.21348314606741572,-0.0003247844045015229,-0.001462656076479423,-0.0005098264800764553,0.0009441094347226175
0.9662921348314606,0.2247191011235955,-0.0007011766253185536,-0.0012620985496452854,0.00025122703776313943,0.0003563346489783617
0.9662921348314606,0.23595505617977527,0.00035863479560957354,-0.0005288938183448997,1.3059742844397715e-05,0.0002783377926919504
0.9662921348314606,0.24719101123595505,-0.0017703562200026646,-0.00039765071052431174,0.00035992884331957723,-0.0005440356917285253
0.9662921348314606,0.2584269662921348,-0.0005606778386260185,-0.0007255718257706509,0.0010248683020199923,-0.0006550596961486317
0.9662921348314606,0.2696629213483146,-0.002536477381216668,-0.0010430191746132963,0.0007173123805396739,-0.0018091869714471557
0.9662921348314606,0.2808988764044944,-0.0061285534674273764,-0.0006799969217854508,0.0010982730866024837,-0.0030167295440443605
0.9662921348314606,0.29213483146067415,-0.0023380401112907483,0.00014545189967212217,0.0019603495995643675,-0.0012757170685855027
0.9662921348314606,0.3033707865168539,4.708764283636751e-05,-0.0001741118096497287,0.002292252301595977,-0.0005527150110897407
0.9662921348314606,0.3146067415730337,-0.007248976788415151,-0.002095389854569139,0.004855668882214908,-0.0024781894679833157
0.9662921348314606,0.3258426966292135,-0.008627647922884589,-0.0020972706697576686,0.004955578489595427,-0.002115875115397592
0.9662921348314606,0.33707865168539325,-0.0011410029804933782,-0.0004270322861459808,0.0020568612185955693,-0.0007209765772808139
0.9662921348314606,0.348314606741573,-0.0004323850843469089,-0.0007370032001999244,0.0018786637291317715,-0.0008701845135859588
0.9662921348314606,0.3595505617977528,-0.0045612719481462295,-0.002629177441363345,0.0027932845897069955,-0.0015518088632197283
0.9662921348314606,0.3707865168539326,-0.002418765925618132,-0.003206837249431392,0.0012133413483649037,-0.0012881945843398772
0.9662921348314606,0.38202247191011235,-0.0002305138303731838,-0.0004747743345877106,0.0006841863651371426,-0.0011189709468110596
0.9662921348314606,0.3932584269662921,-0.0005040478764568569,-0.0008316659050514499,0.00036697022997999777,-0.0010340046962110075
0.9662921348314606,0.4044943820224719,-0.0015612113735349127,-0.0046742739219543345,-0.0006839250322581693,-0.00020448667716038815
0.9662921348314606,0.4157303370786517,-0.0014586965671396345,-0.002325675581308928,-0.0015585343089508218,0.0010209761010411354
0.9662921348314606,0.42696629213483145,-0.0002007861840579565,0.0004926638517475173,-0.0005619871820435638,0.0008712639065827599
0.9662921348314606,0.4382022471910112,-0.0007497023473818408,0.00039363032476559377,-0.000731457004804801,0.0005929167138227138
0.9662921348314606,0.449438202247191,-0.0031560668359516975,-0.0006052055868841123,-0.0027755087994369696,0.00022266984649149443
0.9662921348314606,0.4606741573033708,-0.0029621305071407113,-0.0025107803984335975,-0.001952420600420518,-0.0004582814847560952
0.9662921348314606,0.47191011235955055,8.925328999850163e-05,-0.0009416006663873963,0.00011003607683112851,0.00019821454860007866
0.9662921348314606,0.4831460674157303,0.00045456724088470505,-0.0011051018956357841,0.00042341256615423175,-1.605833298324535e-05
0.9662921348314606,0.4943820224719101,-0.0009023438651142681,-0.002977360067740097,-0.001732530134882451,-0.002218077276885766
0.9662921348314606,0.5056179775280899,-0.000546786370205411,-4.3686940618987866e-05,-0.0028676411062889037,-0.003115762861633895
0.9662921348314606,0.5168539325842696,0.0010697408679852533,0.0004260251336959954,-0.0010421937494686,-0.0012314940002089016
0.9662921348314606,0.5280898876404494,0.0017518473760105287,0.00027885747943754644,-0.0011796204019654194,-0.0006870303058230088
0.9662921348314606,0.5393258426966292,0.00034138004015881384,0.002234492802800932,-0.00443919379247296,-0.0021918617191409085
0.9662921348314606,0.550561797752809,-0.0017070596268877883,0.0017645936091043634,-0.005010584030251787,-0.0020859046516195517
0.9662921348314606,0.5617977528089888,-0.001102834997409938,-0.0006267172526995063,-0.0023995202154618043,0.00047036609786816713
0.9662921348314606,0.5730337078651685,-0.0005717160001148102,-0.0008350623502887426,-0.002282325472899634,0.0011242879271098054
0.9662921348314606,0.5842696629213483,-0.00349076695354915,0.000911986569351888,-0.005003247513763694,-0.0011467135061467744
0.9662921348314606,0.5955056179775281,-0.004372977674399954,0.0020413414614512517,-0.002435630817112544,-0.0020810717495766437
0.9662921348314606,0.6067415730337078,-0.000972680323467059,0.0010184780944688676,0.0004915112451019739,-0.001556946496062533
0.9662921348314606,0.6179775280898876,-0.000930440201643209,0.0005330872940726298,0.000567258917724096,-0.0013348483638789231
0.9662921348314606,0.6292134831460674,-0.003966927835941736,0.0017047507752040404,-0.0007788466526026246,-0.0009460287023094173
0.9662921348314606,0.6404494382022472,-0.003240272168484153,0.00173429953311738,-0.0017496648806246576,0.0002631035546868466
0.9662921348314606,0.651685393258427,-0.0003987809365921852,-0.00011331080455345116,-0.000888549358156512,0.0011587777854998541
0.9662921348314606,0.6629213483146067,-0.0002462202596850231,-0.0012875149786390227,-0.0009200217018345646,0.0008044394975648781
0.9662921348314606,0.6741573033707865,-0.00221385208885459,-0.00012152599014298133,-0.0023151577962199723,-0.00010995285983110209
0.9662921348314606,0.6853932584269663,-0.001995587287713481,0.0017482249040809395,-0.0030792117153101628,0.00022954770118426492
0.9662921348314606,0.696629213483146,-0.00044531258043459064,0.002266382941751183,-0.001271952126701823,0.0016956747910994382
0.9662921348314606,0.7078651685393258,-0.0015056713467457299,0.0015987642804713214,-0.0026983197406209784,0.0015953476642534246
0.9662921348314606,0.7191011235955056,-0.003070828161137242,0.0003774205101775809,-0.0011954439986015118,-0.0004974027564650133
0.9662921348314606,0.7303370786516854,-0.0021169490995260366,-0.0009362076170989119,0.0007264486999684718,-0.0021083646972005024
0.9662921348314606,0.7415730337078652,-0.0010096529921782488,-0.0008578982925594748,0.0009524695570624406,-0.0021878432706276376
0.9662921348314606,0.7528089887640449,-0.0026713015380914113,-0.00016419659912612314,0.0018152794780608144,-0.002111621153136977
0.9662921348314606,0.7640449438202247,-0.00256919051775887,-1.0430849910301656e-05,0.001304705927245227,-0.0014957109032461473
0.9662921348314606,0.7752808988764045,-0.00022200548267902544,-7.55761220477202e-05,-0.000665393447138163,-0.0006223731957461917
0.9662921348314606,0.7865168539325842,-0.0003610297085044895,-9.1663839703984e-05,0.0014170934057993652,-0.0008398149839454977
0.9662921348314606,0.797752808988764,0.0001355178337028469,-0.00029246823014574355,0.0019230013873166771,-0.0006906316161998333
0.9662921348314606,0.8089887640449438,-0.000368389122914625,-0.000239529480969675,-0.00016755992052855094,-0.0005289228675587145
0.9662921348314606,0.8202247191011236,-0.0008948004747843273,-0.00015958619753804175,-0.00060243408016843,-0.0005102326853814287
0.9662921348314606,0.8314606741573034,0.0004989305152178526,0.0002095325761707008,0.0011054501559876718,-0.00017439562235978877
0.9662921348314606,0.8426966292134831,0.0011929365406501751,0.0010205523082588129,0.0032777428075283603,-6.662278550806572e-05
0.9662921348314606,0.8539325842696629,0.0013817978728811824,0.0009443594414946734,0.0032873004398079643,0.00011999113559306286
0.9662921348314606,0.8651685393258427,0.0004727792426557577,-0.00011073468891833503,0.0015479794873717262,0.0003531508485052927
0.9662921348314606,0.8764044943820224,-0.0008678050875673776,-0.0003955463944839509,0.0012067015749846904,0.0005298676043114666
0.9662921348314606,0.8876404494382022,-0.0012751714458945926,0.00016154586663830848,0.0008012556597263203,0.0006194548341318411
0.9662921348314606,0.898876404494382,-0.0007706234367017276,0.000716235936825111,-0.0001835897645653186,0.0004395605116146945
0.9662921348314606,0.9101123595505618,-3.2544549931541574e-05,0.0008203251383863546,-0.0008610083554033942,-8.14966415399741e-05
0.9662921348314606,0.9213483146067416,-8.388207702839414e-05,0.000524464509988851,-0.000920557989820278,-0.0009146201002396174
0.9662921348314606,0.9325842696629213,-0.000649143764748867,0.0002047148185947804,-0.0009222632904496087,-0.0016521292309809952
0.9662921348314606,0.9438202247191011,-0.0012996193663113347,-4.642422979526333e-06,-0.0010081035340776933,-0.002157924122328151
0.9662921348314606,0.9550561797752809,-0.0015899564475017661,-0.00015400403147834918,-0.0008942342205232364,-0.0023106691576151666
0.9662921348314606,0.9662921348314606,-0.0013622314723933542,-0.0002190460502534564,-0.0006908130139246512,-0.0019518001415613194
0.9662921348314606,0.9775280898876404,-0.0007544271835505299,-0.00019808757727572871,-0.0005579988149468023,-0.0011913672767490224
0.9662921348314606,0.9887640449438202,-0.00015121095101750936,-0.00011654244881692309,-0.00031390131443126656,-0.00041461721055053533
0.9662921348314606,1.0,4.5446669212019265e-19,-4.609567073445464e-19,-8.113836181301567e-19,-6.307717255496209e-19
0.9775280898876404,0.0,-0.0,-0.0,-0.0,0.0
0.9775280898876404,0.011235955056179775,-0.0003374731798069464,-0.00040557715758380707,-2.979673202848314e-05,-7.41781221363825e-05
0.9775280898876404,0.02247191011235955,-0.0004218595553231146,-0.0007151348083452899,-4.631457559987001e-06,-9.229459595215187e-05
0.9775280898876404,0.033707865168539325,-0.00015644477687409605,-0.0007469971155419691,-2.8873976978605566e-05,-7.201129515460667e-05
0.9775280898876404,0.0449438202247191,6.9662386081354e-05,-0.0005564094111037886,6.091197813906163e-07,-0.00012902050278475638
0.9775280898876404,0.056179775280898875,-0.00017617448950025624,-0.0004165756388601378,0.0002208704509127848,-0.00041818824585247347
0.9775280898876404,0.06741573033707865,-0.0005666809810971852,-0.00021157387384282352,0.0005654803660684507,-0.0008858491533088649
0.9775280898876404,0.07865168539325842,-0.0007278213285689238,0.00030247361826534874,0.0005455171592117118,-0.0014543012648483423
0.9775280898876404,0.0898876404494382,-0.0008318809340703562,0.000760550995287041,0.0002678826216124241,-0.002051077945742909
0.9775280898876404,0.10112359550561797,-0.0009829509066164553,0.000589819495714228,0.0005782388332595167,-0.0026645320650235936
0.9775280898876404,0.11235955056179775,-0.0011801886549382735,-0.00014093996080233526,0.0012145493343018769,-0.0030636976098443484
0.9775280898876404,0.12359550561797752,-0.0006514637258347329,-0.0008313333509536158,0.0012990508977828992,-0.00251729328020232
0.9775280898876404,0.1348314606741573,0.0008615085269424978,-0.0010587559944108703,0.0009672057972844015,-0.0009716129950810557
0.9775280898876404,0.14606741573033707,0.0008134067324337508,-0.0008547647761142331,0.0007019639819236391,8.043546325604436e-05
0.9775280898876404,0.15730337078651685,0.0006296497442052078,-0.00035788949403717864,0.0007011142077272088,0.0005558922010661158
0.9775280898876404,0.16853932584269662,0.0007040667972193224,-6.172761156337735e-05,0.001303944717119793,0.0005245782908629886
0.9775280898876404,0.1797752808988764,0.0009491508984019858,-0.00025469905539253935,0.0005227925234472453,0.0003161401448806207
0.9775280898876404,0.19101123595505617,0.0010020908044011065,-0.0005529290032347446,0.000922047053092714,0.00043069120702609584
0.9775280898876404,0.20224719101123595,0.00047528527110417973,-0.0009848232079741723,0.0016178536052213926,0.0006617016391007044
0.9775280898876404,0.21348314606741572,-0.0006920715392589431,-0.0013698718731141957,0.0006741685813375079,0.00030263437008857445
0.9775280898876404,0.2247191011235955,-0.0006943047704653965,-0.0010795254586020398,0.0002398828296546995,3.628070121206481e-05
0.9775280898876404,0.23595505617977527,0.0009527891560203264,-0.000470378661511498,-5.362896646906855e-05,0.0005205737355818649
0.9775280898876404,0.24719101123595505,-0.0006976004079166435,-0.0002660454506636611,0.0004475877845760306,8.205409896890318e-05
0.9775280898876404,0.2584269662921348,-0.0007564213376258234,-0.00028860623870817487,0.0006537410202866604,-0.0003825002034208352
0.9775280898876404,0.2696629213483146,-0.0021684355233364087,-0.00023226163789626808,-0.00013662397762981296,-0.0016266589206647458
0.9775280898876404,0.2808988764044944,-0.004464259559983656,8.547028780930668e-05,0.0002495366132807203,-0.0026299208882813534
0.9775280898876404,0.29213483146067415,-0.001338378454716324,0.0003923622905815852,0.0013642004886206874,-0.0009255223162246158
0.9775280898876404,0.3033707865168539,0.0006048956696473391,-0.00014753995634804817,0.0016252242725561703,3.0184493464120393e-05
0.9775280898876404,0.3146067415730337,-0.004365616889614365,-0.0016454098668870073,0.002748111421033807,-0.0014137623671960544
0.9775280898876404,0.3258426966292135,-0.005749779041977544,-0.0014754160516649844,0.0028288992097106756,-0.001213657285719126
0.9775280898876404,0.33707865168539325,-0.0010500063498357236,-3.917069042662976e-05,0.0016133271351652723,-0.0002302582801279498
0.9775280898876404,0.348314606741573,-0.00047934528655903285,-0.0002995524369222864,0.0014536131951713542,-0.0005894007676045114
0.9775280898876404,0.3595505617977528,-0.0033469709168624084,-0.0020991614855615827,0.0016044949912659297,-0.0016568328452197024
0.9775280898876404,0.3707865168539326,-0.002146021579443638,-0.002613177724482726,0.0002458384262042759,-0.0018518210463453128
0.9775280898876404,0.38202247191011235,-0.0004986911703306736,-0.00034164048874649097,6.616527047075186e-05,-0.0014415237600308788
0.9775280898876404,0.3932584269662921,-0.0005606507771766333,-0.0008045770685957521,5.410231136449473e-05,-0.001320424219983836
0.9775280898876404,0.4044943820224719,-0.0010780158272956613,-0.004154610622783996,-0.0005756634855246384,-0.0005554489283580047
0.9775280898876404,0.4157303370786517,-0.0008669847311148227,-0.0022332117591900478,-0.0010278921663969055,0.00041921296871277175
0.9775280898876404,0.42696629213483145,-9.236371865807817e-05,0.000644757112554167,-0.0003422640633812878,-8.951821873462013e-05
0.9775280898876404,0.4382022471910112,-0.00034984665734108007,0.0008421376551364454,-0.0008136859914445036,-0.00021932900331797614
0.9775280898876404,0.449438202247191,-0.0019153394745484212,0.0001196017596692225,-0.001998019545013717,-0.0001098423671127439
0.9775280898876404,0.4606741573033708,-0.0020606260235513612,-0.0012648691418176412,-0.0010603269312270502,-0.0002495172055064789
0.9775280898876404,0.47191011235955055,-0.00015076928299486057,-0.0005080790762782016,0.00031717873801784556,0.0002676394611101349
0.9775280898876404,0.4831460674157303,-7.161264423737671e-05,-0.0009888993181769979,0.00014809069795489744,-6.145811286574924e-05
0.9775280898876404,0.4943820224719101,-0.0011490554075616998,-0.0023388097854470267,-0.0015990856071212015,-0.0012988400620327879
0.9775280898876404,0.5056179775280899,-0.0006974912639351504,0.0004544245187789723,-0.002119979468762823,-0.0013409108078885476
0.9775280898876404,0.5168539325842696,0.000939758939691496,0.0009862175546796231,-0.0006091904861578003,-0.0005402589019515481
0.9775280898876404,0.5280898876404494,0.0015778968137542758,0.0005349783163026996,-0.0005351329290711136,-0.0011038878799253169
0.9775280898876404,0.5393258426966292,0.000252733960000867,0.0012864070384517776,-0.0027391297170777447,-0.0024234610422768556
0.9775280898876404,0.550561797752809,-0.0013495397726949938,0.000581041133804966,-0.0033691701129251587,-0.0017480876711443477
0.9775280898876404,0.5617977528089888,-0.0005265688954762222,-0.0008459236552617202,-0.001817979848598834,0.0005040592973332969
0.9775280898876404,0.5730337078651685,0.00045781521519376405,-0.00043974910142744573,-0.0017719455052682116,0.0008057840988882015
0.9775280898876404,0.5842696629213483,-0.0012479828268751006,0.001130952847883234,-0.003552674064190012,-0.0010029908205028463
0.9775280898876404,0.5955056179775281,-0.002261663343154996,0.001740012481213095,-0.0019970054066609216,-0.0020348180569964985
0.9775280898876404,0.6067415730337078,-0.0005229363438069575,0.0004853369546841544,-8.819186319728738e-05,-0.0018621280899680165
0.9775280898876404,0.6179775280898876,-0.0007367619231142797,-0.00016538206524721293,0.0006301995485326114,-0.0012914906692138525
0.9775280898876404,0.6292134831460674,-0.002708782929567082,0.0006957013377914859,0.0003569128113911445,-0.0004906608032981027
0.9775280898876404,0.6404494382022472,-0.0020574254402617544,0.0010154036240624298,-0.0008184438507730372,0.0004644370019788516
0.9775280898876404,0.651685393258427,-0.00016183333784336164,6.993619016861155e-05,-0.0009652778381459218,0.0010751288778274586
0.9775280898876404,0.6629213483146067,-0.0003744317089400334,-0.0008098394652805654,-0.0006436399030471013,0.0009833180059530646
0.9775280898876404,0.6741573033707865,-0.0019887864354819623,-0.00031098350725884346,-0.0010714076184963426,0.0005882110585706144
0.9775280898876404,0.6853932584269663,-0.0017383674614958058,0.0009993446427588616,-0.001707075489607295,0.0009200164344195247
0.9775280898876404,0.696629213483146,-0.0006542358718177029,0.00162536848258367,-0.0005470595253140839,0.0017932656929097884
0.9775280898876404,0.7078651685393258,-0.0016016321831724318,0.0013925184946451691,-0.0015364135510710696,0.0015932376031809424
0.9775280898876404,0.7191011235955056,-0.002797761005118726,0.0006348663940853984,-0.0017242994576275787,3.714030754650131e-05
0.9775280898876404,0.7303370786516854,-0.002113845132943775,-0.0005088818779669655,-0.0004885578772506573,-0.001427478383997515
0.9775280898876404,0.7415730337078652,-0.0015581189158455242,-0.0008512898580842549,0.0005818266418538985,-0.001924634242814157
0.9775280898876404,0.7528089887640449,-0.003052353527196936,-0.0004043276235769424,0.0015956460501188705,-0.0019947426090109557
0.9775280898876404,0.7640449438202247,-0.0026267021084400905,-2.7406784587778574e-05,0.001150751742370909,-0.0012459623275539943
0.9775280898876404,0.7752808988764045,-0.00024027669814016483,0.00016539487468277906,-0.0004060949394963002,-0.0001585898742057207
0.9775280898876404,0.7865168539325842,0.00016196038649610005,0.00021206974240694072,0.0006522870441920832,-2.537398489248663e-05
0.9775280898876404,0.797752808988764,0.000277104957098446,4.627195650841349e-05,0.001404580073392388,-8.667316260358677e-05
0.9775280898876404,0.8089887640449438,-0.0004782932853497251,2.718427033628244e-05,0.0009262001004259335,-0.00029505949118348144
0.9775280898876404,0.8202247191011236,-0.000632907307839239,-6.115920489187434e-05,0.00040545563704500175,-0.0003339460065785655
0.9775280898876404,0.8314606741573034,0.000358064855370567,-1.9511549900609836e-05,0.001291048012282146,-0.00011109569232535317
0.9775280898876404,0.8426966292134831,0.0006355402574391794,0.00032781709699092023,0.00286433576209689,-9.165197898461915e-05
0.9775280898876404,0.8539325842696629,0.000568295844568859,0.00021592902589881875,0.002674321062589682,-4.2894133332562875e-06
0.9775280898876404,0.8651685393258427,-7.224378053005733e-05,-0.00041583951127968226,0.001486791211584766,0.0001675713511337365
0.9775280898876404,0.8764044943820224,-0.0009968468226292985,-0.00044428118151142686,0.0010790935739232739,0.00023737807267303006
0.9775280898876404,0.8876404494382022,-0.0014062207145847084,0.00011226180477676651,0.0007504400270627202,0.00017113290226227995
0.9775280898876404,0.898876404494382,-0.0011262958465322087,0.0006176586639194535,8.58253754019599e-05,-1.658010049494388e-05
0.9775280898876404,0.9101123595505618,-0.0004858940896455953,0.0007440276068540407,-0.0004533459966429067,-0.0003415020526558415
0.9775280898876404,0.9213483146067416,-0.0005533141326867044,0.0005328182850597613,-0.000635528520646341,-0.000939220057593967
0.9775280898876404,0.9325842696629213,-0.0010855556515900302,0.00026992775377746134,-0.0007289786666943239,-0.001501896672854275
0.9775280898876404,0.9438202247191011,-0.0015526897336266268,4.2450745015589194e-05,-0.0008147631982106499,-0.0018409330240588967
0.9775280898876404,0.9550561797752809,-0.0016509503566169636,-0.00017738267036958695,-0.0007331535951547361,-0.0018876723003125899
0.9775280898876404,0.9662921348314606,-0.0013597117646242938,-0.0003134416132483406,-0.0005715057544457819,-0.001572316835224705
0.9775280898876404,0.9775280898876404,-0.0007919139265466788,-0.00032109459674093045,-0.00044406798574884044,-0.0009767313748706864
0.9775280898876404,0.9887640449438202,-0.00022974272920811586,-0.00020174030228608823,-0.00024567190849652474,-0.00036551520282689266
0.9775280898876404,1.0,-7.531203812683975e-20,-7.414786015339494e-19,-7.259318447831584e-19,-6.873504748498578e-19
0.9887640449438202,0.0,-0.0,-0.0,-0.0,0.0
0.9887640449438202,0.011235955056179775,-9.690321201160069e-05,-0.00020922249491139855,-1.1010858635721495e-05,-1.0676973555436689e-05
0.9887640449438202,0.02247191011235955,-5.64775060886569e-05,-0.00029817438372944797,-3.870650686867791e-05,-3.106031370810505e-05
0.9887640449438202,0.033707865168539325,0.00012090162617067262,-0.0002679099628289781,-7.348174068568322e-05,-9.814852167887963e-05
0.9887640449438202,0.0449438202247191,0.00021049202625162664,-0.00023763510350385147,-4.725959360739904e-05,-0.0002600392983990224
0.9887640449438202,0.056179775280898875,1.593478843976235e-05,-0.0003018844761347562,7.657980004650261e-05,-0.0005627638456302536
0.9887640449438202,0.06741573033707865,-0.0002658339245851338,-0.00033390269135230815,0.0002675541022655109,-0.0009138347313591131
0.9887640449438202,0.07865168539325842,-0.00045248811521051975,-0.00018948661913516511,0.0003348001435697238,-0.0011952506301578893
0.9887640449438202,0.0898876404494382,-0.0005884242152812788,-2.476580374677086e-05,0.0003057510819797352,-0.0014377349237498054
0.9887640449438202,0.10112359550561797,-0.0006758138158492664,-9.443523718566107e-05,0.0005630602780958812,-0.0017335783956509239
0.9887640449438202,0.11235955056179775,-0.0006245878713308304,-0.0003858501459915959,0.0009430137607740358,-0.001881981869278592
0.9887640449438202,0.12359550561797752,-5.991459417831604e-05,-0.000641439126671062,0.0010021840402391089,-0.0014705489739054176
0.9887640449438202,0.1348314606741573,0.0008999572413571199,-0.0006407903210137753,0.0008278021014213201,-0.0005509625077152028
0.9887640449438202,0.14606741573033707,0.0009174849098802924,-0.0003629789351279715,0.0006318419517522281,9.80454092584705e-05
0.9887640449438202,0.15730337078651685,0.0007173126721944633,0.00010073370236996183,0.0005912427495188579,0.0003684960502212283
0.9887640449438202,0.16853932584269662,0.0009522918318130798,0.0003620562650310699,0.0008233540068334209,0.0003483989193857019
0.9887640449438202,0.1797752808988764,0.001056831843444363,0.00019289152732081637,0.0004941242991691943,5.962822605334642e-05
0.9887640449438202,0.19101123595505617,0.0007201883912870444,-0.0001235465065032589,0.0008131212885063189,-8.561713032282991e-05
0.9887640449438202,0.20224719101123595,0.00019178677658824865,-0.0005147457216058825,0.0011712557730749484,-2.8445123202021962e-05
0.9887640449438202,0.21348314606741572,-0.0005304436377388153,-0.0008070603939374827,0.0010421692192033112,-0.0003091573577123943
0.9887640449438202,0.2247191011235955,-0.001032224654870206,-0.0007000128088237361,0.00010408310498312892,-0.00047289303759489627
0.9887640449438202,0.23595505617977527,-9.887036508696592e-05,-0.00036071421064228637,-0.0003154017045643481,0.00025654602907565125
0.9887640449438202,0.24719101123595505,-0.0006053499730593585,-0.0001294577676994206,-3.4136010728530023e-06,0.0004374564178339096
0.9887640449438202,0.2584269662921348,-0.0009913066857178841,-7.634413661350848e-06,9.235085526354709e-05,-4.743172559982734e-05
0.9887640449438202,0.2696629213483146,-0.0018158603511246674,0.00016968465084568182,-0.0006585370297995547,-0.0012770840369545555
0.9887640449438202,0.2808988764044944,-0.002451058024094975,0.0003965799164790614,-0.000697621001937068,-0.002029348198539891
0.9887640449438202,0.29213483146067415,-0.00015350044608523892,0.00043295382702551033,-0.0001425922325951069,-0.000803635614416424
0.9887640449438202,0.3033707865168539,0.0012013431482442163,-3.885520099714951e-05,-0.00044164278116176327,8.410333582440327e-05
0.9887640449438202,0.3146067415730337,-0.0011605806271669749,-0.0009831115209683078,3.723942993009265e-06,-0.0005886775772983796
0.9887640449438202,0.3258426966292135,-0.0020787963949899808,-0.0009334370673278424,0.0007342404774007979,-0.000676640770630536
0.9887640449438202,0.33707865168539325,-0.00018760132741520857,-0.00020151110042309153,0.0012101664455518358,-0.0003508573169859904
0.9887640449438202,0.348314606741573,0.00019451718549250103,-0.0003526066931043553,0.0014518395006795216,-0.00068836505138684
0.9887640449438202,0.3595505617977528,-0.0012874941142502411,-0.001351585501194691,0.0014489931101159617,-0.0015135984564848535
0.9887640449438202,0.3707865168539326,-0.0009465335814762549,-0.0014139076952539493,0.0006427016599053162,-0.0016755105054643122
0.9887640449438202,0.38202247191011235,6.39760408121469e-06,0.00014703099475920267,0.00047390764899613746,-0.0011550459600320343
0.9887640449438202,0.3932584269662921,-6.856940763760599e-05,-0.00031668839321370945,0.0005176850233658969,-0.0010831232079527879
0.9887640449438202,0.4044943820224719,-0.0004775254716330227,-0.0026870321390343012,0.0004169274077467515,-0.0007123643043127917
0.9887640449438202,0.4157303370786517,-0.0004644109291364435,-0.0017232942757573198,0.00048259216524467656,-8.235949962224367e-05
0.9887640449438202,0.42696629213483145,-0.00013467348243665402,0.00012288145538152506,0.000738723804571914,-0.00023876022537776807
0.9887640449438202,0.4382022471910112,-9.011121908759037e-05,0.00030311391312633706,-0.0003081723410006321,0.00019906296035118685
0.9887640449438202,0.449438202247191,-0.0007076125075646233,-0.000195090074783655,-0.0013409721867812946,0.0006859259329008025
0.9887640449438202,0.4606741573033708,-0.0008112118590418686,-0.0009424343922464322,-0.0007348187094225627,0.0006693168798935215
0.9887640449438202,0.47191011235955055,0.0001457979816732012,-0.0005833012038207159,5.31279247469307e-05,0.0006437845215953766
0.9887640449438202,0.4831460674157303,0.0002775727555454053,-0.0006605529339490456,-0.00018087734443161823,0.00010690795305174248
0.9887640449438202,0.4943820224719101,-0.0001631028427496823,-0.0008289346308752338,-0.0012070152523541704,-0.00044035008907223044
0.9887640449438202,0.5056179775280899,0.0003502677932887711,0.0010968283669994718,-0.0013966823777410403,-9.09607610504059e-05
0.9887640449438202,0.5168539325842696,0.0015322226188174794,0.0013316156263719577,-0.00040391370203732204,0.00012542632989659018
0.9887640449438202,0.5280898876404494,0.0018038744403546226,0.000984380919876663,2.9610607185649568e-05,-0.0003015728028050605
0.9887640449438202,0.5393258426966292,0.0006909515105036101,0.00107350268141207,-0.0007666065421868657,-0.0006480746676900174
0.9887640449438202,0.550561797752809,-0.0003801887735115457,0.000541598522658658,-0.0012356155685663435,0.00016310273169991706
0.9887640449438202,0.5617977528089888,-4.652608767018063e-05,-5.889715332076237e-05,-0.0008677998903069045,0.0011866510023827445
0.9887640449438202,0.5730337078651685,0.00031430676780400065,0.00025643519143981095,-0.0010071663423337545,0.0005198592124983616
0.9887640449438202,0.5842696629213483,-0.0004987373570970481,0.0009655876636843485,-0.0016426437732609774,-0.0007574470421559258
0.9887640449438202,0.5955056179775281,-0.001056619131524714,0.001033738282059682,-0.0005538340447985795,-0.0012538433891132828
0.9887640449438202,0.6067415730337078,-0.0002487199366478985,0.00013236152331822315,0.000649848874514338,-0.0011386333461007314
0.9887640449438202,0.6179775280898876,-8.616690617507836e-05,-0.00023281650650075724,0.0012724625314411311,-0.0005840517945431292
0.9887640449438202,0.6292134831460674,-0.0008290571198403499,0.00046164865277139726,0.0010978500853325076,6.688589095876829e-05
0.9887640449438202,0.6404494382022472,-0.00019477711881129195,0.0009905870903704045,4.486390817954799e-05,0.000578447520804397
0.9887640449438202,0.651685393258427,0.000957529386975572,0.0007592984464764626,-0.0003831362501866119,0.0007562108418979448
0.9887640449438202,0.6629213483146067,0.0004160047575199631,0.00023990665516682914,3.449190980979778e-05,0.00048099702025112845
0.9887640449438202,0.6741573033707865,-0.0012615069441640672,0.00026572996674945423,-9.647793756403943e-05,9.66824319161118e-05
0.9887640449438202,0.6853932584269663,-0.0014879168035020578,0.0007521847603806499,-0.0007741957677208743,0.00028676701429107337
0.9887640449438202,0.696629213483146,-0.0009190243498545341,0.0009331237782260139,-0.0004646198659825564,0.0008448109305431489
0.9887640449438202,0.7078651685393258,-0.0014050941200714586,0.0008240872407642534,-0.000747472873065347,0.0008747159221803941
0.9887640449438202,0.7191011235955056,-0.0021233881862636346,0.0006193346960665333,-0.0011319805644019077,6.024965389808327e-05
0.9887640449438202,0.7303370786516854,-0.0016999584123948293,2.8544857718350663e-05,-0.0005897236797414537,-0.000904639709772638
0.9887640449438202,0.7415730337078652,-0.0012361366003593042,-0.0004033658835282013,0.00032394730830236497,-0.0013768640114291415
0.9887640449438202,0.7528089887640449,-0.001971666135101276,-0.0002459368131089877,0.0013943568047367926,-0.0014250458378064468
0.9887640449438202,0.7640449438202247,-0.0013575895271703167,0.0001824637535303048,0.0011514980152006625,-0.0007045895371924477
0.9887640449438202,0.7752808988764045,0.00019860769945234005,0.0005683778505093518,-6.881290744315762e-05,0.000271418336558108
0.9887640449438202,0.7865168539325842,0.0004970980941912625,0.0007057664629190243,0.000271286013802257,0.0006680097001153538
0.9887640449438202,0.797752808988764,5.1747383801749054e-05,0.0004884010135849915,0.0010926610407677433,0.0006537727688244686
0.9887640449438202,0.8089887640449438,-0.0004677160644576792,0.0002072346442462371,0.0013138428478179733,0.0004799046575822834
0.9887640449438202,0.8202247191011236,-0.00018146033264864633,-9.39028660556898e-05,0.0009094618098555916,0.00038775749882152724
0.9887640449438202,0.8314606741573034,0.00027948822444051906,-0.00022364676604981032,0.0010273293343171595,0.0002486757244202072
0.9887640449438202,0.8426966292134831,0.0002698926741255438,-8.10604143195363e-05,0.0017824862678691232,2.5312185546698886e-05
0.9887640449438202,0.8539325842696629,0.00011540627372138693,-6.681790972374707e-05,0.0015376129861103447,-6.285145159016183e-05
0.9887640449438202,0.8651685393258427,-0.0002891042773536745,-0.00030775707056514105,0.0008686457533278347,-6.520087923504213e-05
0.9887640449438202,0.8764044943820224,-0.0007541823573155126,-0.0002796852613409699,0.0005743240739030578,-0.0001313361043716838
0.9887640449438202,0.8876404494382022,-0.0009776623279920224,3.284140209265791e-05,0.00040647613746373583,-0.0003052843416433755
0.9887640449438202,0.898876404494382,-0.0008139721732754625,0.00031222969973014977,0.00017202496325562382,-0.0004818721510146115
0.9887640449438202,0.9101123595505618,-0.0003751428277591334,0.0003727832275436544,-1.287850562852185e-05,-0.0005736191620240897
0.9887640449438202,0.9213483146067416,-0.00046112503797264993,0.00023435565573893012,-9.966445225902233e-05,-0.0007425511154013202
0.9887640449438202,0.9325842696629213,-0.0008110374402180028,6.543238583915951e-05,-0.00020032555207060183,-0.0008862705886930031
0.9887640449438202,0.9438202247191011,-0.0010409884457506088,-0.00010759536671588756,-0.00031247355568911415,-0.0009428450695636857
0.9887640449438202,0.9550561797752809,-0.0010355952466641167,-0.0002859760156343343,-0.0003079941398312051,-0.0009097537303097552
0.9887640449438202,0.9662921348314606,-0.0008220494074877001,-0.00036647359866456136,-0.0002394613084189141,-0.0007471372934541512
0.9887640449438202,0.9775280898876404,-0.0004737342298509241,-0.0003186282000389001,-0.0001727134814293646,-0.00046203394685938
0.9887640449438202,0.9887640449438202,-0.00014302802522229776,-0.00017953113777033588,-8.638890683865942e-05,-0.00017175003404601303
0.9887640449438202,1.0,-9.393323719500668e-20,-6.0085474305669e-19,-2.5898809130304998e-19,-3.2778513488165163e-19
1.0,0.0,-0.0,-0.0,-0.0,0.0
1.0,0.011235955056179775,-1.2576080388215486e-19,-6.132573208272365e-19,7.004845562294417e-20,1.7957124415235747e-20
1.0,0.02247191011235955,2.0824282959068128e-19,-5.807651206909237e-19,-1.0091376643757354e-19,-2.222318920440964e-19
1.0,0.033707865168539325,7.98381641446544e-19,-3.0995822915722783e-19,-2.417015040204282e-19,-7.926251334844023e-19
1.0,0.0449438202247191,9.214619876505063e-19,-4.2875274008416473e-19,-3.819700926117786e-20,-1.796800027738057e-18
1.0,0.056179775280898875,1.3678043915822003e-19,-1.0217794502086535e-18,5.486467249462593e-19,-3.1809029706006026e-18
1.0,0.06741573033707865,-8.489418084524007e-19,-1.532931622270459e-18,1.3333218965847071e-18,-4.227026172380054e-18
1.0,0.07865168539325842,-1.4782556851271858e-18,-1.5229585492099533e-18,1.8049228763719444e-18,-4.4891009181318425e-18
1.0,0.0898876404494382,-1.737888133377035e-18,-1.4769538830252797e-18,1.9493115959114398e-18,-4.676478806835309e-18
1.0,0.10112359550561797,-1.6777636419075744e-18,-1.9734577097608887e-18,2.914716943609644e-18,-5.467710896453248e-18
1.0,0.11235955056179775,-1.1342722323682459e-18,-2.679336368141688e-18,4.242210773293144e-18,-5.930554118988695e-18
1.0,0.12359550561797752,9.95387132628089e-19,-2.856796843937236e-18,4.576154063588912e-18,-4.554938042383251e-18
1.0,0.1348314606741573,4.601671556577046e-18,-2.0483388194503793e-18,4.273344180513711e-18,-1.6115382710504475e-18
1.0,0.14606741573033707,5.504323012259773e-18,-3.5790914746110035e-19,3.7880742523593494e-18,1.7102303695819028e-19
1.0,0.15730337078651685,4.159869041471301e-18,1.5054077809584882e-18,3.837197937313784e-18,-2.2074407722967916e-20
1.0,0.16853932584269662,4.6722765584873656e-18,2.001165614312874e-18,4.384702774830713e-18,-9.081457294141947e-19
1.0,0.1797752808988764,4.886622926020077e-18,9.147023679193103e-19,3.4079014065167277e-18,-2.2547084316557837e-18
1.0,0.19101123595505617,3.170513043005817e-18,-2.1112880649070785e-19,4.34300723605604e-18,-2.9135613329007555e-18
1.0,0.20224719101123595,1.5875041322721724e-18,-1.4253142800454264e-18,4.562058992544894e-18,-2.596546765659943e-18
1.0,0.21348314606741572,-1.017786556449016e-18,-2.843754140379747e-18,5.56309753746327e-18,-3.8058014199257196e-18
1.0,0.2247191011235955,-5.4337348403390884e-18,-3.3291595406286632e-18,1.3843109830506367e-18,-4.242695176257981e-18
1.0,0.23595505617977527,-5.345004239175218e-18,-2.464236631445425e-18,-1.850677956264418e-18,-3.4631197462066495e-20
1.0,0.24719101123595505,-7.460503822154867e-18,-1.4465599044830354e-18,-1.7837399477667744e-18,2.3066370335621925e-18
1.0,0.2584269662921348,-9.755928686709667e-18,-1.007606247225519e-18,-1.9488210294786486e-18,1.2504229663167184e-19
1.0,0.2696629213483146,-1.0730056433965272e-17,-3.3464636058727175e-19,-6.562923663239349e-18,-5.3572499500569655e-18
1.0,0.2808988764044944,-9.178627610505715e-18,7.11218953429802e-19,-8.600826412591879e-18,-8.937207972590045e-18
1.0,0.29213483146067415,1.1155705346830493e-18,9.607570758223124e-19,-8.932506284922192e-18,-5.125808187618515e-18
1.0,0.3033707865168539,6.330025435971597e-18,-7.172155781488185e-19,-1.3535528264798763e-17,-1.9996029432283968e-18
1.0,0.3146067415730337,-6.940837461776247e-19,-4.093766248962324e-18,-1.0658041558533418e-17,-3.5099070310624025e-18
1.0,0.3258426966292135,-3.7897256198233144e-18,-4.13559710376925e-18,-4.104032514013508e-18,-4.1112263044421214e-18
1.0,0.33707865168539325,1.1412317843653738e-18,-2.2725921706715543e-18,2.9845984361117394e-18,-3.928401214470683e-18
1.0,0.348314606741573,2.3733955694866044e-18,-3.401493207398951e-18,5.8611632511449175e-18,-5.742683837695469e-18
1.0,0.3595505617977528,-2.6005120259404996e-18,-7.170044039240793e-18,6.453013446300198e-18,-9.33706481442108e-18
1.0,0.3707865168539326,-3.3176992404889044e-18,-6.67947753181615e-18,4.416126228150537e-18,-1.0052278904999977e-17
1.0,0.38202247191011235,-1.762088762144053e-18,6.404360364487013e-19,4.2526972639718705e-18,-7.884092719209535e-18
1.0,0.3932584269662921,-3.378179556126538e-18,-7.942367353213054e-19,4.591265271666052e-18,-8.871955680145949e-18
1.0,0.4044943820224719,-5.281620206539084e-18,-1.0821709237001249e-17,4.7682335541915814e-18,-9.415593769355885e-18
1.0,0.4157303370786517,-5.009818405078724e-18,-8.199153825290604e-18,5.354937166241787e-18,-6.2321027766210695e-18
1.0,0.42696629213483145,-3.1146979323658716e-18,-2.5586175710553914e-18,3.495342206823323e-18,-3.1072075225315628e-18
1.0,0.4382022471910112,-1.8147429938671957e-18,-2.8771296175291616e-18,-5.6243523914367866e-18,2.0260036354798105e-18
1.0,0.449438202247191,-2.9166273623256e-18,-5.464127632922721e-18,-1.1010606728241871e-17,5.397453384558488e-18
1.0,0.4606741573033708,-2.913862834888526e-18,-7.420373009983673e-18,-7.814878102577817e-18,4.515712297922446e-18
1.0,0.47191011235955055,9.073932499049531e-20,-4.369675804833492e-18,-3.858959633784279e-18,1.4691126531552933e-18
1.0,0.4831460674157303,1.0840973969377936e-18,-2.7148964163563324e-18,-4.128188378293486e-18,-3.850073166290913e-18
1.0,0.4943820224719101,7.902924963751049e-19,-2.440085576479842e-19,-7.461293164607578e-18,-7.566216040592749e-18
1.0,0.5056179775280899,4.168739514584733e-18,7.36560699618383e-18,-8.229444058917867e-18,-5.8468753792293456e-18
1.0,0.5168539325842696,9.432032762121588e-18,6.890348054130697e-18,-4.768486427692327e-18,-3.482535300741114e-18
1.0,0.5280898876404494,9.852614608264312e-18,5.210631706612153e-18,-2.356465135341253e-18,-2.5381740710922107e-18
1.0,0.5393258426966292,4.382351245884575e-18,5.612998673416705e-18,-4.257471969354335e-18,-1.4606556622820006e-18
1.0,0.550561797752809,-9.25131611239634e-20,4.419006395058511e-18,-6.490656572955503e-18,1.831406887503078e-18
1.0,0.5617977528089888,-4.7567497677646487e-20,2.678203922867598e-18,-6.83948705976476e-18,2.9109307222217767e-18
1.0,0.5730337078651685,-4.433031705471196e-19,2.7036730923073488e-18,-8.217760156223338e-18,-2.932434540882401e-18
1.0,0.5842696629213483,-3.4050420656704173e-18,3.3270039254068297e-18,-8.316277100808202e-18,-8.433907845112329e-18
1.0,0.5955056179775281,-4.849357912397581e-18,2.722856865977092e-18,-1.519086218974842e-18,-9.26332696405245e-18
1.0,0.6067415730337078,-2.1119798320850365e-18,6.288384629759936e-21,5.137689309860033e-18,-6.837048994409711e-18
1.0,0.6179775280898876,-3.679948703460922e-19,-5.039473108549651e-19,7.848148966093636e-18,-2.398975363931519e-18
1.0,0.6292134831460674,-1.2582280182534723e-18,3.176235338652246e-18,6.385607792809274e-18,1.7320961701705868e-18
1.0,0.6404494382022472,3.334862717718598e-18,6.582231284981651e-18,1.9750370583859633e-18,4.776027720463313e-18
1.0,0.651685393258427,9.200500472520619e-18,6.77959353585113e-18,-2.698938073785555e-19,5.50048715916369e-18
1.0,0.6629213483146067,6.096021809988745e-18,4.8170065377649515e-18,5.409119178906533e-19,2.927519249508407e-18
1.0,0.6741573033707865,-2.916043535897652e-18,4.179763437040096e-18,-1.5052880745167033e-18,-1.7916491995444168e-19
1.0,0.6853932584269663,-5.2626696821521176e-18,5.002948450721653e-18,-5.295903739301222e-18,2.778204254206634e-19
1.0,0.696629213483146,-4.003629928384621e-18,4.811357158553777e-18,-4.7161116678228834e-18,2.9829703004142598e-18
1.0,0.7078651685393258,-6.244713466394555e-18,4.318266525305039e-18,-4.8495244457480155e-18,4.234258770848899e-18
1.0,0.7191011235955056,-9.790051393474631e-18,4.2464169125069495e-18,-5.622644889519921e-18,1.8009197523466164e-18
1.0,0.7303370786516854,-8.952683010168455e-18,2.2656230042400153e-18,-3.4383544120255058e-18,-2.733763889895854e-18
1.0,0.7415730337078652,-6.376645548326716e-18,-3.4426593173153204e-19,7.737338148606044e-19,-6.145918652931304e-18
1.0,0.7528089887640449,-7.723946980197845e-18,-5.110971333727659e-19,7.136394667541215e-18,-7.771930641684159e-18
1.0,0.7640449438202247,-4.177480970229284e-18,1.593264128680441e-18,6.604018158586222e-18,-5.8033802070130036e-18
1.0,0.7752808988764045,1.6171401155153201e-18,4.07505548183061e-18,8.852954493643454e-19,-2.0709422432145517e-18
1.0,0.7865168539325842,2.046578089067571e-18,5.06358581307962e-18,1.7263709764175799e-18,2.9690367993812637e-19
1.0,0.797752808988764,-1.5720803178196014e-18,3.605924895193953e-18,5.570962233561235e-18,8.994451956847913e-19
1.0,0.8089887640449438,-2.5112632904625402e-18,1.303152331542476e-18,7.292837178885412e-18,8.229096532883777e-19
1.0,0.8202247191011236,9.963808557007162e-20,-7.42273630694908e-19,5.38949367675905e-18,1.2140963705289792e-19
1.0,0.8314606741573034,1.3927653597334942e-18,-1.5679151635429368e-18,4.4080189248202545e-18,-1.2643159326646337e-18
1.0,0.8426966292134831,1.0615061166117098e-18,-1.0106322571485704e-18,6.967956301475669e-18,-2.1225836179864232e-18
1.0,0.8539325842696629,4.3224605627980427e-19,-7.005605659628291e-19,5.842534834180746e-18,-2.0112942655985965e-18
1.0,0.8651685393258427,-1.1166161379242502e-18,-1.287359548912703e-18,2.980426836071527e-18,-1.8512154320687484e-18
1.0,0.8764044943820224,-2.8006528364410376e-18,-1.0929152720086798e-18,1.8310970018250356e-18,-2.3659408238053537e-18
1.0,0.8876404494382022,-3.5333904846488816e-18,5.664611466260295e-20,1.399781200947927e-18,-3.40810779602482e-18
1.0,0.898876404494382,-3.153986653014758e-18,1.0756667034633186e-18,1.2419664771565097e-18,-4.153094577467018e-18
1.0,0.9101123595505618,-1.4236910612244142e-18,1.2454315061471375e-18,1.1524185628401137e-18,-3.826834638193594e-18
1.0,0.9213483146067416,-1.804370633107732e-18,6.434873358959704e-19,9.968245980233416e-19,-3.612531712346336e-18
1.0,0.9325842696629213,-3.0892885626615275e-18,-1.1627359991041426e-19,4.0807598389155024e-19,-3.543082406892276e-18
1.0,0.9438202247191011,-3.773157484325752e-18,-1.0129103631492228e-18,-3.611432954683632e-19,-3.2984124900594102e-18
1.0,0.9550561797752809,-3.555123506748524e-18,-1.886123772122841e-18,-5.478417834560279e-19,-2.843223262028801e-18
1.0,0.9662921348314606,-2.6687987877242127e-18,-2.069476297839966e-18,-4.02174707923447e-19,-2.1103594784885655e-18
1.0,0.9775280898876404,-1.459327536131567e-18,-1.5675956564951716e-18,-1.8623998150963797e-19,-1.158179102822493e-18
1.0,0.9887640449438202,-4.0772480894099883e-19,-7.938764671551563e-19,-1.359532516747513e-20,-3.6624359321115853e-19
1.0,1.0,-1.0181508122913545e-34,-2.3976866581558263e-33,6.152363537586239e-35,-6.24007416689588e-34
