x,psi_pinn_n1,psi_exact_n1,psi_pinn_n2,psi_exact_n2,psi_pinn_n3,psi_exact_n3,psi_pinn_n4,psi_exact_n4,psi_pinn_n5,psi_exact_n5
0.000000000000,0.000000000000e+00,0.000000000000e+00,0.000000000000e+00,0.000000000000e+00,0.000000000000e+00,0.000000000000e+00,-0.000000000000e+00,0.000000000000e+00,0.000000000000e+00,0.000000000000e+00
0.001430615165,6.312477246789e-03,6.356034307115e-03,1.264708011738e-02,1.271194022432e-02,1.894056725522e-02,1.906758936430e-02,2.532138712058e-02,2.542285334492e-02,3.155162964078e-02,3.177760379183e-02
0.002861230329,1.265509280815e-02,1.271194022432e-02,2.533040475728e-02,2.542285334492e-02,3.796848551676e-02,3.813171234106e-02,5.070047970716e-02,5.083749035798e-02,6.322429781419e-02,6.353916078986e-02
0.004291845494,1.901499234669e-02,1.906758936430e-02,3.803736742243e-02,3.813171234106e-02,5.704409805229e-02,5.718890317292e-02,7.610768056913e-02,7.623569736275e-02,9.494953460825e-02,9.526863230346e-02
0.005722460658,2.538264305324e-02,2.542285334492e-02,5.075746562175e-02,5.083749035798e-02,7.613642713980e-02,7.623569736275e-02,1.015172442955e-01,1.016092659927e-01,1.266717060473e-01,1.269499958443e-01
0.007153075823,3.175155353915e-02,3.177760379183e-02,6.348218863045e-02,6.353916078986e-02,9.522247119886e-02,9.526863230346e-02,1.269071144609e-01,1.269499958443e-01,1.583469345589e-01,1.585672532171e-01
0.008583690987,3.811783783751e-02,3.813171234106e-02,7.620485487617e-02,7.623569736275e-02,1.142861915673e-01,1.142842479075e-01,1.522586602851e-01,1.522496971267e-01,1.899415342899e-01,1.901044385986e-01
0.010014306152,4.447967760208e-02,4.448505064159e-02,8.892041157925e-02,8.892607421752e-02,1.333172984344e-01,1.332790872359e-01,1.775563347352e-01,1.775001933094e-01,2.214301391209e-01,2.215456265994e-01
0.011444921316,5.083674306929e-02,5.083749035798e-02,1.016252097814e-01,1.016092659927e-01,1.523099471568e-01,1.522496971267e-01,2.027872774156e-01,2.026933237639e-01,2.527937027414e-01,2.528749403063e-01
0.012875536481,5.718963216817e-02,5.718890317292e-02,1.143167675969e-01,1.142842479075e-01,1.712614482696e-01,1.711926288228e-01,2.279408855024e-01,2.278209464020e-01,2.840175354745e-01,2.840765592993e-01
0.014306151645,6.353937857413e-02,6.353916078986e-02,1.269935334792e-01,1.269499958443e-01,1.901710788580e-01,1.901044385986e-01,2.530083746567e-01,2.528749403063e-01,3.150895155338e-01,3.151347276406e-01
0.015736766810,6.988706495757e-02,6.988813493557e-02,1.396546596446e-01,1.396054864316e-01,2.090390618574e-01,2.089816883866e-01,2.779823495474e-01,2.778472083556e-01,3.459985773875e-01,3.460337618311e-01
0.017167381974,7.623355967571e-02,7.623569736275e-02,1.522997937269e-01,1.522496971267e-01,2.278657558130e-01,2.278209464020e-01,3.028564005905e-01,3.027296798413e-01,3.767335412888e-01,3.767580587299e-01
0.018597997139,8.257937678543e-02,8.258171985263e-02,1.649288944673e-01,1.648816062984e-01,2.466510732701e-01,2.466187877666e-01,3.276247400422e-01,3.275143130758e-01,4.072823098244e-01,4.072921034334e-01
0.020028612303,8.892464353920e-02,8.892607421752e-02,1.775420749987e-01,1.775001933094e-01,2.653941236651e-01,2.653717951318e-01,3.522818869090e-01,3.521930979916e-01,4.376314228907e-01,4.376204771101e-01
0.021459227468,9.526914874497e-02,9.526863230346e-02,1.901394752357e-01,1.901044385986e-01,2.840930582183e-01,2.840765592993e-01,3.768224064973e-01,3.767580587299e-01,4.677659342161e-01,4.677278647866e-01
0.022889842632,1.016124405915e-01,1.016092659927e-01,2.027211631684e-01,2.026933237639e-01,3.027450810721e-01,3.027296798413e-01,4.012407070063e-01,4.012012562186e-01,4.976695517435e-01,4.975990630810e-01
0.024320457797,1.079539435066e-01,1.079478472065e-01,2.152870635337e-01,2.152658316443e-01,3.213465831646e-01,3.213277657185e-01,4.255308925201e-01,4.255147907377e-01,5.273249712650e-01,5.272189878806e-01
0.025751072961,1.142930689969e-01,1.142842479075e-01,2.278369114027e-01,2.278209464020e-01,3.398933528962e-01,3.398674358967e-01,4.496866692115e-01,4.496908044726e-01,5.567143273246e-01,5.565726819586e-01
0.027181688126,1.206293033087e-01,1.206183401023e-01,2.403702276434e-01,2.403576536044e-01,3.583808198701e-01,3.583453199612e-01,4.737012995963e-01,4.737214840535e-01,5.858196868266e-01,5.856453225273e-01
0.028612303290,1.269622632020e-01,1.269499958443e-01,2.528863129148e-01,2.528749403063e-01,3.768042939612e-01,3.767580587299e-01,4.975675983161e-01,4.975990630810e-01,6.146235180465e-01,6.144222287230e-01
0.030042918455,1.332917186033e-01,1.332790872359e-01,2.653842567712e-01,2.653717951318e-01,3.951591706202e-01,3.951023048636e-01,5.212779621667e-01,5.213158246354e-01,6.431090797904e-01,6.428888690196e-01
0.031473533619,1.396175864334e-01,1.396054864316e-01,2.778629585251e-01,2.778472083556e-01,4.134410834422e-01,4.133747234748e-01,5.448244268519e-01,5.448641037713e-01,6.712606911297e-01,6.710308685666e-01
0.032904148784,1.459399031937e-01,1.459290656400e-01,2.903211567009e-01,2.903001719851e-01,4.316459954077e-01,4.315719927337e-01,5.681987431431e-01,5.682362899947e-01,6.990638601507e-01,6.988340164476e-01
0.034334763948,1.522587850831e-01,1.522496971267e-01,3.027574641640e-01,3.027296798413e-01,4.497702296511e-01,4.496908044726e-01,5.913924656058e-01,5.914248297223e-01,7.265052690182e-01,7.262842728570e-01
0.035765379113,1.585743839855e-01,1.585672532171e-01,3.151704063097e-01,3.151347276406e-01,4.678104481719e-01,4.677278647866e-01,6.143970477073e-01,6.144222287230e-01,7.535726306357e-01,7.533677761896e-01
0.037195994278,1.648868461722e-01,1.648816062984e-01,3.275584600265e-01,3.275143130758e-01,4.857635919614e-01,4.856798946329e-01,6.372039378173e-01,6.372210545400e-01,7.802544474562e-01,7.800708500397e-01
0.038626609442,1.711962785646e-01,1.711926288228e-01,3.399200914816e-01,3.398674358967e-01,5.036267983582e-01,5.035436304269e-01,6.598046712964e-01,6.598139388925e-01,8.065397137216e-01,8.063800101082e-01
0.040057224607,1.775027253123e-01,1.775001933094e-01,3.522537911132e-01,3.521930979916e-01,5.213973112921e-01,5.213158246354e-01,6.821909545027e-01,6.821935800575e-01,8.324176070935e-01,8.322819710111e-01
0.041487839771,1.838061555724e-01,1.838041723475e-01,3.645581045238e-01,3.644903034672e-01,5.390723979154e-01,5.389932463667e-01,7.043547371388e-01,7.043527452293e-01,8.578772135270e-01,8.577636529885e-01
0.042918454936,1.901064618823e-01,1.901044385986e-01,3.768316582510e-01,3.767580587299e-01,5.566492816523e-01,5.565726819586e-01,7.262882699527e-01,7.262842728570e-01,8.829073206519e-01,8.828121885097e-01
0.044349070100,1.964034674545e-01,1.964008647994e-01,3.890731796453e-01,3.889953725653e-01,5.741250976169e-01,5.740509355620e-01,7.479841454229e-01,7.479810749595e-01,9.074963014274e-01,9.074149287706e-01
0.045779685265,2.026969400951e-01,2.026933237639e-01,4.012815103027e-01,4.012012562186e-01,5.914968722934e-01,5.914248297223e-01,7.694353197549e-01,7.694361394157e-01,9.316320940040e-01,9.315594500811e-01
0.047210300429,2.089866101792e-01,2.089816883866e-01,4.134556127025e-01,4.133747234748e-01,6.087615258247e-01,6.086912059568e-01,7.906351152981e-01,7.906425322307e-01,9.553022685620e-01,9.552335601387e-01
0.048640915594,2.152721901655e-01,2.152658316443e-01,4.255945699047e-01,4.255147907377e-01,6.259158925574e-01,6.258469253292e-01,8.115772033853e-01,8.115933997775e-01,9.784941601099e-01,9.784253041857e-01
0.050071530758,2.215533933998e-01,2.215456265994e-01,4.376975783819e-01,4.376204771101e-01,6.429567537867e-01,6.428888690196e-01,8.322555685707e-01,8.322819710111e-01,1.001195039551e+00,1.001122971045e+00
0.051502145923,2.278299503921e-01,2.278209464020e-01,4.497639343180e-01,4.496908044726e-01,6.598808759954e-01,6.598139388925e-01,8.526644562746e-01,8.527015596574e-01,1.023392294214e+00,1.023315099035e+00
0.052932761087,2.341016212877e-01,2.340916642925e-01,4.617930140115e-01,4.617247975626e-01,6.766850481683e-01,6.766190580590e-01,8.727983068836e-01,8.728455663739e-01,1.045073592740e+00,1.044990481757e+00
0.054363376252,2.403682038250e-01,2.403576536044e-01,4.737842493654e-01,4.737214840535e-01,6.933661128435e-01,6.933011714367e-01,8.926516803317e-01,8.927074808825e-01,1.066227016152e+00,1.066138173754e+00
0.055793991416,2.466295366406e-01,2.466187877666e-01,4.857370998104e-01,4.856798946329e-01,7.099209871700e-01,7.098572463052e-01,9.122191760320e-01,9.122808840737e-01,1.086841145244e+00,1.086747496038e+00
0.057224606581,2.528854982845e-01,2.528749403063e-01,4.976510223593e-01,4.975990630810e-01,7.263466721339e-01,7.262842728570e-01,9.314953536518e-01,9.315594500811e-01,1.106905102468e+00,1.106808041482e+00
0.058655221745,2.591360027102e-01,2.591259848511e-01,5.095254417706e-01,5.094780263487e-01,7.426402500088e-01,7.425792647451e-01,9.504746605445e-01,9.505369483255e-01,1.126408553011e+00,1.126309680077e+00
0.060085836910,2.653809922567e-01,2.653717951318e-01,5.213597229628e-01,5.213158246354e-01,7.587988717512e-01,7.587392596255e-01,9.691513715850e-01,9.692072455292e-01,1.145341674200e+00,1.145242564045e+00
0.061516452074,2.716204292367e-01,2.716122449850e-01,5.331531478122e-01,5.331115014667e-01,7.748197373117e-01,7.747613196962e-01,9.875195466633e-01,9.875643076976e-01,1.163695104539e+00,1.163597132812e+00
0.062947067239,2.778542871724e-01,2.778472083556e-01,5.449048982544e-01,5.448641037713e-01,7.907000725592e-01,7.906425322307e-01,1.005573010120e+00,1.005602202070e+00,1.181459883927e+00,1.181364117841e+00
0.064377682403,2.840825425102e-01,2.840765592993e-01,5.566140471944e-01,5.565726819586e-01,8.064371066748e-01,8.063800101082e-01,1.023305355005e+00,1.023315099035e+00,1.198627395317e+00,1.198534547304e+00
0.065808297568,2.903051673402e-01,2.903001719851e-01,5.682795581238e-01,5.682362899947e-01,8.220280535065e-01,8.219708923378e-01,1.040709973240e+00,1.040697274019e+00,1.215189315800e+00,1.215099750619e+00
0.067238912732,2.965221233137e-01,2.965179206979e-01,5.799002936232e-01,5.798539854795e-01,8.374700995759e-01,8.374123445792e-01,1.057780110716e+00,1.057743109330e+00,1.231137582304e+00,1.231051362825e+00
0.068669527897,3.027333566524e-01,3.027296798413e-01,5.914750321517e-01,5.914248297223e-01,8.527604003231e-01,8.527015596574e-01,1.074508944195e+00,1.074447095980e+00,1.246464374151e+00,1.246381328808e+00
0.070100143062,3.089387939592e-01,3.089353239395e-01,6.030024917966e-01,6.029478878182e-01,8.678960849337e-01,8.678357580735e-01,1.090889674818e+00,1.090803835458e+00,1.261162111983e+00,1.261081907367e+00
0.071530758226,3.151383384902e-01,3.151347276406e-01,6.144813590537e-01,6.144222287230e-01,8.828742688583e-01,8.828121885097e-01,1.106915631284e+00,1.106808041482e+00,1.275223470127e+00,1.275145675124e+00
0.072961373391,3.213318666721e-01,3.213277657185e-01,6.259103202878e-01,6.258469253292e-01,8.976920720643e-01,8.976281283298e-01,1.122580374518e+00,1.122454541704e+00,1.288641397746e+00,1.288565530274e+00
0.074391988555,3.275192249018e-01,3.275143130758e-01,6.372880933267e-01,6.372210545400e-01,9.123466402775e-01,9.122808840737e-01,1.137877795111e+00,1.137738279380e+00,1.301409143069e+00,1.301334696169e+00
0.075822603720,3.337002270194e-01,3.336942447461e-01,6.486134566688e-01,6.485436973447e-01,9.268351660639e-01,9.267677919475e-01,1.152802195075e+00,1.152654315006e+00,1.313520274904e+00,1.313446724738e+00
0.077253218884,3.398746531915e-01,3.398674358967e-01,6.598852740143e-01,6.598139388925e-01,9.411549066246e-01,9.410862183074e-01,1.167348346570e+00,1.167197827918e+00,1.324968696560e+00,1.324895499750e+00
0.078683834049,3.460422512200e-01,3.460337618311e-01,6.711025122247e-01,6.710308685666e-01,9.553031956381e-01,9.552335601387e-01,1.181511522169e+00,1.181364117841e+00,1.335748649057e+00,1.335675239897e+00
0.080114449213,3.522027413723e-01,3.521930979916e-01,6.822642513282e-01,6.821935800575e-01,9.692774473395e-01,9.692072455292e-01,1.195287493751e+00,1.195148606419e+00,1.345854703002e+00,1.345780501712e+00
0.081545064378,3.583558256704e-01,3.583453199612e-01,6.933696857812e-01,6.933011714367e-01,9.830751521792e-01,9.830047341361e-01,1.208672500092e+00,1.208546838684e+00,1.355281741153e+00,1.355206182325e+00
0.082975679542,3.645012021112e-01,3.644903034672e-01,7.044181168212e-01,7.043527452293e-01,9.966938647207e-01,9.966235176487e-01,1.221663186244e+00,1.221554484506e+00,1.364024936118e+00,1.363947522031e+00
0.084406294707,3.706385835457e-01,3.706279243828e-01,7.154089363857e-01,7.153474084862e-01,1.010131185740e+00,1.010061120244e+00,1.234256520620e+00,1.234167339983e+00,1.372079729198e+00,1.372000106701e+00
0.085836909871,3.767677199795e-01,3.767580587299e-01,7.263416036836e-01,7.262842728570e-01,1.023384741578e+00,1.023315099035e+00,1.246449697945e+00,1.246381328808e+00,1.379441816800e+00,1.379359870008e+00
0.087267525036,3.828884220058e-01,3.828805826818e-01,7.372156160779e-01,7.371624546612e-01,1.036452164492e+00,1.036383044520e+00,1.258240037613e+00,1.258192503578e+00,1.386107149967e+00,1.386023095477e+00
0.088698140200,3.890005821296e-01,3.889953725653e-01,7.480304764304e-01,7.479810749595e-01,1.049331077882e+00,1.049262581014e+00,1.269624887406e+00,1.269597047079e+00,1.392071950527e+00,1.391986418368e+00
0.090128755365,3.951041901040e-01,3.951023048636e-01,7.587856594394e-01,7.587392596255e-01,1.062019089737e+00,1.061951367086e+00,1.280601541780e+00,1.280591273511e+00,1.397332744522e+00,1.397246827371e+00
0.091559370529,4.011993383013e-01,4.012012562186e-01,7.694805797267e-01,7.694361394157e-01,1.074513796458e+00,1.074447095980e+00,1.291167182225e+00,1.291171629684e+00,1.401886410420e+00,1.401801666128e+00
0.092989985694,4.072862137656e-01,4.072921034334e-01,7.801145644690e-01,7.800708500397e-01,1.086812797479e+00,1.086747496038e+00,1.301318844633e+00,1.301334696169e+00,1.405730236676e+00,1.405648634574e+00
0.094420600858,4.133650750212e-01,4.133747234748e-01,7.906868331738e-01,7.906425322307e-01,1.098913719078e+00,1.098850331114e+00,1.311053415550e+00,1.311077188393e+00,1.408861980935e+00,1.408785790098e+00
0.095851216023,4.194362139057e-01,4.194489934757e-01,8.011964867667e-01,8.011503318142e-01,1.110814243800e+00,1.110753400974e+00,1.320367655913e+00,1.320395957713e+00,1.411279921964e+00,1.411211548525e+00
0.097281831187,4.254999054051e-01,4.255147907377e-01,8.116425074824e-01,8.115933997775e-01,1.122512140429e+00,1.122454541704e+00,1.329258247908e+00,1.329287992425e+00,1.412982895537e+00,1.412924684915e+00
0.098712446352,4.315563512794e-01,4.315719927337e-01,8.220237701686e-01,8.219708923378e-01,1.134005288833e+00,1.133951626097e+00,1.337721858091e+00,1.337750418739e+00,1.413970307111e+00,1.413924334183e+00
0.100143061516,4.376056255998e-01,4.376204771101e-01,8.323390645817e-01,8.322819710111e-01,1.145291694508e+00,1.145242564045e+00,1.345755208432e+00,1.345780501712e+00,1.414242117163e+00,1.414209991534e+00
0.101573676681,4.436476315487e-01,4.436601216894e-01,8.425871271666e-01,8.425258026791e-01,1.156369489291e+00,1.156325302913e+00,1.353355146409e+00,1.353375646126e+00,1.413798799162e+00,1.413781512720e+00
0.103004291845,4.496820784318e-01,4.496908044726e-01,8.527666797714e-01,8.527015596574e-01,1.167236917183e+00,1.167197827918e+00,1.360518705930e+00,1.360533397329e+00,1.412641274783e+00,1.412639114110e+00
0.104434907010,4.557084855645e-01,4.557124036418e-01,8.628764718802e-01,8.628084197615e-01,1.177892307080e+00,1.177858162492e+00,1.367243152462e+00,1.367251442032e+00,1.410770835125e+00,1.410783372583e+00
0.105865522175,4.617262156744e-01,4.617247975626e-01,8.729153223615e-01,8.728455663739e-01,1.188334036733e+00,1.188304368643e+00,1.373526008191e+00,1.373527609049e+00,1.408189059623e+00,1.408215225236e+00
0.107296137339,4.677345353323e-01,4.677278647866e-01,8.828821565267e-01,8.828121885097e-01,1.198560493877e+00,1.198534547304e+00,1.379365055846e+00,1.379359870008e+00,1.404897745102e+00,1.404935968911e+00
0.108726752504,4.737326946760e-01,4.737214840535e-01,8.927760345394e-01,8.927074808825e-01,1.208570040925e+00,1.208546838684e+00,1.384758322783e+00,1.384746339997e+00,1.400898855813e+00,1.400947259540e+00
0.110157367668,4.797200144918e-01,4.797055342943e-01,9.025961679201e-01,9.025306439689e-01,1.218360988719e+00,1.218339422601e+00,1.389704049522e+00,1.389685278180e+00,1.396194501572e+00,1.396251111309e+00
0.111587982833,4.856959665897e-01,4.856798946329e-01,9.123419220177e-01,9.122808840737e-01,1.227931583031e+00,1.227910518813e+00,1.394200648900e+00,1.394175088358e+00,1.390786946001e+00,1.390849895641e+00
0.113018597997,4.916602339450e-01,4.916444443891e-01,9.220128037547e-01,9.219574133936e-01,1.237280005176e+00,1.237258387346e+00,1.398246663120e+00,1.398214319483e+00,1.384678641605e+00,1.384746339997e+00
0.114449213162,4.976127402735e-01,4.975990630810e-01,9.316084355555e-01,9.315594500811e-01,1.246404385868e+00,1.246381328808e+00,1.401840726021e+00,1.401801666128e+00,1.377872284045e+00,1.377943526500e+00
0.115879828326,5.035536439282e-01,5.035436304269e-01,9.411285179285e-01,9.410862183074e-01,1.255302829600e+00,1.255277684694e+00,1.404981537006e+00,1.404935968911e+00,1.370370875351e+00,1.370444890379e+00
0.117310443491,5.094832971718e-01,5.094780263487e-01,9.505727845024e-01,9.505369483255e-01,1.263973445743e+00,1.263945837694e+00,1.407667851221e+00,1.407616214865e+00,1.362177785307e+00,1.362254218235e+00
0.118741058655,5.154021777309e-01,5.154021309732e-01,9.599409542306e-01,9.599108765321e-01,1.272414382065e+00,1.272384211983e+00,1.409898488155e+00,1.409841537771e+00,1.353296801650e+00,1.353375646126e+00
0.120171673820,5.213108039483e-01,5.213158246354e-01,9.692326858400e-01,9.692072455292e-01,1.280623856550e+00,1.280591273511e+00,1.411672358043e+00,1.411611218434e+00,1.343732162514e+00,1.343813657479e+00
0.121602288984,5.272096470585e-01,5.272189878806e-01,9.784475393556e-01,9.784253041857e-01,1.288600183876e+00,1.288565530274e+00,1.412988502734e+00,1.412924684915e+00,1.333488568058e+00,1.333573080831e+00
0.123032904149,5.330990538649e-01,5.331115014667e-01,9.875849486986e-01,9.875643076976e-01,1.296341793760e+00,1.296305532597e+00,1.413846145455e+00,1.413781512720e+00,1.322571171708e+00,1.322659087382e+00
0.124463519313,5.389791906291e-01,5.389932463667e-01,9.966442080457e-01,9.966235176487e-01,1.303847239348e+00,1.303809873386e+00,1.414244742358e+00,1.414181424934e+00,1.310985554424e+00,1.311077188393e+00
0.125894134478,5.448500149411e-01,5.448641037713e-01,1.005624473021e+00,1.005602202070e+00,1.311115194962e+00,1.311077188393e+00,1.414184028282e+00,1.414124292309e+00,1.298737687584e+00,1.298833232396e+00
0.127324749642,5.507112775730e-01,5.507239550910e-01,1.014524776092e+00,1.014499635498e+00,1.318144443778e+00,1.318106156458e+00,1.413664049746e+00,1.413610133312e+00,1.285833891306e+00,1.285933402242e+00
0.128755364807,5.565625517228e-01,5.565726819586e-01,1.023344053969e+00,1.023315099035e+00,1.324933857223e+00,1.324895499750e+00,1.412685179811e+00,1.412639114110e+00,1.272280795224e+00,1.272384211983e+00
0.130185979971,5.624032833666e-01,5.624101662316e-01,1.032081183603e+00,1.032047880407e+00,1.331482369006e+00,1.331443984004e+00,1.411248111896e+00,1.411211548525e+00,1.258085308020e+00,1.258192503578e+00
0.131616595136,5.682328541404e-01,5.682362899947e-01,1.040735022618e+00,1.040697274019e+00,1.337788947449e+00,1.337750418739e+00,1.409353832471e+00,1.409327897926e+00,1.243254600329e+00,1.243365443439e+00
0.133047210300,5.740506474198e-01,5.740509355620e-01,1.049304449849e+00,1.049262581014e+00,1.343852569981e+00,1.343813657479e+00,1.407003575478e+00,1.406988771086e+00,1.227796103130e+00,1.227910518813e+00
0.134477825465,5.798561089456e-01,5.798539854795e-01,1.057788401969e+00,1.057743109330e+00,1.349672203230e+00,1.349632597958e+00,1.404198763816e+00,1.404194923979e+00,1.211717520789e+00,1.211835534002e+00
0.135908440629,5.856487950907e-01,5.856453225273e-01,1.066185903006e+00,1.066138173754e+00,1.355246791159e+00,1.355206182325e+00,1.400940944980e+00,1.400947259540e+00,1.195026854822e+00,1.195148606419e+00
0.137339055794,5.914284042527e-01,5.914248297223e-01,1.074496084587e+00,1.074447095980e+00,1.360575252293e+00,1.360533397329e+00,1.397231728719e+00,1.397246827371e+00,1.177732432021e+00,1.177858162492e+00
0.138769670959,5.971947894131e-01,5.971923903202e-01,1.082718195947e+00,1.082669204658e+00,1.365656485681e+00,1.365613274512e+00,1.393072734243e+00,1.393094823404e+00,1.159842929280e+00,1.159972933408e+00
0.140200286123,6.029479522764e-01,6.029478878182e-01,1.090851603865e+00,1.090803835458e+00,1.370489384147e+00,1.370444890379e+00,1.388465553196e+00,1.388492589510e+00,1.141367387913e+00,1.141501950704e+00
0.141630901288,6.086880213327e-01,6.086912059568e-01,1.098895783636e+00,1.098850331114e+00,1.375072852712e+00,1.375027366568e+00,1.383411732497e+00,1.383441613073e+00,1.122315212468e+00,1.122454541704e+00
0.143061516452,6.144152175666e-01,6.144222287230e-01,1.106850302837e+00,1.106808041482e+00,1.379405830099e+00,1.379359870008e+00,1.377912778517e+00,1.377943526500e+00,1.102696152662e+00,1.102840324813e+00
0.144492131617,6.201298123548e-01,6.201408403519e-01,1.114714800018e+00,1.114676323594e+00,1.383487311520e+00,1.383441613073e+00,1.371970181356e+00,1.372000106701e+00,1.082520271287e+00,1.082669204658e+00
0.145922746781,6.258320824173e-01,6.258469253292e-01,1.122488960510e+00,1.122454541704e+00,1.387316371507e+00,1.387271853723e+00,1.365585455483e+00,1.365613274512e+00,1.061797904641e+00,1.061951367086e+00
0.147353361946,6.315222665881e-01,6.315403683938e-01,1.130172491370e+00,1.130142067346e+00,1.390892185832e+00,1.390849895641e+00,1.358760191108e+00,1.358785094073e+00,1.040539624112e+00,1.040697274019e+00
0.148783977110,6.372005287325e-01,6.372210545400e-01,1.137765097198e+00,1.137738279380e+00,1.394214051529e+00,1.394175088358e+00,1.351496109564e+00,1.351517772161e+00,1.018756207424e+00,1.018917658176e+00
0.150214592275,6.428669304088e-01,6.428888690196e-01,1.145266458157e+00,1.145242564045e+00,1.397281403512e+00,1.397246827371e+00,1.343795115779e+00,1.343813657479e+00,9.964586254833e-01,9.966235176487e-01
0.151645207439,6.485214158718e-01,6.485436973447e-01,1.152676211175e+00,1.152654315006e+00,1.400093825598e+00,1.400064554254e+00,1.335659341670e+00,1.335675239897e+00,9.736580465719e-01,9.738261103493e-01
0.153075822604,6.541638107801e-01,6.541854252894e-01,1.159993934990e+00,1.159972933408e+00,1.402651053068e+00,1.402627756760e+00,1.327091175744e+00,1.327105149643e+00,9.503658548313e-01,9.505369483255e-01
0.154506437768,6.597938345318e-01,6.598139388925e-01,1.167219139456e+00,1.167197827918e+00,1.404952963908e+00,1.404935968911e+00,1.318093276214e+00,1.318106156458e+00,9.265936760490e-01,9.267677919475e-01
0.155937052933,6.654111246159e-01,6.654291244599e-01,1.174351259388e+00,1.174328414775e+00,1.406999556635e+00,1.406988771086e+00,1.308668567132e+00,1.308681168698e+00,9.023534018522e-01,9.025306439689e-01
0.157367668097,6.710152698844e-01,6.710308685666e-01,1.181389653078e+00,1.181364117841e+00,1.408790914472e+00,1.408785790098e+00,1.298820219187e+00,1.298833232396e+00,8.776572041083e-01,8.778377434661e-01
0.158798283262,6.766058484347e-01,6.766190580590e-01,1.188333605589e+00,1.188304368643e+00,1.410327158236e+00,1.410326699257e+00,1.288551618550e+00,1.288565530274e+00,8.525175344626e-01,8.527015596574e-01
0.160228898426,6.821824650792e-01,6.821935800575e-01,1.195182336772e+00,1.195148606419e+00,1.411608393146e+00,1.411611218434e+00,1.277866328334e+00,1.277881380720e+00,8.269471085670e-01,8.271347856068e-01
0.161659513591,6.877447833788e-01,6.877543219585e-01,1.201935013872e+00,1.201896278166e+00,1.412634657087e+00,1.412639114110e+00,1.266768047732e+00,1.266784236709e+00,8.009588792944e-01,8.011503318142e-01
0.163090128755,6.932925480183e-01,6.933011714367e-01,1.208590768341e+00,1.208546838684e+00,1.413405878969e+00,1.413410199419e+00,1.255260573740e+00,1.255277684694e+00,7.745660066629e-01,7.747613196962e-01
0.164520743920,6.988255948645e-01,6.988340164476e-01,1.215148716255e+00,1.215099750619e+00,1.413921855144e+00,1.413924334183e+00,1.243347769624e+00,1.243365443439e+00,7.477818332900e-01,7.479810749595e-01
0.165951359084,7.043438481146e-01,7.043527452293e-01,1.221607981402e+00,1.221554484506e+00,1.414182249350e+00,1.414181424934e+00,1.231033543145e+00,1.231051362825e+00,7.206198726351e-01,7.208231208727e-01
0.167381974249,7.098473061275e-01,7.098572463052e-01,1.227967719828e+00,1.227910518813e+00,1.414186617741e+00,1.414181424934e+00,1.218321836285e+00,1.218339422601e+00,6.930938135272e-01,6.933011714367e-01
0.168812589413,7.153360193586e-01,7.153474084862e-01,1.234227144278e+00,1.234167339983e+00,1.413934456068e+00,1.413924334183e+00,1.205216626875e+00,1.205233731098e+00,6.652175395811e-01,6.654291244599e-01
0.170243204578,7.208100648648e-01,7.208231208727e-01,1.240385546800e+00,1.240324442476e+00,1.413425261920e+00,1.413410199419e+00,1.191721941454e+00,1.191738523904e+00,6.370051574612e-01,6.372210545400e-01
0.171673819742,7.262695218752e-01,7.262842728570e-01,1.246442317629e+00,1.246381328808e+00,1.412658602202e+00,1.412639114110e+00,1.177841877707e+00,1.177858162492e+00,6.084710247692e-01,6.086912059568e-01
0.173104434907,7.317144519328e-01,7.317307541256e-01,1.252396958531e+00,1.252337509591e+00,1.411634175087e+00,1.411611218434e+00,1.163580634234e+00,1.163597132812e+00,5.796297674380e-01,5.798539854795e-01
0.174535050072,7.371448854256e-01,7.371624546612e-01,1.258249089000e+00,1.258192503578e+00,1.410351856835e+00,1.410326699257e+00,1.148942544790e+00,1.148960043843e+00,5.504962780564e-01,5.507239550910e-01
0.175965665236,7.425608144168e-01,7.425792647451e-01,1.263998444125e+00,1.263945837694e+00,1.408811726778e+00,1.408785790098e+00,1.133932113755e+00,1.133951626097e+00,5.210856901377e-01,5.213158246354e-01
0.177396280401,7.479621901472e-01,7.479810749595e-01,1.269644863555e+00,1.269597047079e+00,1.407014067652e+00,1.406988771086e+00,1.118554049183e+00,1.118576730100e+00,4.914133281322e-01,4.916444443891e-01
0.178826895565,7.533489228635e-01,7.533677761896e-01,1.275188271700e+00,1.275145675124e+00,1.404959342821e+00,1.404935968911e+00,1.102813289541e+00,1.102840324813e+00,4.614946379738e-01,4.617247975626e-01
0.180257510730,7.587208819295e-01,7.587392596255e-01,1.280628650170e+00,1.280591273511e+00,1.402648155698e+00,1.402627756760e+00,1.086715020207e+00,1.086747496038e+00,4.313451071862e-01,4.315719927337e-01
0.181688125894,7.640778953675e-01,7.640954167651e-01,1.285966004248e+00,1.285933402242e+00,1.400081199542e+00,1.400064554254e+00,1.070264676246e+00,1.070303444765e+00,4.009801862996e-01,4.012012562186e-01
0.183118741059,7.694197495995e-01,7.694361394157e-01,1.291200325955e+00,1.291171629684e+00,1.397259207110e+00,1.397246827371e+00,1.053467928939e+00,1.053513485494e+00,3.704152240930e-01,3.706279243828e-01
0.184549356223,7.747461915851e-01,7.747613196962e-01,1.296331556787e+00,1.296305532597e+00,1.394182909389e+00,1.394175088358e+00,1.036330655246e+00,1.036383044520e+00,3.396654277869e-01,3.398674358967e-01
0.185979971388,7.800569361705e-01,7.800708500397e-01,1.301359553526e+00,1.301334696169e+00,1.390853010694e+00,1.390849895641e+00,1.018858891567e+00,1.018917658176e+00,3.087458559327e-01,3.089353239395e-01
0.187410586552,7.853516808921e-01,7.853646231954e-01,1.306284060465e+00,1.306258714052e+00,1.387270184190e+00,1.387271853723e+00,1.001058775776e+00,1.001122971045e+00,2.776714467866e-01,2.778472083556e-01
0.188841201717,7.906301287270e-01,7.906425322307e-01,1.311104691045e+00,1.311077188393e+00,1.383435087751e+00,1.383441613073e+00,9.829364838839e-01,9.830047341361e-01,2.464570791534e-01,2.466187877666e-01
0.190271816881,7.958920167695e-01,7.959044705335e-01,1.315820921187e+00,1.315789729869e+00,1.379348395921e+00,1.379359870008e+00,9.644981695306e-01,9.645688030251e-01,2.151176569749e-01,2.152658316443e-01
0.191702432046,8.011371462785e-01,8.011503318142e-01,1.320432095599e+00,1.320395957713e+00,1.375010840169e+00,1.375027366568e+00,9.457499152176e-01,9.458211359624e-01,1.836682043473e-01,1.838041723475e-01
0.193133047210,8.063654078174e-01,8.063800101082e-01,1.324937447191e+00,1.324895499750e+00,1.370423247641e+00,1.370444890379e+00,9.266977034396e-01,9.267677919475e-01,1.521239551350e-01,1.522496971267e-01
0.194563662375,8.115767949690e-01,8.115933997775e-01,1.329336128425e+00,1.329287992425e+00,1.365586568541e+00,1.365613274512e+00,9.073474136579e-01,9.074149287706e-01,1.205004215323e-01,1.206183401023e-01
0.195994277539,8.167714016115e-01,8.167903955133e-01,1.333627252200e+00,1.333573080831e+00,1.360501884389e+00,1.360533397329e+00,8.877048475073e-01,8.877688010225e-01,8.881342895133e-02,8.892607421752e-02
0.197424892704,8.219494007841e-01,8.219708923378e-01,1.337809938778e+00,1.337750418739e+00,1.355170393282e+00,1.355206182325e+00,8.677757803185e-01,8.678357580735e-01,5.707911006100e-02,5.718890317292e-02
0.198855507868,8.271110070504e-01,8.271347856068e-01,1.341883364473e+00,1.341819668630e+00,1.349593373200e+00,1.349632597958e+00,8.475660326518e-01,8.476222420207e-01,2.531385771910e-02,2.542285334492e-02
0.200286123033,8.322564280470e-01,8.322819710111e-01,1.345846807401e+00,1.345780501712e+00,1.343772129315e+00,1.343813657479e+00,8.270815518683e-01,8.271347856068e-01,-6.465756367762e-03,-6.356034307115e-03
0.201716738197,8.373858136274e-01,8.374123445792e-01,1.349699685682e+00,1.349632597958e+00,1.337707935130e+00,1.337750418739e+00,8.063284915220e-01,8.063800101082e-01,-3.824308449726e-02,-3.813171234106e-02
0.203147353362,8.424992119751e-01,8.425258026791e-01,1.353441583999e+00,1.353375646126e+00,1.331401979220e+00,1.331443984004e+00,7.853132760209e-01,7.853646231954e-01,-7.000151096977e-02,-6.988813493557e-02
0.204577968526,8.475965410226e-01,8.476222420207e-01,1.357072265514e+00,1.357009343781e+00,1.324855328957e+00,1.324895499750e+00,7.640426397394e-01,7.640954167651e-01,-1.017245482435e-01,-1.016092659927e-01
0.206008583691,8.526775807006e-01,8.527015596574e-01,1.360591667513e+00,1.360533397329e+00,1.318068919843e+00,1.318106156458e+00,7.425236333744e-01,7.425792647451e-01,-1.333959067149e-01,-1.332790872359e-01
0.207439198856,8.577419876222e-01,8.577636529885e-01,1.363999880895e+00,1.363947522031e+00,1.311043574584e+00,1.311077188393e+00,7.207635952785e-01,7.208231208727e-01,-1.649995286218e-01,-1.648816062984e-01
0.208869814020,8.627893296522e-01,8.628084197615e-01,1.367297115320e+00,1.367251442032e+00,1.303780050544e+00,1.303809873386e+00,6.987700909893e-01,6.988340164476e-01,-1.965195831871e-01,-1.964008647994e-01
0.210300429185,8.678191343101e-01,8.678357580735e-01,1.370483653496e+00,1.370444890379e+00,1.296279108891e+00,1.296305532597e+00,6.765508293082e-01,6.766190580590e-01,-2.279404270792e-01,-2.278209464020e-01
0.211731044349,8.728309427674e-01,8.728455663739e-01,1.373559799310e+00,1.373527609049e+00,1.288541594498e+00,1.288565530274e+00,6.541135671960e-01,6.541854252894e-01,-2.592465402964e-01,-2.591259848511e-01
0.213161659514,8.778243606627e-01,8.778377434661e-01,1.376525825254e+00,1.376499348963e+00,1.280568513363e+00,1.280591273511e+00,6.314660177751e-01,6.315403683938e-01,-2.904224516127e-01,-2.903001719851e-01
0.214592274678,8.827990980113e-01,8.828121885097e-01,1.379381924722e+00,1.379359870008e+00,1.272361094318e+00,1.272384211983e+00,6.086157754993e-01,6.086912059568e-01,-3.214526690942e-01,-3.213277657185e-01
0.216022889843,8.877549927773e-01,8.877688010225e-01,1.382128174123e+00,1.382108941059e+00,1.263920824173e+00,1.263945837694e+00,5.855702700534e-01,5.856453225273e-01,-3.523216297151e-01,-3.521930979916e-01
0.217453505007,8.926920156342e-01,8.927074808825e-01,1.384764508646e+00,1.384746339997e+00,1.255249449740e+00,1.255277684694e+00,5.623367561611e-01,5.624101662316e-01,-3.830136781245e-01,-3.828805826818e-01
0.218884120172,8.976102564879e-01,8.976281283298e-01,1.387290713830e+00,1.387271853723e+00,1.246348945728e+00,1.246381328808e+00,5.389223408796e-01,5.389932463667e-01,-4.135130789004e-01,-4.133747234748e-01
0.220314735336,9.025098959344e-01,9.025306439689e-01,1.389706433238e+00,1.389685278180e+00,1.237221453204e+00,1.237258387346e+00,5.153340440324e-01,5.154021309732e-01,-4.438040602576e-01,-4.436601216894e-01
0.221745350501,9.073911666371e-01,9.074149287706e-01,1.392011190687e+00,1.391986418368e+00,1.227869198347e+00,1.227910518813e+00,4.915788821216e-01,4.916444443891e-01,-4.738708813492e-01,-4.737214840535e-01
0.223175965665,9.122543104744e-01,9.122808840737e-01,1.394204423834e+00,1.394175088358e+00,1.218294404504e+00,1.218339422601e+00,4.676639622374e-01,4.677278647866e-01,-5.036979110822e-01,-5.035436304269e-01
0.224606580830,9.170995372512e-01,9.171284115876e-01,1.396285524842e+00,1.396251111309e+00,1.208499211667e+00,1.208546838684e+00,4.435965707782e-01,4.436601216894e-01,-5.332697045404e-01,-5.331115014667e-01
0.226037195994,9.219269899511e-01,9.219574133936e-01,1.398253883219e+00,1.398214319483e+00,1.198485616112e+00,1.198534547304e+00,4.193842425241e-01,4.194489934757e-01,-5.625710639777e-01,-5.624101662316e-01
0.227467811159,9.267367201671e-01,9.267677919475e-01,1.400108926087e+00,1.400064554254e+00,1.188255439424e+00,1.188304368643e+00,3.950347986839e-01,3.951023048636e-01,-5.915870746974e-01,-5.914248297223e-01
0.228898426323,9.315286757434e-01,9.315594500811e-01,1.401850151746e+00,1.401801666128e+00,1.177810331097e+00,1.177858162492e+00,3.705563474985e-01,3.706279243828e-01,-6.203031112636e-01,-6.201408403519e-01
0.230329041488,9.363027010356e-01,9.363322910043e-01,1.403477153594e+00,1.403425514748e+00,1.167151803331e+00,1.167197827918e+00,3.459572470245e-01,3.460337618311e-01,-6.487048153764e-01,-6.485436973447e-01
0.231759656652,9.410585487291e-01,9.410862183074e-01,1.404989632849e+00,1.404935968911e+00,1.156281291469e+00,1.156325302913e+00,3.212460358429e-01,3.213277657185e-01,-6.767780522009e-01,-6.766190580590e-01
0.233190271817,9.457959009865e-01,9.458211359624e-01,1.406387400036e+00,1.406332906573e+00,1.145200229729e+00,1.145242564045e+00,2.964313425988e-01,2.965179206979e-01,-7.045088559479e-01,-7.043527452293e-01
0.234620886981,9.505143968951e-01,9.505369483255e-01,1.407670366549e+00,1.407616214865e+00,1.133910129995e+00,1.133951626097e+00,2.715217885814e-01,2.716122449850e-01,-7.318833773231e-01,-7.317307541256e-01
0.236051502146,9.552136627805e-01,9.552335601387e-01,1.408838528653e+00,1.408785790098e+00,1.122412651645e+00,1.122454541704e+00,2.465258984231e-01,2.466187877666e-01,-7.588878448410e-01,-7.587392596255e-01
0.237482117310,9.598933419347e-01,9.599108765321e-01,1.409891946944e+00,1.409841537771e+00,1.110709652572e+00,1.110753400974e+00,2.214520323103e-01,2.215456265994e-01,-7.855085491400e-01,-7.853646231954e-01
0.238912732475,9.645531206417e-01,9.645688030251e-01,1.410830724435e+00,1.410783372583e+00,1.098803215091e+00,1.098850331114e+00,1.963083491848e-01,1.964008647994e-01,-8.117318549733e-01,-8.115933997775e-01
0.240343347639,9.691927480086e-01,9.692072455292e-01,1.411654986157e+00,1.411611218434e+00,1.086695644662e+00,1.086747496038e+00,1.711028050378e-01,1.711926288228e-01,-8.375442403734e-01,-8.374123445792e-01
0.241773962804,9.738120479554e-01,9.738261103493e-01,1.412364862539e+00,1.412325008435e+00,1.074389443563e+00,1.074447095980e+00,1.458431845646e-01,1.459290656400e-01,-8.629323575567e-01,-8.628084197615e-01
0.243204577969,9.784109226838e-01,9.784253041857e-01,1.412960477886e+00,1.412924684915e+00,1.061887265055e+00,1.061951367086e+00,1.205371592033e-01,1.206183401023e-01,-8.878831063183e-01,-8.877688010225e-01
0.244635193133,9.829893479319e-01,9.830047341361e-01,1.413441944328e+00,1.413410199419e+00,1.049191855894e+00,1.049262581014e+00,9.519236081494e-02,9.526863230346e-02,-9.123837085625e-01,-9.122808840737e-01
0.246065808298,9.875473612106e-01,9.875643076976e-01,1.413809360634e+00,1.413781512720e+00,1.036305995901e+00,1.036383044520e+00,6.981645850915e-02,6.988813493557e-02,-9.364217724866e-01,-9.363322910043e-01
0.247496423462,9.920850449081e-01,9.921039327681e-01,1.414062814567e+00,1.414038594816e+00,1.023232442842e+00,1.023315099035e+00,4.441722651855e-02,4.448505064159e-02,-9.599853366991e-01,-9.599108765321e-01
0.248927038627,9.966025065521e-01,9.966235176487e-01,1.414202386947e+00,1.414181424934e+00,1.009973889290e+00,1.010061120244e+00,1.900259330642e-02,1.906758936430e-02,-9.830628878029e-01,-9.830047341361e-01
0.250357653791,1.001099858600e+00,1.001122971045e+00,1.414228155552e+00,1.414209991534e+00,9.965329357736e-01,9.966235176487e-01,-6.419334292301e-03,-6.356034307115e-03,-1.005643349099e+00,-1.005602202070e+00
0.251788268956,1.005577199886e+00,1.005602202070e+00,1.414140197159e+00,1.414124292309e+00,9.829120818698e-01,9.830047341361e-01,-3.184027386137e-02,-3.177760379183e-02,-1.027716042369e+00,-1.027691869249e+00
0.253218884120,1.010034600351e+00,1.010061120244e+00,1.413938586634e+00,1.413924334183e+00,9.691137343267e-01,9.692072455292e-01,-5.725179495085e-02,-5.718890317292e-02,-1.049270628508e+00,-1.049262581014e+00
0.254649499285,1.014472090048e+00,1.014499635498e+00,1.413623392714e+00,1.413610133312e+00,9.551402291289e-01,9.552335601387e-01,-8.264536577743e-02,-8.258171985263e-02,-1.070297035551e+00,-1.070303444765e+00
0.256080114449,1.018889652724e+00,1.018917658176e+00,1.413194670979e+00,1.413181715082e+00,9.409938629689e-01,9.410862183074e-01,-1.080124111813e-01,-1.079478472065e-01,-1.090785384061e+00,-1.090803835458e+00
0.257510729614,1.023287223724e+00,1.023315099035e+00,1.412652455279e+00,1.412639114110e+00,9.266769288889e-01,9.267677919475e-01,-1.333443730033e-01,-1.332790872359e-01,-1.110725919791e+00,-1.110753400974e+00
0.258941344778,1.027664691567e+00,1.027691869249e+00,1.411996749467e+00,1.411982374236e+00,9.121917509698e-01,9.122808840737e-01,-1.586327644584e-01,-1.585672532171e-01,-1.130108962123e+00,-1.130142067346e+00
0.260371959943,1.032021902413e+00,1.032047880407e+00,1.411227521519e+00,1.411211548525e+00,8.975407137317e-01,8.976281283298e-01,-1.838692116558e-01,-1.838041723475e-01,-1.148924874354e+00,-1.148960043843e+00
0.261802575107,1.036358666664e+00,1.036383044520e+00,1.410344702010e+00,1.410326699257e+00,8.827262831921e-01,8.828121885097e-01,-2.090454778312e-01,-2.089816883866e-01,-1.167164058784e+00,-1.167197827918e+00
0.263233190272,1.040674767154e+00,1.040697274019e+00,1.409348188386e+00,1.409327897926e+00,8.677510180757e-01,8.678357580735e-01,-2.341534686839e-01,-2.340916642925e-01,-1.184816976341e+00,-1.184846210004e+00
0.264663805436,1.044969968573e+00,1.044990481757e+00,1.408237855638e+00,1.408215225236e+00,8.526175712216e-01,8.527015596574e-01,-2.591852200344e-01,-2.591259848511e-01,-1.201874187508e+00,-1.201896278166e+00
0.266094420601,1.049244027928e+00,1.049262581014e+00,1.407013572966e+00,1.406988771086e+00,8.373286825784e-01,8.374123445792e-01,-2.841328714115e-01,-2.840765592993e-01,-1.218326409047e+00,-1.218339422601e+00
0.267525035765,1.053496705833e+00,1.053513485494e+00,1.405675224900e+00,1.405648634574e+00,8.218871661412e-01,8.219708923378e-01,-3.089886308537e-01,-3.089353239395e-01,-1.234164579617e+00,-1.234167339983e+00
0.268955650930,1.057727778278e+00,1.057743109330e+00,1.404222734483e+00,1.404194923979e+00,8.062958936771e-01,8.063800101082e-01,-3.337447369670e-01,-3.336942447461e-01,-1.249379927009e+00,-1.249372037662e+00
0.270386266094,1.061937048220e+00,1.061951367086e+00,1.402656085430e+00,1.402627756760e+00,7.905577780905e-01,7.906425322307e-01,-3.583934241032e-01,-3.583453199612e-01,-1.263964030323e+00,-1.263945837694e+00
0.271816881259,1.066124356046e+00,1.066138173754e+00,1.400975340013e+00,1.400947259540e+00,7.746757588732e-01,7.747613196962e-01,-3.829268955004e-01,-3.828805826818e-01,-1.277908871751e+00,-1.277881380720e+00
0.273247496423,1.070289587689e+00,1.070303444765e+00,1.399180649733e+00,1.399153568101e+00,7.586527913688e-01,7.587392596255e-01,-4.073373076104e-01,-4.072921034334e-01,-1.291206874537e+00,-1.291171629684e+00
0.274678111588,1.074432679094e+00,1.074447095980e+00,1.397272256589e+00,1.397246827371e+00,7.424918407193e-01,7.425792647451e-01,-4.316167669205e-01,-4.315719927337e-01,-1.303850925764e+00,-1.303809873386e+00
0.276108726753,1.078553615927e+00,1.078569043698e+00,1.395250483949e+00,1.395227191411e+00,7.261958804988e-01,7.262842728570e-01,-4.557573386877e-01,-4.557124036418e-01,-1.315834384658e+00,-1.315789729869e+00
0.277539341917,1.082652427831e+00,1.082669204658e+00,1.393115717467e+00,1.393094823404e+00,7.097678952974e-01,7.098572463052e-01,-4.797510654489e-01,-4.797055342943e-01,-1.327151078775e+00,-1.327105149643e+00
0.278969957082,1.086729177233e+00,1.086747496038e+00,1.390868377910e+00,1.390849895641e+00,6.932108859997e-01,6.933011714367e-01,-5.035899921378e-01,-5.035436304269e-01,-1.337795291548e+00,-1.337750418739e+00
0.280400572246,1.090783943487e+00,1.090803835458e+00,1.388508889115e+00,1.388492589510e+00,6.765278762348e-01,6.766190580590e-01,-5.272661942405e-01,-5.272189878806e-01,-1.347761745237e+00,-1.347720161599e+00
0.281831187411,1.094816803994e+00,1.094838140980e+00,1.386037645187e+00,1.386023095477e+00,6.597219184789e-01,6.598139388925e-01,-5.507718056016e-01,-5.507239550910e-01,-1.357045583121e+00,-1.357009343781e+00
0.283261802575,1.098827814578e+00,1.098850331114e+00,1.383454981452e+00,1.383441613073e+00,6.427960985057e-01,6.428888690196e-01,-5.740990431228e-01,-5.740509355620e-01,-1.365642354084e+00,-1.365613274512e+00
0.284692417740,1.102816991764e+00,1.102840324813e+00,1.380761153463e+00,1.380748350876e+00,6.257535372631e-01,6.258469253292e-01,-5.972402264582e-01,-5.971923903202e-01,-1.373548001562e+00,-1.373527609049e+00
0.286123032904,1.106784299636e+00,1.106808041482e+00,1.377956327465e+00,1.377943526500e+00,6.085973897159e-01,6.086912059568e-01,-6.201877916945e-01,-6.201408403519e-01,-1.380758857409e+00,-1.380748350876e+00
0.287553648069,1.110729643431e+00,1.110753400974e+00,1.375040584331e+00,1.375027366568e+00,5.913308406666e-01,5.914248297223e-01,-6.429342987378e-01,-6.428888690196e-01,-1.387271639798e+00,-1.387271853723e+00
0.288984263233,1.114652871262e+00,1.114676323594e+00,1.372013937164e+00,1.372000106701e+00,5.739570979813e-01,5.740509355620e-01,-6.654724326347e-01,-6.654291244599e-01,-1.393083453063e+00,-1.393094823404e+00
0.290414878398,1.118553784159e+00,1.118576730100e+00,1.368876360828e+00,1.368861991498e+00,5.564793839668e-01,5.565726819586e-01,-6.877949993523e-01,-6.877543219585e-01,-1.398191786526e+00,-1.398214319483e+00
0.291845493562,1.122432153405e+00,1.122454541704e+00,1.365627829844e+00,1.365613274512e+00,5.389009258315e-01,5.389932463667e-01,-7.098949167319e-01,-7.098572463052e-01,-1.402594509127e+00,-1.402627756760e+00
0.293276108727,1.126287742944e+00,1.126309680077e+00,1.362268359698e+00,1.362254218235e+00,5.212249462312e-01,5.213158246354e-01,-7.317652015465e-01,-7.317307541256e-01,-1.406289857038e+00,-1.406332906573e+00
0.294706723891,1.130120333749e+00,1.130142067346e+00,1.358798045790e+00,1.358785094073e+00,5.034546548545e-01,5.035436304269e-01,-7.533989539233e-01,-7.533677761896e-01,-1.409276412439e+00,-1.409327897926e+00
0.296137339056,1.133929746566e+00,1.133951626097e+00,1.355217094323e+00,1.355206182325e+00,4.855932418756e-01,4.856798946329e-01,-7.747893408588e-01,-7.747613196962e-01,-1.411553073195e+00,-1.411611218434e+00
0.297567954220,1.137715859532e+00,1.137738279380e+00,1.351525840212e+00,1.351517772161e+00,4.676438739387e-01,4.677278647866e-01,-7.959295810390e-01,-7.959044705335e-01,-1.413119015049e+00,-1.413181715082e+00
0.298998569385,1.141478617801e+00,1.141501950704e+00,1.347724748767e+00,1.347720161599e+00,4.496096931592e-01,4.496908044726e-01,-8.168129334918e-01,-8.167903955133e-01,-1.413973649948e+00,-1.414038594816e+00
0.300429184549,1.145218033404e+00,1.145242564045e+00,1.343814400052e+00,1.343813657479e+00,4.314938194718e-01,4.315719927337e-01,-8.374326925201e-01,-8.374123445792e-01,-1.414116585839e+00,-1.414181424934e+00
0.301859799714,1.148934174978e+00,1.148960043843e+00,1.339795457309e+00,1.339798575441e+00,4.132993565309e-01,4.133747234748e-01,-8.577821907150e-01,-8.577636529885e-01,-1.413547594572e+00,-1.413610133312e+00
0.303290414878,1.152627148534e+00,1.152654315006e+00,1.335668623214e+00,1.335675239897e+00,3.950294012514e-01,3.951023048636e-01,-8.778548106284e-01,-8.778377434661e-01,-1.412266594906e+00,-1.412325008435e+00
0.304721030043,1.156297071806e+00,1.156325302913e+00,1.331434589712e+00,1.331443984004e+00,3.766870569468e-01,3.767580587299e-01,-8.976440040337e-01,-8.976281283298e-01,-1.410273657013e+00,-1.410326699257e+00
0.306151645207,1.159944045778e+00,1.159972933408e+00,1.327093988313e+00,1.327105149643e+00,3.582754498036e-01,3.583453199612e-01,-9.171433159755e-01,-9.171284115876e-01,-1.407569033069e+00,-1.407616214865e+00
0.307582260372,1.163568127536e+00,1.163597132812e+00,1.322647347975e+00,1.322659087382e+00,3.397977480859e-01,3.398674358967e-01,-9.363464094054e-01,-9.363322910043e-01,-1.404153215552e+00,-1.404194923979e+00
0.309012875536,1.167169308527e+00,1.167197827918e+00,1.318095066820e+00,1.318106156458e+00,3.212571829455e-01,3.213277657185e-01,-9.552470855309e-01,-9.552335601387e-01,-1.400027020964e+00,-1.400064554254e+00
0.310443490701,1.170747501669e+00,1.170774945991e+00,1.313437402084e+00,1.313446724738e+00,3.026570690482e-01,3.027296798413e-01,-9.738392953021e-01,-9.738261103493e-01,-1.395191692212e+00,-1.395227191411e+00
0.311874105866,1.174302539532e+00,1.174328414775e+00,1.308674480245e+00,1.308681168698e+00,2.840008225080e-01,2.840765592993e-01,-9.921171387849e-01,-9.921039327681e-01,-1.389649008484e+00,-1.389685278180e+00
0.313304721030,1.177834184266e+00,1.177858162492e+00,1.303806326351e+00,1.303809873386e+00,2.652919730171e-01,2.653717951318e-01,-1.010074851286e+00,-1.010061120244e+00,-1.383401387880e+00,-1.383441613073e+00
0.314735336195,1.181342148221e+00,1.181364117841e+00,1.298832908868e+00,1.298833232396e+00,2.465341668155e-01,2.466187877666e-01,-1.027706777647e+00,-1.027691869249e+00,-1.376451966265e+00,-1.376499348963e+00
0.316165951359,1.184826122566e+00,1.184846210004e+00,1.293754194112e+00,1.293751647831e+00,2.277311574918e-01,2.278209464020e-01,-1.045007338596e+00,-1.044990481757e+00,-1.368804636475e+00,-1.368861991498e+00
0.317596566524,1.188285809892e+00,1.188304368643e+00,1.288570202924e+00,1.288565530274e+00,2.088867827207e-01,2.089816883866e-01,-1.061970994957e+00,-1.061951367086e+00,-1.360464035787e+00,-1.360533397329e+00
0.319027181688,1.191720956081e+00,1.191738523904e+00,1.283281061860e+00,1.283275298757e+00,1.900049269332e-01,1.901044385986e-01,-1.078592216506e+00,-1.078569043698e+00,-1.351435476271e+00,-1.351517772161e+00
0.320457796853,1.195131376656e+00,1.195148606419e+00,1.277887041904e+00,1.277881380720e+00,1.710894723866e-01,1.711926288228e-01,-1.094865462112e+00,-1.094838140980e+00,-1.341724821600e+00,-1.341819668630e+00
0.321888412017,1.198516973560e+00,1.198534547304e+00,1.272388579322e+00,1.272384211983e+00,1.521442437155e-01,1.522496971267e-01,-1.110785176479e+00,-1.110753400974e+00,-1.331338323641e+00,-1.331443984004e+00
0.323319027182,1.201877739701e+00,1.201896278166e+00,1.266786275683e+00,1.266784236709e+00,1.331729532452e-01,1.332790872359e-01,-1.126345806567e+00,-1.126309680077e+00,-1.320282440665e+00,-1.320395957713e+00
0.324749642346,1.205213750435e+00,1.205233731098e+00,1.261080876872e+00,1.261081907367e+00,1.141791555272e-01,1.142842479075e-01,-1.141541837854e+00,-1.141501950704e+00,-1.308563664335e+00,-1.308681168698e+00
0.326180257511,1.208525143232e+00,1.208546838684e+00,1.255273233704e+00,1.255277684694e+00,9.516621927809e-02,9.526863230346e-02,-1.156367847503e+00,-1.156325302913e+00,-1.296188383127e+00,-1.296305532597e+00
0.327610872675,1.211812088606e+00,1.211835534002e+00,1.249364249273e+00,1.249372037662e+00,7.613732300915e-02,7.623569736275e-02,-1.170818568615e+00,-1.170774945991e+00,-1.283162805057e+00,-1.283275298757e+00
0.329041487840,1.215074756780e+00,1.215099750619e+00,1.243354820004e+00,1.243365443439e+00,5.709547734432e-02,5.718890317292e-02,-1.184888957560e+00,-1.184846210004e+00,-1.269492953114e+00,-1.269597047079e+00
0.330472103004,1.218313285198e+00,1.218339422601e+00,1.237245778336e+00,1.237258387346e+00,3.804357286395e-02,3.813171234106e-02,-1.198574255174e+00,-1.198534547304e+00,-1.255184734473e+00,-1.255277684694e+00
0.331902718169,1.221527751779e+00,1.221554484506e+00,1.231037844884e+00,1.231051362825e+00,1.898444805234e-02,1.906758936430e-02,-1.211870032646e+00,-1.211835534002e+00,-1.240244072029e+00,-1.240324442476e+00
0.333333333333,1.224718157765e+00,1.224744871392e+00,1.224731596816e+00,1.224744871392e+00,-7.903164525222e-05,1.731912112471e-16,-1.224772214323e+00,-1.224744871392e+00,-1.224677076490e+00,-1.224744871392e+00
0.334763948498,1.227884422394e+00,1.227910518813e+00,1.218327457102e+00,1.218339422601e+00,-1.914389485245e-02,-1.906758936430e-02,-1.237277072295e+00,-1.237258387346e+00,-1.208490231313e+00,-1.208546838684e+00
0.336194563662,1.231026389637e+00,1.231051362825e+00,1.211825706491e+00,1.211835534002e+00,-3.820699698514e-02,-3.813171234106e-02,-1.249381191265e+00,-1.249372037662e+00,-1.191690562047e+00,-1.191738523904e+00
0.337625178827,1.234143845337e+00,1.234167339983e+00,1.205226516969e+00,1.205233731098e+00,-5.726497479623e-02,-5.718890317292e-02,-1.261081406434e+00,-1.261081907367e+00,-1.174285765894e+00,-1.174328414775e+00
0.339055793991,1.237236541517e+00,1.237258387346e+00,1.198530002296e+00,1.198534547304e+00,-7.631422973949e-02,-7.623569736275e-02,-1.272374721325e+00,-1.272384211983e+00,-1.156284285226e+00,-1.156325302913e+00
0.340486409156,1.240304223746e+00,1.240324442476e+00,1.191736278660e+00,1.191738523904e+00,-9.535094289494e-02,-9.526863230346e-02,-1.283258216052e+00,-1.283275298757e+00,-1.137695318597e+00,-1.137738279380e+00
0.341917024320,1.243346657207e+00,1.243365443439e+00,1.184845526782e+00,1.184846210004e+00,-1.143711195367e-01,-1.142842479075e-01,-1.293728958744e+00,-1.293751647831e+00,-1.118528772447e+00,-1.118576730100e+00
0.343347639485,1.246363647705e+00,1.246381328808e+00,1.177858046389e+00,1.177858162492e+00,-1.333706571330e-01,-1.332790872359e-01,-1.303783933325e+00,-1.303809873386e+00,-1.098795164651e+00,-1.098850331114e+00
0.344778254649,1.249355054910e+00,1.249372037662e+00,1.170774294832e+00,1.170774945991e+00,-1.523454273374e-01,-1.522496971267e-01,-1.313419995181e+00,-1.313446724738e+00,-1.078505496291e+00,-1.078569043698e+00
0.346208869814,1.252320796581e+00,1.252337509591e+00,1.163594903920e+00,1.163597132812e+00,-1.712913608396e-01,-1.711926288228e-01,-1.322633862605e+00,-1.322659087382e+00,-1.057671110180e+00,-1.057743109330e+00
0.347639484979,1.255260844014e+00,1.255277684694e+00,1.156320672193e+00,1.156325302913e+00,-1.902045239723e-01,-1.901044385986e-01,-1.331422146726e+00,-1.331443984004e+00,-1.036303553963e+00,-1.036383044520e+00
0.349070100143,1.258175210302e+00,1.258192503578e+00,1.148952533656e+00,1.148960043843e+00,-2.090811775961e-01,-2.089816883866e-01,-1.339781416557e+00,-1.339798575441e+00,-1.014414462747e+00,-1.014499635498e+00
0.350500715308,1.261063933978e+00,1.261081907367e+00,1.141491507593e+00,1.141501950704e+00,-2.279178116257e-01,-2.278209464020e-01,-1.347708290018e+00,-1.347720161599e+00,-9.920154718591e-01,-9.921039327681e-01
0.351931330472,1.263927061073e+00,1.263945837694e+00,1.133938637076e+00,1.133951626097e+00,-2.467111520781e-01,-2.466187877666e-01,-1.355199537144e+00,-1.355206182325e+00,-9.691181654708e-01,-9.692072455292e-01
0.353361945637,1.266764628661e+00,1.266784236709e+00,1.126294925469e+00,1.126309680077e+00,-2.654581411522e-01,-2.653717951318e-01,-1.362252179245e+00,-1.362254218235e+00,-9.457340620461e-01,-9.458211359624e-01
0.354792560801,1.269576652420e+00,1.269597047079e+00,1.118561280488e+00,1.118576730100e+00,-2.841558940803e-01,-2.840765592993e-01,-1.368863567977e+00,-1.368861991498e+00,-9.218746334720e-01,-9.219574133936e-01
0.356223175966,1.272363119916e+00,1.272384211983e+00,1.110738474025e+00,1.110753400974e+00,-3.028016389574e-01,-3.027296798413e-01,-1.375031431282e+00,-1.375027366568e+00,-8.975513516326e-01,-8.976281283298e-01
0.357653791130,1.275123990208e+00,1.275145675124e+00,1.102827123340e+00,1.102840324813e+00,-3.213926472617e-01,-3.213277657185e-01,-1.380753878491e+00,-1.380748350876e+00,-8.727757542396e-01,-8.728455663739e-01
0.359084406295,1.277859199263e+00,1.277881380720e+00,1.094827695763e+00,1.094838140980e+00,-3.399261632694e-01,-3.398674358967e-01,-1.386029363715e+00,-1.386023095477e+00,-8.475595209252e-01,-8.476222420207e-01
0.360515021459,1.280568669669e+00,1.280591273511e+00,1.086740535348e+00,1.086747496038e+00,-3.583993401259e-01,-3.583453199612e-01,-1.390856613810e+00,-1.390849895641e+00,-8.219145508192e-01,-8.219708923378e-01
0.361945636624,1.283252322415e+00,1.283275298757e+00,1.078565906662e+00,1.078569043698e+00,-3.768091891134e-01,-3.767580587299e-01,-1.395234533397e+00,-1.395227191411e+00,-7.958530338492e-01,-7.959044705335e-01
0.363376251788,1.285910088220e+00,1.285933402242e+00,1.070304048494e+00,1.070303444765e+00,-3.951525468605e-01,-3.951023048636e-01,-1.399162103585e+00,-1.399153568101e+00,-7.693875095822e-01,-7.694361394157e-01
0.364806866953,1.288541916031e+00,1.288565530274e+00,1.061955229161e+00,1.061951367086e+00,-4.134260630919e-01,-4.133747234748e-01,-1.402638292388e+00,-1.402627756760e+00,-7.425309093073e-01,-7.425792647451e-01
0.366237482117,1.291147776897e+00,1.291171629684e+00,1.053519795372e+00,1.053513485494e+00,-4.316262092485e-01,-4.315719927337e-01,-1.405661993076e+00,-1.405648634574e+00,-7.152965790254e-01,-7.153474084862e-01
0.367668097282,1.293727662311e+00,1.293751647831e+00,1.044998208104e+00,1.044990481757e+00,-4.497493061388e-01,-4.496908044726e-01,-1.408232002089e+00,-1.408215225236e+00,-6.876982828588e-01,-6.877543219585e-01
0.369098712446,1.296281577203e+00,1.296305532597e+00,1.036391061377e+00,1.036383044520e+00,-4.677915669102e-01,-4.677278647866e-01,-1.410347041511e+00,-1.410326699257e+00,-6.597501880109e-01,-6.598139388925e-01
0.370529327611,1.298809528811e+00,1.298833232396e+00,1.027699082735e+00,1.027691869249e+00,-4.857491502316e-01,-4.856798946329e-01,-1.412005823441e+00,-1.411982374236e+00,-6.314668336816e-01,-6.315403683938e-01
0.371959942775,1.301311513458e+00,1.301334696169e+00,1.018923117113e+00,1.018917658176e+00,-5.036182177785e-01,-5.035436304269e-01,-1.413207146329e+00,-1.413181715082e+00,-6.028630872531e-01,-6.029478878182e-01
0.373390557940,1.303787503730e+00,1.303809873386e+00,1.010064098131e+00,1.010061120244e+00,-5.213949899684e-01,-5.213158246354e-01,-1.413950007695e+00,-1.413924334183e+00,-5.739540915732e-01,-5.740509355620e-01
0.374821173104,1.306237438522e+00,1.306258714052e+00,1.001123012436e+00,1.001122971045e+00,-5.390757944040e-01,-5.389932463667e-01,-1.414233714544e+00,-1.414209991534e+00,-5.447552073017e-01,-5.448641037713e-01
0.376251788269,1.308661217986e+00,1.308681168698e+00,9.921008631959e-01,9.921039327681e-01,-5.566571025508e-01,-5.565726819586e-01,-1.414057972902e+00,-1.414038594816e+00,-5.152819540747e-01,-5.154021309732e-01
0.377682403433,1.311058704528e+00,1.311077188393e+00,9.829986383395e-01,9.830047341361e-01,-5.741355516663e-01,-5.740509355620e-01,-1.413422941146e+00,-1.413410199419e+00,-4.855499537524e-01,-4.856798946329e-01
0.379113018598,1.313429730048e+00,1.313446724738e+00,9.738172877390e-01,9.738261103493e-01,-5.915079507082e-01,-5.914248297223e-01,-1.412329237635e+00,-1.412325008435e+00,-4.555748783207e-01,-4.557124036418e-01
0.380543633763,1.315774108501e+00,1.315789729869e+00,9.645577115313e-01,9.645688030251e-01,-6.087712706878e-01,-6.086912059568e-01,-1.410777900664e+00,-1.410783372583e+00,-4.253724042503e-01,-4.255147907377e-01
0.381974248927,1.318091652005e+00,1.318106156458e+00,9.552207595795e-01,9.552335601387e-01,-6.259226214993e-01,-6.258469253292e-01,-1.408770306483e+00,-1.408785790098e+00,-3.949581743768e-01,-3.951023048636e-01
0.383404864092,1.320382188153e+00,1.320395957713e+00,9.458072400425e-01,9.458211359624e-01,-6.429592185147e-01,-6.428888690196e-01,-1.406308057917e+00,-1.406332906573e+00,-3.643477677989e-01,-3.644903034672e-01
0.384835479256,1.322645575976e+00,1.322659087382e+00,9.363179334919e-01,9.363322910043e-01,-6.598783430734e-01,-6.598139388925e-01,-1.403392860685e+00,-1.403425514748e+00,-3.335566779581e-01,-3.336942447461e-01
0.386266094421,1.324881718258e+00,1.324895499750e+00,9.267536082505e-01,9.267677919475e-01,-6.766773013810e-01,-6.766190580590e-01,-1.400026406203e+00,-1.400064554254e+00,-3.026002990026e-01,-3.027296798413e-01
0.387696709585,1.327090568433e+00,1.327105149643e+00,9.171150327197e-01,9.171284115876e-01,-6.933533862566e-01,-6.933011714367e-01,-1.396210278249e+00,-1.396251111309e+00,-2.714939206935e-01,-2.716122449850e-01
0.389127324750,1.329272131142e+00,1.329287992425e+00,9.074029813948e-01,9.074149287706e-01,-7.099038456708e-01,-7.098572463052e-01,-1.391945896672e+00,-1.391986418368e+00,-2.402527323636e-01,-2.403576536044e-01
0.390557939914,1.331426456415e+00,1.331443984004e+00,8.976182328670e-01,8.976281283298e-01,-7.263258611494e-01,-7.262842728570e-01,-1.387234505165e+00,-1.387271853723e+00,-2.088918366141e-01,-2.089816883866e-01
0.391988555079,1.333553628360e+00,1.333573080831e+00,8.877615600837e-01,8.877688010225e-01,-7.426165379559e-01,-7.425792647451e-01,-1.382077203047e+00,-1.382108941059e+00,-1.774262733610e-01,-1.775001933094e-01
0.393419170243,1.335653749979e+00,1.335675239897e+00,8.778337151399e-01,8.778377434661e-01,-7.587729076037e-01,-7.587392596255e-01,-1.376475014206e+00,-1.376499348963e+00,-1.458710543669e-01,-1.459290656400e-01
0.394849785408,1.337726926233e+00,1.337750418739e+00,8.678354125058e-01,8.678357580735e-01,-7.747919418048e-01,-7.747613196962e-01,-1.370428980934e+00,-1.370444890379e+00,-1.142412074799e-01,-1.142842479075e-01
0.396280400572,1.339773247681e+00,1.339798575441e+00,8.577673155163e-01,8.577636529885e-01,-7.906705755782e-01,-7.906425322307e-01,-1.363940267131e+00,-1.363947522031e+00,-8.255182849249e-02,-8.258171985263e-02
0.397711015737,1.341792776884e+00,1.341819668630e+00,8.476300309107e-01,8.476222420207e-01,-8.064057360898e-01,-8.063800101082e-01,-1.357010254715e+00,-1.357009343781e+00,-5.081813702754e-02,-5.083749035798e-02
0.399141630901,1.343785539345e+00,1.343813657479e+00,8.374241151165e-01,8.374123445792e-01,-8.219943730557e-01,-8.219708923378e-01,-1.349640619053e+00,-1.349632597958e+00,-1.905553143737e-02,-1.906758936430e-02
0.400572246066,1.345751520082e+00,1.345780501712e+00,8.271500939178e-01,8.271347856068e-01,-8.374334863633e-01,-8.374123445792e-01,-1.341833373433e+00,-1.341819668630e+00,1.272036331024e-02,1.271194022432e-02
0.402002861230,1.347690666101e+00,1.347720161599e+00,8.168084944538e-01,8.167903955133e-01,-8.527201470491e-01,-8.527015596574e-01,-1.333590878294e+00,-1.333573080831e+00,4.449366107516e-02,4.448505064159e-02
0.403433476395,1.349602894165e+00,1.349632597958e+00,8.063998856433e-01,8.063800101082e-01,-8.678515089043e-01,-8.678357580735e-01,-1.324915817031e+00,-1.324895499750e+00,7.624819900378e-02,7.623569736275e-02
0.404864091559,1.351488102426e+00,1.351517772161e+00,7.959249207193e-01,7.959044705335e-01,-8.828248096281e-01,-8.828121885097e-01,-1.315811145827e+00,-1.315789729869e+00,1.079675451001e-01,1.079478472065e-01
0.406294706724,1.353346183911e+00,1.353375646126e+00,7.853843741820e-01,7.853646231954e-01,-8.976373623571e-01,-8.976281283298e-01,-1.306280028967e+00,-1.306258714052e+00,1.396350306100e-01,1.396054864316e-01
0.407725321888,1.355177039491e+00,1.355206182325e+00,7.747791655461e-01,7.747613196962e-01,-9.122865402037e-01,-9.122808840737e-01,-1.296325772900e+00,-1.296305532597e+00,1.712338060509e-01,1.711926288228e-01
0.409155937053,1.356980588014e+00,1.357009343781e+00,7.641103639409e-01,7.640954167651e-01,-9.267697577780e-01,-9.267677919475e-01,-1.285951771635e+00,-1.285933402242e+00,2.027469168368e-01,2.026933237639e-01
0.410586552217,1.358756771744e+00,1.358785094073e+00,7.533791706791e-01,7.533677761896e-01,-9.410844542160e-01,-9.410862183074e-01,-1.275161473070e+00,-1.275145675124e+00,2.341573920264e-01,2.340916642925e-01
0.412017167382,1.360505555997e+00,1.360533397329e+00,7.425868808151e-01,7.425792647451e-01,-9.552280818304e-01,-9.552335601387e-01,-1.263958371203e+00,-1.263945837694e+00,2.654483381794e-01,2.653717951318e-01
0.413447782546,1.362226922972e+00,1.362254218235e+00,7.317348286676e-01,7.317307541256e-01,-9.691981031634e-01,-9.692072455292e-01,-1.252346023859e+00,-1.252337509591e+00,2.966030298742e-01,2.965179206979e-01
0.414878397711,1.363920860934e+00,1.363947522031e+00,7.208243254578e-01,7.208231208727e-01,-9.829919971914e-01,-9.830047341361e-01,-1.240328090573e+00,-1.240324442476e+00,3.276049891633e-01,3.275143130758e-01
0.416309012876,1.365587350966e+00,1.365613274512e+00,7.098565989447e-01,7.098572463052e-01,-9.966072731344e-01,-9.966235176487e-01,-1.227908381590e+00,-1.227910518813e+00,3.584380479147e-01,3.583453199612e-01
0.417739628040,1.367226354263e+00,1.367251442032e+00,6.988327448509e-01,6.988340164476e-01,-1.010041488262e+00,-1.010061120244e+00,-1.215090907124e+00,-1.215099750619e+00,3.890863892633e-01,3.889953725653e-01
0.419170243205,1.368837803156e+00,1.368861991498e+00,6.877536980040e-01,6.877543219585e-01,-1.023292264768e+00,-1.023315099035e+00,-1.201879916372e+00,-1.201896278166e+00,4.195345668237e-01,4.194489934757e-01
0.420600858369,1.370421598551e+00,1.370444890379e+00,6.766202278612e-01,6.766190580590e-01,-1.036357300546e+00,-1.036383044520e+00,-1.188279917928e+00,-1.188304368643e+00,4.497675024745e-01,4.496908044726e-01
0.422031473534,1.371977615378e+00,1.372000106701e+00,6.654329590767e-01,6.654291244599e-01,-1.049234369727e+00,-1.049262581014e+00,-1.174295676844e+00,-1.174328414775e+00,4.797704651094e-01,4.797055342943e-01
0.423462088698,1.373505715975e+00,1.373527609049e+00,6.541924137672e-01,6.541854252894e-01,-1.061921310911e+00,-1.061951367086e+00,-1.159932187740e+00,-1.159972933408e+00,5.095290336538e-01,5.094780263486e-01
0.424892703863,1.375005769469e+00,1.375027366568e+00,6.428990687946e-01,6.428888690196e-01,-1.074416003835e+00,-1.074447095980e+00,-1.145194627454e+00,-1.145242564045e+00,5.390290479394e-01,5.389932463667e-01
0.426323319027,1.376477673577e+00,1.376499348963e+00,6.315534192394e-01,6.315403683938e-01,-1.086716338041e+00,-1.086747496038e+00,-1.130088293990e+00,-1.130142067346e+00,5.682565509899e-01,5.682362899947e-01
0.427753934192,1.377921374236e+00,1.377943526500e+00,6.201560385344e-01,6.201408403519e-01,-1.098820179404e+00,-1.098850331114e+00,-1.114618540615e+00,-1.114676323594e+00,5.971977262007e-01,5.971923903202e-01
0.429184549356,1.379336878380e+00,1.379359870008e+00,6.087076264902e-01,6.086912059568e-01,-1.110725341457e+00,-1.110753400974e+00,-1.098790714535e+00,-1.098850331114e+00,6.258388330918e-01,6.258469253292e-01
0.430615164521,1.380724256291e+00,1.380748350876e+00,5.972090384634e-01,5.971923903202e-01,-1.122429568017e+00,-1.122454541704e+00,-1.082610108760e+00,-1.082669204658e+00,6.541661458725e-01,6.541854252894e-01
0.432045779685,1.382083631868e+00,1.382108941059e+00,5.856612918352e-01,5.856453225273e-01,-1.133930531728e+00,-1.133951626097e+00,-1.066081933657e+00,-1.066138173754e+00,6.821658998770e-01,6.821935800575e-01
0.433476394850,1.383415161773e+00,1.383441613073e+00,5.740655493270e-01,5.740509355620e-01,-1.145225850070e+00,-1.145242564045e+00,-1.049211311773e+00,-1.049262581014e+00,7.098242516611e-01,7.098572463052e-01
0.434907010014,1.384719006835e+00,1.384746339997e+00,5.624230819967e-01,5.624101662316e-01,-1.156313116875e+00,-1.156325302913e+00,-1.032003296152e+00,-1.032047880407e+00,7.371272587313e-01,7.371624546612e-01
0.436337625179,1.385995301001e+00,1.386023095477e+00,5.507352175877e-01,5.507239550910e-01,-1.167189944223e+00,-1.167197827918e+00,-1.014462909125e+00,-1.014499635498e+00,7.640608840575e-01,7.640954167651e-01
0.437768240343,1.387244123784e+00,1.387271853723e+00,5.390032818761e-01,5.389932463667e-01,-1.177854007463e+00,-1.177858162492e+00,-9.965951958746e-01,-9.966235176487e-01,7.906110284598e-01,7.906425322307e-01
0.439198855508,1.388465481613e+00,1.388492589510e+00,5.272285415331e-01,5.272189878806e-01,-1.188303085512e+00,-1.188304368643e+00,-9.784052853017e-01,-9.784253041857e-01,8.167635907314e-01,8.167903955133e-01
0.440629470672,1.389659301681e+00,1.389685278180e+00,5.154121566931e-01,5.154021309732e-01,-1.198535089657e+00,-1.198534547304e+00,-9.598984500913e-01,-9.599108765321e-01,8.425045513965e-01,8.425258026791e-01
0.442060085837,1.390825439408e+00,1.390849895641e+00,5.035551499438e-01,5.035436304269e-01,-1.208548076499e+00,-1.208546838684e+00,-9.410801584191e-01,-9.410862183074e-01,8.678200720209e-01,8.678357580735e-01
0.443490701001,1.391963697965e+00,1.391986418368e+00,4.916583960401e-01,4.916444443891e-01,-1.218340243909e+00,-1.218339422601e+00,-9.219561113316e-01,-9.219574133936e-01,8.926965988348e-01,8.927074808825e-01
0.444921316166,1.393073856048e+00,1.393094823404e+00,4.797226336239e-01,4.797055342943e-01,-1.227909912183e+00,-1.227910518813e+00,-9.025322621855e-01,-9.025306439689e-01,9.171209578194e-01,9.171284115876e-01
0.446351931330,1.394155698792e+00,1.394175088358e+00,4.677484970295e-01,4.677278647866e-01,-1.237255495292e+00,-1.237258387346e+00,-8.828148172606e-01,-8.828121885097e-01,9.410804288407e-01,9.410862183074e-01
0.447782546495,1.395209046366e+00,1.395227191411e+00,4.557365633284e-01,4.557124036418e-01,-1.246375468651e+00,-1.246381328808e+00,-8.628102193244e-01,-8.628084197615e-01,9.645627889492e-01,9.645688030251e-01
0.449213161660,1.396233775624e+00,1.396251111309e+00,4.436874075646e-01,4.436601216894e-01,-1.255268340058e+00,-1.255277684694e+00,-8.425251181226e-01,-8.425258026791e-01,9.875563192605e-01,9.875643076976e-01
0.450643776824,1.397229831688e+00,1.397246827371e+00,4.316016579766e-01,4.315719927337e-01,-1.263932629262e+00,-1.263945837694e+00,-8.219663331731e-01,-8.219708923378e-01,1.010049775217e+00,1.010061120244e+00
0.452074391989,1.398197228308e+00,1.398214319483e+00,4.194800431062e-01,4.194489934757e-01,-1.272366859490e+00,-1.272384211983e+00,-8.011408146949e-01,-8.011503318142e-01,1.032032325591e+00,1.032047880407e+00
0.453505007153,1.399136037847e+00,1.399153568101e+00,4.073234240316e-01,4.072921034334e-01,-1.280569561539e+00,-1.280591273511e+00,-7.800556079873e-01,-7.800708500397e-01,1.053493470388e+00,1.053513485494e+00
0.454935622318,1.400046373297e+00,1.400064554254e+00,3.951328073436e-01,3.951023048636e-01,-1.288539288428e+00,-1.288565530274e+00,-7.587178252664e-01,-7.587392596255e-01,1.074422951073e+00,1.074447095980e+00
0.456366237482,1.400928365845e+00,1.400947259540e+00,3.829093375075e-01,3.828805826818e-01,-1.296274636450e+00,-1.296305532597e+00,-7.371346271551e-01,-7.371624546612e-01,1.094810667621e+00,1.094838140980e+00
0.457796852647,1.401782141817e+00,1.401801666128e+00,3.706542704391e-01,3.706279243828e-01,-1.303774267332e+00,-1.303809873386e+00,-7.153132140563e-01,-7.153474084862e-01,1.114646615753e+00,1.114676323594e+00
0.459227467811,1.402607802536e+00,1.402627756760e+00,3.583689329266e-01,3.583453199612e-01,-1.311036926068e+00,-1.311077188393e+00,-6.932608258970e-01,-6.933011714367e-01,1.133920854343e+00,1.133951626097e+00
0.460658082976,1.403405409774e+00,1.403425514748e+00,3.460546745093e-01,3.460337618311e-01,-1.318061449992e+00,-1.318106156458e+00,-6.709847474696e-01,-6.710308685666e-01,1.152623508130e+00,1.152654315006e+00
0.462088698140,1.404174978322e+00,1.404194923979e+00,3.337128192664e-01,3.336942447461e-01,-1.324846766400e+00,-1.324895499750e+00,-6.484923160066e-01,-6.485436973447e-01,1.170744805114e+00,1.170774945991e+00
0.463519313305,1.404916475935e+00,1.404935968911e+00,3.213446245715e-01,3.213277657185e-01,-1.331391878320e+00,-1.331443984004e+00,-6.257909277168e-01,-6.258469253292e-01,1.188275142583e+00,1.188304368643e+00
0.464949928469,1.405629829779e+00,1.405648634574e+00,3.089512523619e-01,3.089353239395e-01,-1.337695840227e+00,-1.337750418739e+00,-6.028880406925e-01,-6.029478878182e-01,1.205205171215e+00,1.205233731098e+00
0.466380543634,1.406314937701e+00,1.406332906573e+00,2.965337561557e-01,2.965179206979e-01,-1.343757727463e+00,-1.343813657479e+00,-5.797911726742e-01,-5.798539854795e-01,1.221525884150e+00,1.221554484506e+00
0.467811158798,1.406971682192e+00,1.406988771086e+00,2.840930843752e-01,2.840765592993e-01,-1.349576604256e+00,-1.349632597958e+00,-5.565078933940e-01,-5.565726819586e-01,1.237228697507e+00,1.237258387346e+00
0.469241773963,1.407599944922e+00,1.407616214865e+00,2.716300979662e-01,2.716122449850e-01,-1.355151495622e+00,-1.355206182325e+00,-5.330458123894e-01,-5.331115014667e-01,1.252305510631e+00,1.252337509591e+00
0.470672389127,1.408199620007e+00,1.408215225236e+00,2.591455982853e-01,2.591259848511e-01,-1.360481367857e+00,-1.360533397329e+00,-5.094125640996e-01,-5.094780263487e-01,1.266748738008e+00,1.266784236709e+00
0.472103004292,1.408770624710e+00,1.408785790098e+00,2.466403600470e-01,2.466187877666e-01,-1.365565121054e+00,-1.365613274512e+00,-4.856157926091e-01,-4.856798946329e-01,1.280551309490e+00,1.280591273511e+00
0.473533619456,1.409312906809e+00,1.409327897926e+00,2.341151639271e-01,2.340916642925e-01,-1.370401595298e+00,-1.370444890379e+00,-4.616631385528e-01,-4.617247975626e-01,1.293706640552e+00,1.293751647831e+00
0.474964234621,1.409826448416e+00,1.409841537771e+00,2.215708241389e-01,2.215456265994e-01,-1.374989590197e+00,-1.375027366568e+00,-4.375622304464e-01,-4.376204771101e-01,1.306208578731e+00,1.306258714052e+00
0.476394849785,1.410311266343e+00,1.410326699257e+00,2.090082077215e-01,2.089816883866e-01,-1.379327895522e+00,-1.379359870008e+00,-4.133206821250e-01,-4.133747234748e-01,1.318051335675e+00,1.318106156458e+00
0.477825464950,1.410767409322e+00,1.410783372583e+00,1.964282440757e-01,1.964008647994e-01,-1.383415329268e+00,-1.383441613073e+00,-3.889460971410e-01,-3.889953725653e-01,1.329229415841e+00,1.329287992425e+00
0.479256080114,1.411194952454e+00,1.411211548525e+00,1.838319250805e-01,1.838041723475e-01,-1.387250778425e+00,-1.387271853723e+00,-3.644460800032e-01,-3.644903034672e-01,1.339737552758e+00,1.339798575441e+00
0.480686695279,1.411593989255e+00,1.411611218434e+00,1.712202975923e-01,1.711926288228e-01,-1.390833237516e+00,-1.390849895641e+00,-3.398282531451e-01,-3.398674358967e-01,1.349570662051e+00,1.349632597958e+00
0.482117310443,1.411964621740e+00,1.411982374236e+00,1.585944510309e-01,1.585672532171e-01,-1.394161840239e+00,-1.394175088358e+00,-3.151002776262e-01,-3.151347276406e-01,1.358723817466e+00,1.358785094073e+00
0.483547925608,1.412306949080e+00,1.412325008435e+00,1.459555029990e-01,1.459290656400e-01,-1.397235880472e+00,-1.397246827371e+00,-2.902698749202e-01,-2.903001719851e-01,1.367192252519e+00,1.367251442032e+00
0.484978540773,1.412621055592e+00,1.412639114110e+00,1.333045855108e-01,1.332790872359e-01,-1.400054820185e+00,-1.400064554254e+00,-2.653448468425e-01,-2.653717951318e-01,1.374971386509e+00,1.375027366568e+00
0.486409155937,1.412906999100e+00,1.412924684915e+00,1.206428335879e-01,1.206183401023e-01,-1.402618283396e+00,-1.402627756760e+00,-2.403330907982e-01,-2.403576536044e-01,1.382056870266e+00,1.382108941059e+00
0.487839771102,1.413164800928e+00,1.413181715082e+00,1.079713769757e-01,1.079478472065e-01,-1.404926036862e+00,-1.404935968911e+00,-2.152426080953e-01,-2.152658316443e-01,1.388444644373e+00,1.388492589510e+00
0.489270386266,1.413394438912e+00,1.413410199419e+00,9.529133477908e-02,9.526863230346e-02,-1.406977959746e+00,-1.406988771086e+00,-1.900815040238e-01,-1.901044385986e-01,1.394131001238e+00,1.394175088358e+00
0.490701001431,1.413595844771e+00,1.413610133312e+00,8.260381214676e-02,8.258171985263e-02,-1.408774005668e+00,-1.408785790098e+00,-1.648579795923e-01,-1.648816062984e-01,1.399112642334e+00,1.399153568101e+00
0.492131616595,1.413768906823e+00,1.413781512720e+00,6.990989785694e-02,6.988813493557e-02,-1.410314161407e+00,-1.410326699257e+00,-1.395803160545e-01,-1.396054864316e-01,1.403386723271e+00,1.403425514748e+00
0.493562231760,1.413913478493e+00,1.413924334183e+00,5.721066179975e-02,5.718890317292e-02,-1.411598406856e+00,-1.411611218434e+00,-1.142568544228e-01,-1.142842479075e-01,1.406950881774e+00,1.406988771086e+00
0.494992846924,1.414029392286e+00,1.414038594816e+00,4.450715182795e-02,4.448505064159e-02,-1.412626680747e+00,-1.412639114110e+00,-8.889597283522e-02,-8.892607421752e-02,1.409803246813e+00,1.409841537771e+00
0.496423462089,1.414116478081e+00,1.414124292309e+00,3.180039010002e-02,3.177760379183e-02,-1.413398856053e+00,-1.413410199419e+00,-6.350606480774e-02,-6.353916078986e-02,1.411942430450e+00,1.411982374236e+00
0.497854077253,1.414174583768e+00,1.414181424934e+00,1.909136968317e-02,1.906758936430e-02,-1.413914727984e+00,-1.413924334183e+00,-3.809552099522e-02,-3.813171234106e-02,1.413367506829e+00,1.413410199419e+00
0.499284692418,1.414203595686e+00,1.414209991534e+00,6.381052640367e-03,6.356034307115e-03,-1.414174016244e+00,-1.414181424934e+00,-1.267271621458e-02,-1.271194022432e-02,1.414077984583e+00,1.414124292309e+00
0.500715307582,1.414203455985e+00,1.414209991534e+00,-6.329629035149e-03,-6.356034307115e-03,-1.414176381689e+00,-1.414181424934e+00,1.275399768991e-02,1.271194022432e-02,1.414073779359e+00,1.414124292309e+00
0.502145922747,1.414174174190e+00,1.414181424934e+00,-1.903976851081e-02,-1.906758936430e-02,-1.413921456045e+00,-1.413924334183e+00,3.817629377472e-02,3.813171234106e-02,1.413355192054e+00,1.413410199419e+00
0.503576537911,1.414115830751e+00,1.414124292309e+00,-3.174847469541e-02,-3.177760379183e-02,-1.413408881902e+00,-1.413410199419e+00,6.358586836060e-02,6.353916078986e-02,1.411922895882e+00,1.411982374236e+00
0.505007153076,1.414028571328e+00,1.414038594816e+00,-4.445485862102e-02,-4.448505064159e-02,-1.412638359029e+00,-1.412639114110e+00,8.897443806064e-02,8.892607421752e-02,1.409777932249e+00,1.409841537771e+00
0.506437768240,1.413912591768e+00,1.413924334183e+00,-5.715801688209e-02,-5.718890317292e-02,-1.411609692211e+00,-1.411611218434e+00,1.143337377551e-01,1.142842479075e-01,1.406921712210e+00,1.406988771086e+00
0.507868383405,1.413768115106e+00,1.413781512720e+00,-6.985701423953e-02,-6.988813493557e-02,-1.410322835468e+00,-1.410326699257e+00,1.396555213227e-01,1.396054864316e-01,1.403356018029e+00,1.403425514748e+00
0.509298998569,1.413595363232e+00,1.413610133312e+00,-8.255086806670e-02,-8.258171985263e-02,-1.408777927605e+00,-1.408785790098e+00,1.649315660604e-01,1.648816062984e-01,1.399082998648e+00,1.399153568101e+00
0.510729613734,1.413394526874e+00,1.413410199419e+00,-9.523853745217e-02,-9.526863230346e-02,-1.406975314713e+00,-1.406988771086e+00,1.901536806492e-01,1.901044385986e-01,1.394105154057e+00,1.394175088358e+00
0.512160228898,1.413165738208e+00,1.413181715082e+00,-1.079189194007e-01,-1.079478472065e-01,-1.404915556349e+00,-1.404935968911e+00,2.153137154913e-01,2.152658316443e-01,1.388425306369e+00,1.388492589510e+00
0.513590844063,1.412909050359e+00,1.412924684915e+00,-1.205908537015e-01,-1.206183401023e-01,-1.402599413668e+00,-1.402627756760e+00,2.404035734736e-01,2.403576536044e-01,1.382046559309e+00,1.382108941059e+00
0.515021459227,1.412624427436e+00,1.412639114110e+00,-1.332531367724e-01,-1.332790872359e-01,-1.400027819607e+00,-1.400064554254e+00,2.654152188634e-01,2.653717951318e-01,1.374972251722e+00,1.375027366568e+00
0.516452074392,1.412311747411e+00,1.412325008435e+00,-1.459045433289e-01,-1.459290656400e-01,-1.397201833244e+00,-1.397246827371e+00,2.903406821736e-01,2.903001719851e-01,1.367205913591e+00,1.367251442032e+00
0.517882689557,1.411970818317e+00,1.411982374236e+00,-1.585438533174e-01,-1.585672532171e-01,-1.394122582442e+00,-1.394175088358e+00,3.151720594208e-01,3.151347276406e-01,1.358751234172e+00,1.358785094073e+00
0.519313304721,1.411601406053e+00,1.411611218434e+00,-1.711698804441e-01,-1.711926288228e-01,-1.390791200656e+00,-1.390849895641e+00,3.399015051328e-01,3.398674358967e-01,1.349612050667e+00,1.349632597958e+00
0.520743919886,1.411203270037e+00,1.411211548525e+00,-1.837814980428e-01,-1.838041723475e-01,-1.387208765036e+00,-1.387271853723e+00,3.645212195773e-01,3.644903034672e-01,1.339792362739e+00,1.339798575441e+00
0.522174535050,1.410776201233e+00,1.410783372583e+00,-1.963776580985e-01,-1.964008647994e-01,-1.383376243447e+00,-1.383441613073e+00,3.890234318010e-01,3.889953725653e-01,1.329296373659e+00,1.329287992425e+00
0.523605150215,1.410320056284e+00,1.410326699257e+00,-2.089574000157e-01,-2.089816883866e-01,-1.379294457532e+00,-1.379359870008e+00,4.134003809994e-01,4.133747234748e-01,1.318128554008e+00,1.318106156458e+00
0.525035765379,1.409834781783e+00,1.409841537771e+00,-2.215198470960e-01,-2.215456265994e-01,-1.374964067352e+00,-1.375027366568e+00,4.376442993231e-01,4.376204771101e-01,1.306293719738e+00,1.306258714052e+00
0.526466380544,1.409320424178e+00,1.409327897926e+00,-2.340641904915e-01,-2.340916642925e-01,-1.370385580478e+00,-1.370444890379e+00,4.617473993532e-01,4.617247975626e-01,1.293797113811e+00,1.293751647831e+00
0.527896995708,1.408777123281e+00,1.408785790098e+00,-2.465896623463e-01,-2.466187877666e-01,-1.365559385129e+00,-1.365613274512e+00,4.857018690772e-01,4.856798946329e-01,1.280644480080e+00,1.280591273511e+00
0.529327610873,1.408205090374e+00,1.408215225236e+00,-2.590955016181e-01,-2.591259848511e-01,-1.360485803324e+00,-1.360533397329e+00,5.094998762844e-01,5.094780263486e-01,1.266842119497e+00,1.266784236709e+00
0.530758226037,1.407604574822e+00,1.407616214865e+00,-2.715809174020e-01,-2.716122449850e-01,-1.355165156972e+00,-1.355206182325e+00,5.331335829789e-01,5.331115014667e-01,1.252396921711e+00,1.252337509591e+00
0.532188841202,1.406975825312e+00,1.406988771086e+00,-2.840450552019e-01,-2.840765592993e-01,-1.349597837689e+00,-1.349632597958e+00,5.565951688433e-01,5.565726819586e-01,1.237316368857e+00,1.237258387346e+00
0.533619456366,1.406319052763e+00,1.406332906573e+00,-2.964869714008e-01,-2.965179206979e-01,-1.343784370592e+00,-1.343813657479e+00,5.798768612351e-01,5.798539854795e-01,1.221608512132e+00,1.221554484506e+00
0.535050071531,1.405634401494e+00,1.405648634574e+00,-3.089056201513e-01,-3.089353239395e-01,-1.337725463380e+00,-1.337750418739e+00,6.029709679233e-01,6.029478878182e-01,1.205281924903e+00,1.205233731098e+00
0.536480686695,1.404921933383e+00,1.404935968911e+00,-3.212998551702e-01,-3.213277657185e-01,-1.331422034530e+00,-1.331443984004e+00,6.258699080260e-01,6.258469253292e-01,1.188345638236e+00,1.188304368643e+00
0.537911301860,1.404181627027e+00,1.404194923979e+00,-3.336684467292e-01,-3.336942447461e-01,-1.324875217971e+00,-1.324895499750e+00,6.485662365757e-01,6.485436973447e-01,1.170809065771e+00,1.170774945991e+00
0.539341917024,1.403413390985e+00,1.403425514748e+00,-3.460101118098e-01,-3.460337618311e-01,-1.318086345316e+00,-1.318106156458e+00,6.710526588611e-01,6.710308685666e-01,1.152681925013e+00,1.152654315006e+00
0.540772532189,1.402617087534e+00,1.402627756760e+00,-3.583235533054e-01,-3.583453199612e-01,-1.311056910116e+00,-1.311077188393e+00,6.933220321029e-01,6.933011714367e-01,1.133974161504e+00,1.133951626097e+00
0.542203147353,1.401792561762e+00,1.401801666128e+00,-3.706075026470e-01,-3.706279243828e-01,-1.303788520908e+00,-1.303809873386e+00,7.153673538917e-01,7.153474084862e-01,1.114695881428e+00,1.114676323594e+00
0.543633762518,1.400939670258e+00,1.400947259540e+00,-3.828607595695e-01,-3.828805826818e-01,-1.296282850835e+00,-1.296305532597e+00,7.371817388464e-01,7.371624546612e-01,1.094857297086e+00,1.094838140980e+00
0.545064377682,1.400058304353e+00,1.400064554254e+00,-3.950822230534e-01,-3.951023048636e-01,-1.288541591251e+00,-1.288565530274e+00,7.587583867898e-01,7.587392596255e-01,1.074468688459e+00,1.074447095980e+00
0.546494992847,1.399148404439e+00,1.399153568101e+00,-4.072709087551e-01,-4.072921034334e-01,-1.280566415211e+00,-1.280591273511e+00,7.800905470862e-01,7.800708500397e-01,1.053540382837e+00,1.053513485494e+00
0.547925608011,1.398209963931e+00,1.398214319483e+00,-4.194259502791e-01,-4.194489934757e-01,-1.272358954486e+00,-1.272384211983e+00,8.011714844237e-01,8.011503318142e-01,1.032082753137e+00,1.032047880407e+00
0.549356223176,1.397243023562e+00,1.397246827371e+00,-4.315465841302e-01,-4.315719927337e-01,-1.263920791286e+00,-1.263945837694e+00,8.219944511637e-01,8.219708923378e-01,1.010106234077e+00,1.010061120244e+00
0.550786838340,1.396247658375e+00,1.396251111309e+00,-4.436321206907e-01,-4.436601216894e-01,-1.255253463534e+00,-1.255277684694e+00,8.425526704891e-01,8.425258026791e-01,9.876213539162e-01,9.875643076976e-01
0.552217453505,1.395223960877e+00,1.395227191411e+00,-4.556819056733e-01,-4.557124036418e-01,-1.246358480852e+00,-1.246381328808e+00,8.628393331187e-01,8.628084197615e-01,9.646387781283e-01,9.645688030251e-01
0.553648068670,1.394172024029e+00,1.394175088358e+00,-4.676952778539e-01,-4.677278647866e-01,-1.237237347378e+00,-1.237258387346e+00,8.828476085633e-01,8.828121885097e-01,9.411693603057e-01,9.410862183074e-01
0.555078683834,1.393091927365e+00,1.393094823404e+00,-4.796715292693e-01,-4.797055342943e-01,-1.227891587287e+00,-1.227910518813e+00,9.025706700498e-01,9.025306439689e-01,9.172241950787e-01,9.171284115876e-01
0.556509298999,1.391983728467e+00,1.391986418368e+00,-4.916098734407e-01,-4.916444443891e-01,-1.218322769259e+00,-1.218339422601e+00,9.220017305608e-01,9.219574133936e-01,8.928146678933e-01,8.927074808825e-01
0.557939914163,1.390847460769e+00,1.390849895641e+00,-5.035094257060e-01,-5.035436304269e-01,-1.208532526917e+00,-1.208546838684e+00,9.411340861337e-01,9.410862183074e-01,8.679524972404e-01,8.678357580735e-01
0.559370529328,1.389683137314e+00,1.389685278180e+00,-5.153691977062e-01,-5.154021309732e-01,-1.198522573226e+00,-1.198534547304e+00,9.599611617366e-01,9.599108765321e-01,8.426497661986e-01,8.425258026791e-01
0.560801144492,1.388490758972e+00,1.388492589510e+00,-5.271881058564e-01,-5.272189878806e-01,-1.188294707841e+00,-1.188304368643e+00,9.784765547697e-01,9.784253041857e-01,8.169189417319e-01,8.167903955133e-01
0.562231759657,1.387270324904e+00,1.387271853723e+00,-5.389649916206e-01,-5.389932463667e-01,-1.177850817203e+00,-1.177858162492e+00,9.966740715075e-01,9.966235176487e-01,7.907728817422e-01,7.906425322307e-01
0.563662374821,1.386021842785e+00,1.386023095477e+00,-5.506986499170e-01,-5.507239550910e-01,-1.167192867914e+00,-1.167197827918e+00,1.014547752581e+00,1.014499635498e+00,7.642248310861e-01,7.640954167651e-01
0.565092989986,1.384745336511e+00,1.384746339997e+00,-5.623878611947e-01,-5.624101662316e-01,-1.156322894423e+00,-1.156325302913e+00,1.032091884803e+00,1.032047880407e+00,7.372884083730e-01,7.371624546612e-01
0.566523605150,1.383440849710e+00,1.383441613073e+00,-5.740314226895e-01,-5.740509355620e-01,-1.145242982536e+00,-1.145242564045e+00,1.049300998149e+00,1.049262581014e+00,7.099775852671e-01,7.098572463052e-01
0.567954220315,1.382108444270e+00,1.382108941059e+00,-5.856281750035e-01,-5.856453225273e-01,-1.133955250629e+00,-1.133951626097e+00,1.066169848412e+00,1.066138173754e+00,6.823066593327e-01,6.821935800575e-01
0.569384835479,1.380748194052e+00,1.380748350876e+00,-5.971770212585e-01,-5.971923903202e-01,-1.122461830698e+00,-1.122454541704e+00,1.082693387688e+00,1.082669204658e+00,6.542902204919e-01,6.541854252894e-01
0.570815450644,1.379360174932e+00,1.379359870008e+00,-6.086769374281e-01,-6.086912059568e-01,-1.110764851514e+00,-1.110753400974e+00,1.098866726383e+00,1.098850331114e+00,6.259431103405e-01,6.258469253292e-01
0.572246065808,1.377944453021e+00,1.377943526500e+00,-6.201269737973e-01,-6.201408403519e-01,-1.098866425970e+00,-1.098850331114e+00,1.114685091478e+00,1.114676323594e+00,5.972803733455e-01,5.971923903202e-01
0.573676680973,1.376501073359e+00,1.376499348963e+00,-6.315262486409e-01,-6.315403683938e-01,-1.086768644230e+00,-1.086747496038e+00,1.130143786371e+00,1.130142067346e+00,5.683171996255e-01,5.682362899947e-01
0.575107296137,1.375030051403e+00,1.375027366568e+00,-6.428739360250e-01,-6.428888690196e-01,-1.074473573564e+00,-1.074447095980e+00,1.145238157469e+00,1.145242564045e+00,5.390688606589e-01,5.389932463667e-01
0.576537911302,1.373531369288e+00,1.373527609049e+00,-6.541692500465e-01,-6.541854252894e-01,-1.061983264787e+00,-1.061951367086e+00,1.159963571846e+00,1.159972933408e+00,5.095506416073e-01,5.094780263487e-01
0.577968526466,1.372004978100e+00,1.372000106701e+00,-6.654114278647e-01,-6.654291244599e-01,-1.049299764315e+00,-1.049262581014e+00,1.174315408828e+00,1.174328414775e+00,4.797777764243e-01,4.797055342943e-01
0.579399141631,1.370450806416e+00,1.370444890379e+00,-6.765997136068e-01,-6.766190580590e-01,-1.036425130151e+00,-1.036383044520e+00,1.188289066279e+00,1.188304368643e+00,4.497653938119e-01,4.496908044726e-01
0.580829756795,1.368868774250e+00,1.368861991498e+00,-6.877333447425e-01,-6.877543219585e-01,-1.023361449746e+00,-1.023315099035e+00,1.201879980177e+00,1.201896278166e+00,4.195284826580e-01,4.194489934757e-01
0.582260371960,1.367258810511e+00,1.367251442032e+00,-6.988115419415e-01,-6.988340164476e-01,-1.010110857767e+00,-1.010061120244e+00,1.215083653847e+00,1.215099750619e+00,3.890818843256e-01,3.889953725653e-01
0.583690987124,1.365620871222e+00,1.365613274512e+00,-7.098335028397e-01,-7.098572463052e-01,-9.966755522305e-01,-9.966235176487e-01,1.227895691524e+00,1.227910518813e+00,3.584403159675e-01,3.583453199612e-01
0.585121602289,1.363954955369e+00,1.363947522031e+00,-7.207983996284e-01,-7.208231208727e-01,-9.830578080938e-01,-9.830047341361e-01,1.240311829970e+00,1.240324442476e+00,3.276184242904e-01,3.275143130758e-01
0.586552217454,1.362261115362e+00,1.362254218235e+00,-7.317053799825e-01,-7.317307541256e-01,-9.692599880249e-01,-9.692072455292e-01,1.252327962029e+00,1.252337509591e+00,2.966308637747e-01,2.965179206979e-01
0.587982832618,1.360539459736e+00,1.360533397329e+00,-7.425535705901e-01,-7.425792647451e-01,-9.552845505026e-01,-9.552335601387e-01,1.263940147240e+00,1.263945837694e+00,2.654923884380e-01,2.653717951318e-01
0.589413447783,1.358790146928e+00,1.358785094073e+00,-7.533420824099e-01,-7.533677761896e-01,-9.411340555255e-01,-9.410862183074e-01,1.275144606971e+00,1.275145675124e+00,2.342179430196e-01,2.340916642925e-01
0.590844062947,1.357013370434e+00,1.357009343781e+00,-7.640700167664e-01,-7.640954167651e-01,-9.268111680233e-01,-9.267677919475e-01,1.285937704536e+00,1.285933402242e+00,2.028227388564e-01,2.026933237639e-01
0.592274678112,1.355209337228e+00,1.355206182325e+00,-7.747364714569e-01,-7.747613196962e-01,-9.123186586645e-01,-9.122808840737e-01,1.296315913992e+00,1.296305532597e+00,1.713223020173e-01,1.711926288228e-01
0.593705293276,1.353378242697e+00,1.353375646126e+00,-7.853405461682e-01,-7.853646231954e-01,-8.976594013347e-01,-8.976281283298e-01,1.306275784074e+00,1.306258714052e+00,1.397324860598e-01,1.396054864316e-01
0.595135908441,1.351520246153e+00,1.351517772161e+00,-7.958813466697e-01,-7.959044705335e-01,-8.828363663032e-01,-8.828121885097e-01,1.315813905407e+00,1.315789729869e+00,1.080694480152e-01,1.079478472065e-01
0.596566523605,1.349635451169e+00,1.349632597958e+00,-8.063579874440e-01,-8.063800101082e-01,-8.678526081641e-01,-8.678357580735e-01,1.324926889371e+00,1.324895499750e+00,7.634959249237e-02,7.623569736275e-02
0.597997138770,1.347723894279e+00,1.347720161599e+00,-8.167695926257e-01,-8.167903955133e-01,-8.527112480822e-01,-8.527015596574e-01,1.333611365447e+00,1.333573080831e+00,4.458949375465e-02,4.448505064159e-02
0.599427753934,1.345785544260e+00,1.345780501712e+00,-8.271152953250e-01,-8.271347856068e-01,-8.374154506367e-01,-8.374123445792e-01,1.341864000940e+00,1.341819668630e+00,1.280580830147e-02,1.271194022432e-02
0.600858369099,1.343820312360e+00,1.343813657479e+00,-8.373942356070e-01,-8.374123445792e-01,-8.219683964812e-01,-8.219708923378e-01,1.349681543052e+00,1.349632597958e+00,-1.898480942898e-02,-1.906758936430e-02
0.602288984263,1.341828071867e+00,1.341819668630e+00,-8.476055575475e-01,-8.476222420207e-01,-8.063732529030e-01,-8.063800101082e-01,1.357060879179e+00,1.357009343781e+00,-5.076577781043e-02,-5.083749035798e-02
0.603719599428,1.339808683768e+00,1.339798575441e+00,-8.577484058895e-01,-8.577636529885e-01,-7.906331449645e-01,-7.906425322307e-01,1.363999107839e+00,1.363947522031e+00,-8.252063846348e-02,-8.258171985263e-02
0.605150214592,1.337762024079e+00,1.337750418739e+00,-8.678219228603e-01,-8.678357580735e-01,-7.747511300952e-01,-7.747613196962e-01,1.370493610502e+00,1.370444890379e+00,-1.142330837563e-01,-1.142842479075e-01
0.606580829757,1.335688008241e+00,1.335675239897e+00,-8.778252456861e-01,-8.778377434661e-01,-7.587301787282e-01,-7.587392596255e-01,1.376542114063e+00,1.376499348963e+00,-1.458869625303e-01,-1.459290656400e-01
0.608011444921,1.333586608512e+00,1.333573080831e+00,-8.877575052687e-01,-8.877688010225e-01,-7.425731629119e-01,-7.425792647451e-01,1.382142734943e+00,1.382108941059e+00,-1.774662680438e-01,-1.775001933094e-01
0.609442060086,1.331457861668e+00,1.331443984004e+00,-8.976178263917e-01,-8.976281283298e-01,-7.262828539201e-01,-7.262842728570e-01,1.387293998351e+00,1.387271853723e+00,-2.089551138047e-01,-2.089816883866e-01
0.610872675250,1.329301866110e+00,1.329287992425e+00,-9.074053297173e-01,-9.074149287706e-01,-7.098619289339e-01,-7.098572463052e-01,1.391994829666e+00,1.391986418368e+00,-2.403377035574e-01,-2.403576536044e-01
0.612303290415,1.327118769369e+00,1.327105149643e+00,-9.171191357423e-01,-9.171284115876e-01,-6.933129860387e-01,-6.933011714367e-01,1.396244518484e+00,1.396251111309e+00,-2.715983014306e-01,-2.716122449850e-01
0.613733905579,1.324908748633e+00,1.324895499750e+00,-9.267583707860e-01,-9.267677919475e-01,-6.766385662024e-01,-6.766190580590e-01,1.400042659111e+00,1.400064554254e+00,-3.027212074282e-01,-3.027296798413e-01
0.615164520744,1.322671987973e+00,1.322659087382e+00,-9.363221749664e-01,-9.363322910043e-01,-6.598411806026e-01,-6.598139388925e-01,1.403389073701e+00,1.403425514748e+00,-3.336907422564e-01,-3.336942447461e-01
0.616595135908,1.320408656270e+00,1.320395957713e+00,-9.458097119452e-01,-9.458211359624e-01,-6.429233416039e-01,-6.428888690196e-01,1.406283725743e+00,1.406332906573e+00,-3.644912440791e-01,-3.644903034672e-01
0.618025751073,1.318118889433e+00,1.318106156458e+00,-9.552201799431e-01,-9.552335601387e-01,-6.258875957543e-01,-6.258469253292e-01,1.408726632034e+00,1.408785790098e+00,-3.951070782602e-01,-3.951023048636e-01
0.619456366237,1.315802779462e+00,1.315789729869e+00,-9.645528231403e-01,-9.645688030251e-01,-6.087365572510e-01,-6.086912059568e-01,1.410717781031e+00,1.410783372583e+00,-4.255226595320e-01,-4.255147907377e-01
0.620886981402,1.313460371535e+00,1.313446724738e+00,-9.738069420996e-01,-9.738261103493e-01,-5.914729403172e-01,-5.914248297223e-01,1.412257064502e+00,1.412325008435e+00,-4.557224844326e-01,-4.557124036418e-01
0.622317596567,1.311091668799e+00,1.311077188393e+00,-9.829819013846e-01,-9.830047341361e-01,-5.740995887983e-01,-5.740509355620e-01,1.413344228203e+00,1.413410199419e+00,-4.856911703952e-01,-4.856798946329e-01
0.623748211731,1.308696643297e+00,1.308681168698e+00,-9.920771322225e-01,-9.921039327681e-01,-5.566195010567e-01,-5.565726819586e-01,1.413978845767e+00,1.414038594816e+00,-5.154134967510e-01,-5.154021309732e-01
0.625178826896,1.306275250587e+00,1.306258714052e+00,-1.001092128070e+00,-1.001122971045e+00,-5.390358480149e-01,-5.389932463667e-01,1.414160318393e+00,1.414209991534e+00,-5.448744423074e-01,-5.448641037713e-01
0.626609442060,1.303827445271e+00,1.303809873386e+00,-1.010026431430e+00,-1.010061120244e+00,-5.213519821094e-01,-5.213158246354e-01,1.413887901106e+00,1.413924334183e+00,-5.740592142740e-01,-5.740509355620e-01
0.628040057225,1.301353194837e+00,1.301334696169e+00,-1.018879611337e+00,-1.018917658176e+00,-5.035714351276e-01,-5.035436304269e-01,1.413160754315e+00,1.413181715082e+00,-6.029532642146e-01,-6.029478878182e-01
0.629470672389,1.298852489784e+00,1.298833232396e+00,-1.027651232507e+00,-1.027691869249e+00,-4.856979034941e-01,-4.856798946329e-01,1.411978017226e+00,1.411982374236e+00,-6.315422883820e-01,-6.315403683938e-01
0.630901287554,1.296325348895e+00,1.296305532597e+00,-1.036340819049e+00,-1.036383044520e+00,-4.677352205926e-01,-4.677278647866e-01,1.410338897346e+00,1.410326699257e+00,-6.598122120751e-01,-6.598139388925e-01
0.632331902718,1.293771819394e+00,1.293751647831e+00,-1.044947817475e+00,-1.044990481757e+00,-4.496873170644e-01,-4.496908044726e-01,1.408242768204e+00,1.408215225236e+00,-6.877491602324e-01,-6.877543219585e-01
0.633762517883,1.291191972583e+00,1.291171629685e+00,-1.053471565042e+00,-1.053513485494e+00,-4.315581715334e-01,-4.315719927337e-01,1.405689265853e+00,1.405648634574e+00,-7.153394189267e-01,-7.153474084862e-01
0.635193133047,1.288585896152e+00,1.288565530274e+00,-1.061911269852e+00,-1.061951367086e+00,-4.133517556204e-01,-4.133747234748e-01,1.402678374060e+00,1.402627756760e+00,-7.425693942995e-01,-7.425792647451e-01
0.636623748212,1.285953684717e+00,1.285933402242e+00,-1.070266008194e+00,-1.070303444765e+00,-3.950719781588e-01,-3.951023048636e-01,1.399210488787e+00,1.399153568101e+00,-7.694255763746e-01,-7.694361394157e-01
0.638054363376,1.283295430231e+00,1.283275298757e+00,-1.078534742430e+00,-1.078569043698e+00,-3.767226339823e-01,-3.767580587299e-01,1.395286454595e+00,1.395227191411e+00,-7.958945148526e-01,-7.959044705335e-01
0.639484978541,1.280611213763e+00,1.280591273511e+00,-1.086716359452e+00,-1.086747496038e+00,-3.583073624050e-01,-3.583453199612e-01,1.390907569032e+00,1.390849895641e+00,-8.219628123700e-01,-8.219708923378e-01
0.640915593705,1.277901099884e+00,1.277881380720e+00,-1.094809726012e+00,-1.094838140980e+00,-3.398296195665e-01,-3.398674358967e-01,1.386075555311e+00,1.386023095477e+00,-8.476171379996e-01,-8.476222420207e-01
0.642346208870,1.275165134445e+00,1.275145675124e+00,-1.102813753665e+00,-1.102840324813e+00,-3.212926673201e-01,-3.213277657185e-01,1.380792508016e+00,1.380748350876e+00,-8.728442604047e-01,-8.728455663739e-01
0.643776824034,1.272403346123e+00,1.272384211983e+00,-1.110727463590e+00,-1.110753400974e+00,-3.026995795441e-01,-3.027296798413e-01,1.375060820449e+00,1.375027366568e+00,-8.976310966170e-01,-8.976281283298e-01
0.645207439199,1.269615751585e+00,1.269597047079e+00,-1.118550040600e+00,-1.118576730100e+00,-2.840532649477e-01,-2.840765592993e-01,1.368883104626e+00,1.368861991498e+00,-9.219647695277e-01,-9.219574133936e-01
0.646638054363,1.266802363669e+00,1.266784236709e+00,-1.126280866725e+00,-1.126309680077e+00,-2.653565039025e-01,-2.653717951318e-01,1.362262115508e+00,1.362254218235e+00,-9.458326654319e-01,-9.458211359624e-01
0.648068669528,1.263963201540e+00,1.263945837694e+00,-1.133919527640e+00,-1.133951626097e+00,-2.466119957311e-01,-2.466187877666e-01,1.355200689465e+00,1.355206182325e+00,-9.692224827239e-01,-9.692072455292e-01
0.649499284692,1.261098301432e+00,1.261081907367e+00,-1.141465789547e+00,-1.141501950704e+00,-2.278224123218e-01,-2.278209464020e-01,1.347701703684e+00,1.347720161599e+00,-9.921222642236e-01,-9.921039327681e-01
0.650929899857,1.258207726412e+00,1.258192503578e+00,-1.148919549117e+00,-1.148960043843e+00,-2.089904538610e-01,-2.089816883866e-01,1.339768058790e+00,1.339798575441e+00,-1.014520408432e+00,-1.014499635498e+00
0.652360515021,1.255291573566e+00,1.255277684694e+00,-1.156280763743e+00,-1.156325302913e+00,-1.901189027622e-01,-1.901044385986e-01,1.331402682404e+00,1.331443984004e+00,-1.036405658802e+00,-1.036383044520e+00
0.653791130186,1.252349977234e+00,1.252337509591e+00,-1.163549372902e+00,-1.163597132812e+00,-1.712106723451e-01,-1.711926288228e-01,1.322608547601e+00,1.322659087382e+00,-1.057767074216e+00,-1.057743109330e+00
0.655221745351,1.249383107319e+00,1.249372037662e+00,-1.170725222939e+00,-1.170774945991e+00,-1.522688473281e-01,-1.522496971267e-01,1.313388698080e+00,1.313446724738e+00,-1.078593987522e+00,-1.078569043698e+00
0.656652360515,1.246391162301e+00,1.246381328808e+00,-1.177808007025e+00,-1.177858162492e+00,-1.332967136324e-01,-1.332790872359e-01,1.303746271629e+00,1.303809873386e+00,-1.098875961523e+00,-1.098850331114e+00
0.658082975680,1.243374357265e+00,1.243365443439e+00,-1.184797229320e+00,-1.184846210004e+00,-1.142977753390e-01,-1.142842479075e-01,1.293684515070e+00,1.293751647831e+00,-1.118602752720e+00,-1.118576730100e+00
0.659513590844,1.240332907959e+00,1.240324442476e+00,-1.191692198160e+00,-1.191738523904e+00,-9.527575696489e-02,-9.526863230346e-02,1.283206786816e+00,1.283275298757e+00,-1.137764292123e+00,-1.137738279380e+00
0.660944206009,1.237267012503e+00,1.237258387346e+00,-1.198492048242e+00,-1.198534547304e+00,-7.623458964372e-02,-7.623569736275e-02,1.272316546625e+00,1.272384211983e+00,-1.156350689672e+00,-1.156325302913e+00
0.662374821173,1.234176832850e+00,1.234167339983e+00,-1.205195787150e+00,-1.205233731098e+00,-5.717838047698e-02,-5.718890317292e-02,1.261017335348e+00,1.261081907367e+00,-1.174352264657e+00,-1.174328414775e+00
0.663805436338,1.231062478249e+00,1.231051362825e+00,-1.211802358087e+00,-1.211835534002e+00,-3.811136536043e-02,-3.813171234106e-02,1.249312749764e+00,1.249372037662e+00,-1.191759599658e+00,-1.191738523904e+00
0.665236051502,1.227923992958e+00,1.227910518813e+00,-1.218310708818e+00,-1.218339422601e+00,-1.903784703596e-02,-1.906758936430e-02,1.237206418587e+00,1.237258387346e+00,-1.208563610825e+00,-1.208546838684e+00
0.666666666667,1.224761350063e+00,1.224744871392e+00,-1.224719856736e+00,-1.224744871392e+00,3.787810810030e-05,-3.463824224942e-16,1.224701985513e+00,1.224744871392e+00,-1.224755623593e+00,-1.224744871392e+00
0.668097281831,1.221574452713e+00,1.221554484506e+00,-1.231028941495e+00,-1.231051362825e+00,1.911159905643e-02,1.906758936430e-02,1.211803103795e+00,1.211835534002e+00,-1.240327440958e+00,-1.240324442476e+00
0.669527896996,1.218363143315e+00,1.218339422601e+00,-1.237237259268e+00,-1.237258387346e+00,3.817926782932e-02,3.813171234106e-02,1.198513444920e+00,1.198534547304e+00,-1.255271391752e+00,-1.255277684694e+00
0.670958512160,1.215127220331e+00,1.215099750619e+00,-1.243344275832e+00,-1.243365443439e+00,5.723706739428e-02,5.718890317292e-02,1.184836721727e+00,1.184846210004e+00,-1.269580348890e+00,-1.269597047079e+00
0.672389127325,1.211866461448e+00,1.211835534002e+00,-1.249349618783e+00,-1.249372037662e+00,7.628146111080e-02,7.623569736275e-02,1.170776724220e+00,1.170774945991e+00,-1.283247712214e+00,-1.283275298757e+00
0.673819742489,1.208580651065e+00,1.208546838684e+00,-1.255253051811e+00,-1.255277684694e+00,9.530921586384e-02,9.526863230346e-02,1.156337364639e+00,1.156325302913e+00,-1.296267356346e+00,-1.296305532597e+00
0.675250357654,1.205269609353e+00,1.205233731098e+00,-1.261054435825e+00,-1.261081907367e+00,1.143173932476e-01,1.142842479075e-01,1.141522727100e+00,1.141501950704e+00,-1.308633550055e+00,-1.308681168698e+00
0.676680972818,1.201933219761e+00,1.201896278166e+00,-1.266753682767e+00,-1.266784236709e+00,1.333033066229e-01,1.332790872359e-01,1.126337116469e+00,1.126309680077e+00,-1.320340858792e+00,-1.320395957713e+00
0.678111587983,1.198571451706e+00,1.198534547304e+00,-1.272350708173e+00,-1.272384211983e+00,1.522644462420e-01,1.522496971267e-01,1.110785101021e+00,1.110753400974e+00,-1.331384045314e+00,-1.331443984004e+00
0.679542203147,1.195184375472e+00,1.195148606419e+00,-1.277845388075e+00,-1.277881380720e+00,1.711983793198e-01,1.711926288228e-01,1.094871543912e+00,1.094838140980e+00,-1.341757984019e+00,-1.341819668630e+00
0.680972818312,1.191772166954e+00,1.191738523904e+00,-1.283237524832e+00,-1.283275298757e+00,1.901026361576e-01,1.901044385986e-01,1.078601619458e+00,1.078569043698e+00,-1.351457602591e+00,-1.351517772161e+00
0.682403433476,1.188335100905e+00,1.188304368643e+00,-1.288526825084e+00,-1.288565530274e+00,2.089745963866e-01,2.089816883866e-01,1.061980811678e+00,1.061951367086e+00,-1.360477860203e+00,-1.360533397329e+00
0.683834048641,1.184873532569e+00,1.184846210004e+00,-1.293712891435e+00,-1.293751647831e+00,2.278113904151e-01,2.278209464020e-01,1.045014894350e+00,1.044990481757e+00,-1.368813765589e+00,-1.368861991498e+00
0.685264663805,1.181387869085e+00,1.181364117841e+00,-1.298795227784e+00,-1.298833232396e+00,2.466098298793e-01,2.466187877666e-01,1.027709893807e+00,1.027691869249e+00,-1.376460431933e+00,-1.376499348963e+00
0.686695278970,1.177878533442e+00,1.177858162492e+00,-1.303773256743e+00,-1.303809873386e+00,2.653663773449e-01,2.653717951318e-01,1.010072037605e+00,1.010061120244e+00,-1.383413159891e+00,-1.383441613073e+00
0.688125894134,1.174345925020e+00,1.174328414775e+00,-1.308646346247e+00,-1.308681168698e+00,2.840771601965e-01,2.840765592993e-01,9.921076938457e-01,9.921039327681e-01,-1.389667536047e+00,-1.389685278180e+00
0.689556509299,1.170790381566e+00,1.170774945991e+00,-1.313413841642e+00,-1.313446724738e+00,3.027380274156e-01,3.027296798413e-01,9.738233070395e-01,9.738261103493e-01,-1.395219532491e+00,-1.395227191411e+00
0.690987124464,1.167212147663e+00,1.167197827918e+00,-1.318075099100e+00,-1.318106156458e+00,3.213446418355e-01,3.213277657185e-01,9.552253368999e-01,9.552335601387e-01,-1.400065594013e+00,-1.400064554254e+00
0.692417739628,1.163611354215e+00,1.163597132812e+00,-1.322629516352e+00,-1.322659087382e+00,3.398925954814e-01,3.398674358967e-01,9.363202061643e-01,9.363322910043e-01,-1.404202702466e+00,-1.404194923979e+00
0.693848354793,1.159988012186e+00,1.159972933408e+00,-1.327076557286e+00,-1.327105149643e+00,3.583775325518e-01,3.583453199612e-01,9.171142626294e-01,9.171284115876e-01,-1.407628412446e+00,-1.407616214865e+00
0.695278969957,1.156342021935e+00,1.156325302913e+00,-1.331415767931e+00,-1.331443984004e+00,3.767952639136e-01,3.767580587299e-01,8.976137590828e-01,8.976281283298e-01,-1.410340857538e+00,-1.410326699257e+00
0.696709585122,1.152673197193e+00,1.152654315006e+00,-1.335646782562e+00,-1.335675239897e+00,3.951418586860e-01,3.951023048636e-01,8.778248529587e-01,8.778377434661e-01,-1.412338731102e+00,-1.412325008435e+00
0.698140200286,1.148981300482e+00,1.148960043843e+00,-1.339769319911e+00,-1.339798575441e+00,4.134137022092e-01,4.133747234748e-01,8.577536255371e-01,8.577636529885e-01,-1.413621248964e+00,-1.413610133312e+00
0.699570815451,1.145266084947e+00,1.145242564045e+00,-1.343783170665e+00,-1.343813657479e+00,4.316075147707e-01,4.315719927337e-01,8.374061185660e-01,8.374123445792e-01,-1.414188102881e+00,-1.414181424934e+00
0.701001430615,1.141527336537e+00,1.141501950704e+00,-1.347688178410e+00,-1.347720161599e+00,4.497203310506e-01,4.496908044726e-01,8.167883844627e-01,8.167903955133e-01,-1.414039413293e+00,-1.414038594816e+00
0.702432045780,1.137764910448e+00,1.137738279380e+00,-1.351484216756e+00,-1.351517772161e+00,4.677494454828e-01,4.677278647866e-01,7.959065448949e-01,7.959044705335e-01,-1.413175687886e+00,-1.413181715082e+00
0.703862660944,1.133978756797e+00,1.133951626097e+00,-1.355171165651e+00,-1.355206182325e+00,4.856923328489e-01,4.856798946329e-01,7.747668516138e-01,7.747613196962e-01,-1.411597789637e+00,-1.411611218434e+00
0.705293276109,1.130168932325e+00,1.130142067346e+00,-1.358748889735e+00,-1.358785094073e+00,5.035465558963e-01,5.035436304269e-01,7.533757429807e-01,7.533677761896e-01,-1.409306915136e+00,-1.409327897926e+00
0.706723891273,1.126335597307e+00,1.126309680077e+00,-1.362217221087e+00,-1.362254218235e+00,5.213096723558e-01,5.213158246354e-01,7.317398897378e-01,7.317307541256e-01,-1.406304581687e+00,-1.406332906573e+00
0.708154506438,1.122478999123e+00,1.122454541704e+00,-1.365575948049e+00,-1.365613274512e+00,5.389791525247e-01,5.389932463667e-01,7.098662242728e-01,7.098572463052e-01,-1.402592620526e+00,-1.402627756760e+00
0.709585121602,1.118599445905e+00,1.118576730100e+00,-1.368824810918e+00,-1.368861991498e+00,5.565523159507e-01,5.565726819586e-01,6.877619489512e-01,6.877543219585e-01,-1.398173173417e+00,-1.398214319483e+00
0.711015736767,1.114697274768e+00,1.114676323594e+00,-1.371963504452e+00,-1.372000106701e+00,5.740262922877e-01,5.740509355620e-01,6.654345210543e-01,6.654291244599e-01,-1.393048690615e+00,-1.393094823404e+00
0.712446351931,1.110772819483e+00,1.110753400974e+00,-1.374991686377e+00,-1.375027366568e+00,5.913980077342e-01,5.914248297223e-01,6.428916143983e-01,6.428888690196e-01,-1.387221929287e+00,-1.387271853723e+00
0.713876967096,1.106826381861e+00,1.106808041482e+00,-1.377908990421e+00,-1.377943526500e+00,6.086641952170e-01,6.086912059568e-01,6.201410606335e-01,6.201408403519e-01,-1.380695952422e+00,-1.380748350876e+00
0.715307582260,1.102858210017e+00,1.102840324813e+00,-1.380715042059e+00,-1.380748350876e+00,6.258214240606e-01,6.258469253292e-01,5.971907762225e-01,5.971923903202e-01,-1.373474128733e+00,-1.373527609049e+00
0.716738197425,1.098868485237e+00,1.098850331114e+00,-1.383409474968e+00,-1.383441613073e+00,6.428661434905e-01,6.428888690196e-01,5.740486837065e-01,5.740509355620e-01,-1.365560133946e+00,-1.365613274512e+00
0.718168812589,1.094857317686e+00,1.094838140980e+00,-1.385991946309e+00,-1.386023095477e+00,6.597947339351e-01,6.598139388925e-01,5.507226375603e-01,5.507239550910e-01,-1.356957953341e+00,-1.357009343781e+00
0.719599427754,1.090824750005e+00,1.090803835458e+00,-1.388462149254e+00,-1.388492589510e+00,6.766035605154e-01,6.766190580590e-01,5.272203652243e-01,5.272189878806e-01,-1.347671884762e+00,-1.347720161599e+00
0.721030042918,1.086770766963e+00,1.086747496038e+00,-1.390819821630e+00,-1.390849895641e+00,6.932890240616e-01,6.933011714367e-01,5.035494324460e-01,5.035436304269e-01,-1.337706540787e+00,-1.337750418739e+00
0.722460658083,1.082695308979e+00,1.082669204658e+00,-1.393064750125e+00,-1.393094823404e+00,7.098476061655e-01,7.098572463052e-01,4.797172388760e-01,4.797055342943e-01,-1.327066848750e+00,-1.327105149643e+00
0.723891273247,1.078598287307e+00,1.078569043698e+00,-1.395196770049e+00,-1.395227191411e+00,7.262759059304e-01,7.262842728570e-01,4.557310453022e-01,4.557124036418e-01,-1.315758047704e+00,-1.315789729869e+00
0.725321888412,1.074479599055e+00,1.074447095980e+00,-1.397215761176e+00,-1.397246827371e+00,7.425706670647e-01,7.425792647451e-01,4.315980287330e-01,4.315719927337e-01,-1.303785682350e+00,-1.303809873386e+00
0.726752503577,1.070339140708e+00,1.070303444765e+00,-1.399121640516e+00,-1.399153568101e+00,7.587287947270e-01,7.587392596255e-01,4.073253567326e-01,4.072921034334e-01,-1.291155595015e+00,-1.291171629685e+00
0.728183118741,1.066176819439e+00,1.066138173754e+00,-1.400914353129e+00,-1.400947259540e+00,7.747473620876e-01,7.747613196962e-01,3.829202689831e-01,3.828805826818e-01,-1.277873917770e+00,-1.277881380720e+00
0.729613733906,1.061992562031e+00,1.061951367086e+00,-1.402593862072e+00,-1.402627756760e+00,7.906236069862e-01,7.906425322307e-01,3.583901527644e-01,3.583453199612e-01,-1.263947067433e+00,-1.263945837694e+00
0.731044349070,1.057786321621e+00,1.057743109330e+00,-1.404160138493e+00,-1.404194923979e+00,8.063549194130e-01,8.063800101082e-01,3.337426002315e-01,3.336942447461e-01,-1.249381746206e+00,-1.249372037662e+00
0.732474964235,1.053558082722e+00,1.053513485494e+00,-1.405613152630e+00,-1.405648634574e+00,8.219388208582e-01,8.219708923378e-01,3.089854388160e-01,3.089353239395e-01,-1.234184950105e+00,-1.234167339983e+00
0.733905579399,1.049307864995e+00,1.049262581014e+00,-1.406952866259e+00,-1.406988771086e+00,8.373729369078e-01,8.374123445792e-01,2.841267310674e-01,2.840765592993e-01,-1.218363986085e+00,-1.218339422601e+00
0.735336194564,1.045035726135e+00,1.044990481757e+00,-1.408179226901e+00,-1.408215225236e+00,8.526549647819e-01,8.527015596574e-01,2.591747457303e-01,2.591259848511e-01,-1.201926497076e+00,-1.201896278166e+00
0.736766809728,1.040741764000e+00,1.040697274019e+00,-1.409292163966e+00,-1.409327897926e+00,8.677826378022e-01,8.678357580735e-01,2.341379067242e-01,2.340916642925e-01,-1.184880492328e+00,-1.184846210004e+00
0.738197424893,1.036426117824e+00,1.036383044520e+00,-1.410291586924e+00,-1.410326699257e+00,8.827536889890e-01,8.828121885097e-01,2.090247299965e-01,2.089816883866e-01,-1.167234378875e+00,-1.167197827918e+00
0.739628040057,1.032088968113e+00,1.032047880407e+00,-1.411177385595e+00,-1.411211548525e+00,8.975658160890e-01,8.976281283298e-01,1.838437594012e-01,1.838041723475e-01,-1.148996988811e+00,-1.148960043843e+00
0.741058655222,1.027730534622e+00,1.027691869249e+00,-1.411949432607e+00,-1.411982374236e+00,9.122166502944e-01,9.122808840737e-01,1.586035117312e-01,1.585672532171e-01,-1.130177596876e+00,-1.130142067346e+00
0.742489270386,1.023351071776e+00,1.023315099035e+00,-1.412607588037e+00,-1.412639114110e+00,9.267037307214e-01,9.267677919475e-01,1.333124381539e-01,1.332790872359e-01,-1.110785923562e+00,-1.110753400974e+00
0.743919885551,1.018950860978e+00,1.018917658176e+00,-1.413151706091e+00,-1.413181715082e+00,9.410244863789e-01,9.410862183074e-01,1.079789053046e-01,1.079478472065e-01,-1.090832120653e+00,-1.090803835458e+00
0.745350500715,1.014530199497e+00,1.014499635498e+00,-1.413581643479e+00,-1.413610133312e+00,9.551762269049e-01,9.552335601387e-01,8.261119507881e-02,8.258171985263e-02,-1.070326738568e+00,-1.070303444765e+00
0.746781115880,1.010089386056e+00,1.010061120244e+00,-1.413897268857e+00,-1.413924334183e+00,9.691561428220e-01,9.692072455292e-01,5.721751863158e-02,5.718890317292e-02,-1.049280677739e+00,-1.049262581014e+00
0.748211731044,1.005628703743e+00,1.005602202070e+00,-1.414098472466e+00,-1.414124292309e+00,9.829613155181e-01,9.830047341361e-01,3.180603793863e-02,3.177760379183e-02,-1.027705128974e+00,-1.027691869249e+00
0.749642346209,1.001148401480e+00,1.001122971045e+00,-1.414185174899e+00,-1.414209991534e+00,9.965887366455e-01,9.966235176487e-01,6.384887865865e-03,6.356034307115e-03,-1.005611509903e+00,-1.005602202070e+00
0.751072961373,9.966486758433e-01,9.966235176487e-01,-1.414157333852e+00,-1.414181424934e+00,1.010035336183e+00,1.010061120244e+00,-1.903780702906e-02,-1.906758936430e-02,-9.830114056092e-01,-9.830047341361e-01
0.752503576538,9.921296555161e-01,9.921039327681e-01,-1.414014947841e+00,-1.414038594816e+00,1.023298018032e+00,1.023315099035e+00,-4.445392422406e-02,-4.448505064159e-02,-9.599165212794e-01,-9.599108765321e-01
0.753934191702,9.875913908473e-01,9.875643076976e-01,-1.413758056126e+00,-1.413781512720e+00,1.036373701687e+00,1.036383044520e+00,-6.985534373201e-02,-6.988813493557e-02,-9.363386529492e-01,-9.363322910043e-01
0.755364806867,9.830338508475e-01,9.830047341361e-01,-1.413386734519e+00,-1.413410199419e+00,1.049259368178e+00,1.049262581014e+00,-9.523395492130e-02,-9.526863230346e-02,-9.122896796313e-01,-9.122808840737e-01
0.756795422031,9.784569293555e-01,9.784253041857e-01,-1.412901087256e+00,-1.412924684915e+00,1.061952108067e+00,1.061951367086e+00,-1.205816655313e-01,-1.206183401023e-01,-8.877815765974e-01,-8.877688010225e-01
0.758226037196,9.738604610434e-01,9.738261103493e-01,-1.412301235707e+00,-1.412325008435e+00,1.074449168781e+00,1.074447095980e+00,-1.458904084774e-01,-1.459290656400e-01,-8.628264460866e-01,-8.628084197615e-01
0.759656652361,9.692442465228e-01,9.692072455292e-01,-1.411587305184e+00,-1.411611218434e+00,1.086747997971e+00,1.086747496038e+00,-1.711521431211e-01,-1.711926288228e-01,-8.374365588411e-01,-8.374123445792e-01
0.761087267525,9.646080842546e-01,9.645688030251e-01,-1.410759411505e+00,-1.410783372583e+00,1.098846279085e+00,1.098850331114e+00,-1.963588497034e-01,-1.964008647994e-01,-8.116243981734e-01,-8.115933997775e-01
0.762517882690,9.599518055658e-01,9.599108765321e-01,-1.409817649177e+00,-1.409841537771e+00,1.110741955034e+00,1.110753400974e+00,-2.215025179590e-01,-2.215456265994e-01,-7.854026980580e-01,-7.853646231954e-01
0.763948497854,9.552753081394e-01,9.552335601387e-01,-1.408762083048e+00,-1.408785790098e+00,1.122433235969e+00,1.122454541704e+00,-2.465751328610e-01,-2.466187877666e-01,-7.587844680490e-01,-7.587392596255e-01
0.765379113019,9.505785831181e-01,9.505369483255e-01,-1.407592744987e+00,-1.407616214865e+00,1.133918587946e+00,1.133951626097e+00,-2.715686615008e-01,-2.716122449850e-01,-7.317830003947e-01,-7.317307541256e-01
0.766809728183,9.458617315827e-01,9.458211359624e-01,-1.406309636624e+00,-1.406332906573e+00,1.145196700664e+00,1.145242564045e+00,-2.964750450689e-01,-2.965179206979e-01,-7.044118580746e-01,-7.043527452293e-01
0.768240343348,9.411249675576e-01,9.410862183074e-01,-1.404912738478e+00,-1.404935968911e+00,1.156266434562e+00,1.156325302913e+00,-3.212861988653e-01,-3.213277657185e-01,-6.766848460048e-01,-6.766190580590e-01
0.769670958512,9.363686066431e-01,9.363322910043e-01,-1.403402024955e+00,-1.403425514748e+00,1.167126749977e+00,1.167197827918e+00,-3.459940215693e-01,-3.460337618311e-01,-6.486159707320e-01,-6.485436973447e-01
0.771101573677,9.315930415298e-01,9.315594500811e-01,-1.401777483829e+00,-1.401801666128e+00,1.177776623708e+00,1.177858162492e+00,-3.705904130443e-01,-3.706279243828e-01,-6.202193960164e-01,-6.201408403519e-01
0.772532188841,9.267987076117e-01,9.267677919475e-01,-1.400039138085e+00,-1.400064554254e+00,1.188214960524e+00,1.188304368643e+00,-3.950672981619e-01,-3.951023048636e-01,-5.915094024502e-01,-5.914248297223e-01
0.773962804006,9.219860433417e-01,9.219574133936e-01,-1.398187067397e+00,-1.398214319483e+00,1.198440508795e+00,1.198534547304e+00,-4.194166527926e-01,-4.194489934757e-01,-5.625003585450e-01,-5.624101662316e-01
0.775393419170,9.171554506312e-01,9.171284115876e-01,-1.396221426353e+00,-1.396251111309e+00,1.208451789915e+00,1.208546838684e+00,-4.436305274271e-01,-4.436601216894e-01,-5.332067086770e-01,-5.331115014667e-01
0.776824034335,9.123072604104e-01,9.122808840737e-01,-1.394142456581e+00,-1.394175088358e+00,1.218247050590e+00,1.218339422601e+00,-4.677010639456e-01,-4.677278647866e-01,-5.036429802471e-01,-5.035436304269e-01
0.778254649499,9.074417075213e-01,9.074149287706e-01,-1.391950490501e+00,-1.391986418368e+00,1.227824245152e+00,1.227910518813e+00,-4.916205018826e-01,-4.916444443891e-01,-4.738238088944e-01,-4.737214840535e-01
0.779685264664,9.025589176272e-01,9.025306439689e-01,-1.389645945273e+00,-1.389685278180e+00,1.237181052097e+00,1.237258387346e+00,-5.153811721032e-01,-5.154021309732e-01,-4.437639771960e-01,-4.436601216894e-01
0.781115879828,8.976589070686e-01,8.976281283298e-01,-1.387229306643e+00,-1.387271853723e+00,1.246314925240e+00,1.246381328808e+00,-5.389754780048e-01,-5.389932463667e-01,-4.134784595568e-01,-4.133747234748e-01
0.782546494993,8.927415948640e-01,8.927074808825e-01,-1.384701103630e+00,-1.384746339997e+00,1.255223175783e+00,1.255277684694e+00,-5.623958669470e-01,-5.624101662316e-01,-3.829824644423e-01,-3.828805826818e-01
0.783977110157,8.878068246071e-01,8.877688010225e-01,-1.382061876282e+00,-1.382108941059e+00,1.263903077480e+00,1.263945837694e+00,-5.856347971982e-01,-5.856453225273e-01,-3.522914650178e-01,-3.521930979916e-01
0.785407725322,8.828543929997e-01,8.828121885097e-01,-1.379312139736e+00,-1.379359870008e+00,1.272351983822e+00,1.272384211983e+00,-6.086847077335e-01,-6.086912059568e-01,-3.214212107172e-01,-3.213277657185e-01
0.786838340486,8.778840812829e-01,8.778377434661e-01,-1.376452348549e+00,-1.376499348963e+00,1.280567443893e+00,1.280591273511e+00,-6.315379991191e-01,-6.315403683938e-01,-2.903877150588e-01,-2.903001719851e-01
0.788268955651,8.728956858640e-01,8.728455663739e-01,-1.373482865525e+00,-1.373527609049e+00,1.288547303035e+00,1.288565530274e+00,-6.541870329760e-01,-6.541854252894e-01,-2.592072187352e-01,-2.591259848511e-01
0.789699570815,8.678890449213e-01,8.678357580735e-01,-1.370403938963e+00,-1.370444890379e+00,1.296289775600e+00,1.296305532597e+00,-6.766241548712e-01,-6.766190580590e-01,-2.278961309969e-01,-2.278209464020e-01
0.791130185980,8.628640585685e-01,8.628084197615e-01,-1.367215691490e+00,-1.367251442032e+00,1.303793480124e+00,1.303809873386e+00,-6.988417411339e-01,-6.988340164476e-01,-1.964709559293e-01,-1.964008647994e-01
0.792560801144,8.578207011569e-01,8.577636529885e-01,-1.363918122362e+00,-1.363947522031e+00,1.311057431743e+00,1.311077188393e+00,-7.208322647145e-01,-7.208231208727e-01,-1.649482127342e-01,-1.648816062984e-01
0.793991416309,8.527590253198e-01,8.527015596574e-01,-1.360511123622e+00,-1.360533397329e+00,1.318080992151e+00,1.318106156458e+00,-7.425883699192e-01,-7.425792647451e-01,-1.333443601060e-01,-1.332790872359e-01
0.795422031474,8.476791583268e-01,8.476222420207e-01,-1.356994508840e+00,-1.357009343781e+00,1.324863783080e+00,1.324895499750e+00,-7.641029420014e-01,-7.640954167651e-01,-1.016757340366e-01,-1.016092659927e-01
0.796852646638,8.425812920896e-01,8.425258026791e-01,-1.353368051674e+00,-1.353375646126e+00,1.331405574295e+00,1.331443984004e+00,-7.853691564087e-01,-7.853646231954e-01,-6.995850605257e-02,-6.988813493557e-02
0.798283261803,8.374656687033e-01,8.374123445792e-01,-1.349631530304e+00,-1.349632597958e+00,1.337706160648e+00,1.337750418739e+00,-8.063804946968e-01,-8.063800101082e-01,-3.820866542779e-02,-3.813171234106e-02
0.799713876967,8.323325636668e-01,8.322819710111e-01,-1.345784773120e+00,-1.345780501712e+00,1.343765244256e+00,1.343813657479e+00,-8.271307196920e-01,-8.271347856068e-01,-6.442025015177e-03,-6.356034307115e-03
0.801144492132,8.271822689102e-01,8.271347856068e-01,-1.341827700958e+00,-1.341819668630e+00,1.349582337017e+00,1.349632597958e+00,-8.476138104533e-01,-8.476222420207e-01,2.532575325430e-02,2.542285334492e-02
0.802575107296,8.220150774906e-01,8.219708923378e-01,-1.337760361642e+00,-1.337750418739e+00,1.355156695586e+00,1.355206182325e+00,-8.678238662591e-01,-8.678357580735e-01,5.707911978609e-02,5.718890317292e-02
0.804005722461,8.168312713493e-01,8.167903955133e-01,-1.333582953599e+00,-1.333573080831e+00,1.360487296167e+00,1.360533397329e+00,-8.877549961543e-01,-8.877688010225e-01,8.880259347466e-02,8.892607421752e-02
0.805436337625,8.116311129310e-01,8.115933997775e-01,-1.329295836581e+00,-1.329287992425e+00,1.365572850678e+00,1.365613274512e+00,-9.074012147011e-01,-9.074149287706e-01,1.204807201747e-01,1.206183401023e-01
0.806866952790,8.064148408247e-01,8.063800101082e-01,-1.324899528987e+00,-1.324895499750e+00,1.370411860148e+00,1.370444890379e+00,-9.267563643062e-01,-9.267677919475e-01,1.520980395567e-01,1.522496971267e-01
0.808297567954,8.011826689820e-01,8.011503318142e-01,-1.320394692659e+00,-1.320395957713e+00,1.375002696373e+00,1.375027366568e+00,-9.458140798164e-01,-9.458211359624e-01,1.836390640797e-01,1.838041723475e-01
0.809728183119,7.959347885881e-01,7.959044705335e-01,-1.315782107121e+00,-1.315789729869e+00,1.379343699644e+00,1.379359870008e+00,-9.645678029661e-01,-9.645688030251e-01,2.150882712299e-01,2.152658316443e-01
0.811158798283,7.906713713506e-01,7.906425322307e-01,-1.311062636071e+00,-1.311077188393e+00,1.383433279235e+00,1.383441613073e+00,-9.830108446102e-01,-9.830047341361e-01,2.464301078458e-01,2.466187877666e-01
0.812589413448,7.853925728828e-01,7.853646231954e-01,-1.306237189297e+00,-1.306258714052e+00,1.387270004086e+00,1.387271853723e+00,-1.001136483608e+00,-1.001122971045e+00,2.776490036625e-01,2.778472083556e-01
0.814020028612,7.800985349921e-01,7.800708500397e-01,-1.301306683245e+00,-1.301334696169e+00,1.390852673644e+00,1.390849895641e+00,-1.018938084671e+00,-1.018917658176e+00,3.087293902981e-01,3.089353239395e-01
0.815450643777,7.747893860194e-01,7.747613196962e-01,-1.296272003167e+00,-1.296305532597e+00,1.394180362325e+00,1.394175088358e+00,-1.036409214668e+00,-1.036383044520e+00,3.396557217578e-01,3.398674358967e-01
0.816881258941,7.694652388619e-01,7.694361394157e-01,-1.291133969340e+00,-1.291171629685e+00,1.397252434934e+00,1.397246827371e+00,-1.053543738118e+00,-1.053513485494e+00,3.704124929739e-01,3.706279243828e-01
0.818311874106,7.641261868796e-01,7.640954167651e-01,-1.285893309244e+00,-1.285933402242e+00,1.400068534059e+00,1.400064554254e+00,-1.070335877312e+00,-1.070303444765e+00,4.009842537373e-01,4.012012562186e-01
0.819742489270,7.587722984344e-01,7.587392596255e-01,-1.280550637054e+00,-1.280591273511e+00,1.402628543351e+00,1.402627756760e+00,-1.086780229532e+00,-1.086747496038e+00,4.313556164389e-01,4.315719927337e-01
0.821173104435,7.534036112741e-01,7.533677761896e-01,-1.275106441247e+00,-1.275145675124e+00,1.404932532665e+00,1.404935968911e+00,-1.102871741673e+00,-1.102840324813e+00,4.615112572218e-01,4.617247975626e-01
0.822603719599,7.480201282442e-01,7.479810749595e-01,-1.269561080729e+00,-1.269597047079e+00,1.406980692115e+00,1.406988771086e+00,-1.118605649671e+00,-1.118576730100e+00,4.914359113830e-01,4.916444443891e-01
0.824034334764,7.426218158548e-01,7.425792647451e-01,-1.263914789513e+00,-1.263945837694e+00,1.408773262474e+00,1.408785790098e+00,-1.133977395476e+00,-1.133951626097e+00,5.211143651136e-01,5.213158246354e-01
0.825464949928,7.372086069998e-01,7.371624546612e-01,-1.258167689660e+00,-1.258192503578e+00,1.410310469104e+00,1.410326699257e+00,-1.148982537046e+00,-1.148960043843e+00,5.505314468105e-01,5.507239550910e-01
0.826895565093,7.317804086431e-01,7.317307541256e-01,-1.252319811911e+00,-1.252337509591e+00,1.411592465950e+00,1.411611218434e+00,-1.163616666789e+00,-1.163597132812e+00,5.796720220590e-01,5.798539854795e-01
0.828326180258,7.263371145938e-01,7.262842728570e-01,-1.246371123083e+00,-1.246381328808e+00,1.412619295109e+00,1.412639114110e+00,-1.177875351386e+00,-1.177858162492e+00,6.085209967171e-01,6.086912059568e-01
0.829756795422,7.208786226743e-01,7.208231208727e-01,-1.240321558927e+00,-1.240324442476e+00,1.413390866047e+00,1.413410199419e+00,-1.191754101506e+00,-1.191738523904e+00,6.370633320837e-01,6.372210545400e-01
0.831187410587,7.154048547664e-01,7.153474084862e-01,-1.234171060737e+00,-1.234167339983e+00,1.413906956674e+00,1.413924334183e+00,-1.205248374454e+00,-1.205233731098e+00,6.652840747376e-01,6.654291244599e-01
0.832618025751,7.099157775199e-01,7.098572463052e-01,-1.227919613576e+00,-1.227910518813e+00,1.414167236170e+00,1.414181424934e+00,-1.218353607267e+00,-1.218339422601e+00,6.931684013349e-01,6.933011714367e-01
0.834048640916,7.044114210643e-01,7.043527452293e-01,-1.221567283634e+00,-1.221554484506e+00,1.414171306846e+00,1.414181424934e+00,-1.231065272950e+00,-1.231051362825e+00,7.207016757233e-01,7.208231208727e-01
0.835479256080,6.988918929666e-01,6.988340164476e-01,-1.215114252035e+00,-1.215099750619e+00,1.413918759745e+00,1.413924334183e+00,-1.243378949211e+00,-1.243365443439e+00,7.478695127142e-01,7.479810749595e-01
0.836909871245,6.933573849961e-01,6.933011714367e-01,-1.208560842377e+00,-1.208546838684e+00,1.413409236530e+00,1.413410199419e+00,-1.255290387609e+00,-1.255277684694e+00,7.746578404329e-01,7.747613196962e-01
0.838340486409,6.878081709689e-01,6.877543219585e-01,-1.201907539537e+00,-1.201896278166e+00,1.412642488990e+00,1.412639114110e+00,-1.266795571573e+00,-1.266784236709e+00,8.010529520204e-01,8.011503318142e-01
0.839771101574,6.822445949955e-01,6.821935800575e-01,-1.195154997795e+00,-1.195148606419e+00,1.411618427475e+00,1.411611218434e+00,-1.277890754135e+00,-1.277881380720e+00,8.270415380802e-01,8.271347856068e-01
0.841201716738,6.766670507043e-01,6.766190580590e-01,-1.188304037037e+00,-1.188304368643e+00,1.410337151043e+00,1.410326699257e+00,-1.288572469918e+00,-1.288565530274e+00,8.526106937658e-01,8.527015596574e-01
0.842632331903,6.710759532847e-01,6.710308685666e-01,-1.181355626786e+00,-1.181364117841e+00,1.408798954742e+00,1.408785790098e+00,-1.298837520323e+00,-1.298833232396e+00,8.777478984606e-01,8.778377434661e-01
0.844062947067,6.654717073122e-01,6.654291244599e-01,-1.174310858770e+00,-1.174328414775e+00,1.407004312964e+00,1.406988771086e+00,-1.308682935236e+00,-1.308681168698e+00,9.024409708736e-01,9.025306439689e-01
0.845493562232,6.598546740861e-01,6.598139388925e-01,-1.167170909795e+00,-1.167197827918e+00,1.404953841577e+00,1.404935968911e+00,-1.318105918184e+00,-1.318106156458e+00,9.266780070390e-01,9.267677919475e-01
0.846924177396,6.542251425120e-01,6.541854252894e-01,-1.159936997535e+00,-1.159972933408e+00,1.402648244796e+00,1.402627756760e+00,-1.327103784281e+00,-1.327105149643e+00,9.504473121395e-01,9.505369483255e-01
0.848354792561,6.485833073175e-01,6.485436973447e-01,-1.152610332554e+00,-1.152654315006e+00,1.400088255112e+00,1.400064554254e+00,-1.335673901082e+00,-1.335675239897e+00,9.737373384370e-01,9.738261103493e-01
0.849785407725,6.429292576172e-01,6.428888690196e-01,-1.145192070289e+00,-1.145242564045e+00,1.397274575471e+00,1.397246827371e+00,-1.343813641691e+00,-1.343813657479e+00,9.965366405313e-01,9.966235176487e-01
0.851216022890,6.372629776270e-01,6.372210545400e-01,-1.137683266837e+00,-1.137738279380e+00,1.394207832388e+00,1.394175088358e+00,-1.351520357264e+00,-1.351517772161e+00,1.018833855823e+00,1.018917658176e+00
0.852646638054,6.315843598320e-01,6.315403683938e-01,-1.130084842198e+00,-1.130142067346e+00,1.390888546776e+00,1.390849895641e+00,-1.358791372865e+00,-1.358785094073e+00,1.040617713130e+00,1.040697274019e+00
0.854077253219,6.258932293301e-01,6.258469253292e-01,-1.122397554150e+00,-1.122454541704e+00,1.387317126492e+00,1.387271853723e+00,-1.365624007026e+00,-1.365613274512e+00,1.061877066938e+00,1.061951367086e+00
0.855507868383,6.201893766307e-01,6.201408403519e-01,-1.114621985197e+00,-1.114676323594e+00,1.383493881330e+00,1.383441613073e+00,-1.372015611832e+00,-1.372000106701e+00,1.082600949891e+00,1.082669204658e+00
0.856938483548,6.144725950748e-01,6.144222287230e-01,-1.106758544015e+00,-1.106808041482e+00,1.379419057994e+00,1.379359870008e+00,-1.377963627524e+00,-1.377943526500e+00,1.102778632948e+00,1.102840324813e+00
0.858369098712,6.087427184179e-01,6.086912059568e-01,-1.098807481708e+00,-1.098850331114e+00,1.375092889959e+00,1.375027366568e+00,-1.383465643732e+00,-1.383441613073e+00,1.122399681669e+00,1.122454541704e+00
0.859799713877,6.029996540612e-01,6.029478878182e-01,-1.090768921905e+00,-1.090803835458e+00,1.370515655324e+00,1.370444890379e+00,-1.388519458850e+00,-1.388492589510e+00,1.141453998632e+00,1.141501950704e+00
0.861230329041,5.972434079383e-01,5.971923903202e-01,-1.082642902475e+00,-1.082669204658e+00,1.365687735014e+00,1.365613274512e+00,-1.393123129687e+00,-1.393094823404e+00,1.159931845490e+00,1.159972933408e+00
0.862660944206,5.914740980887e-01,5.914248297223e-01,-1.074429425498e+00,-1.074447095980e+00,1.360609664026e+00,1.360533397329e+00,-1.397275005211e+00,-1.397246827371e+00,1.177823842965e+00,1.177858162492e+00
0.864091559371,5.856919553423e-01,5.856453225273e-01,-1.066128511226e+00,-1.066138173754e+00,1.355282169611e+00,1.355206182325e+00,-1.400973740724e+00,-1.400947259540e+00,1.195120951978e+00,1.195148606419e+00
0.865522174535,5.798973111121e-01,5.798539854795e-01,-1.057740251241e+00,-1.057743109330e+00,1.349706192218e+00,1.349632597958e+00,-1.404218291618e+00,-1.404194923979e+00,1.211814443159e+00,1.211835534002e+00
0.866952789700,5.740905738463e-01,5.740509355620e-01,-1.049264855936e+00,-1.049262581014e+00,1.343882887323e+00,1.343813657479e+00,-1.407007888742e+00,-1.406988771086e+00,1.227895864217e+00,1.227910518813e+00
0.868383404864,5.682721970233e-01,5.682362899947e-01,-1.040702691884e+00,-1.040697274019e+00,1.337813608607e+00,1.337750418739e+00,-1.409341999799e+00,-1.409327897926e+00,1.243357014823e+00,1.243365443439e+00
0.869814020029,5.624426425176e-01,5.624101662316e-01,-1.032054305531e+00,-1.032047880407e+00,1.331499875096e+00,1.331443984004e+00,-1.411220282830e+00,-1.411211548525e+00,1.258189936609e+00,1.258192503578e+00
0.871244635193,5.566023436140e-01,5.565726819586e-01,-1.023320430997e+00,-1.023315099035e+00,1.324943326565e+00,1.324895499750e+00,-1.412642538620e+00,-1.412639114110e+00,1.272386922354e+00,1.272384211983e+00
0.872675250358,5.507516718529e-01,5.507239550910e-01,-1.014501981282e+00,-1.014499635498e+00,1.318145672557e+00,1.318106156458e+00,-1.413608668521e+00,-1.413610133312e+00,1.285940544102e+00,1.285933402242e+00
0.874105865522,5.448909112848e-01,5.448641037713e-01,-1.005600023845e+00,-1.005602202070e+00,1.311108640817e+00,1.311077188393e+00,-1.414118643021e+00,-1.414124292309e+00,1.298843695947e+00,1.298833232396e+00
0.875536480687,5.390202426975e-01,5.389932463667e-01,-9.966157430704e-01,-9.966235176487e-01,1.303833930677e+00,1.303809873386e+00,-1.414172484409e+00,-1.414181424934e+00,1.311089644258e+00,1.311077188393e+00
0.876967095851,5.331397391117e-01,5.331115014667e-01,-9.875503934057e-01,-9.875643076976e-01,1.296323176132e+00,1.296305532597e+00,-1.413770264515e+00,-1.413781512720e+00,1.322672076876e+00,1.322659087382e+00
0.878397711016,5.272493724997e-01,5.272189878806e-01,-9.784052478680e-01,-9.784253041857e-01,1.288577922161e+00,1.288565530274e+00,-1.412912116080e+00,-1.412924684915e+00,1.333585143238e+00,1.333573080831e+00
0.879828326180,5.213490304554e-01,5.213158246354e-01,-9.691815470163e-01,-9.692072455292e-01,1.280599616316e+00,1.280591273511e+00,-1.411598254133e+00,-1.411611218434e+00,1.343823479333e+00,1.343813657479e+00
0.881258941345,5.154385405725e-01,5.154021309732e-01,-9.598804533897e-01,-9.599108765321e-01,1.272389616061e+00,1.272384211983e+00,-1.409829002301e+00,-1.409841537771e+00,1.353382214071e+00,1.353375646126e+00
0.882689556509,5.095176996721e-01,5.094780263487e-01,-9.505030158276e-01,-9.505369483255e-01,1.263949210770e+00,1.263945837694e+00,-1.407604818328e+00,-1.407616214865e+00,1.362256956526e+00,1.362254218235e+00
0.884120171674,5.035863047831e-01,5.035436304269e-01,-9.410501470605e-01,-9.410862183074e-01,1.255279655860e+00,1.255277684694e+00,-1.404926313549e+00,-1.404935968911e+00,1.370443765953e+00,1.370444890379e+00
0.885550786838,4.976441828895e-01,4.975990630810e-01,-9.315226166068e-01,-9.315594500811e-01,1.246382215416e+00,1.246381328808e+00,-1.401794262363e+00,-1.401801666128e+00,1.377939108124e+00,1.377943526500e+00
0.886981402003,4.916912168355e-01,4.916444443891e-01,-9.219210594409e-01,-9.219574133936e-01,1.237258208740e+00,1.237258387346e+00,-1.398209599963e+00,-1.398214319483e+00,1.384739802501e+00,1.384746339997e+00
0.888412017167,4.857273653348e-01,4.856798946329e-01,-9.122459992533e-01,-9.122808840737e-01,1.227909055795e+00,1.227910518813e+00,-1.394173409082e+00,-1.394175088358e+00,1.390842965194e+00,1.390849895641e+00
0.889842632332,4.797526756706e-01,4.797055342943e-01,-9.024978835654e-01,-9.025306439689e-01,1.218336316433e+00,1.218339422601e+00,-1.389686899096e+00,-1.389685278180e+00,1.396245952784e+00,1.396251111309e+00
0.891273247496,4.737672883374e-01,4.737214840535e-01,-8.926771266453e-01,-8.927074808825e-01,1.208541718678e+00,1.208546838684e+00,-1.384751382793e+00,-1.384746339997e+00,1.400946312238e+00,1.400947259540e+00
0.892703862661,4.677714335089e-01,4.677278647866e-01,-8.827841552560e-01,-8.828121885097e-01,1.198527172248e+00,1.198534547304e+00,-1.379368257274e+00,-1.379359870008e+00,1.404941742143e+00,1.404935968911e+00
0.894134477825,4.617654198182e-01,4.617247975626e-01,-8.728194518908e-01,-8.728455663739e-01,1.188294764801e+00,1.188304368643e+00,-1.373538995244e+00,-1.373527609049e+00,1.408230070162e+00,1.408215225236e+00
0.895565092990,4.557496164703e-01,4.557124036418e-01,-8.627835904004e-01,-8.628084197615e-01,1.177846740147e+00,1.177858162492e+00,-1.367265151558e+00,-1.367251442032e+00,1.410809250837e+00,1.410783372583e+00
0.896995708155,4.497244301871e-01,4.496908044726e-01,-8.526772598260e-01,-8.527015596574e-01,1.167185459614e+00,1.167197827918e+00,-1.360548387227e+00,-1.360533397329e+00,1.412677386162e+00,1.412639114110e+00
0.898426323319,4.436902788804e-01,4.436601216894e-01,-8.425012737377e-01,-8.425258026791e-01,1.156313349750e+00,1.156325302913e+00,-1.353390509765e+00,-1.353375646126e+00,1.413832769007e+00,1.413781512720e+00
0.899856938484,4.376475642522e-01,4.376204771101e-01,-8.322565642909e-01,-8.322819710111e-01,1.145232841386e+00,1.145242564045e+00,-1.345793525250e+00,-1.345780501712e+00,1.414273946653e+00,1.414209991534e+00
0.901287553648,4.315966457033e-01,4.315719927337e-01,-8.219441622663e-01,-8.219708923378e-01,1.133946306524e+00,1.133951626097e+00,-1.337759694532e+00,-1.337750418739e+00,1.413999798842e+00,1.413924334183e+00
0.902718168813,4.255378179585e-01,4.255147907377e-01,-8.115651662673e-01,-8.115933997775e-01,1.122456000292e+00,1.122454541704e+00,-1.329291584267e+00,-1.329287992425e+00,1.413009622600e+00,1.412924684915e+00
0.904148783977,4.194712946655e-01,4.194489934757e-01,-8.011207056610e-01,-8.011503318142e-01,1.110764015309e+00,1.110753400974e+00,-1.320392103275e+00,-1.320395957713e+00,1.411303214924e+00,1.411211548525e+00
0.905579399142,4.133971998509e-01,4.133747234748e-01,-7.906119025525e-01,-7.906425322307e-01,1.098872254918e+00,1.098850331114e+00,-1.311064516311e+00,-1.311077188393e+00,1.408880944620e+00,1.408785790098e+00
0.907010014306,4.073155685108e-01,4.072921034334e-01,-7.800398379291e-01,-7.800708500397e-01,1.086782430122e+00,1.086747496038e+00,-1.301312430390e+00,-1.301334696169e+00,1.405743805954e+00,1.405648634574e+00
0.908440629471,4.012263567731e-01,4.012012562186e-01,-7.694055261704e-01,-7.694361394157e-01,1.074496082523e+00,1.074447095980e+00,-1.291139752838e+00,-1.291171629685e+00,1.401893449083e+00,1.401801666128e+00
0.909871244635,3.951294610344e-01,3.951023048636e-01,-7.587099005739e-01,-7.587392596255e-01,1.062014632611e+00,1.061951367086e+00,-1.280550624485e+00,-1.280591273511e+00,1.397332184876e+00,1.397246827371e+00
0.911301859800,3.890247443484e-01,3.889953725653e-01,-7.479538107135e-01,-7.479810749595e-01,1.049339449492e+00,1.049262581014e+00,-1.269549335199e+00,-1.269597047079e+00,1.392062964350e+00,1.391986418368e+00
0.912732474964,3.829120672538e-01,3.828805826818e-01,-7.371380306783e-01,-7.371624546612e-01,1.036471935143e+00,1.036383044520e+00,-1.258140231599e+00,-1.258192503578e+00,1.386089335017e+00,1.386023095477e+00
0.914163090129,3.767913193826e-01,3.767580587299e-01,-7.262632758279e-01,-7.262842728570e-01,1.023413613939e+00,1.023315099035e+00,-1.246327627902e+00,-1.246381328808e+00,1.379415377949e+00,1.379359870008e+00
0.915593705293,3.706624477479e-01,3.706279243828e-01,-7.153302248521e-01,-7.153474084862e-01,1.010166216953e+00,1.010061120244e+00,-1.234115730490e+00,-1.234167339983e+00,1.372045630216e+00,1.372000106701e+00
0.917024320458,3.645254777520e-01,3.644903034672e-01,-7.043395436983e-01,-7.043527452293e-01,9.967317507080e-01,9.966235176487e-01,-1.221508584897e+00,-1.221554484506e+00,1.363984997832e+00,1.363947522031e+00
0.918454935622,3.583805237360e-01,3.583453199612e-01,-6.932919082551e-01,-6.933011714367e-01,9.831125416319e-01,9.830047341361e-01,-1.208510051152e+00,-1.208546838684e+00,1.355238664587e+00,1.355206182325e+00
0.919885550787,3.522277872665e-01,3.521930979916e-01,-6.821880234065e-01,-6.821935800575e-01,9.693112504667e-01,9.692072455292e-01,-1.195123810023e+00,-1.195148606419e+00,1.345812002364e+00,1.345780501712e+00
0.921316165951,3.460675431515e-01,3.460337618311e-01,-6.710286369866e-01,-6.710308685666e-01,9.553308546609e-01,9.552335601387e-01,-1.181353399308e+00,-1.181364117841e+00,1.335710488813e+00,1.335675239897e+00
0.922746781116,3.399001150886e-01,3.398674358967e-01,-6.598145480862e-01,-6.598139388925e-01,9.411746009292e-01,9.410862183074e-01,-1.167202276284e+00,-1.167197827918e+00,1.324939638369e+00,1.324895499750e+00
0.924177396280,3.337258445407e-01,3.336942447461e-01,-6.485466099358e-01,-6.485436973447e-01,9.268459339216e-01,9.267677919475e-01,-1.152673900006e+00,-1.152654315006e+00,1.313504952576e+00,1.313446724738e+00
0.925608011445,3.275450575674e-01,3.275143130758e-01,-6.372257281394e-01,-6.372210545400e-01,9.123484097614e-01,9.122808840737e-01,-1.137771825516e+00,-1.137738279380e+00,1.301411895062e+00,1.301334696169e+00
0.927038626609,3.213580346793e-01,3.213277657185e-01,-6.258528553239e-01,-6.258469253292e-01,8.976856046693e-01,8.976281283298e-01,-1.122499801232e+00,-1.122454541704e+00,1.288665895279e+00,1.288565530274e+00
0.928469241774,3.151649882556e-01,3.151347276406e-01,-6.144289833395e-01,-6.144222287230e-01,8.828610288567e-01,8.828121885097e-01,-1.106861860744e+00,-1.106808041482e+00,1.275272383118e+00,1.275145675124e+00
0.929899856938,3.089660507690e-01,3.089353239395e-01,-6.029551340451e-01,-6.029478878182e-01,8.678780544639e-01,8.678357580735e-01,-1.090862400884e+00,-1.090803835458e+00,1.261236853852e+00,1.261081907367e+00
0.931330472103,3.027612752477e-01,3.027296798413e-01,-5.914323495112e-01,-5.914248297223e-01,8.527398638999e-01,8.527015596574e-01,-1.074506239154e+00,-1.074447095980e+00,1.246564959705e+00,1.246381328808e+00
0.932761087268,2.965506474248e-01,2.965179206979e-01,-5.798616822336e-01,-5.798539854795e-01,8.374494219913e-01,8.374123445792e-01,-1.057798645251e+00,-1.057743109330e+00,1.231262621144e+00,1.231051362825e+00
0.934191702432,2.903341072450e-01,2.903001719851e-01,-5.682441857389e-01,-5.682362899947e-01,8.220094723641e-01,8.219708923378e-01,-1.040745343474e+00,-1.040697274019e+00,1.215336148069e+00,1.215099750619e+00
0.935622317597,2.841115761055e-01,2.840765592993e-01,-5.565809057898e-01,-5.565726819586e-01,8.064225558922e-01,8.063800101082e-01,-1.023352485094e+00,-1.023315099035e+00,1.198792358955e+00,1.198534547304e+00
0.937052932761,2.778829855988e-01,2.778472083556e-01,-5.448728723118e-01,-5.448641037713e-01,7.906910471342e-01,7.906425322307e-01,-1.005626592235e+00,-1.005602202070e+00,1.181638685056e+00,1.181364117841e+00
0.938483547926,2.716483036121e-01,2.716122449850e-01,-5.331210921387e-01,-5.331115014667e-01,7.748172035577e-01,7.747613196962e-01,-9.875744772769e-01,-9.875643076976e-01,1.163883247250e+00,1.163597132812e+00
0.939914163090,2.654075543521e-01,2.653717951318e-01,-5.213265427219e-01,-5.213158246354e-01,7.588032219855e-01,7.587392596255e-01,-9.692031440930e-01,-9.692072455292e-01,1.145534895192e+00,1.145242564045e+00
0.941344778255,2.591608299874e-01,2.591259848511e-01,-5.094901670369e-01,-5.094780263487e-01,7.426512969569e-01,7.425792647451e-01,-9.505196793341e-01,-9.505369483255e-01,1.126603201977e+00,1.126309680077e+00
0.942775393419,2.529082929286e-01,2.528749403063e-01,-4.976128700365e-01,-4.975990630810e-01,7.263636763735e-01,7.262842728570e-01,-9.315311432764e-01,-9.315594500811e-01,1.107098412302e+00,1.106808041482e+00
0.944206008584,2.466501690599e-01,2.466187877666e-01,-4.856955171070e-01,-4.856798946329e-01,7.099427107123e-01,7.098572463052e-01,-9.122444702378e-01,-9.122808840737e-01,1.087031347594e+00,1.086747496038e+00
0.945636623748,2.403867333318e-01,2.403576536044e-01,-4.737389350654e-01,-4.737214840535e-01,6.933908930731e-01,6.933011714367e-01,-8.926663881251e-01,-8.927074808825e-01,1.066413277072e+00,1.066138173754e+00
0.947067238913,2.341182899148e-01,2.340916642925e-01,-4.617439162509e-01,-4.617247975626e-01,6.767108882820e-01,6.766190580590e-01,-8.728033652550e-01,-8.728455663739e-01,1.045255768552e+00,1.044990481757e+00
0.948497854077,2.278451495646e-01,2.278209464020e-01,-4.497112262008e-01,-4.496908044726e-01,6.599055501520e-01,6.598139388925e-01,-8.526615902781e-01,-8.527015596574e-01,1.023570536098e+00,1.023315099035e+00
0.949928469242,2.215676069704e-01,2.215456265994e-01,-4.376416152244e-01,-4.376204771101e-01,6.429779267904e-01,6.428888690196e-01,-8.322469880200e-01,-8.322819710111e-01,1.001369302864e+00,1.001122971045e+00
0.951359084406,2.152859207042e-01,2.152658316443e-01,-4.255358338977e-01,-4.255147907377e-01,6.259312545497e-01,6.258469253292e-01,-8.115652706239e-01,-8.115933997775e-01,9.786636962454e-01,9.784253041857e-01
0.952789699571,2.090002980135e-01,2.089816883866e-01,-4.133946520835e-01,-4.133747234748e-01,6.087689418421e-01,6.086912059568e-01,-7.906220198802e-01,-7.906425322307e-01,9.554651888108e-01,9.552335601387e-01
0.954220314735,2.027108861570e-01,2.026933237639e-01,-4.012188805771e-01,-4.012012562186e-01,5.914945445661e-01,5.914248297223e-01,-7.694227934312e-01,-7.694361394157e-01,9.317850928437e-01,9.315594500811e-01
0.955650929900,1.964177713148e-01,1.964008647994e-01,-3.890093939035e-01,-3.889953725653e-01,5.741117352915e-01,5.740509355620e-01,-7.479732449716e-01,-7.479810749595e-01,9.076346094524e-01,9.074149287706e-01
0.957081545064,1.901209853477e-01,1.901044385986e-01,-3.767671522464e-01,-3.767580587299e-01,5.566242685701e-01,5.565726819586e-01,-7.262792469126e-01,-7.262842728570e-01,8.830249261114e-01,8.828121885097e-01
0.958512160229,1.838205198547e-01,1.838041723475e-01,-3.644932200409e-01,-3.644903034672e-01,5.390359447418e-01,5.389932463667e-01,-7.043470034041e-01,-7.043527452293e-01,8.579673501872e-01,8.577636529885e-01
0.959942775393,1.775163461488e-01,1.775001933094e-01,-3.521887785218e-01,-3.521930979916e-01,5.213505743756e-01,5.213158246354e-01,-6.821831422014e-01,-6.821935800575e-01,8.324734613534e-01,8.322819710111e-01
0.961373390558,1.712084389779e-01,1.711926288228e-01,-3.398551295810e-01,-3.398674358967e-01,5.035719450332e-01,5.035436304269e-01,-6.597947755577e-01,-6.598139388925e-01,8.065552633894e-01,8.063800101082e-01
0.962804005722,1.648968011643e-01,1.648816062984e-01,-3.274936887136e-01,-3.275143130758e-01,4.857037914355e-01,4.856798946329e-01,-6.371895229791e-01,-6.372210545400e-01,7.802253158883e-01,7.800708500397e-01
0.964234620887,1.585814859207e-01,1.585672532171e-01,-3.151059656402e-01,-3.151347276406e-01,4.677497694606e-01,4.677278647866e-01,-6.143754920305e-01,-6.144222287230e-01,7.534968287463e-01,7.533677761896e-01
0.965665236052,1.522626135243e-01,1.522496971267e-01,-3.026935323407e-01,-3.027296798413e-01,4.497134338275e-01,4.496908044726e-01,-5.913612171270e-01,-5.914248297223e-01,7.263837065264e-01,7.262842728570e-01
0.967095851216,1.459403793855e-01,1.459290656400e-01,-2.902579796053e-01,-2.903001719851e-01,4.315982189670e-01,4.315719927337e-01,-5.681555600149e-01,-5.682362899947e-01,6.989005353109e-01,6.988340164476e-01
0.968526466381,1.396150513561e-01,1.396054864316e-01,-2.778008646461e-01,-2.778472083556e-01,4.134074225383e-01,4.133747234748e-01,-5.447675791174e-01,-5.448641037713e-01,6.710625107900e-01,6.710308685666e-01
0.969957081545,1.332869553453e-01,1.332790872359e-01,-2.653236536256e-01,-2.653717951318e-01,3.951441913636e-01,3.951023048636e-01,-5.212063777774e-01,-5.213158246354e-01,6.428853124568e-01,6.428888690196e-01
0.971387696710,1.269564498366e-01,1.269499958443e-01,-2.528276639744e-01,-2.528749403063e-01,3.768115101768e-01,3.767580587299e-01,-4.974809434736e-01,-4.975990630810e-01,6.143849343037e-01,6.144222287230e-01
0.972818311874,1.206238915101e-01,1.206183401023e-01,-2.403140119577e-01,-2.403576536044e-01,3.584121944002e-01,3.583453199612e-01,-4.735999911954e-01,-4.737214840535e-01,5.855774869184e-01,5.856453225273e-01
0.974248927039,1.142895956632e-01,1.142842479075e-01,-2.277835710478e-01,-2.278209464020e-01,3.399488889979e-01,3.398674358967e-01,-4.495718243347e-01,-4.496908044726e-01,5.564789890409e-01,5.565726819586e-01
0.975679542203,1.079537962422e-01,1.079478472065e-01,-2.152369462826e-01,-2.152658316443e-01,3.214240761279e-01,3.213277657185e-01,-4.254042257729e-01,-4.255147907377e-01,5.271051683465e-01,5.272189878806e-01
0.977110157368,1.016166108843e-01,1.016092659927e-01,-2.026744690274e-01,-2.026933237639e-01,3.028400946537e-01,3.027296798413e-01,-4.011043904692e-01,-4.012012562186e-01,4.974712914824e-01,4.975990630810e-01
0.978540772532,9.527801633911e-02,9.526863230346e-02,-1.900962155290e-01,-1.901044385986e-01,2.841991744979e-01,2.840765592993e-01,-3.766789089638e-01,-3.767580587299e-01,4.675920424059e-01,4.677278647866e-01
0.979971387697,8.893783901561e-02,8.892607421752e-02,-1.775020515107e-01,-1.775001933094e-01,2.655034883142e-01,2.653717951318e-01,-3.521338090061e-01,-3.521930979916e-01,4.374814661473e-01,4.376204771101e-01
0.981402002861,8.259576430388e-02,8.258171985263e-02,-1.648917039164e-01,-1.648816062984e-01,2.467552220896e-01,2.466187877666e-01,-3.274746601439e-01,-3.275143130758e-01,4.071529925948e-01,4.072921034334e-01
0.982832618026,7.625136692928e-02,7.623569736275e-02,-1.522648598799e-01,-1.522496971267e-01,2.279566651977e-01,2.278209464020e-01,-3.027067437166e-01,-3.027296798413e-01,3.766195520739e-01,3.767580587299e-01
0.984263233190,6.990416311766e-02,6.988813493557e-02,-1.396212920938e-01,-1.396054864316e-01,2.091103192588e-01,2.089816883866e-01,-2.778352883557e-01,-2.778472083556e-01,3.458937915353e-01,3.460337618311e-01
0.985693848355,6.355368395744e-02,6.353916078986e-02,-1.269610090045e-01,-1.269499958443e-01,1.902190240589e-01,1.901044385986e-01,-2.528657688647e-01,-2.528749403063e-01,3.149883970323e-01,3.151347276406e-01
0.987124463519,5.719956817166e-02,5.718890317292e-02,-1.142844275996e-01,-1.142842479075e-01,1.712860978459e-01,1.711926288228e-01,-2.278042642504e-01,-2.278209464020e-01,2.839165246032e-01,2.840765592993e-01
0.988555078684,5.084167162125e-02,5.083749035798e-02,-1.015925659449e-01,-1.016092659927e-01,1.523154885957e-01,1.522496971267e-01,-2.026578686979e-01,-2.026933237639e-01,2.526923372263e-01,2.528749403063e-01
0.989985693848,4.448019025119e-02,4.448505064159e-02,-8.888725198070e-02,-8.892607421752e-02,1.333119323343e-01,1.332790872359e-01,-1.774351473968e-01,-1.775001933094e-01,2.213316396425e-01,2.215456265994e-01
0.991416309013,3.811579281366e-02,3.813171234106e-02,-7.617134434824e-02,-7.623569736275e-02,1.142811142736e-01,1.142842479075e-01,-1.521466273036e-01,-1.522496971267e-01,1.898525951162e-01,1.901044385986e-01
0.992846924177,3.174975947860e-02,3.177760379183e-02,-6.344896013505e-02,-6.353916078986e-02,9.522982831128e-02,9.526863230346e-02,-1.268053111050e-01,-1.269499958443e-01,1.582764984862e-01,1.585672532171e-01
0.994277539342,2.538412228876e-02,2.542285334492e-02,-5.072570338727e-02,-5.083749035798e-02,7.616613030606e-02,7.623569736275e-02,-1.014272007829e-01,-1.016092659927e-01,1.266285685897e-01,1.269499958443e-01
0.995708154506,1.902180326549e-02,1.906758936430e-02,-3.800888705361e-02,-3.813171234106e-02,5.709948044372e-02,5.718890317292e-02,-7.603181522685e-02,-7.623569736275e-02,9.493871150289e-02,9.526863230346e-02
0.997138769671,1.266674578629e-02,1.271194022432e-02,-2.530773976281e-02,-2.542285334492e-02,3.804086994349e-02,3.813171234106e-02,-5.064268428678e-02,-5.083749035798e-02,6.324219597524e-02,6.353916078986e-02
0.998569384835,6.324034643072e-03,6.356034307115e-03,-1.263358760039e-02,-1.271194022432e-02,1.900292737209e-02,1.906758936430e-02,-2.528779954053e-02,-2.542285334492e-02,3.158017647856e-02,3.177760379183e-02
1.000000000000,0.000000000000e+00,1.731912112471e-16,-0.000000000000e+00,-3.463824224942e-16,-0.000000000000e+00,5.195736337413e-16,-0.000000000000e+00,-6.927648449884e-16,0.000000000000e+00,8.659560562355e-16
