x,y,pinn_state_1,pinn_state_2,pinn_state_3,pinn_state_4
0.0,0.0,-0.0,0.0,0.0,-0.0
0.0,0.011235955056179775,-0.0,0.0,0.0,-0.0
0.0,0.02247191011235955,-0.0,0.0,0.0,-0.0
0.0,0.033707865168539325,-0.0,0.0,0.0,-0.0
0.0,0.0449438202247191,-0.0,0.0,0.0,-0.0
0.0,0.056179775280898875,-0.0,0.0,0.0,-0.0
0.0,0.06741573033707865,-0.0,0.0,0.0,-0.0
0.0,0.07865168539325842,-0.0,0.0,0.0,-0.0
0.0,0.0898876404494382,-0.0,0.0,0.0,-0.0
0.0,0.10112359550561797,-0.0,0.0,0.0,-0.0
0.0,0.11235955056179775,-0.0,0.0,0.0,-0.0
0.0,0.12359550561797752,-0.0,0.0,0.0,-0.0
0.0,0.1348314606741573,-0.0,0.0,0.0,-0.0
0.0,0.14606741573033707,-0.0,0.0,0.0,-0.0
0.0,0.15730337078651685,-0.0,0.0,0.0,-0.0
0.0,0.16853932584269662,-0.0,0.0,0.0,-0.0
0.0,0.1797752808988764,-0.0,0.0,0.0,-0.0
0.0,0.19101123595505617,-0.0,0.0,0.0,-0.0
0.0,0.20224719101123595,-0.0,0.0,0.0,-0.0
0.0,0.21348314606741572,-0.0,0.0,0.0,-0.0
0.0,0.2247191011235955,-0.0,0.0,0.0,-0.0
0.0,0.23595505617977527,-0.0,0.0,0.0,-0.0
0.0,0.24719101123595505,-0.0,0.0,0.0,-0.0
0.0,0.2584269662921348,-0.0,0.0,0.0,-0.0
0.0,0.2696629213483146,-0.0,0.0,0.0,-0.0
0.0,0.2808988764044944,-0.0,0.0,0.0,-0.0
0.0,0.29213483146067415,-0.0,0.0,0.0,-0.0
0.0,0.3033707865168539,-0.0,0.0,0.0,-0.0
0.0,0.3146067415730337,-0.0,0.0,0.0,-0.0
0.0,0.3258426966292135,-0.0,0.0,0.0,-0.0
0.0,0.33707865168539325,-0.0,0.0,0.0,-0.0
0.0,0.348314606741573,-0.0,0.0,0.0,-0.0
0.0,0.3595505617977528,-0.0,0.0,0.0,-0.0
0.0,0.3707865168539326,-0.0,0.0,0.0,-0.0
0.0,0.38202247191011235,-0.0,0.0,0.0,-0.0
0.0,0.3932584269662921,-0.0,0.0,0.0,-0.0
0.0,0.4044943820224719,-0.0,0.0,0.0,-0.0
0.0,0.4157303370786517,-0.0,0.0,0.0,-0.0
0.0,0.42696629213483145,-0.0,0.0,0.0,-0.0
0.0,0.4382022471910112,-0.0,0.0,0.0,-0.0
0.0,0.449438202247191,-0.0,0.0,0.0,-0.0
0.0,0.4606741573033708,-0.0,0.0,0.0,-0.0
0.0,0.47191011235955055,-0.0,0.0,0.0,-0.0
0.0,0.4831460674157303,-0.0,0.0,0.0,-0.0
0.0,0.4943820224719101,-0.0,0.0,0.0,-0.0
0.0,0.5056179775280899,-0.0,0.0,0.0,-0.0
0.0,0.5168539325842696,-0.0,0.0,0.0,-0.0
0.0,0.5280898876404494,-0.0,0.0,0.0,-0.0
0.0,0.5393258426966292,-0.0,0.0,0.0,-0.0
0.0,0.550561797752809,-0.0,0.0,0.0,-0.0
0.0,0.5617977528089888,-0.0,0.0,0.0,-0.0
0.0,0.5730337078651685,-0.0,0.0,0.0,-0.0
0.0,0.5842696629213483,-0.0,0.0,0.0,-0.0
0.0,0.5955056179775281,-0.0,0.0,0.0,-0.0
0.0,0.6067415730337078,-0.0,0.0,0.0,-0.0
0.0,0.6179775280898876,-0.0,0.0,0.0,-0.0
0.0,0.6292134831460674,-0.0,0.0,0.0,-0.0
0.0,0.6404494382022472,-0.0,0.0,0.0,-0.0
0.0,0.651685393258427,-0.0,0.0,0.0,-0.0
0.0,0.6629213483146067,-0.0,0.0,0.0,-0.0
0.0,0.6741573033707865,-0.0,0.0,0.0,-0.0
0.0,0.6853932584269663,-0.0,0.0,0.0,-0.0
0.0,0.696629213483146,-0.0,0.0,0.0,-0.0
0.0,0.7078651685393258,-0.0,0.0,0.0,-0.0
0.0,0.7191011235955056,-0.0,0.0,0.0,-0.0
0.0,0.7303370786516854,-0.0,0.0,0.0,-0.0
0.0,0.7415730337078652,-0.0,0.0,0.0,-0.0
0.0,0.7528089887640449,-0.0,0.0,0.0,-0.0
0.0,0.7640449438202247,-0.0,0.0,0.0,-0.0
0.0,0.7752808988764045,-0.0,0.0,0.0,-0.0
0.0,0.7865168539325842,-0.0,0.0,0.0,-0.0
0.0,0.797752808988764,-0.0,0.0,0.0,-0.0
0.0,0.8089887640449438,-0.0,0.0,0.0,-0.0
0.0,0.8202247191011236,-0.0,0.0,0.0,-0.0
0.0,0.8314606741573034,-0.0,0.0,0.0,-0.0
0.0,0.8426966292134831,-0.0,0.0,0.0,-0.0
0.0,0.8539325842696629,-0.0,0.0,0.0,-0.0
0.0,0.8651685393258427,-0.0,0.0,0.0,-0.0
0.0,0.8764044943820224,-0.0,0.0,0.0,-0.0
0.0,0.8876404494382022,-0.0,0.0,0.0,-0.0
0.0,0.898876404494382,-0.0,0.0,0.0,-0.0
0.0,0.9101123595505618,-0.0,0.0,0.0,-0.0
0.0,0.9213483146067416,-0.0,0.0,0.0,-0.0
0.0,0.9325842696629213,-0.0,0.0,0.0,-0.0
0.0,0.9438202247191011,-0.0,0.0,0.0,-0.0
0.0,0.9550561797752809,-0.0,0.0,0.0,-0.0
0.0,0.9662921348314606,-0.0,0.0,0.0,-0.0
0.0,0.9775280898876404,-0.0,0.0,0.0,-0.0
0.0,0.9887640449438202,-0.0,0.0,0.0,-0.0
0.0,1.0,-0.0,0.0,0.0,-0.0
0.011235955056179775,0.0,-0.0,0.0,0.0,-0.0
0.011235955056179775,0.011235955056179775,0.002147369,-0.005257809,-0.004861975,0.008642736
0.011235955056179775,0.02247191011235955,0.004307454,-0.010500569,-0.009960244,0.01774578
0.011235955056179775,0.033707865168539325,0.0064977356,-0.015703553,-0.015185039,0.027127463
0.011235955056179775,0.0449438202247191,0.008732734,-0.020846928,-0.020394973,0.03661097
0.011235955056179775,0.056179775280898875,0.011021858,-0.025917042,-0.02544107,0.046033446
0.011235955056179775,0.06741573033707865,0.013368195,-0.030907996,-0.03018915,0.055252858
0.011235955056179775,0.07865168539325842,0.015767854,-0.035823155,-0.034537375,0.06415666
0.011235955056179775,0.0898876404494382,0.018209575,-0.04067561,-0.0384278,0.072671615
0.011235955056179775,0.10112359550561797,0.020674812,-0.045486365,-0.0418508,0.08076802
0.011235955056179775,0.11235955056179775,0.023138773,-0.05027988,-0.0448413,0.0884534
0.011235955056179775,0.12359550561797752,0.025572808,-0.05507768,-0.04746583,0.09575639
0.011235955056179775,0.1348314606741573,0.027948033,-0.059891604,-0.0498024,0.10270567
0.011235955056179775,0.14606741573033707,0.030239398,-0.06471929,-0.05191843,0.109311126
0.011235955056179775,0.15730337078651685,0.032429226,-0.06954313,-0.053853262,0.11555047
0.011235955056179775,0.16853932584269662,0.034509398,-0.07433267,-0.05561052,0.121363245
0.011235955056179775,0.1797752808988764,0.0364819,-0.07904837,-0.057162248,0.1266528
0.011235955056179775,0.19101123595505617,0.038357668,-0.083645806,-0.05846124,0.13129696
0.011235955056179775,0.20224719101123595,0.04015391,-0.088080235,-0.059457064,0.1351684
0.011235955056179775,0.21348314606741572,0.041890208,-0.09231407,-0.060109366,0.1381626
0.011235955056179775,0.2247191011235955,0.043584075,-0.09632599,-0.06039505,0.14022343
0.011235955056179775,0.23595505617977527,0.04524694,-0.100118876,-0.060309265,0.14135675
0.011235955056179775,0.24719101123595505,0.04688202,-0.10372129,-0.059862316,0.1416236
0.011235955056179775,0.2584269662921348,0.048484568,-0.107179,-0.0590767,0.1411164
0.011235955056179775,0.2696629213483146,0.05004455,-0.11053804,-0.05798614,0.13992725
0.011235955056179775,0.2808988764044944,0.051550332,-0.113826305,-0.056635562,0.13812385
0.011235955056179775,0.29213483146067415,0.052991997,-0.117041305,-0.05507887,0.13573937
0.011235955056179775,0.3033707865168539,0.054362897,-0.12014953,-0.053371996,0.1327758
0.011235955056179775,0.3146067415730337,0.05565946,-0.123098105,-0.05156125,0.12921658
0.011235955056179775,0.3258426966292135,0.05687925,-0.12583147,-0.04967058,0.1250402
0.011235955056179775,0.33707865168539325,0.058019195,-0.12830733,-0.047691926,0.120232366
0.011235955056179775,0.348314606741573,0.059074625,-0.13050434,-0.04558225,0.11479304
0.011235955056179775,0.3595505617977528,0.06004023,-0.13242158,-0.043267418,0.10873557
0.011235955056179775,0.3707865168539326,0.060912576,-0.13407142,-0.040651754,0.10207976
0.011235955056179775,0.38202247191011235,0.061693165,-0.13547142,-0.03763294,0.094843954
0.011235955056179775,0.3932584269662921,0.06239038,-0.13663875,-0.034120828,0.08705227
0.011235955056179775,0.4044943820224719,0.063019596,-0.13758877,-0.030058224,0.07874981
0.011235955056179775,0.4157303370786517,0.06360133,-0.13833609,-0.025437437,0.07001848
0.011235955056179775,0.42696629213483145,0.064157985,-0.13889532,-0.020307656,0.06097433
0.011235955056179775,0.4382022471910112,0.06470989,-0.13928105,-0.014768675,0.05174327
0.011235955056179775,0.449438202247191,0.06527133,-0.1395071,-0.008954724,0.04242475
0.011235955056179775,0.4606741573033708,0.065846875,-0.13958617,-0.0030134167,0.03306498
0.011235955056179775,0.47191011235955055,0.066429004,-0.13952984,0.0029129651,0.02365444
0.011235955056179775,0.4831460674157303,0.066997625,-0.13934794,0.008700774,0.01415026
0.011235955056179775,0.4943820224719101,0.06752217,-0.13904613,0.014253533,0.0045097363
0.011235955056179775,0.5056179775280899,0.067965776,-0.13862239,0.019508166,-0.005282673
0.011235955056179775,0.5168539325842696,0.068291456,-0.13806464,0.02443935,-0.015206857
0.011235955056179775,0.5280898876404494,0.068468586,-0.1373511,0.029060252,-0.025211891
0.011235955056179775,0.5393258426966292,0.068478815,-0.13645466,0.03341614,-0.03522408
0.011235955056179775,0.550561797752809,0.068319514,-0.13534954,0.037569564,-0.04515066
0.011235955056179775,0.5617977528089888,0.06800394,-0.13401869,0.04158201,-0.05488264
0.011235955056179775,0.5730337078651685,0.067557685,-0.13245957,0.04549863,-0.06430713
0.011235955056179775,0.5842696629213483,0.06701217,-0.130687,0.049340844,-0.07332732
0.011235955056179775,0.5955056179775281,0.06639669,-0.12873285,0.053108264,-0.08188237
0.011235955056179775,0.6067415730337078,0.06573087,-0.12664025,0.056785893,-0.0899561
0.011235955056179775,0.6179775280898876,0.065019906,-0.12445323,0.06035108,-0.09756677
0.011235955056179775,0.6292134831460674,0.06425456,-0.12220371,0.06377659,-0.10474513
0.011235955056179775,0.6404494382022472,0.063415855,-0.11990137,0.067028075,-0.11150586
0.011235955056179775,0.651685393258427,0.062483076,-0.117532805,0.070058145,-0.117823526
0.011235955056179775,0.6629213483146067,0.061441176,-0.11507074,0.07280281,-0.12361954
0.011235955056179775,0.6741573033707865,0.06028443,-0.112486586,0.07518702,-0.12876736
0.011235955056179775,0.6853932584269663,0.0590153,-0.10975927,0.07713906,-0.13311982
0.011235955056179775,0.696629213483146,0.057640485,-0.106876396,0.07861025,-0.13655417
0.011235955056179775,0.7078651685393258,0.056166455,-0.1038307,0.07958996,-0.13901818
0.011235955056179775,0.7191011235955056,0.054596953,-0.10061673,0.080108084,-0.14055263
0.011235955056179775,0.7303370786516854,0.052933298,-0.097230874,0.08022234,-0.1412769
0.011235955056179775,0.7415730337078652,0.05117651,-0.09367459,0.07999627,-0.14134267
0.011235955056179775,0.7528089887640449,0.04933004,-0.08995877,0.079476826,-0.14087689
0.011235955056179775,0.7640449438202247,0.047401816,-0.08610662,0.07868021,-0.13993782
0.011235955056179775,0.7752808988764045,0.045404565,-0.08215294,0.077590734,-0.13850187
0.011235955056179775,0.7865168539325842,0.043354273,-0.07813834,0.07617195,-0.1364835
0.011235955056179775,0.797752808988764,0.041267335,-0.07410018,0.074384384,-0.13377562
0.011235955056179775,0.8089887640449438,0.0391572,-0.07006249,0.07220345,-0.13029182
0.011235955056179775,0.8202247191011236,0.037031814,-0.0660306,0.0696305,-0.12599874
0.011235955056179775,0.8314606741573034,0.034892537,-0.06199428,0.066694565,-0.12092925
0.011235955056179775,0.8426966292134831,0.032734986,-0.0579387,0.06344507,-0.11517897
0.011235955056179775,0.8539325842696629,0.030551441,-0.053857148,0.059939157,-0.10888693
0.011235955056179775,0.8651685393258427,0.02833402,-0.049757823,0.05622863,-0.10220399
0.011235955056179775,0.8764044943820224,0.026077595,-0.0456596,0.052349642,-0.09525329
0.011235955056179775,0.8876404494382022,0.023781566,-0.041580424,0.048319094,-0.08809902
0.011235955056179775,0.898876404494382,0.021449896,-0.037526447,0.044137146,-0.080736265
0.011235955056179775,0.9101123595505618,0.019090055,-0.033489067,0.039793763,-0.07310554
0.011235955056179775,0.9213483146067416,0.016711531,-0.029449172,0.03527603,-0.06512027
0.011235955056179775,0.9325842696629213,0.014324056,-0.02538446,0.030575106,-0.056699652
0.011235955056179775,0.9438202247191011,0.011935875,-0.021275928,0.025693027,-0.04780055
0.011235955056179775,0.9550561797752809,0.009551996,-0.017112296,0.020649478,-0.038447905
0.011235955056179775,0.9662921348314606,0.007172896,-0.012891944,0.015486603,-0.028755989
0.011235955056179775,0.9775280898876404,0.004793996,-0.008622635,0.010269131,-0.018930888
0.011235955056179775,0.9887640449438202,0.0024066197,-0.0043193363,0.0050783763,-0.009247108
0.011235955056179775,1.0,-5.99299e-09,1.0703138e-08,-1.23722375e-08,2.2133621e-08
0.02247191011235955,0.0,-0.0,0.0,0.0,-0.0
0.02247191011235955,0.011235955056179775,0.0043396447,-0.010626115,-0.009544318,0.017623281
0.02247191011235955,0.02247191011235955,0.008705927,-0.021220792,-0.019535612,0.036133125
0.02247191011235955,0.033707865168539325,0.013131266,-0.031731963,-0.02976671,0.05515543
0.02247191011235955,0.0449438202247191,0.017641442,-0.04211904,-0.03997102,0.074341215
0.02247191011235955,0.056179775280898875,0.022251703,-0.052354503,-0.049868647,0.093379624
0.02247191011235955,0.06741573033707865,0.02696506,-0.06242553,-0.059209194,0.112001054
0.02247191011235955,0.07865168539325842,0.03177159,-0.07233623,-0.06780477,0.12998493
0.02247191011235955,0.0898876404494382,0.036648076,-0.082109116,-0.07555086,0.14717627
0.02247191011235955,0.10112359550561797,0.04155825,-0.09178307,-0.082433514,0.16349904
0.02247191011235955,0.11235955056179775,0.046454743,-0.10140564,-0.08851999,0.17895067
0.02247191011235955,0.12359550561797752,0.051283523,-0.11102076,-0.09393325,0.19357535
0.02247191011235955,0.1348314606741573,0.05599075,-0.1206546,-0.09881209,0.20742421
0.02247191011235955,0.14606741573033707,0.06053034,-0.13030513,-0.10327005,0.22051604
0.02247191011235955,0.15730337078651685,0.064870514,-0.13993853,-0.10736382,0.23280899
0.02247191011235955,0.16853932584269662,0.06899774,-0.14949311,-0.11108214,0.24418665
0.02247191011235955,0.1797752808988764,0.07291776,-0.15888724,-0.114357166,0.2544625
0.02247191011235955,0.19101123595505617,0.0766533,-0.16802919,-0.11709085,0.263406
0.02247191011235955,0.20224719101123595,0.08023896,-0.17682888,-0.11918635,0.27078646
0.02247191011235955,0.21348314606741572,0.08371395,-0.1852139,-0.12057138,0.27642775
0.02247191011235955,0.2247191011235955,0.087113425,-0.19314782,-0.12120941,0.28025573
0.02247191011235955,0.23595505617977527,0.09046088,-0.20064393,-0.121097796,0.2823133
0.02247191011235955,0.24719101123595505,0.09376397,-0.20776543,-0.12025964,0.28273928
0.02247191011235955,0.2584269662921348,0.09701472,-0.21460661,-0.11873769,0.28171784
0.02247191011235955,0.2696629213483146,0.1001945,-0.22125949,-0.11659257,0.2794167
0.02247191011235955,0.2808988764044944,0.10328082,-0.22777879,-0.11390414,0.27594468
0.02247191011235955,0.29213483146067415,0.10625346,-0.23415986,-0.11076885,0.2713374
0.02247191011235955,0.3033707865168539,0.10909751,-0.24033879,-0.1072882,0.2655693
0.02247191011235955,0.3146067415730337,0.11180267,-0.24621464,-0.10354824,0.25858593
0.02247191011235955,0.3258426966292135,0.11436003,-0.2516815,-0.099596195,0.25033423
0.02247191011235955,0.33707865168539325,0.11675852,-0.25665784,-0.09542264,0.240791
0.02247191011235955,0.348314606741573,0.1189838,-0.26110128,-0.09095647,0.22997752
0.02247191011235955,0.3595505617977528,0.1210204,-0.26500618,-0.08607093,0.21795133
0.02247191011235955,0.3707865168539326,0.12285727,-0.2683915,-0.08059994,0.20478392
0.02247191011235955,0.38202247191011235,0.12449398,-0.2712844,-0.07436467,0.19053705
0.02247191011235955,0.3932584269662921,0.12594485,-0.27371073,-0.067207396,0.17526202
0.02247191011235955,0.4044943820224719,0.12723923,-0.2756932,-0.05902898,0.15903111
0.02247191011235955,0.4157303370786517,0.12841772,-0.27725515,-0.049819976,0.14197199
0.02247191011235955,0.42696629213483145,0.12952568,-0.27842376,-0.03967386,0.12427239
0.02247191011235955,0.4382022471910112,0.13060518,-0.2792294,-0.028776616,0.106143534
0.02247191011235955,0.449438202247191,0.13168718,-0.27970323,-0.01737718,0.087753534
0.02247191011235955,0.4606741573033708,0.13278408,-0.27987465,-0.0057490254,0.06918159
0.02247191011235955,0.47191011235955055,0.1338848,-0.27977008,0.0058436207,0.050410997
0.02247191011235955,0.4831460674157303,0.1349535,-0.2794109,0.017170452,0.031371534
0.02247191011235955,0.4943820224719101,0.13593262,-0.2788092,0.028051578,0.0120046865
0.02247191011235955,0.5056179775280899,0.13675116,-0.27796173,0.038369153,-0.007693686
0.02247191011235955,0.5168539325842696,0.13733593,-0.2768453,0.048077505,-0.027660253
0.02247191011235955,0.5280898876404494,0.13762489,-0.27541766,0.057204265,-0.047780316
0.02247191011235955,0.5393258426966292,0.1375798,-0.27362615,0.06583768,-0.06790455
0.02247191011235955,0.550561797752809,0.13719389,-0.27142012,0.07409722,-0.08784844
0.02247191011235955,0.5617977528089888,0.13649377,-0.26876605,0.08209774,-0.10739834
0.02247191011235955,0.5730337078651685,0.1355329,-0.2656579,0.089919865,-0.12632626
0.02247191011235955,0.5842696629213483,0.13437839,-0.26212412,0.09759719,-0.14443326
0.02247191011235955,0.5955056179775281,0.13309424,-0.25822583,0.10512146,-0.16159043
0.02247191011235955,0.6067415730337078,0.13172463,-0.25404713,0.11245727,-0.17775755
0.02247191011235955,0.6179775280898876,0.13028331,-0.24967475,0.11955714,-0.19296774
0.02247191011235955,0.6292134831460674,0.12875198,-0.24517262,0.12636751,-0.20728184
0.02247191011235955,0.6404494382022472,0.12708977,-0.24056126,0.13282293,-0.22073364
0.02247191011235955,0.651685393258427,0.12524958,-0.23581499,0.13883466,-0.23328437
0.02247191011235955,0.6629213483146067,0.123193935,-0.23087895,0.1442836,-0.24479477
0.02247191011235955,0.6741573033707865,0.120904006,-0.22569484,0.14902857,-0.25503483
0.02247191011235955,0.6853932584269663,0.11837893,-0.22021925,0.15293318,-0.26373234
0.02247191011235955,0.696629213483146,0.11562868,-0.2144271,0.15590337,-0.27065697
0.02247191011235955,0.7078651685393258,0.11266562,-0.20830554,0.15791611,-0.2757081
0.02247191011235955,0.7191011235955056,0.10949919,-0.20184712,0.15902539,-0.27896032
0.02247191011235955,0.7303370786516854,0.10613521,-0.19504963,0.15934002,-0.28064317
0.02247191011235955,0.7415730337078652,0.102579325,-0.18792105,0.1589815,-0.28105137
0.02247191011235955,0.7528089887640449,0.09884171,-0.18048683,0.15804023,-0.28043276
0.02247191011235955,0.7640449438202247,0.09494087,-0.17279431,0.1565475,-0.27890015
0.02247191011235955,0.7752808988764045,0.090904154,-0.16490978,0.15447195,-0.2763994
0.02247191011235955,0.7865168539325842,0.08676502,-0.156908,0.15174007,-0.27274597
0.02247191011235955,0.797752808988764,0.08255729,-0.14885487,0.14827158,-0.26770476
0.02247191011235955,0.8089887640449438,0.07830861,-0.1407904,0.14401405,-0.26107854
0.02247191011235955,0.8202247191011236,0.07403554,-0.1327205,0.13896482,-0.25277457
0.02247191011235955,0.8314606741573034,0.06974143,-0.12462462,0.13317542,-0.2428359
0.02247191011235955,0.8426966292134831,0.06541814,-0.11647738,0.12673728,-0.23143506
0.02247191011235955,0.8539325842696629,0.06105056,-0.10827177,0.119758874,-0.21883856
0.02247191011235955,0.8651685393258427,0.05662292,-0.10003001,0.11234044,-0.20534433
0.02247191011235955,0.8764044943820224,0.052124046,-0.09179264,0.104555726,-0.19120787
0.02247191011235955,0.8876404494382022,0.04755088,-0.08359581,0.09644554,-0.17658424
0.02247191011235955,0.898876404494382,0.04290861,-0.07545133,0.088021815,-0.16150767
0.02247191011235955,0.9101123595505618,0.038209096,-0.06734197,0.07927816,-0.1459123
0.02247191011235955,0.9213483146067416,0.033468474,-0.059229866,0.0702016,-0.1296765
0.02247191011235955,0.9325842696629213,0.028704137,-0.051070005,0.06078351,-0.11267337
0.02247191011235955,0.9438202247191011,0.023931555,-0.04282229,0.051031936,-0.09482834
0.02247191011235955,0.9550561797752809,0.019160768,-0.034460384,0.04098522,-0.076181054
0.02247191011235955,0.9662921348314606,0.014393525,-0.025976934,0.030722896,-0.05693509
0.02247191011235955,0.9775280898876404,0.009622043,-0.017384602,0.020367255,-0.03747123
0.02247191011235955,0.9887640449438202,0.00483069,-0.0087128645,0.010072365,-0.018306332
0.02247191011235955,1.0,-1.2028355e-08,2.159768e-08,-2.4546685e-08,4.384564e-08
0.033707865168539325,0.0,-0.0,0.0,0.0,-0.0
0.033707865168539325,0.011235955056179775,0.00656872,-0.016093686,-0.014030269,0.026862398
0.033707865168539325,0.02247191011235955,0.0131805325,-0.032133956,-0.02868655,0.054965716
0.033707865168539325,0.033707865168539325,0.01988029,-0.048037976,-0.043679748,0.08373022
0.033707865168539325,0.0449438202247191,0.026701631,-0.06374324,-0.05863901,0.11264235
0.033707865168539325,0.056179775280898875,0.03366181,-0.07920897,-0.073176384,0.14126912
0.033707865168539325,0.06741573033707865,0.04076027,-0.09441598,-0.086946234,0.16924463
0.033707865168539325,0.07865168539325842,0.047978844,-0.10936838,-0.09969066,0.19626284
0.033707865168539325,0.0898876404494382,0.055281933,-0.12409564,-0.11126748,0.22209308
0.033707865168539325,0.10112359550561797,0.062617026,-0.13865127,-0.121658355,0.24660248
0.033707865168539325,0.11235955056179775,0.069917195,-0.15310334,-0.13095461,0.26975933
0.033707865168539325,0.12359550561797752,0.077107005,-0.16751735,-0.1393192,0.29160562
0.033707865168539325,0.1348314606741573,0.08411183,-0.18193473,-0.14693142,0.31220314
0.033707865168539325,0.14606741573033707,0.09086827,-0.19635573,-0.1539288,0.33157715
0.033707865168539325,0.15730337078651685,0.09733311,-0.21073233,-0.16036645,0.34966975
0.033707865168539325,0.16853932584269662,0.103489,-0.2249724,-0.16620606,0.36631864
0.033707865168539325,0.1797752808988764,0.109345764,-0.23895226,-0.17133524,0.38126191
0.033707865168539325,0.19101123595505617,0.11493752,-0.2525334,-0.17560841,0.39418194
0.033707865168539325,0.20224719101123595,0.1203157,-0.2655828,-0.17889024,0.40477183
0.033707865168539325,0.21348314606741572,0.12553857,-0.27799863,-0.18108605,0.41281468
0.033707865168539325,0.2247191011235955,0.13065922,-0.28973636,-0.18215267,0.41824356
0.033707865168539325,0.23595505617977527,0.13571438,-0.30082592,-0.18209234,0.42115018
0.033707865168539325,0.24719101123595505,0.14071803,-0.31136805,-0.18093896,0.4217485
0.033707865168539325,0.2584269662921348,0.14566144,-0.32150456,-0.17875011,0.42029548
0.033707865168539325,0.2696629213483146,0.15051912,-0.33137012,-0.17560533,0.41701183
0.033707865168539325,0.2808988764044944,0.15525866,-0.34104308,-0.17161049,0.41202167
0.033707865168539325,0.29213483146067415,0.15984894,-0.35051602,-0.16689588,0.40534014
0.033707865168539325,0.3033707865168539,0.16426499,-0.3596974,-0.16160074,0.39689624
0.033707865168539325,0.3146067415730337,0.1684869,-0.36844257,-0.15584536,0.38658065
0.033707865168539325,0.3258426966292135,0.17249545,-0.3766004,-0.14969906,0.37430242
0.033707865168539325,0.33707865168539325,0.17626761,-0.38405344,-0.14315616,0.360032
0.033707865168539325,0.348314606741573,0.17977525,-0.3907386,-0.1361283,0.34382492
0.033707865168539325,0.3595505617977528,0.18298899,-0.39664474,-0.12845385,0.32580823
0.033707865168539325,0.3707865168539326,0.18588632,-0.40179366,-0.119917884,0.306133
0.033707865168539325,0.38202247191011235,0.1884613,-0.40621814,-0.11028863,0.28493202
0.033707865168539325,0.3932584269662921,0.19073084,-0.4099481,-0.099361904,0.26229927
0.033707865168539325,0.4044943820224719,0.19273534,-0.41300988,-0.087012395,0.23833409
0.033707865168539325,0.4157303370786517,0.19453354,-0.41543213,-0.073236585,0.21318926
0.033707865168539325,0.42696629213483145,0.19619292,-0.41725257,-0.0581706,0.18709467
0.033707865168539325,0.4382022471910112,0.19777776,-0.41851804,-0.04207575,0.16031055
0.033707865168539325,0.449438202247191,0.19933759,-0.41927758,-0.025298681,0.13304736
0.033707865168539325,0.4606741573033708,0.20089588,-0.4195783,-0.0082196165,0.10539991
0.033707865168539325,0.47191011235955055,0.20244208,-0.41946068,0.008794703,0.077346124
0.033707865168539325,0.4831460674157303,0.20392913,-0.418956,0.025424065,0.048807714
0.033707865168539325,0.4943820224719101,0.20527683,-0.41808146,0.041417826,0.019737614
0.033707865168539325,0.5056179775280899,0.20638318,-0.41683176,0.056614146,-0.009827456
0.033707865168539325,0.5168539325842696,0.20714058,-0.4151736,0.070953436,-0.039761014
0.033707865168539325,0.5280898876404494,0.2074563,-0.41304693,0.08448025,-0.069880605
0.033707865168539325,0.5393258426966292,0.20727171,-0.41037634,0.097323775,-0.09996359
0.033707865168539325,0.550561797752809,0.2065761,-0.40708926,0.109653674,-0.12974964
0.033707865168539325,0.5617977528089888,0.20541038,-0.40313593,0.12162723,-0.1589275
0.033707865168539325,0.5730337078651685,0.2038582,-0.39850637,0.13334846,-0.18716075
0.033707865168539325,0.5842696629213483,0.20202596,-0.39323953,0.14485274,-0.2141498
0.033707865168539325,0.5955056179775281,0.20001625,-0.38742283,0.1561166,-0.23969537
0.033707865168539325,0.6067415730337078,0.19790104,-0.38117766,0.16708167,-0.2637338
0.033707865168539325,0.6179775280898876,0.19570404,-0.37463206,0.1776762,-0.28631243
0.033707865168539325,0.6292134831460674,0.19339736,-0.3678821,0.18782368,-0.30752733
0.033707865168539325,0.6404494382022472,0.1909152,-0.36096102,0.19743438,-0.32744166
0.033707865168539325,0.651685393258427,0.188179,-0.35383344,0.20638712,-0.3460194
0.033707865168539325,0.6629213483146067,0.18512271,-0.34641898,0.2145177,-0.3630861
0.033707865168539325,0.6741573033707865,0.18170823,-0.33863047,0.22162785,-0.37833652
0.033707865168539325,0.6853932584269663,0.1779265,-0.33040246,0.22752249,-0.3913956
0.033707865168539325,0.696629213483146,0.17378843,-0.32169816,0.23206069,-0.40193152
0.033707865168539325,0.7078651685393258,0.16931306,-0.31250128,0.23519875,-0.40978128
0.033707865168539325,0.7191011235955056,0.16451807,-0.30280617,0.23700303,-0.41502514
0.033707865168539325,0.7303370786516854,0.15941782,-0.29261616,0.23762023,-0.41796628
0.033707865168539325,0.7415730337078652,0.1540262,-0.2819498,0.23722067,-0.41901708
0.033707865168539325,0.7528089887640449,0.14836289,-0.27084935,0.23593487,-0.41853505
0.033707865168539325,0.7640449438202247,0.14245845,-0.25938547,0.23381072,-0.41668788
0.033707865168539325,0.7752808988764045,0.13635556,-0.24765211,0.23080644,-0.4134011
0.033707865168539325,0.7865168539325842,0.1301049,-0.2357502,0.22681825,-0.4084003
0.033707865168539325,0.797752808988764,0.12375731,-0.22376491,0.22173013,-0.40132567
0.033707865168539325,0.8089887640449438,0.1173545,-0.21174271,0.215464,-0.39186308
0.033707865168539325,0.8202247191011236,0.11092157,-0.1996842,0.20801179,-0.37984475
0.033707865168539325,0.8314606741573034,0.10446433,-0.18755749,0.19944188,-0.36530143
0.033707865168539325,0.8426966292134831,0.09797177,-0.1753304,0.1898799,-0.34845743
0.033707865168539325,0.8539325842696629,0.091422394,-0.16300185,0.17947647,-0.3296805
0.033707865168539325,0.8651685393258427,0.08479321,-0.15061316,0.16837335,-0.3093951
0.033707865168539325,0.8764044943820224,0.07806705,-0.13822895,0.15667897,-0.28797987
0.033707865168539325,0.8876404494382022,0.07123723,-0.12590355,0.14446113,-0.26569232
0.033707865168539325,0.898876404494382,0.06430797,-0.11365391,0.13175231,-0.24264005
0.033707865168539325,0.9101123595505618,0.057292644,-0.101454556,0.11856233,-0.21880239
0.033707865168539325,0.9213483146067416,0.050211184,-0.089250356,0.10489059,-0.19407466
0.033707865168539325,0.9325842696629213,0.04308649,-0.07697456,0.090738155,-0.16832325
0.033707865168539325,0.9438202247191011,0.035940073,-0.064565495,0.076123655,-0.14145967
0.033707865168539325,0.9550561797752809,0.028786955,-0.051979717,0.0611034,-0.11353208
0.033707865168539325,0.9662921348314606,0.021630984,-0.03920162,0.045789313,-0.08481076
0.033707865168539325,0.9775280898876404,0.014462566,-0.026246864,0.030353773,-0.055819973
0.033707865168539325,0.9887640449438202,0.0072609363,-0.013159357,0.015014642,-0.027285902
0.033707865168539325,1.0,-1.8076967e-08,3.2627156e-08,-3.6611784e-08,6.542695e-08
0.0449438202247191,0.0,-0.0,0.0,0.0,-0.0
0.0449438202247191,0.011235955056179775,0.008822269,-0.021628022,-0.018333066,0.036269024
0.0449438202247191,0.02247191011235955,0.017706845,-0.04317345,-0.037437387,0.07404344
0.0449438202247191,0.033707865168539325,0.026708897,-0.064518504,-0.056957968,0.11252158
0.0449438202247191,0.0449438202247191,0.035866912,-0.085576884,-0.07644244,0.15103093
0.0449438202247191,0.056179775280898875,0.04519667,-0.10629481,-0.09541986,0.18904358
0.0449438202247191,0.06741573033707865,0.054690912,-0.12664805,-0.113471754,0.22613715
0.0449438202247191,0.07865168539325842,0.06432131,-0.14664122,-0.13028556,0.26195604
0.0449438202247191,0.0898876404494382,0.07403991,-0.1663096,-0.1456873,0.2962126
0.0449438202247191,0.10112359550561797,0.083780006,-0.18571858,-0.15965013,0.32871643
0.0449438202247191,0.11235955056179775,0.093458615,-0.20495397,-0.17227575,0.3593932
0.0449438202247191,0.12359550561797752,0.10298323,-0.224101,-0.18374711,0.3882645
0.0449438202247191,0.1348314606741573,0.112262405,-0.24321651,-0.19426058,0.4153914
0.0449438202247191,0.14606741573033707,0.12121846,-0.26230472,-0.20395693,0.44080222
0.0449438202247191,0.15730337078651685,0.12979834,-0.28130555,-0.21287534,0.464429
0.0449438202247191,0.16853932584269662,0.13798101,-0.3000992,-0.22094429,0.4860743
0.0449438202247191,0.1797752808988764,0.1457794,-0.31852245,-0.22801049,0.50541985
0.0449438202247191,0.19101123595505617,0.15323743,-0.33639386,-0.23389073,0.52208066
0.0449438202247191,0.20224719101123595,0.1604217,-0.35354277,-0.23842277,0.5356977
0.0449438202247191,0.21348314606741572,0.16740856,-0.36984497,-0.24149895,0.54603404
0.0449438202247191,0.2247191011235955,0.17426914,-0.38525432,-0.24307357,0.553037
0.0449438202247191,0.23595505617977527,0.18105493,-0.3998205,-0.2431517,0.55684346
0.0449438202247191,0.24719101123595505,0.18778859,-0.41368064,-0.24177225,0.55771965
0.0449438202247191,0.2584269662921348,0.19446304,-0.42701858,-0.23899892,0.55597425
0.0449438202247191,0.2696629213483146,0.20104817,-0.44000512,-0.23492259,0.5518534
0.0449438202247191,0.2808988764044944,0.20750214,-0.45273757,-0.22966786,0.54548115
0.0449438202247191,0.29213483146067415,0.21378264,-0.46520478,-0.22339275,0.5368383
0.0449438202247191,0.3033707865168539,0.2198528,-0.47728974,-0.21626933,0.52580243
0.0449438202247191,0.3146067415730337,0.22568072,-0.48880947,-0.20844975,0.5122075
0.0449438202247191,0.3258426966292135,0.23123416,-0.4995722,-0.20002483,0.49592233
0.0449438202247191,0.33707865168539325,0.23647551,-0.50942844,-0.19099566,0.4769143
0.0449438202247191,0.348314606741573,0.24136037,-0.5182966,-0.18126498,0.45528
0.0449438202247191,0.3595505617977528,0.2458426,-0.52615964,-0.17064679,0.43122718
0.0449438202247191,0.3707865168539326,0.2498857,-0.5330419,-0.15889461,0.40500844
0.0449438202247191,0.38202247191011235,0.25347465,-0.5389814,-0.14574192,0.37684393
0.0449438202247191,0.3932584269662921,0.25662494,-0.5440119,-0.13095562,0.34689197
0.0449438202247191,0.4044943820224719,0.25938395,-0.5481625,-0.114398755,0.31528372
0.0449438202247191,0.4157303370786517,0.26182514,-0.55146754,-0.09608063,0.28219602
0.0449438202247191,0.42696629213483145,0.26403573,-0.553975,-0.07617948,0.24788077
0.0449438202247191,0.4382022471910112,0.266102,-0.55574685,-0.055024207,0.21262288
0.0449438202247191,0.449438202247191,0.26809338,-0.55684817,-0.033045888,0.17664734
0.0449438202247191,0.4606741573033708,0.27004763,-0.5573397,-0.010714684,0.14005105
0.0449438202247191,0.47191011235955055,0.27195945,-0.55727106,0.011515535,0.10280726
0.0449438202247191,0.4831460674157303,0.2737753,-0.5566782,0.033249542,0.06484868
0.0449438202247191,0.4943820224719101,0.2753972,-0.5555792,0.054178763,0.02617028
0.0449438202247191,0.5056179775280899,0.2766959,-0.5539657,0.07410686,-0.013120956
0.0449438202247191,0.5168539325842696,0.27753192,-0.5517966,0.092967555,-0.052820046
0.0449438202247191,0.5280898876404494,0.27778298,-0.5489986,0.11082617,-0.09267163
0.0449438202247191,0.5393258426966292,0.27737102,-0.5454784,0.12785025,-0.13239874
0.0449438202247191,0.550561797752809,0.2762818,-0.5411449,0.14425157,-0.1716814
0.0449438202247191,0.5617977528089888,0.27457175,-0.5359336,0.16021673,-0.21012928
0.0449438202247191,0.5730337078651685,0.27235642,-0.5298286,0.17586018,-0.24731109
0.0449438202247191,0.5842696629213483,0.2697835,-0.5228757,0.19120745,-0.28283218
0.0449438202247191,0.5955056179775281,0.2669961,-0.51518357,0.20621383,-0.31642824
0.0449438202247191,0.6067415730337078,0.26409528,-0.50690734,0.22079593,-0.34801337
0.0449438202247191,0.6179775280898876,0.26111495,-0.49821374,0.23486018,-0.3776502
0.0449438202247191,0.6292134831460674,0.25801668,-0.48923138,0.24831238,-0.4054687
0.0449438202247191,0.6404494382022472,0.25470757,-0.48000902,0.2610461,-0.43156782
0.0449438202247191,0.651685393258427,0.25107434,-0.47050512,0.27291664,-0.45592833
0.0449438202247191,0.6629213483146067,0.24701823,-0.46061772,0.28372586,-0.47836414
0.0449438202247191,0.6741573033707865,0.24247722,-0.45023263,0.29322848,-0.4985249
0.0449438202247191,0.6853932584269663,0.23743054,-0.439264,0.30117443,-0.5159547
0.0449438202247191,0.696629213483146,0.23188895,-0.4276654,0.30737194,-0.53022414
0.0449438202247191,0.7078651685393258,0.22587894,-0.41542023,0.31174424,-0.5410809
0.0449438202247191,0.7191011235955056,0.21942982,-0.4025283,0.3143517,-0.5485678
0.0449438202247191,0.7303370786516854,0.21256813,-0.3890027,0.31536323,-0.5530158
0.0449438202247191,0.7415730337078652,0.20531945,-0.37487543,0.3149866,-0.55491763
0.0449438202247191,0.7528089887640449,0.19771472,-0.3602067,0.31338996,-0.55472934
0.0449438202247191,0.7640449438202247,0.18979688,-0.34508875,0.31064302,-0.5526859
0.0449438202247191,0.7752808988764045,0.1816229,-0.32963797,0.30670518,-0.5487218
0.0449438202247191,0.7865168539325842,0.17325906,-0.31397372,0.30145517,-0.5425053
0.0449438202247191,0.797752808988764,0.16477168,-0.29818967,0.29475302,-0.5335772
0.0449438202247191,0.8089887640449438,0.15621507,-0.2823298,0.28650203,-0.52151465
0.0449438202247191,0.8202247191011236,0.14762256,-0.26638263,0.27669019,-0.506069
0.0449438202247191,0.8314606741573034,0.13900293,-0.25030372,0.26539797,-0.48723477
0.0449438202247191,0.8426966292134831,0.13034323,-0.23405717,0.2527764,-0.46525475
0.0449438202247191,0.8539325842696629,0.12161719,-0.21765316,0.23900734,-0.44055954
0.0449438202247191,0.8651685393258427,0.11279606,-0.20115626,0.22426356,-0.41366363
0.0449438202247191,0.8764044943820224,0.10385745,-0.18465684,0.20868193,-0.38504547
0.0449438202247191,0.8876404494382022,0.09479067,-0.16822669,0.19235675,-0.35506287
0.0449438202247191,0.898876404494382,0.08559746,-0.15188734,0.17534706,-0.32392156
0.0449438202247191,0.9101123595505618,0.07629038,-0.13560608,0.1576888,-0.29168954
0.0449438202247191,0.9213483146067416,0.066890635,-0.11931305,0.1394048,-0.25832787
0.0449438202247191,0.9325842696629213,0.057424605,-0.10292204,0.12051443,-0.22373581
0.0449438202247191,0.9438202247191011,0.04791879,-0.08635093,0.101050794,-0.18782875
0.0449438202247191,0.9550561797752809,0.038393196,-0.06953915,0.08108675,-0.15065932
0.0449438202247191,0.9662921348314606,0.028854705,-0.052461565,0.06076109,-0.112541385
0.0449438202247191,0.9775280898876404,0.01929349,-0.035135772,0.040287834,-0.07411
0.0449438202247191,0.9887640449438202,0.009685491,-0.017620165,0.019939236,-0.03626599
0.0449438202247191,1.0,-2.4107553e-08,4.3692e-08,-4.8662177e-08,8.710888e-08
0.056179775280898875,0.0,-0.0,0.0,0.0,-0.0
0.056179775280898875,0.011235955056179775,0.011085556,-0.027179219,-0.02248814,0.045739397
0.056179775280898875,0.02247191011235955,0.022254733,-0.054240778,-0.045859843,0.093163416
0.056179775280898875,0.033707865168539325,0.03357145,-0.08102749,-0.06970785,0.14123124
0.056179775280898875,0.0449438202247191,0.0450768,-0.107426375,-0.09351984,0.18911196
0.056179775280898875,0.056179775280898875,0.056782495,-0.13336985,-0.116766565,0.23620473
0.056179775280898875,0.06741573033707865,0.068672284,-0.1588294,-0.13897873,0.28206697
0.056179775280898875,0.07865168539325842,0.08070652,-0.18381093,-0.15980391,0.3263327
0.056179775280898875,0.0898876404494382,0.092825405,-0.20835504,-0.17904061,0.368685
0.056179775280898875,0.10112359550561797,0.10495043,-0.23253754,-0.19664669,0.40888575
0.056179775280898875,0.11235955056179775,0.1169864,-0.25645974,-0.21271804,0.4468117
0.056179775280898875,0.12359550561797752,0.12882777,-0.28022504,-0.22743481,0.48245296
0.056179775280898875,0.1348314606741573,0.14036983,-0.30390579,-0.2409871,0.5158613
0.056179775280898875,0.14606741573033707,0.1515227,-0.3275115,-0.2535002,0.54706615
0.056179775280898875,0.15730337078651685,0.16222389,-0.35097343,-0.2649867,0.57599586
0.056179775280898875,0.16853932584269662,0.17244747,-0.3741477,-0.27534318,0.6024302
0.056179775280898875,0.1797752808988764,0.18220727,-0.39683658,-0.28438485,0.6260055
0.056179775280898875,0.19101123595505617,0.19155428,-0.41882145,-0.2919055,0.64628625
0.056179775280898875,0.20224719101123595,0.20056772,-0.43990207,-0.29772964,0.6628736
0.056179775280898875,0.21348314606741572,0.2093407,-0.4599385,-0.3017453,0.6755155
0.056179775280898875,0.2247191011235955,0.21796216,-0.47888747,-0.30390522,0.68417
0.056179775280898875,0.23595505617977527,0.22649956,-0.49681827,-0.3042119,0.6889995
0.056179775280898875,0.24719101123595505,0.23498654,-0.5138982,-0.30270034,0.690303
0.056179775280898875,0.2584269662921348,0.2434201,-0.5303449,-0.2994308,0.68841183
0.056179775280898875,0.2696629213483146,0.2517669,-0.5463559,-0.29449692,0.6835829
0.056179775280898875,0.2808988764044944,0.2599767,-0.5620423,-0.28803685,0.675928
0.056179775280898875,0.29213483146067415,0.2679953,-0.57738787,-0.2802325,0.66539747
0.056179775280898875,0.3033707865168539,0.27577287,-0.59225315,-0.27128804,0.65181684
0.056179775280898875,0.3146067415730337,0.28326416,-0.60642207,-0.26138678,0.63497335
0.056179775280898875,0.3258426966292135,0.2904227,-0.6196676,-0.25064304,0.61470073
0.056179775280898875,0.33707865168539325,0.2971954,-0.63181245,-0.23906714,0.59097004
0.056179775280898875,0.348314606741573,0.30352056,-0.6427594,-0.22655661,0.56392014
0.056179775280898875,0.3595505617977528,0.30933473,-0.6524873,-0.21291068,0.53384465
0.056179775280898875,0.3707865168539326,0.31458515,-0.66102415,-0.19786005,0.5010964
0.056179775280898875,0.38202247191011235,0.3192448,-0.6684155,-0.18111593,0.46599638
0.056179775280898875,0.3932584269662921,0.3233236,-0.6747013,-0.16242915,0.42877138
0.056179775280898875,0.4044943820224719,0.32687107,-0.67991716,-0.14166074,0.3895995
0.056179775280898875,0.4157303370786517,0.3299707,-0.68410534,-0.11883956,0.34867963
0.056179775280898875,0.42696629213483145,0.33272642,-0.6873253,-0.09418508,0.3062759
0.056179775280898875,0.4382022471910112,0.33524525,-0.6896516,-0.06808808,0.26268294
0.056179775280898875,0.449438202247191,0.33761802,-0.69116145,-0.041053522,0.21812144
0.056179775280898875,0.4606741573033708,0.33989984,-0.6919208,-0.013629948,0.17267938
0.056179775280898875,0.47191011235955055,0.34209555,-0.69197893,0.013655234,0.12632944
0.056179775280898875,0.4831460674157303,0.34415057,-0.6913681,0.040343277,0.079038896
0.056179775280898875,0.4943820224719101,0.34595397,-0.69010204,0.066078864,0.030876907
0.056179775280898875,0.5056179775280899,0.34735298,-0.6881689,0.09064102,-0.017951008
0.056179775280898875,0.5168539325842696,0.34817907,-0.6855235,0.113964505,-0.06714404
0.056179775280898875,0.5280898876404494,0.34828213,-0.6820863,0.13613889,-0.11638703
0.056179775280898875,0.5393258426966292,0.34756508,-0.6777532,0.15736759,-0.16536745
0.056179775280898875,0.550561797752809,0.34601122,-0.67241853,0.1778931,-0.21372859
0.056179775280898875,0.5617977528089888,0.34369278,-0.6660043,0.19791916,-0.26102895
0.056179775280898875,0.5730337078651685,0.34075785,-0.65848535,0.21755397,-0.30675662
0.056179775280898875,0.5842696629213483,0.33739588,-0.64990926,0.23680274,-0.3504375
0.056179775280898875,0.5955056179775281,0.33379012,-0.6404001,0.25559306,-0.39174986
0.056179775280898875,0.6067415730337078,0.33007064,-0.6301421,0.27381477,-0.43058148
0.056179775280898875,0.6179775280898876,0.3262809,-0.6193387,0.2913544,-0.4670079
0.056179775280898875,0.6292134831460674,0.32237118,-0.60815144,0.3081049,-0.5011842
0.056179775280898875,0.6404494382022472,0.31822112,-0.59664816,0.32394925,-0.5332341
0.056179775280898875,0.651685393258427,0.31368157,-0.5847863,0.33873016,-0.5631573
0.056179775280898875,0.6629213483146067,0.30861902,-0.57244545,0.35222626,-0.5907782
0.056179775280898875,0.6741573033707865,0.3029453,-0.5594883,0.3641559,-0.615729
0.056179775280898875,0.6853932584269663,0.29662558,-0.54581004,0.37421885,-0.6375
0.056179775280898875,0.696629213483146,0.2896694,-0.5313566,0.38216722,-0.65556496
0.056179775280898875,0.7078651685393258,0.28211197,-0.5161142,0.38787636,-0.6695607
0.056179775280898875,0.7191011235955056,0.27399713,-0.5000925,0.39138034,-0.6794424
0.056179775280898875,0.7303370786516854,0.26536697,-0.48331842,0.39285022,-0.68551666
0.056179775280898875,0.7415730337078652,0.2562613,-0.46583936,0.39252004,-0.6883194
0.056179775280898875,0.7528089887640449,0.2467233,-0.44773367,0.39059344,-0.6883973
0.056179775280898875,0.7640449438202247,0.23680744,-0.42911303,0.38717192,-0.6860773
0.056179775280898875,0.7752808988764045,0.22658253,-0.41011044,0.38223124,-0.6813468
0.056179775280898875,0.7865168539325842,0.21612751,-0.390855,0.3756522,-0.6738698
0.056179775280898875,0.797752808988764,0.20552132,-0.3714403,0.36728632,-0.66312754
0.056179775280898875,0.8089887640449438,0.1948291,-0.35189834,0.35702926,-0.6486108
0.056179775280898875,0.8202247191011236,0.18409145,-0.33220035,0.34486842,-0.6299858
0.056179775280898875,0.8314606741573034,0.1733203,-0.31228766,0.330893,-0.60719043
0.056179775280898875,0.8426966292134831,0.16250217,-0.29212365,0.31527036,-0.5804463
0.056179775280898875,0.8539325842696629,0.15160792,-0.27173406,0.29820096,-0.5502005
0.056179775280898875,0.8651685393258427,0.14060497,-0.25120988,0.27987722,-0.51701224
0.056179775280898875,0.8764044943820224,0.12946719,-0.23066735,0.26045543,-0.4814272
0.056179775280898875,0.8876404494382022,0.11818033,-0.21019407,0.24005386,-0.4438931
0.056179775280898875,0.898876404494382,0.106742956,-0.18981564,0.21876052,-0.40472645
0.056179775280898875,0.9101123595505618,0.0951653,-0.16949375,0.19664446,-0.36411616
0.056179775280898875,0.9213483146067416,0.08346801,-0.14914633,0.17376032,-0.32213023
0.056179775280898875,0.9325842696629213,0.07167935,-0.12867144,0.15015197,-0.27873313
0.056179775280898875,0.9438202247191011,0.05983005,-0.10796923,0.12586951,-0.23386022
0.056179775280898875,0.9550561797752809,0.047945186,-0.08696306,0.100999996,-0.1875625
0.056179775280898875,0.9662921348314606,0.036035802,-0.06561866,0.075702146,-0.14017339
0.056179775280898875,0.9775280898876404,0.02409345,-0.04395514,0.0502225,-0.092404164
0.056179775280898875,0.9887640449438202,0.012092665,-0.022045404,0.024877792,-0.045294058
0.056179775280898875,1.0,-3.0088945e-08,5.4665218e-08,-6.078782e-08,1.0904568e-07
0.06741573033707865,0.0,-0.0,0.0,0.0,-0.0
0.06741573033707865,0.011235955056179775,0.013343966,-0.032685507,-0.026541563,0.055153575
0.06741573033707865,0.02247191011235955,0.026793811,-0.0652162,-0.054048836,0.11210874
0.06741573033707865,0.033707865168539325,0.040421225,-0.09739141,-0.08207161,0.16957171
0.06741573033707865,0.0449438202247191,0.054268535,-0.12906769,-0.110055216,0.22655007
0.06741573033707865,0.056179775280898875,0.06834191,-0.16016145,-0.13743384,0.28238133
0.06741573033707865,0.06741573033707865,0.08261496,-0.19063924,-0.16370839,0.33662897
0.06741573033707865,0.07865168539325842,0.097036354,-0.22050826,-0.18850094,0.3889492
0.06741573033707865,0.0898876404494382,0.111535706,-0.24981466,-0.21158682,0.4390241
0.06741573033707865,0.10112359550561797,0.12602527,-0.27864358,-0.23290206,0.48658255
0.06741573033707865,0.11235955056179775,0.14040123,-0.307111,-0.2525193,0.53145534
0.06741573033707865,0.12359550561797752,0.15454882,-0.33533815,-0.27059457,0.57359844
0.06741573033707865,0.1348314606741573,0.16835292,-0.36341304,-0.2872888,0.61304814
0.06741573033707865,0.14606741573033707,0.1817124,-0.39135292,-0.30269498,0.649837
0.06741573033707865,0.15730337078651685,0.19455476,-0.4190831,-0.31679392,0.6838945
0.06741573033707865,0.16853932584269662,0.20684683,-0.4464405,-0.32945448,0.7149832
0.06741573033707865,0.1797752808988764,0.21860002,-0.47319907,-0.340475,0.7427033
0.06741573033707865,0.19101123595505617,0.22986892,-0.49911135,-0.34964228,0.76657224
0.06741573033707865,0.20224719101123595,0.24074216,-0.5239547,-0.35678253,0.78615403
0.06741573033707865,0.21348314606741572,0.25132748,-0.54757977,-0.3617855,0.8011757
0.06741573033707865,0.2247191011235955,0.26173106,-0.56994796,-0.36460146,0.81159395
0.06741573033707865,0.23595505617977527,0.27203706,-0.5911436,-0.36522335,0.81757915
0.06741573033707865,0.24719101123595505,0.28229168,-0.6113555,-0.36367103,0.8194398
0.06741573033707865,0.2584269662921348,0.29249784,-0.6308237,-0.35999212,0.81751823
0.06741573033707865,0.2696629213483146,0.3026205,-0.6497634,-0.3542747,0.81207055
0.06741573033707865,0.2808988764044944,0.3126014,-0.6682935,-0.34666538,0.8031986
0.06741573033707865,0.29213483146067415,0.32237443,-0.68639237,-0.33736873,0.79082125
0.06741573033707865,0.3033707865168539,0.33187637,-0.7039017,-0.32662112,0.77472806
0.06741573033707865,0.3146067415730337,0.34104833,-0.7205766,-0.31463984,0.7546668
0.06741573033707865,0.3258426966292135,0.34983048,-0.7361607,-0.30156648,0.730456
0.06741573033707865,0.33707865168539325,0.3581549,-0.7504537,-0.28742397,0.7020706
0.06741573033707865,0.348314606741573,0.36594397,-0.7633459,-0.2721096,0.6697021
0.06741573033707865,0.3595505617977528,0.37311703,-0.77481496,-0.25541016,0.63371867
0.06741573033707865,0.3707865168539326,0.3796044,-0.78489655,-0.23704082,0.5945708
0.06741573033707865,0.38202247191011235,0.38536435,-0.7936454,-0.2166963,0.5526644
0.06741573033707865,0.3932584269662921,0.3903971,-0.8011126,-0.19411916,0.5082985
0.06741573033707865,0.4044943820224719,0.39474937,-0.80734545,-0.16917485,0.46169236
0.06741573033707865,0.4157303370786517,0.39850962,-0.8123981,-0.14191341,0.41307023
0.06741573033707865,0.42696629213483145,0.40179512,-0.8163434,-0.11259592,0.36271
0.06741573033707865,0.4382022471910112,0.4047323,-0.8192665,-0.08167028,0.31090003
0.06741573033707865,0.449438202247191,0.40743417,-0.82124823,-0.049707342,0.25784993
0.06741573033707865,0.4606741573033708,0.40997738,-0.82235014,-0.017325062,0.20363624
0.06741573033707865,0.47191011235955055,0.41238102,-0.82260895,0.014885702,0.14824672
0.06741573033707865,0.4831460674157303,0.41459504,-0.8220434,0.046412457,0.09171195
0.06741573033707865,0.4943820224719101,0.41649994,-0.820658,0.07686493,0.034205824
0.06741573033707865,0.5056179775280899,0.41792303,-0.81843853,0.10600731,-0.023938574
0.06741573033707865,0.5168539325842696,0.41866872,-0.81534266,0.13378468,-0.08232661
0.06741573033707865,0.5280898876404494,0.41855985,-0.81129295,0.16031325,-0.14059387
0.06741573033707865,0.5393258426966292,0.41748142,-0.80618286,0.18582635,-0.1984157
0.06741573033707865,0.550561797752809,0.41541404,-0.7998973,0.21058738,-0.25543752
0.06741573033707865,0.5617977528089888,0.4124457,-0.79234326,0.2347988,-0.31118897
0.06741573033707865,0.5730337078651685,0.4087565,-0.7834825,0.25854748,-0.36510226
0.06741573033707865,0.5842696629213483,0.40457618,-0.7733573,0.28180495,-0.41663483
0.06741573033707865,0.5955056179775281,0.40012726,-0.7621012,0.3044639,-0.4654126
0.06741573033707865,0.6067415730337078,0.39556643,-0.7499223,0.32638583,-0.5112985
0.06741573033707865,0.6179775280898876,0.39094612,-0.73705846,0.34743816,-0.55435896
0.06741573033707865,0.6292134831460674,0.38620552,-0.7237066,0.36750332,-0.59475064
0.06741573033707865,0.6404494382022472,0.38119763,-0.70995724,0.38645843,-0.6326
0.06741573033707865,0.651685393258427,0.37573883,-0.695772,0.40414307,-0.66791886
0.06741573033707865,0.6629213483146067,0.36966154,-0.6810175,0.42032605,-0.70054984
0.06741573033707865,0.6741573033707865,0.36285034,-0.66553533,0.43470305,-0.7301402
0.06741573033707865,0.6853932584269663,0.3552552,-0.6492028,0.4469304,-0.75615525
0.06741573033707865,0.696629213483146,0.34688327,-0.6319586,0.45670176,-0.77798796
0.06741573033707865,0.7078651685393258,0.33777952,-0.61379457,0.46382967,-0.79514587
0.06741573033707865,0.7191011235955056,0.32800427,-0.5947338,0.46830022,-0.80745196
0.06741573033707865,0.7303370786516854,0.31761822,-0.57482016,0.47026524,-0.8151357
0.06741573033707865,0.7415730337078652,0.3066774,-0.55411947,0.4699711,-0.8187421
0.06741573033707865,0.7528089887640449,0.29523754,-0.53272736,0.46765572,-0.8188993
0.06741573033707865,0.7640449438202247,0.28336284,-0.51077145,0.4634628,-0.81605744
0.06741573033707865,0.7752808988764045,0.27113062,-0.48839644,0.45740333,-0.8103086
0.06741573033707865,0.7865168539325842,0.25862873,-0.46573445,0.4493808,-0.8013736
0.06741573033707865,0.797752808988764,0.24594493,-0.4428702,0.43925864,-0.7887261
0.06741573033707865,0.8089887640449438,0.2331526,-0.41981748,0.42693725,-0.77180046
0.06741573033707865,0.8202247191011236,0.22029823,-0.39652598,0.4124084,-0.7501801
0.06741573033707865,0.8314606741573034,0.20739697,-0.37292308,0.395768,-0.72372353
0.06741573033707865,0.8426966292134831,0.19443597,-0.34897363,0.37719086,-0.6925949
0.06741573033707865,0.8539325842696629,0.18138526,-0.32472262,0.35688514,-0.65721214
0.06741573033707865,0.8651685393258427,0.16821082,-0.30028862,0.33505064,-0.6181357
0.06741573033707865,0.8764044943820224,0.15488458,-0.275812,0.311855,-0.57594275
0.06741573033707865,0.8876404494382022,0.14139016,-0.25139454,0.28743514,-0.531154
0.06741573033707865,0.898876404494382,0.12772323,-0.22706439,0.2619084,-0.48419946
0.06741573033707865,0.9101123595505618,0.113891244,-0.2027789,0.23537982,-0.43540797
0.06741573033707865,0.9213483146067416,0.09991331,-0.17844722,0.20794004,-0.38497913
0.06741573033707865,0.9325842696629213,0.08581862,-0.15395531,0.1796613,-0.33296514
0.06741573033707865,0.9438202247191011,0.07164163,-0.12918922,0.15061097,-0.2793313
0.06741573033707865,0.9550561797752809,0.05741284,-0.10405907,0.12088661,-0.22411945
0.06741573033707865,0.9662921348314606,0.043148506,-0.07852257,0.09065951,-0.16765794
0.06741573033707865,0.9775280898876404,0.028843226,-0.052600946,0.060198784,-0.11069913
0.06741573033707865,0.9887640449438202,0.014471903,-0.026381427,0.02985539,-0.054382514
0.06741573033707865,1.0,-3.599295e-08,6.5411e-08,-7.3061166e-08,1.3130126e-07
0.07865168539325842,0.0,-0.0,0.0,0.0,-0.0
0.07865168539325842,0.011235955056179775,0.015585281,-0.03807867,-0.030538864,0.064375415
0.07865168539325842,0.02247191011235955,0.03129852,-0.075968504,-0.06209967,0.13064
0.07865168539325842,0.033707865168539325,0.04721865,-0.11342233,-0.09419271,0.19724075
0.07865168539325842,0.0449438202247191,0.06338865,-0.1502625,-0.126233,0.26301983
0.07865168539325842,0.056179775280898875,0.07980862,-0.18638591,-0.15763605,0.32725656
0.07865168539325842,0.06741573033707865,0.09644188,-0.22175176,-0.18789108,0.38953254
0.07865168539325842,0.07865168539325842,0.113226086,-0.25636744,-0.21660942,0.4495453
0.07865168539325842,0.0898876404494382,0.13008183,-0.2902842,-0.24354929,0.50699675
0.07865168539325842,0.10112359550561797,0.14691491,-0.32359663,-0.26861948,0.5615967
0.07865168539325842,0.11235955056179775,0.16361643,-0.35643557,-0.29185644,0.6131372
0.07865168539325842,0.12359550561797752,0.18006541,-0.38894022,-0.31336996,0.6615372
0.07865168539325842,0.1348314606741573,0.19613837,-0.42121583,-0.33327293,0.70681965
0.07865168539325842,0.14606741573033707,0.21172345,-0.45328873,-0.3516123,0.74902135
0.07865168539325842,0.15730337078651685,0.22673635,-0.485082,-0.36833322,0.78807455
0.07865168539325842,0.16853932584269662,0.24113357,-0.5164182,-0.38328463,0.8237282
0.07865168539325842,0.1797752808988764,0.2549201,-0.54705036,-0.3962627,0.85554737
0.07865168539325842,0.19101123595505617,0.26814976,-0.5767092,-0.4070643,0.88300174
0.07865168539325842,0.20224719101123595,0.28091723,-0.60515755,-0.41552898,0.90561
0.07865168539325842,0.21348314606741572,0.29334193,-0.63224113,-0.4215547,0.9230735
0.07865168539325842,0.2247191011235955,0.30554608,-0.65792394,-0.42508686,0.935334
0.07865168539325842,0.23595505617977527,0.31763053,-0.6822992,-0.42610043,0.9425545
0.07865168539325842,0.24719101123595505,0.32965514,-0.7055663,-0.42459095,0.94504815
0.07865168539325842,0.2584269662921348,0.34162998,-0.7279756,-0.4205831,0.9431533
0.07865168539325842,0.2696629213483146,0.3535195,-0.749752,-0.41415262,0.93713063
0.07865168539325842,0.2808988764044944,0.36525795,-0.7710172,-0.40544868,0.92706954
0.07865168539325842,0.29213483146067415,0.3767676,-0.791745,-0.3946963,0.9128709
0.07865168539325842,0.3033707865168539,0.38797224,-0.81176054,-0.3821658,0.89429766
0.07865168539325842,0.3146067415730337,0.39880076,-0.8307958,-0.36811236,0.8710746
0.07865168539325842,0.3258426966292135,0.40918183,-0.84856975,-0.35270932,0.8430124
0.07865168539325842,0.33707865168539325,0.41903552,-0.86486334,-0.3359989,0.81011105
0.07865168539325842,0.348314606741573,0.4282713,-0.8795583,-0.31788254,0.77260774
0.07865168539325842,0.3595505617977528,0.4367927,-0.8926357,-0.29813936,0.7309446
0.07865168539325842,0.3707865168539326,0.44451308,-0.90413976,-0.27647156,0.6856449
0.07865168539325842,0.38202247191011235,0.45137414,-0.91414016,-0.25256145,0.63718843
0.07865168539325842,0.3932584269662921,0.45736238,-0.9227036,-0.2261475,0.58592415
0.07865168539325842,0.4044943820224719,0.4625167,-0.9298928,-0.19710018,0.53210443
0.07865168539325842,0.4157303370786517,0.46692646,-0.935779,-0.1654928,0.47597432
0.07865168539325842,0.42696629213483145,0.47071853,-0.9404493,-0.13162489,0.41781688
0.07865168539325842,0.4382022471910112,0.47403762,-0.94399613,-0.0959964,0.35791692
0.07865168539325842,0.449438202247191,0.4770206,-0.9464957,-0.059239417,0.29647127
0.07865168539325842,0.4606741573033708,0.47976828,-0.94799256,-0.022032628,0.23355794
0.07865168539325842,0.47191011235955055,0.48231906,-0.94849986,0.014978879,0.16920546
0.07865168539325842,0.4831460674157303,0.4846314,-0.9480142,0.051241346,0.10353683
0.07865168539325842,0.4943820224719101,0.48658094,-0.9465285,0.08634034,0.03686111
0.07865168539325842,0.5056179775280899,0.4879772,-0.94403017,0.12003838,-0.030346673
0.07865168539325842,0.5168539325842696,0.48859835,-0.9404888,0.15229891,-0.0975998
0.07865168539325842,0.5280898876404494,0.48824078,-0.9358402,0.18326618,-0.16450992
0.07865168539325842,0.5393258426966292,0.4867712,-0.9299829,0.2131975,-0.2307813
0.07865168539325842,0.550561797752809,0.48416725,-0.92279464,0.24235877,-0.2960827
0.07865168539325842,0.5617977528089888,0.48053238,-0.91416615,0.27093115,-0.35994405
0.07865168539325842,0.5730337078651685,0.47607693,-0.90403926,0.29896232,-0.42175993
0.07865168539325842,0.5842696629213483,0.47106963,-0.8924449,0.32637683,-0.4809312
0.07865168539325842,0.5955056179775281,0.46576902,-0.8795174,0.35302395,-0.5370328
0.07865168539325842,0.6067415730337078,0.46035692,-0.8654858,0.37873358,-0.5898904
0.07865168539325842,0.6179775280898876,0.45489284,-0.85062027,0.40335274,-0.6395402
0.07865168539325842,0.6292134831460674,0.44930583,-0.83515507,0.42675358,-0.6861026
0.07865168539325842,0.6404494382022472,0.44342458,-0.8192085,0.44881305,-0.7296738
0.07865168539325842,0.651685393258427,0.43703428,-0.8027536,0.46937442,-0.7702546
0.07865168539325842,0.6629213483146067,0.42993566,-0.78564835,0.48821282,-0.8077118
0.07865168539325842,0.6741573033707865,0.42198706,-0.76771533,0.505018,-0.8417393
0.07865168539325842,0.6853932584269663,0.41312203,-0.74881315,0.5194179,-0.87182164
0.07865168539325842,0.696629213483146,0.40334442,-0.72887164,0.53104925,-0.89729697
0.07865168539325842,0.7078651685393258,0.39270857,-0.7078882,0.5396508,-0.91754246
0.07865168539325842,0.7191011235955056,0.38129294,-0.6859011,0.5451389,-0.93221456
0.07865168539325842,0.7303370786516854,0.36917913,-0.6629747,0.5476227,-0.94141686
0.07865168539325842,0.7415730337078652,0.35644132,-0.63919383,0.54734373,-0.9456591
0.07865168539325842,0.7528089887640449,0.34314778,-0.6146713,0.5445711,-0.94564605
0.07865168539325842,0.7640449438202247,0.32937056,-0.58954775,0.539498,-0.94196635
0.07865168539325842,0.7752808988764045,0.31519213,-0.5639747,0.5321889,-0.9348714
0.07865168539325842,0.7865168539325842,0.30070448,-0.53808177,0.52259165,-0.92419565
0.07865168539325842,0.797752808988764,0.28600022,-0.5119408,0.5106005,-0.90946186
0.07865168539325842,0.8089887640449438,0.2711574,-0.4855437,0.49613506,-0.8900785
0.07865168539325842,0.8202247191011236,0.25622678,-0.4588174,0.4791979,-0.8655577
0.07865168539325842,0.8314606741573034,0.24122585,-0.43167654,0.45989078,-0.8356649
0.07865168539325842,0.8426966292134831,0.22614352,-0.40409085,0.4383906,-0.80048054
0.07865168539325842,0.8539325842696629,0.21095066,-0.3761255,0.41490462,-0.7603579
0.07865168539325842,0.8651685393258427,0.1956143,-0.34792614,0.38963068,-0.71581995
0.07865168539325842,0.8764044943820224,0.18010704,-0.31965482,0.3627392,-0.6674482
0.07865168539325842,0.8876404494382022,0.16441229,-0.29142383,0.33438075,-0.6158147
0.07865168539325842,0.898876404494382,0.14852427,-0.2632628,0.30469906,-0.5614557
0.07865168539325842,0.9101123595505618,0.13244829,-0.23512532,0.27383426,-0.5048408
0.07865168539325842,0.9213483146067416,0.11620204,-0.20691459,0.2419131,-0.44630906
0.07865168539325842,0.9325842696629213,0.09981535,-0.17850836,0.20903638,-0.38600957
0.07865168539325842,0.9438202247191011,0.0833261,-0.14978279,0.17528747,-0.32394204
0.07865168539325842,0.9550561797752809,0.06677058,-0.12063797,0.14077017,-0.26012945
0.07865168539325842,0.9662921348314606,0.050171133,-0.09102628,0.1056608,-0.1948725
0.07865168539325842,0.9775280898876404,0.033526823,-0.060971826,0.07024142,-0.12893082
0.07865168539325842,0.9887640449438202,0.016814547,-0.03057621,0.034887407,-0.06350801
0.07865168539325842,1.0,-4.1796795e-08,7.579827e-08,-8.552672e-08,1.538378e-07
0.0898876404494382,0.0,-0.0,0.0,0.0,-0.0
0.0898876404494382,0.011235955056179775,0.017801147,-0.043288264,-0.034517225,0.07325998
0.0898876404494382,0.02247191011235955,0.035751447,-0.08636235,-0.07009187,0.14849985
0.0898876404494382,0.033707865168539325,0.053936847,-0.12892732,-0.10619258,0.22391154
0.0898876404494382,0.0449438202247191,0.07240084,-0.1707683,-0.1422098,0.2981721
0.0898876404494382,0.056179775280898875,0.09113765,-0.21175879,-0.17755233,0.37050116
0.0898876404494382,0.06741573033707865,0.11010091,-0.25184703,-0.21171378,0.4404988
0.0898876404494382,0.07865168539325842,0.12921849,-0.29103827,-0.24430831,0.50791
0.0898876404494382,0.0898876404494382,0.14840382,-0.32938772,-0.2750855,0.5724613
0.0898876404494382,0.10112359550561797,0.16755906,-0.36699954,-0.3039265,0.6338527
0.0898876404494382,0.11235955056179775,0.18657306,-0.40401974,-0.33081996,0.6918364
0.0898876404494382,0.12359550561797752,0.2053217,-0.44060698,-0.35581487,0.7462956
0.0898876404494382,0.1348314606741573,0.22367442,-0.47688404,-0.37895826,0.79723734
0.0898876404494382,0.14606741573033707,0.24150838,-0.5128882,-0.40023986,0.84470135
0.0898876404494382,0.15730337078651685,0.25872526,-0.5485427,-0.41956747,0.88862544
0.0898876404494382,0.16853932584269662,0.27526754,-0.58366066,-0.43677747,0.9287483
0.0898876404494382,0.1797752808988764,0.2911293,-0.6179807,-0.4516773,0.96459764
0.0898876404494382,0.19101123595505617,0.30635923,-0.65121996,-0.46408787,0.9955945
0.0898876404494382,0.20224719101123595,0.32105348,-0.6831321,-0.47387275,1.0212113
0.0898876404494382,0.21348314606741572,0.33534035,-0.71355987,-0.4809421,1.0411106
0.0898876404494382,0.2247191011235955,0.34935638,-0.74246716,-0.48523417,1.0552125
0.0898876404494382,0.23595505617977527,0.36321828,-0.7699468,-0.48670164,1.0636716
0.0898876404494382,0.24719101123595505,0.37700015,-0.7961986,-0.48530713,1.0667936
0.0898876404494382,0.2584269662921348,0.39072043,-0.8214731,-0.48104423,1.0649221
0.0898876404494382,0.2696629213483146,0.40434402,-0.84599656,-0.47396758,1.0583174
0.0898876404494382,0.2808988764044944,0.41779858,-0.86989313,-0.46422306,1.0470697
0.0898876404494382,0.29213483146067415,0.43099537,-0.8931312,-0.45205095,1.0310658
0.0898876404494382,0.3033707865168539,0.44384626,-0.9155245,-0.43775457,1.0100521
0.0898876404494382,0.3146067415730337,0.45627,-0.93678546,-0.421631,0.9837454
0.0898876404494382,0.3258426966292135,0.46818706,-0.9566117,-0.403891,0.9519612
0.0898876404494382,0.33707865168539325,0.4795105,-0.9747702,-0.38460553,0.9147354
0.0898876404494382,0.348314606741573,0.4901401,-0.99113727,-0.36368632,0.87235534
0.0898876404494382,0.3595505617977528,0.49996683,-1.0056996,-0.34091252,0.8253236
0.0898876404494382,0.3707865168539326,0.5088879,-1.0185157,-0.31597742,0.77422327
0.0898876404494382,0.38202247191011235,0.51682657,-1.0296707,-0.2885563,0.71957624
0.0898876404494382,0.3932584269662921,0.5237525,-1.0392512,-0.25838315,0.6617601
0.0898876404494382,0.4044943820224719,0.5296929,-1.0473393,-0.22533683,0.60104066
0.0898876404494382,0.4157303370786517,0.53473324,-1.0540245,-0.18950978,0.5376704
0.0898876404494382,0.42696629213483145,0.53900766,-1.0594081,-0.15123676,0.4719328
0.0898876404494382,0.4382022471910112,0.5426781,-1.0635842,-0.11106522,0.40410972
0.0898876404494382,0.449438202247191,0.5459065,-1.0666174,-0.06968079,0.33440128
0.0898876404494382,0.4606741573033708,0.5488206,-1.0685239,-0.027812231,0.26290965
0.0898876404494382,0.47191011235955055,0.55148154,-1.0692844,0.013851372,0.18973258
0.0898876404494382,0.4831460674157303,0.55385923,-1.068869,0.054730188,0.11511325
0.0898876404494382,0.4943820224719101,0.5558264,-1.0672601,0.09440202,0.039524116
0.0898876404494382,0.5056179775280899,0.5571751,-1.0644561,0.13264343,-0.036425386
0.0898876404494382,0.5168539325842696,0.55765706,-1.0604485,0.16944344,-0.112174764
0.0898876404494382,0.5280898876404494,0.55704135,-1.0551966,0.20497231,-0.18734232
0.0898876404494382,0.5393258426966292,0.5551763,-1.0486107,0.2394958,-0.26168683
0.0898876404494382,0.550561797752809,0.55203635,-1.0405616,0.27326256,-0.33493653
0.0898876404494382,0.5617977528089888,0.54773957,-1.030919,0.30640784,-0.4066335
0.0898876404494382,0.5730337078651685,0.542526,-1.0195984,0.33891883,-0.47614396
0.0898876404494382,0.5842696629213483,0.53670055,-1.0066108,0.3706585,-0.5428136
0.0898876404494382,0.5955056179775281,0.5305557,-0.992087,0.4014253,-0.60616475
0.0898876404494382,0.6067415730337078,0.52429515,-0.97627103,0.43101373,-0.6659745
0.0898876404494382,0.6179775280898876,0.5179844,-0.95946634,0.4592473,-0.7222172
0.0898876404494382,0.6292134831460674,0.51154244,-0.94194686,0.48598853,-0.7749404
0.0898876404494382,0.6404494382022472,0.5047771,-0.9238652,0.5111149,-0.82416743
0.0898876404494382,0.651685393258427,0.49744684,-0.90521115,0.5344843,-0.8698615
0.0898876404494382,0.6629213483146067,0.48932448,-0.88584065,0.5558939,-0.91191953
0.0898876404494382,0.6741573033707865,0.480244,-0.86555856,0.57505006,-0.9501123
0.0898876404494382,0.6853932584269663,0.47012207,-0.8442023,0.5915729,-0.9839974
0.0898876404494382,0.696629213483146,0.4589574,-0.82168895,0.6050543,-1.0129045
0.0898876404494382,0.7078651685393258,0.4468129,-0.7980179,0.6151532,-1.0360975
0.0898876404494382,0.7191011235955056,0.43378586,-0.7732424,0.62169707,-1.0530479
0.0898876404494382,0.7303370786516854,0.4199807,-0.7474464,0.62472826,-1.0636867
0.0898876404494382,0.7415730337078652,0.40549135,-0.7207355,0.6244632,-1.0684451
0.0898876404494382,0.7528089887640449,0.39039952,-0.69323725,0.6211906,-1.0680683
0.0898876404494382,0.7640449438202247,0.3747837,-0.66510254,0.6151564,-1.0632923
0.0898876404494382,0.7752808988764045,0.35872775,-0.6364865,0.6064925,-1.0545595
0.0898876404494382,0.7865168539325842,0.34232414,-0.6075152,0.59520704,-1.0418664
0.0898876404494382,0.797752808988764,0.32566538,-0.5782459,0.58124316,-1.0248295
0.0898876404494382,0.8089887640449438,0.3088305,-0.5486499,0.56455326,-1.0028719
0.0898876404494382,0.8202247191011236,0.29187125,-0.51863366,0.5451594,-0.97545177
0.0898876404494382,0.8314606741573034,0.27480686,-0.4881025,0.5231716,-0.9422468
0.0898876404494382,0.8426966292134831,0.25762787,-0.4570329,0.49876794,-0.90324265
0.0898876404494382,0.8539325842696629,0.24030788,-0.4255113,0.4721485,-0.85870737
0.0898876404494382,0.8651685393258427,0.22281729,-0.39370748,0.44350386,-0.80910826
0.0898876404494382,0.8764044943820224,0.20513234,-0.36180073,0.4130013,-0.75500643
0.0898876404494382,0.8876404494382022,0.18723896,-0.32991028,0.3807993,-0.69700503
0.0898876404494382,0.898876404494382,0.1691324,-0.29806548,0.3470624,-0.6357268
0.0898876404494382,0.9101123595505618,0.15081751,-0.2662164,0.31196105,-0.571767
0.0898876404494382,0.9213483146067416,0.13231146,-0.23426293,0.27565473,-0.5055943
0.0898876404494382,0.9325842696629213,0.113644995,-0.20207822,0.23826958,-0.43745232
0.0898876404494382,0.9438202247191011,0.09485948,-0.16953254,0.19990246,-0.3673705
0.0898876404494382,0.9550561797752809,0.07599691,-0.13652015,0.16065946,-0.29534745
0.0898876404494382,0.9662921348314606,0.057086255,-0.102990456,0.12071589,-0.22163787
0.0898876404494382,0.9775280898876404,0.03813204,-0.06897219,0.0803584,-0.14698067
0.0898876404494382,0.9887640449438202,0.0191143,-0.034580875,0.039978214,-0.07261128
0.0898876404494382,1.0,-4.748468e-08,8.570455e-08,-9.819549e-08,1.765073e-07
0.10112359550561797,0.0,-0.0,0.0,0.0,-0.0
0.10112359550561797,0.011235955056179775,0.019987581,-0.048245177,-0.03850192,0.08166931
0.10112359550561797,0.02247191011235955,0.04014448,-0.09626416,-0.07808221,0.16543621
0.10112359550561797,0.033707865168539325,0.060563624,-0.14371537,-0.11816068,0.24925235
0.10112359550561797,0.0449438202247191,0.081289075,-0.19034512,-0.15810284,0.331637
0.10112359550561797,0.056179775280898875,0.1023097,-0.23600027,-0.19731736,0.41174802
0.10112359550561797,0.06741573033707865,0.12357035,-0.28061423,-0.23531334,0.48919985
0.10112359550561797,0.07865168539325842,0.14499046,-0.32418686,-0.27172145,0.5637755
0.10112359550561797,0.0898876404494382,0.16647822,-0.3667756,-0.30629244,0.6352236
0.10112359550561797,0.10112359550561797,0.18793443,-0.40849358,-0.33888316,0.70322484
0.10112359550561797,0.11235955056179775,0.20924854,-0.44950256,-0.36943093,0.7674857
0.10112359550561797,0.12359550561797752,0.23029521,-0.48998025,-0.39791203,0.8278456
0.10112359550561797,0.1348314606741573,0.25093833,-0.5300674,-0.42429498,0.88428843
0.10112359550561797,0.14606741573033707,0.2710431,-0.5698121,-0.44850394,0.9368554
0.10112359550561797,0.15730337078651685,0.29049498,-0.6091394,-0.47040647,0.9854947
0.10112359550561797,0.16853932584269662,0.30921865,-0.64785683,-0.4898333,1.0299355
0.10112359550561797,0.1797752808988764,0.32719266,-0.68569463,-0.5066116,1.0696783
0.10112359550561797,0.19101123595505617,0.34445554,-0.72236305,-0.5205976,1.1040968
0.10112359550561797,0.20224719101123595,0.36110118,-0.75761175,-0.53168696,1.132615
0.10112359550561797,0.21348314606741572,0.3772633,-0.79128027,-0.539805,1.1548598
0.10112359550561797,0.2247191011235955,0.39309016,-0.8233274,-0.54488397,1.1707253
0.10112359550561797,0.23595505617977527,0.40871423,-0.85383826,-0.54685074,1.1803491
0.10112359550561797,0.24719101123595505,0.42422405,-0.8830019,-0.5456313,1.1840346
0.10112359550561797,0.2584269662921348,0.43964744,-0.91106194,-0.54118085,1.1821265
0.10112359550561797,0.2696629213483146,0.454951,-0.93824166,-0.53352493,1.1748923
0.10112359550561797,0.2808988764044944,0.4700568,-0.9646662,-0.52279526,1.1624291
0.10112359550561797,0.29213483146067415,0.48486593,-0.9903033,-0.5092409,1.1446222
0.10112359550561797,0.3033707865168539,0.49927965,-1.0149575,-0.49319246,1.1212115
0.10112359550561797,0.3146067415730337,0.5132095,-1.0383263,-0.47498915,1.0919118
0.10112359550561797,0.3258426966292135,0.5265717,-1.0600893,-0.4548877,1.0565615
0.10112359550561797,0.33707865168539325,0.5392774,-1.0800004,-0.43299398,1.0152323
0.10112359550561797,0.348314606741573,0.55122215,-1.0979347,-0.4092434,0.9682687
0.10112359550561797,0.3595505617977528,0.5622884,-1.1138872,-0.38342452,0.91622585
0.10112359550561797,0.3707865168539326,0.57235813,-1.1279309,-0.355233,0.85972816
0.10112359550561797,0.38202247191011235,0.5813362,-1.1401706,-0.32434273,0.7993124
0.10112359550561797,0.3932584269662921,0.58917224,-1.1507118,-0.29048944,0.73535866
0.10112359550561797,0.4044943820224719,0.5958783,-1.1596559,-0.25356033,0.66812426
0.10112359550561797,0.4157303370786517,0.6015328,-1.1671104,-0.2136663,0.59785104
0.10112359550561797,0.42696629213483145,0.60627437,-1.1731867,-0.1711712,0.5248207
0.10112359550561797,0.4382022471910112,0.6102813,-1.1779763,-0.1266622,0.4493198
0.10112359550561797,0.449438202247191,0.6137414,-1.181523,-0.08086671,0.37157065
0.10112359550561797,0.4606741573033708,0.616811,-1.1838099,-0.034551688,0.29172325
0.10112359550561797,0.47191011235955055,0.6195752,-1.1847789,0.011570827,0.20997645
0.10112359550561797,0.4831460674157303,0.62201685,-1.1843758,0.056914046,0.1267195
0.10112359550561797,0.4943820224719101,0.62400514,-1.1825799,0.101070374,0.04258583
0.10112359550561797,0.5056179775280899,0.6253139,-1.1794095,0.14384429,-0.04169233
0.10112359550561797,0.5168539325842696,0.6256669,-1.1748908,0.18525636,-0.12551004
0.10112359550561797,0.5280898876404494,0.6248055,-1.1690145,0.22549336,-0.20853171
0.10112359550561797,0.5393258426966292,0.6225595,-1.1617053,0.26480928,-0.2905967
0.10112359550561797,0.550561797752809,0.6189002,-1.1528252,0.3034069,-0.37150192
0.10112359550561797,0.5617977528089888,0.61396104,-1.1422174,0.3413482,-0.45080402
0.10112359550561797,0.5730337078651685,0.60801107,-1.1297632,0.37853652,-0.5278312
0.10112359550561797,0.5842696629213483,0.60139,-1.1154468,0.41476125,-0.6018767
0.10112359550561797,0.5955056179775281,0.59442115,-1.0993916,0.4497616,-0.6723966
0.10112359550561797,0.6067415730337078,0.58732736,-1.0818543,0.48329324,-0.73910326
0.10112359550561797,0.6179775280898876,0.5801778,-1.0631727,0.51515716,-0.8018935
0.10112359550561797,0.6292134831460674,0.57288176,-1.0436627,0.54520446,-0.86071205
0.10112359550561797,0.6404494382022472,0.56522876,-1.0235155,0.57331556,-0.91546667
0.10112359550561797,0.651685393258427,0.5569554,-1.0027457,0.5993715,-0.96606666
0.10112359550561797,0.6629213483146067,0.54781115,-0.98121285,0.62320745,-1.0124327
0.10112359550561797,0.6741573033707865,0.5376086,-0.9587066,0.6445716,-1.0544422
0.10112359550561797,0.6853932584269663,0.52624756,-0.9350405,0.66310304,-1.0917802
0.10112359550561797,0.696629213483146,0.51372004,-0.91011214,0.6783674,-1.123834
0.10112359550561797,0.7078651685393258,0.50009525,-0.88391685,0.6899489,-1.1497931
0.10112359550561797,0.7191011235955056,0.4854891,-0.8565179,0.6975752,-1.1689473
0.10112359550561797,0.7303370786516854,0.47002974,-0.82801664,0.7011965,-1.1810168
0.10112359550561797,0.7415730337078652,0.45383343,-0.7985359,0.7009805,-1.1862956
0.10112359550561797,0.7528089887640449,0.43699637,-0.768216,0.6972185,-1.1855239
0.10112359550561797,0.7640449438202247,0.4196028,-0.73721474,0.6902039,-1.1795604
0.10112359550561797,0.7752808988764045,0.40173647,-0.7056905,0.68013775,-1.1690365
0.10112359550561797,0.7865168539325842,0.3834855,-0.6737646,0.6671012,-1.1541377
0.10112359550561797,0.797752808988764,0.36493838,-0.64148515,0.65109897,-1.1346152
0.10112359550561797,0.8089887640449438,0.3461705,-0.60880756,0.63212746,-1.1099386
0.10112359550561797,0.8202247191011236,0.3272317,-0.5756254,0.61023873,-1.0795497
0.10112359550561797,0.8314606741573034,0.3081403,-0.54183763,0.58555835,-1.0430586
0.10112359550561797,0.8426966292134831,0.28888872,-0.5074312,0.55826634,-1.0003667
0.10112359550561797,0.8539325842696629,0.2694545,-0.4725113,0.528557,-0.95166194
0.10112359550561797,0.8651685393258427,0.2498141,-0.43726888,0.49661064,-0.8973495
0.10112359550561797,0.8764044943820224,0.22995047,-0.4018956,0.4625871,-0.8379532
0.10112359550561797,0.8876404494382022,0.20985566,-0.36651367,0.42664686,-0.77408665
0.10112359550561797,0.898876404494382,0.18952881,-0.3311498,0.38896784,-0.7064291
0.10112359550561797,0.9101123595505618,0.16897678,-0.2957517,0.34974357,-0.6356734
0.10112359550561797,0.9213483146067416,0.14821775,-0.26021764,0.30915907,-0.5623957
0.10112359550561797,0.9325842696629213,0.12728405,-0.22441992,0.2673614,-0.4869181
0.10112359550561797,0.9438202247191011,0.10622035,-0.18822671,0.22445753,-0.40929562
0.10112359550561797,0.9550561797752809,0.085074075,-0.15153001,0.18055351,-0.32949838
0.10112359550561797,0.9662921348314606,0.06388071,-0.11427938,0.13581978,-0.24772649
0.10112359550561797,0.9775280898876404,0.042650517,-0.076509185,0.09054231,-0.16467905
0.10112359550561797,0.9887640449438202,0.021367326,-0.03834816,0.045121666,-0.08159757
0.10112359550561797,1.0,-5.304821e-08,9.501207e-08,-1.1104533e-07,1.9905043e-07
0.11235955056179775,0.0,-0.0,0.0,0.0,-0.0
0.11235955056179775,0.011235955056179775,0.022144683,-0.05288506,-0.0425057,0.089492105
0.11235955056179775,0.02247191011235955,0.044478226,-0.105548315,-0.08610354,0.18123737
0.11235955056179775,0.033707865168539325,0.06710045,-0.15760478,-0.1301537,0.2729696
0.11235955056179775,0.0449438202247191,0.090056226,-0.20876278,-0.17399092,0.36306357
0.11235955056179775,0.056179775280898875,0.11332957,-0.25884062,-0.21702455,0.45061928
0.11235955056179775,0.06741573033707865,0.13685736,-0.30775356,-0.25878575,0.5352567
0.11235955056179775,0.07865168539325842,0.16055176,-0.355493,-0.2989326,0.6167853
0.11235955056179775,0.0898876404494382,0.18431713,-0.402116,-0.3372284,0.69495815
0.11235955056179775,0.10112359550561797,0.20805453,-0.44774398,-0.37351376,0.76941943
0.11235955056179775,0.11235955056179775,0.23165591,-0.492553,-0.40767536,0.8398156
0.11235955056179775,0.12359550561797752,0.25499672,-0.53673905,-0.43961278,0.9059234
0.11235955056179775,0.1348314606741573,0.27793583,-0.5804582,-0.46920806,0.96769387
0.11235955056179775,0.14606741573033707,0.3003262,-0.623768,-0.49631244,1.0251677
0.11235955056179775,0.15730337078651685,0.3220348,-0.66659486,-0.52075124,1.0783056
0.11235955056179775,0.16853932584269662,0.34296504,-0.7087441,-0.5423501,1.1268404
0.11235955056179775,0.1797752808988764,0.3630757,-0.7499423,-0.5609631,1.1702532
0.11235955056179775,0.19101123595505617,0.38239104,-0.7898991,-0.5764869,1.2078854
0.11235955056179775,0.20224719101123595,0.40099844,-0.8283629,-0.58885485,1.2391207
0.11235955056179775,0.21348314606741572,0.4190339,-0.8651695,-0.5980113,1.2635512
0.11235955056179775,0.2247191011235955,0.43665597,-0.9002682,-0.60388565,1.2810442
0.11235955056179775,0.23595505617977527,0.45401168,-0.93372774,-0.60638034,1.2917184
0.11235955056179775,0.24719101123595505,0.47120443,-0.9657191,-0.60538363,1.2958637
0.11235955056179775,0.2584269662921348,0.48827273,-0.9964728,-0.60080826,1.2938294
0.11235955056179775,0.2696629213483146,0.5051865,-1.0262079,-0.592642,1.2858953
0.11235955056179775,0.2808988764044944,0.5218631,-1.0550519,-0.58099,1.2721692
0.11235955056179775,0.29213483146067415,0.5381941,-1.0829766,-0.5660973,1.2525514
0.11235955056179775,0.3033707865168539,0.5540719,-1.109783,-0.54831266,1.2267821
0.11235955056179775,0.3146067415730337,0.5694025,-1.1351566,-0.5280139,1.1945889
0.11235955056179775,0.3258426966292135,0.5841031,-1.1587611,-0.50550497,1.1558334
0.11235955056179775,0.33707865168539325,0.5980881,-1.180339,-0.48093855,1.1106373
0.11235955056179775,0.348314606741573,0.61125517,-1.1997656,-0.4542857,1.0593921
0.11235955056179775,0.3595505617977528,0.62348217,-1.217044,-0.4253613,1.0027006
0.11235955056179775,0.3707865168539326,0.63463956,-1.2322645,-0.39387745,0.94120926
0.11235955056179775,0.38202247191011235,0.64461344,-1.2455502,-0.35952288,0.87545675
0.11235955056179775,0.3932584269662921,0.65333223,-1.257023,-0.32204455,0.8057985
0.11235955056179775,0.4044943820224719,0.6607895,-1.2668011,-0.28134215,0.7324628
0.11235955056179775,0.4157303370786517,0.66705376,-1.2750039,-0.23754448,0.6556695
0.11235955056179775,0.42696629213483145,0.6722657,-1.2817476,-0.19103909,0.57569766
0.11235955056179775,0.4382022471910112,0.6766187,-1.2871149,-0.14244018,0.492851
0.11235955056179775,0.449438202247191,0.68032515,-1.2911236,-0.09250184,0.40739143
0.11235955056179775,0.4606741573033708,0.6835699,-1.2937208,-0.042005852,0.3195492
0.11235955056179775,0.47191011235955055,0.6864616,-1.2948133,0.008336788,0.22964227
0.11235955056179775,0.4831460674157303,0.6889943,-1.294327,0.05796207,0.13821043
0.11235955056179775,0.4943820224719101,0.69103205,-1.2922496,0.106499344,0.046035416
0.11235955056179775,0.5056179775280899,0.69232845,-1.2886312,0.15379544,-0.046059556
0.11235955056179775,0.5168539325842696,0.69257843,-1.2835425,0.19990058,-0.13746755
0.11235955056179775,0.5280898876404494,0.69149524,-1.2770094,0.24500096,-0.22791895
0.11235955056179775,0.5393258426966292,0.6888914,-1.2689705,0.28931108,-0.31735313
0.11235955056179775,0.550561797752809,0.68473727,-1.2592757,0.33295432,-0.40563032
0.11235955056179775,0.5617977528089888,0.6791824,-1.247733,0.37589183,-0.4923035
0.11235955056179775,0.5730337078651685,0.6725252,-1.2341858,0.4179241,-0.5766468
0.11235955056179775,0.5842696629213483,0.6651395,-1.2185881,0.45875156,-0.6578769
0.11235955056179775,0.5955056179775281,0.6573767,-1.2010521,0.4980524,-0.73538
0.11235955056179775,0.6067415730337078,0.6494754,-1.1818494,0.5355434,-0.80880356
0.11235955056179775,0.6179775280898876,0.6415053,-1.1613507,0.57100314,-0.87795556
0.11235955056179775,0.6292134831460674,0.63336515,-1.1399161,0.60427374,-0.9426634
0.11235955056179775,0.6404494382022472,0.6248284,-1.1177804,0.6352426,-1.0027114
0.11235955056179775,0.651685393258427,0.6156132,-1.0949869,0.66381806,-1.0579258
0.11235955056179775,0.6629213483146067,0.60545224,-1.0714052,0.6898879,-1.1082424
0.11235955056179775,0.6741573033707865,0.5941394,-1.0468132,0.71326196,-1.153663
0.11235955056179775,0.6853932584269663,0.58155906,-1.020999,0.7336287,-1.1940451
0.11235955056179775,0.696629213483146,0.5676947,-0.9938361,0.7505523,-1.228903
0.11235955056179775,0.7078651685393258,0.55261976,-0.96530616,0.76355803,-1.257414
0.11235955056179775,0.7191011235955056,0.5364663,-0.9354758,0.77227044,-1.2787099
0.11235955056179775,0.7303370786516854,0.5193871,-0.9044577,0.7765329,-1.2922848
0.11235955056179775,0.7415730337078652,0.50152206,-0.8723848,0.7764376,-1.2982408
0.11235955056179775,0.7528089887640449,0.48298398,-0.83940506,0.7722571,-1.2972445
0.11235955056179775,0.7640449438202247,0.46386394,-0.80567926,0.7643156,-1.2902176
0.11235955056179775,0.7752808988764045,0.44424373,-0.7713673,0.7528775,-1.277948
0.11235955056179775,0.7865168539325842,0.4242051,-0.7365915,0.73809797,-1.2608078
0.11235955056179775,0.797752808988764,0.4038278,-0.7013971,0.72004956,-1.2387007
0.11235955056179775,0.8089887640449438,0.3831795,-0.6657337,0.6987845,-1.2111878
0.11235955056179775,0.8202247191011236,0.3623042,-0.6294898,0.6743927,-1.1777284
0.11235955056179775,0.8314606741573034,0.34121767,-0.5925658,0.64702505,-1.1379131
0.11235955056179775,0.8426966292134831,0.31991312,-0.5549596,0.61687076,-1.0915922
0.11235955056179775,0.8539325842696629,0.29837358,-0.51679516,0.5841215,-1.0388938
0.11235955056179775,0.8651685393258427,0.27658427,-0.4782786,0.5489469,-0.98016155
0.11235955056179775,0.8764044943820224,0.25453833,-0.43960977,0.51149714,-0.9158788
0.11235955056179775,0.8876404494382022,0.23223712,-0.40091088,0.47192866,-0.84664166
0.11235955056179775,0.898876404494382,0.20968711,-0.36220497,0.43042517,-0.77315533
0.11235955056179775,0.9101123595505618,0.18689978,-0.32343733,0.38719395,-0.69617254
0.11235955056179775,0.9213483146067416,0.16389607,-0.28450727,0.3424375,-0.61634576
0.11235955056179775,0.9325842696629213,0.1407104,-0.24528904,0.29631796,-0.53405786
0.11235955056179775,0.9438202247191011,0.11739057,-0.20565242,0.24895062,-0.44938493
0.11235955056179775,0.9550561797752809,0.09398869,-0.16549052,0.20044069,-0.3622702
0.11235955056179775,0.9662921348314606,0.070545904,-0.124755755,0.15095331,-0.27285945
0.11235955056179775,0.9775280898876404,0.047077868,-0.083488904,0.10077177,-0.18180579
0.11235955056179775,0.9887640449438202,0.023572234,-0.0418303,0.050302096,-0.09033818
0.11235955056179775,1.0,-5.8486183e-08,1.03601884e-07,-1.2402435e-07,2.2110183e-07
0.12359550561797752,0.0,-0.0,0.0,0.0,-0.0
0.12359550561797752,0.011235955056179775,0.024275765,-0.05715231,-0.046529256,0.096659936
0.12359550561797752,0.02247191011235955,0.048759952,-0.11410467,-0.094165474,0.19576421
0.12359550561797752,0.033707865168539325,0.073559284,-0.1704339,-0.14219667,0.29485375
0.12359550561797752,0.0449438202247191,0.09871957,-0.22581287,-0.18991722,0.39217722
0.12359550561797752,0.056179775280898875,0.12422033,-0.2800318,-0.23673174,0.4867831
0.12359550561797752,0.06741573033707865,0.14999114,-0.3329859,-0.2821958,0.57829124
0.12359550561797752,0.07865168539325842,0.1759373,-0.38465527,-0.32600164,0.666523
0.12359550561797752,0.0898876404494382,0.20195985,-0.43509457,-0.36793658,0.751217
0.12359550561797752,0.10112359550561797,0.2279608,-0.484431,-0.40783533,0.8319624
0.12359550561797752,0.11235955056179775,0.25383553,-0.5328534,-0.44554207,0.90831816
0.12359550561797752,0.12359550561797752,0.27946118,-0.58057266,-0.4808801,0.9799827
0.12359550561797752,0.1348314606741573,0.30469248,-0.6277563,-0.5136426,1.0468613
0.12359550561797752,0.14606741573033707,0.3293701,-0.67446685,-0.5436022,1.1089895
0.12359550561797752,0.15730337078651685,0.35334104,-0.7206315,-0.5705383,1.1663448
0.12359550561797752,0.16853932584269662,0.37648517,-0.766054,-0.5942702,1.2186762
0.12359550561797752,0.1797752808988764,0.39873838,-0.8104622,-0.61467767,1.26547
0.12359550561797752,0.19101123595505617,0.42010722,-0.85356855,-0.6317009,1.3060466
0.12359550561797752,0.20224719101123595,0.44066945,-0.89512336,-0.64531314,1.3397658
0.12359550561797752,0.21348314606741572,0.46056074,-0.93495727,-0.6554833,1.3661909
0.12359550561797752,0.2247191011235955,0.47994787,-0.97300595,-0.6621433,1.3851576
0.12359550561797752,0.23595505617977527,0.49899203,-1.0093149,-0.66517705,1.3967564
0.12359550561797752,0.24719101123595505,0.5178122,-1.0440313,-0.66443807,1.401261
0.12359550561797752,0.2584269662921348,0.53645825,-1.0773687,-0.6597955,1.3990167
0.12359550561797752,0.2696629213483146,0.55490494,-1.1095413,-0.6511904,1.3903154
0.12359550561797752,0.2808988764044944,0.57306576,-1.1406833,-0.63869,1.3752865
0.12359550561797752,0.29213483146067415,0.59082395,-1.1707761,-0.6225182,1.3538493
0.12359550561797752,0.3033707865168539,0.60806304,-1.1996238,-0.6030265,1.3257692
0.12359550561797752,0.3146067415730337,0.6246863,-1.2269036,-0.5806214,1.2907903
0.12359550561797752,0.3258426966292135,0.640615,-1.2522649,-0.55565304,1.2488087
0.12359550561797752,0.33707865168539325,0.65577275,-1.275439,-0.52832556,1.1999806
0.12359550561797752,0.348314606741573,0.67006505,-1.2963003,-0.49866322,1.1447511
0.12359550561797752,0.3595505617977528,0.6833717,-1.3148623,-0.46652412,1.0837529
0.12359550561797752,0.3707865168539326,0.69555473,-1.331231,-0.4316626,1.017646
0.12359550561797752,0.38202247191011235,0.7064832,-1.3455446,-0.3937986,0.94695425
0.12359550561797752,0.3932584269662921,0.7160639,-1.3579389,-0.35270864,0.8719951
0.12359550561797752,0.4044943820224719,0.7242701,-1.3685408,-0.30831596,0.79295874
0.12359550561797752,0.4157303370786517,0.7311574,-1.3774743,-0.26076782,0.7100393
0.12359550561797752,0.42696629213483145,0.736866,-1.3848538,-0.21047015,0.6235178
0.12359550561797752,0.4382022471910112,0.7416012,-1.3907472,-0.1580494,0.5337276
0.12359550561797752,0.449438202247191,0.7455974,-1.3951448,-0.10426358,0.440997
0.12359550561797752,0.4606741573033708,0.7490649,-1.3979576,-0.049880315,0.34565166
0.12359550561797752,0.47191011235955055,0.7521328,-1.3990648,0.0044242535,0.24813128
0.12359550561797752,0.4831460674157303,0.7548027,-1.3983847,0.058138866,0.14912255
0.12359550561797752,0.4943820224719101,0.75693107,-1.3959228,0.11095427,0.049516026
0.12359550561797752,0.5056179775280899,0.7582497,-1.3917739,0.1627663,-0.04981048
0.12359550561797752,0.5168539325842696,0.75842553,-1.3860556,0.21364452,-0.14827904
0.12359550561797752,0.5280898876404494,0.75714535,-1.3788309,0.26375172,-0.24571119
0.12359550561797752,0.5393258426966292,0.7542069,-1.3700494,0.31322905,-0.34214437
0.12359550561797752,0.550561797752809,0.74958265,-1.359542,0.3620897,-0.4374767
0.12359550561797752,0.5617977528089888,0.7434408,-1.3470799,0.4101667,-0.53122264
0.12359550561797752,0.5730337078651685,0.73610985,-1.3324637,0.45714176,-0.6225783
0.12359550561797752,0.5842696629213483,0.7279959,-1.315616,0.5026202,-0.71066165
0.12359550561797752,0.5955056179775281,0.719476,-1.296641,0.54621994,-0.79478943
0.12359550561797752,0.6067415730337078,0.71080023,-1.2758253,0.58762294,-0.87455463
0.12359550561797752,0.6179775280898876,0.7020356,-1.2535731,0.626592,-0.9496938
0.12359550561797752,0.6292134831460674,0.6930681,-1.230288,0.66296434,-1.0199286
0.12359550561797752,0.6404494382022472,0.68365574,-1.2062483,0.69663626,-1.0849214
0.12359550561797752,0.651685393258427,0.67350334,-1.1815299,0.72754794,-1.1443975
0.12359550561797752,0.6629213483146067,0.66233045,-1.1560166,0.75564325,-1.19829
0.12359550561797752,0.6741573033707865,0.649918,-1.129478,0.7808097,-1.2467122
0.12359550561797752,0.6853932584269663,0.63613665,-1.1016802,0.80280447,-1.2897216
0.12359550561797752,0.696629213483146,0.620961,-1.072469,0.82122016,-1.3270104
0.12359550561797752,0.7078651685393258,0.6044649,-1.0418072,0.8355474,-1.357823
0.12359550561797752,0.7191011235955056,0.58679473,-1.009755,0.8453185,-1.3811898
0.12359550561797752,0.7303370786516854,0.5681261,-0.976428,0.85026205,-1.3963856
0.12359550561797752,0.7415730337078652,0.5486236,-0.94196004,0.85037816,-1.4032788
0.12359550561797752,0.7528089887640449,0.52841836,-0.90649796,0.845895,-1.4023882
0.12359550561797752,0.7640449438202247,0.5076101,-0.8701993,0.8371446,-1.3946155
0.12359550561797752,0.7752808988764045,0.48627847,-0.8332243,0.82443947,-1.3808433
0.12359550561797752,0.7865168539325842,0.46449727,-0.7957007,0.8080004,-1.3615955
0.12359550561797752,0.797752808988764,0.44233462,-0.7576812,0.78796667,-1.3369308
0.12359550561797752,0.8089887640449438,0.4198468,-0.7191215,0.76445043,-1.306528
0.12359550561797752,0.8202247191011236,0.3970682,-0.6799148,0.7375917,-1.2699258
0.12359550561797752,0.8314606741573034,0.37400994,-0.6399707,0.7075744,-1.2267431
0.12359550561797752,0.8426966292134831,0.35066628,-0.5992998,0.6746058,-1.176824
0.12359550561797752,0.8539325842696629,0.32702693,-0.55804193,0.6388797,-1.1202698
0.12359550561797752,0.8651685393258427,0.3030885,-0.51641625,0.600557,-1.0573757
0.12359550561797752,0.8764044943820224,0.27885738,-0.47462708,0.55977625,-0.98857373
0.12359550561797752,0.8876404494382022,0.25434735,-0.43279308,0.51668584,-0.91442436
0.12359550561797752,0.898876404494382,0.22957513,-0.39093333,0.47146744,-0.8356242
0.12359550561797752,0.9101123595505618,0.20455883,-0.34899205,0.42433456,-0.75295305
0.12359550561797752,0.9213483146067416,0.17932363,-0.30687073,0.3754994,-0.66710657
0.12359550561797752,0.9325842696629213,0.15390657,-0.2644495,0.32513508,-0.5785147
0.12359550561797752,0.9438202247191011,0.12835796,-0.22160317,0.27336356,-0.48727107
0.12359550561797752,0.9550561797752809,0.10273347,-0.1782293,0.22029078,-0.39330053
0.12359550561797752,0.9662921348314606,0.07707879,-0.13428539,0.16607913,-0.29670525
0.12359550561797752,0.9775280898876404,0.051413942,-0.08981897,0.11101033,-0.1980944
0.12359550561797752,0.9887640449438202,0.025730038,-0.044980135,0.05549481,-0.098675534
0.12359550561797752,1.0,-6.380396e-08,1.113559e-07,-1.3705457e-07,2.422101e-07
0.1348314606741573,0.0,-0.0,0.0,0.0,-0.0
0.1348314606741573,0.011235955056179775,0.026385976,-0.06100482,-0.050562885,0.103153065
0.1348314606741573,0.02247191011235955,0.053000603,-0.12184817,-0.1022571,0.20896424
0.1348314606741573,0.033707865168539325,0.07995756,-0.18207482,-0.15428627,0.31480587
0.1348314606741573,0.0449438202247191,0.107303716,-0.24132714,-0.20589177,0.4188188
0.1348314606741573,0.056179775280898875,0.13501441,-0.2993687,-0.2564651,0.52000743
0.1348314606741573,0.06741573033707865,0.16301191,-0.35607463,-0.3055818,0.6179903
0.1348314606741573,0.07865168539325842,0.19119442,-0.41141212,-0.35297212,0.71258914
0.1348314606741573,0.0898876404494382,0.21945892,-0.46543124,-0.39845634,0.80351233
0.1348314606741573,0.10112359550561797,0.24770766,-0.5182632,-0.44187647,0.8902744
0.1348314606741573,0.11235955056179775,0.2758391,-0.57010704,-0.4830445,0.97233355
0.1348314606741573,0.12359550561797752,0.30373225,-0.6211831,-0.5217147,1.0492908
0.1348314606741573,0.1348314606741573,0.33123857,-0.67166525,-0.55759317,1.1209949
0.1348314606741573,0.14606741573033707,0.35818693,-0.72161573,-0.59036994,1.187466
0.1348314606741573,0.15730337078651685,0.38440505,-0.77095896,-0.61977255,1.2487088
0.1348314606741573,0.16853932584269662,0.4097483,-0.81949776,-0.6456069,1.3045006
0.1348314606741573,0.1797752808988764,0.4341285,-0.8669646,-0.66777635,1.3543465
0.1348314606741573,0.19101123595505617,0.45753264,-0.91307765,-0.68626136,1.3975723
0.1348314606741573,0.20224719101123595,0.48002625,-0.9575906,-0.7010776,1.4335288
0.1348314606741573,0.21348314606741572,0.50174296,-1.0003278,-0.7122225,1.461752
0.1348314606741573,0.2247191011235955,0.52285594,-1.0412072,-0.71963954,1.4820482
0.1348314606741573,0.23595505617977527,0.5435399,-1.0802463,-0.72320265,1.4944767
0.1348314606741573,0.24719101123595505,0.563929,-1.117564,-0.7227395,1.499275
0.1348314606741573,0.2584269662921348,0.58408594,-1.1533538,-0.7180779,1.4967737
0.1348314606741573,0.2696629213483146,0.6039902,-1.1878266,-0.70910734,1.487278
0.1348314606741573,0.2808988764044944,0.6235531,-1.2211279,-0.69584614,1.4709415
0.1348314606741573,0.29213483146067415,0.642649,-1.2532544,-0.678477,1.4477187
0.1348314606741573,0.3033707865168539,0.6611536,-1.2840215,-0.6573357,1.4174054
0.1348314606741573,0.3146067415730337,0.67896837,-1.3131009,-0.63283914,1.3797804
0.1348314606741573,0.3258426966292135,0.69602233,-1.3401306,-0.60537565,1.3347685
0.1348314606741573,0.33707865168539325,0.71225214,-1.3648279,-0.5752049,1.2825625
0.1348314606741573,0.348314606741573,0.72757816,-1.3870653,-0.5424147,1.2236439
0.1348314606741573,0.3595505617977528,0.7418873,-1.4068656,-0.5069307,1.1586642
0.1348314606741573,0.3707865168539326,0.7550384,-1.4243498,-0.46856946,1.0882816
0.1348314606741573,0.38202247191011235,0.76688606,-1.4396698,-0.42711282,1.0129981
0.1348314606741573,0.3932584269662921,0.77731663,-1.452969,-0.3823853,0.9330922
0.1348314606741573,0.4044943820224719,0.78628176,-1.4643757,-0.33434916,0.8487154
0.1348314606741573,0.4157303370786517,0.79382235,-1.4740131,-0.28317547,0.76004654
0.1348314606741573,0.42696629213483145,0.8000733,-1.4819849,-0.22928105,0.66738003
0.1348314606741573,0.4382022471910112,0.80524814,-1.4883398,-0.17329025,0.5710981
0.1348314606741573,0.449438202247191,0.8095979,-1.493041,-0.115936026,0.47160864
0.1348314606741573,0.4606741573033708,0.81335247,-1.4959694,-0.05794098,0.36933807
0.1348314606741573,0.47191011235955055,0.8166559,-1.4969848,9.0119924e-05,0.26485008
0.1348314606741573,0.4831460674157303,0.8195135,-1.4960098,0.057729356,0.1589377
0.1348314606741573,0.4943820224719101,0.821772,-1.4930786,0.11474305,0.052572094
0.1348314606741573,0.5056179775280899,0.82314163,-1.4883327,0.17107569,-0.05335543
0.1348314606741573,0.5168539325842696,0.82326376,-1.4819411,0.22679828,-0.15833007
0.1348314606741573,0.5280898876404494,0.82180405,-1.4739994,0.28202045,-0.26226982
0.1348314606741573,0.5393258426966292,0.8185502,-1.4644631,0.33677727,-0.3652847
0.1348314606741573,0.550561797752809,0.8134802,-1.453142,0.39094555,-0.46727103
0.1348314606741573,0.5617977528089888,0.80678225,-1.439767,0.4442147,-0.567683
0.1348314606741573,0.5730337078651685,0.7988148,-1.424098,0.49613845,-0.665592
0.1348314606741573,0.5842696629213483,0.7900141,-1.4060303,0.5462304,-0.76002216
0.1348314606741573,0.5955056179775281,0.7807792,-1.3856624,0.5940514,-0.85022223
0.1348314606741573,0.6067415730337078,0.7713669,-1.3632975,0.6392593,-0.93575764
0.1348314606741573,0.6179775280898876,0.76183695,-1.3393712,0.68161005,-1.0163356
0.1348314606741573,0.6292134831460674,0.7520609,-1.3143282,0.7209449,-1.0916102
0.1348314606741573,0.6404494382022472,0.7417817,-1.2884839,0.757173,-1.1611342
0.1348314606741573,0.651685393258427,0.73069394,-1.2619458,0.79026014,-1.2245238
0.1348314606741573,0.6629213483146067,0.71851,-1.2346145,0.82020503,-1.2816691
0.1348314606741573,0.6741573033707865,0.70500296,-1.2062582,0.84697217,-1.3327601
0.1348314606741573,0.6853932584269663,0.69003356,-1.1766244,0.87039846,-1.3780386
0.1348314606741573,0.696629213483146,0.67356753,-1.1455345,0.89012873,-1.4174093
0.1348314606741573,0.7078651685393258,0.65567714,-1.1129311,0.9056468,-1.4502528
0.1348314606741573,0.7191011235955056,0.63651854,-1.0788634,0.9164149,-1.4755796
0.1348314606741573,0.7303370786516854,0.61628807,-1.0434397,0.92205614,-1.4924867
0.1348314606741573,0.7415730337078652,0.595174,-1.0067866,0.922468,-1.5005953
0.1348314606741573,0.7528089887640449,0.57332724,-0.96903574,0.91781414,-1.5002095
0.1348314606741573,0.7640449438202247,0.55085707,-0.93033457,0.90841246,-1.4921222
0.1348314606741573,0.7752808988764045,0.5278433,-0.89084095,0.8945991,-1.4772266
0.1348314606741573,0.7865168539325842,0.50435024,-0.85069054,0.8766444,-1.4561429
0.1348314606741573,0.797752808988764,0.48043278,-0.809953,0.85474735,-1.4290693
0.1348314606741573,0.8089887640449438,0.45613313,-0.768603,0.82907987,-1.3958296
0.1348314606741573,0.8202247191011236,0.431474,-0.72654927,0.79983634,-1.3560843
0.1348314606741573,0.8314606741573034,0.40646034,-0.68371546,0.7672429,-1.3095357
0.1348314606741573,0.8426966292134831,0.3810877,-0.6401275,0.73153216,-1.2560725
0.1348314606741573,0.8539325842696629,0.35535422,-0.5959403,0.6929046,-1.1957972
0.1348314606741573,0.8651685393258427,0.32927018,-0.5513826,0.6515148,-1.1289694
0.1348314606741573,0.8764044943820224,0.30285758,-0.5066604,0.6074893,-1.0559672
0.1348314606741573,0.8876404494382022,0.27614492,-0.4618883,0.56096566,-0.9772983
0.1348314606741573,0.898876404494382,0.24916044,-0.41707987,0.5121207,-0.8936271
0.1348314606741573,0.9101123595505618,0.22193061,-0.37217847,0.46116802,-0.80573225
0.1348314606741573,0.9213483146067416,0.1944852,-0.32709137,0.40832567,-0.71433663
0.1348314606741573,0.9325842696629213,0.16686405,-0.28170636,0.3537747,-0.6199024
0.1348314606741573,0.9438202247191011,0.13911945,-0.23590805,0.2976439,-0.5225453
0.1348314606741573,0.9550561797752809,0.11130941,-0.18960257,0.24004312,-0.42218435
0.1348314606741573,0.9662921348314606,0.083482854,-0.14275518,0.1811357,-0.31889433
0.1348314606741573,0.9775280898876404,0.05566317,-0.0954209,0.12120454,-0.21324931
0.1348314606741573,0.9887640449438202,0.027844056,-0.047756992,0.060666338,-0.1064356
0.1348314606741573,1.0,-6.901275e-08,1.1817087e-07,-1.5003492e-07,2.6187686e-07
0.14606741573033707,0.0,-0.0,0.0,0.0,-0.0
0.14606741573033707,0.011235955056179775,0.028480345,-0.0644182,-0.054589666,0.10899276
0.14606741573033707,0.02247191011235955,0.057210665,-0.12872787,-0.11035224,0.22086145
0.14606741573033707,0.033707865168539325,0.08631176,-0.19244827,-0.16639628,0.33283007
0.14606741573033707,0.0449438202247191,0.11583182,-0.25519678,-0.22189783,0.4429476
0.14606741573033707,0.056179775280898875,0.145742,-0.31671396,-0.27622247,0.5501832
0.14606741573033707,0.06741573033707865,0.17595696,-0.37685594,-0.3289583,0.65415275
0.14606741573033707,0.07865168539325842,0.20636667,-0.43557635,-0.37987253,0.7546738
0.14606741573033707,0.0898876404494382,0.2368621,-0.49291927,-0.4288252,0.8514155
0.14606741573033707,0.10112359550561797,0.2673434,-0.54901797,-0.47567818,0.943812
0.14606741573033707,0.11235955056179775,0.29771027,-0.60407764,-0.5202241,1.0312124
0.14606741573033707,0.12359550561797752,0.32784337,-0.65832436,-0.56215984,1.113116
0.14606741573033707,0.1348314606741573,0.35759145,-0.7119312,-0.6011067,1.1893018
0.14606741573033707,0.14606741573033707,0.38677403,-0.76495445,-0.6366706,1.2597744
0.14606741573033707,0.15730337078651685,0.4152013,-0.81731117,-0.6685198,1.3245519
0.14606741573033707,0.16853932584269662,0.44270658,-0.8688043,-0.6964396,1.3834549
0.14606741573033707,0.1797752808988764,0.46917826,-0.91917115,-0.7203464,1.4360224
0.14606741573033707,0.19101123595505617,0.49458307,-0.9681385,-0.74025834,1.4816028
0.14606741573033707,0.20224719101123595,0.51897377,-1.0154637,-0.7562314,1.5195509
0.14606741573033707,0.21348314606741572,0.54247946,-1.0609647,-0.7682997,1.5493926
0.14606741573033707,0.2247191011235955,0.56527835,-1.1045367,-0.7764245,1.570901
0.14606741573033707,0.23595505617977527,0.5875569,-1.1461673,-0.7804855,1.5840929
0.14606741573033707,0.24719101123595505,0.6094635,-1.1859426,-0.7802948,1.5891665
0.14606741573033707,0.2584269662921348,0.6310731,-1.224035,-0.77564675,1.5864289
0.14606741573033707,0.2696629213483146,0.65237075,-1.2606524,-0.76638293,1.5761776
0.14606741573033707,0.2808988764044944,0.6732647,-1.295956,-0.75245935,1.5585973
0.14606741573033707,0.29213483146067415,0.6936216,-1.3299663,-0.73400223,1.5336835
0.14606741573033707,0.3033707865168539,0.71330935,-1.3625135,-0.711307,1.5012739
0.14606741573033707,0.3146067415730337,0.7322291,-1.3932712,-0.6847793,1.4611881
0.14606741573033707,0.3258426966292135,0.7503187,-1.4218627,-0.65483195,1.4133835
0.14606741573033707,0.33707865168539325,0.7675334,-1.4479913,-0.6217751,1.3580842
0.14606741573033707,0.348314606741573,0.7838123,-1.4715242,-0.5857694,1.2957841
0.14606741573033707,0.3595505617977528,0.7990559,-1.4924921,-0.5468265,1.2271445
0.14606741573033707,0.3707865168539326,0.8131245,-1.5110292,-0.5048528,1.1528109
0.14606741573033707,0.38202247191011235,0.8258626,-1.5273002,-0.45971295,1.0732542
0.14606741573033707,0.3932584269662921,0.8371376,-1.5414536,-0.41130608,0.98871756
0.14606741573033707,0.4044943820224719,0.8468794,-1.5536158,-0.35964546,0.89933646
0.14606741573033707,0.4157303370786517,0.8551115,-1.5639014,-0.30493328,0.8052821
0.14606741573033707,0.42696629213483145,0.8619604,-1.572401,-0.24759302,0.7068816
0.14606741573033707,0.4382022471910112,0.86764044,-1.5791417,-0.18822768,0.60458267
0.14606741573033707,0.449438202247191,0.87241286,-1.5840613,-0.12752199,0.49888617
0.14606741573033707,0.4606741573033708,0.8765192,-1.5870172,-0.0661189,0.39031723
0.14606741573033707,0.47191011235955055,0.8801117,-1.5878588,-0.0045228414,0.27953798
0.14606741573033707,0.4831460674157303,0.88319576,-1.5865192,0.056940995,0.16742131
0.14606741573033707,0.4943820224719101,0.8856074,-1.5830692,0.11812067,0.054972712
0.14606741573033707,0.5056179775280899,0.88703984,-1.5776953,0.1789969,-0.05694155
0.14606741573033707,0.5168539325842696,0.8871151,-1.5706127,0.23961562,-0.16787386
0.14606741573033707,0.5280898876404494,0.8854848,-1.561947,0.30000234,-0.27782384
0.14606741573033707,0.5393258426966292,0.88193184,-1.5516553,0.36006445,-0.3869421
0.14606741573033707,0.550561797752809,0.87644285,-1.5395242,0.41952553,-0.49509728
0.14606741573033707,0.5617977528089888,0.8692268,-1.5252483,0.4779266,-0.6016303
0.14606741573033707,0.5730337078651685,0.86066896,-1.5085521,0.534699,-0.70548487
0.14606741573033707,0.5842696629213483,0.85123146,-1.4893093,0.5892731,-0.8055851
0.14606741573033707,0.5955056179775281,0.84132916,-1.4676176,0.641167,-0.90114707
0.14606741573033707,0.6067415730337078,0.8312204,-1.4437958,0.6900274,-0.9917478
0.14606741573033707,0.6179775280898876,0.820954,-1.4183084,0.7356174,-1.0771214
0.14606741573033707,0.6292134831460674,0.8103849,-1.3916286,0.77779,-1.1569031
0.14606741573033707,0.6404494382022472,0.79924244,-1.364102,0.81646657,-1.230562
0.14606741573033707,0.651685393258427,0.7872142,-1.3358586,0.851634,-1.2975919
0.14606741573033707,0.6629213483146067,0.7740111,-1.306816,0.88332933,-1.3577864
0.14606741573033707,0.6741573033707865,0.75940436,-1.2767465,0.9115802,-1.4113511
0.14606741573033707,0.6853932584269663,0.7432501,-1.2453896,0.9363009,-1.458657
0.14606741573033707,0.696629213483146,0.7255064,-1.21255,0.95720077,-1.4998344
0.14606741573033707,0.7078651685393258,0.70624274,-1.1781578,0.9737813,-1.5344507
0.14606741573033707,0.7191011235955056,0.6856212,-1.1422508,0.9854657,-1.5615765
0.14606741573033707,0.7303370786516854,0.66385454,-1.104926,0.9917901,-1.5802057
0.14606741573033707,0.7415730337078652,0.64115196,-1.0662905,0.9925582,-1.589733
0.14606741573033707,0.7528089887640449,0.6176844,-1.0264527,0.98785686,-1.5902078
0.14606741573033707,0.7640449438202247,0.59357214,-0.985537,0.97796845,-1.58224
0.14606741573033707,0.7752808988764045,0.5688955,-0.9436939,0.9632298,-1.566643
0.14606741573033707,0.7865168539325842,0.5437105,-0.90107065,0.94394,-1.5440733
0.14606741573033707,0.797752808988764,0.5180581,-0.85776067,0.92034316,-1.5148387
0.14606741573033707,0.8089887640449438,0.49196497,-0.81376654,0.8926658,-1.4789189
0.14606741573033707,0.8202247191011236,0.46544138,-0.7690199,0.86115736,-1.4361298
0.14606741573033707,0.8314606741573034,0.43848616,-0.7234651,0.8260894,-1.3862996
0.14606741573033707,0.8426966292134831,0.41109666,-0.677143,0.78772414,-1.3294005
0.14606741573033707,0.8539325842696629,0.383281,-0.6302222,0.7462733,-1.2655573
0.14606741573033707,0.8651685393258427,0.35506487,-0.58293915,0.7018866,-1.195004
0.14606741573033707,0.8764044943820224,0.32648706,-0.5354996,0.6546804,-1.1180629
0.14606741573033707,0.8876404494382022,0.29759157,-0.488012,0.604783,-1.0351828
0.14606741573033707,0.898876404494382,0.2684185,-0.4404833,0.5523669,-0.94698817
0.14606741573033707,0.9101123595505618,0.23900224,-0.39285657,0.49764568,-0.85424376
0.14606741573033707,0.9213483146067416,0.20937754,-0.34504566,0.4408427,-0.75769275
0.14606741573033707,0.9325842696629213,0.17958646,-0.29695117,0.38214645,-0.6578282
0.14606741573033707,0.9438202247191011,0.14968286,-0.24847257,0.32169345,-0.5547922
0.14606741573033707,0.9550561797752809,0.119726405,-0.19952983,0.25959995,-0.4485148
0.14606741573033707,0.9662921348314606,0.08976818,-0.15010026,0.19603421,-0.33906052
0.14606741573033707,0.9775280898876404,0.05983401,-0.10024826,0.13128425,-0.2269828
0.14606741573033707,0.9887640449438202,0.02991949,-0.050136082,0.06577547,-0.113450274
0.14606741573033707,1.0,-7.412804e-08,1.2398205e-07,-1.628466e-07,2.7962133e-07
0.15730337078651685,0.0,-0.0,0.0,0.0,-0.0
0.15730337078651685,0.011235955056179775,0.030561417,-0.06738861,-0.05859118,0.11422354
0.15730337078651685,0.02247191011235955,0.061395317,-0.13473296,-0.11841926,0.23152424
0.15730337078651685,0.033707865168539325,0.092630066,-0.20153332,-0.17849061,0.3489955
0.15730337078651685,0.0449438202247191,0.124315456,-0.2673879,-0.23790336,0.46460783
0.15730337078651685,0.056179775280898875,0.15641858,-0.33201933,-0.29598427,0.577303
0.15730337078651685,0.06741573033707865,0.1888458,-0.39526653,-0.35232285,0.6866951
0.15730337078651685,0.07865168539325842,0.22147688,-0.45706913,-0.40671906,0.7925953
0.15730337078651685,0.0898876404494382,0.25419372,-0.5174644,-0.45907646,0.8946365
0.15730337078651685,0.10112359550561797,0.28689077,-0.5765853,-0.5092862,0.99217826
0.15730337078651685,0.11235955056179775,0.31946602,-0.63464063,-0.5571375,1.0844692
0.15730337078651685,0.12359550561797752,0.3518002,-0.69185674,-0.6022798,1.1709075
0.15730337078651685,0.1348314606741573,0.38374138,-0.7484,-0.64425635,1.2512006
0.15730337078651685,0.14606741573033707,0.41510242,-0.8043144,-0.68258786,1.3253192
0.15730337078651685,0.15730337078651685,0.4456812,-0.85950786,-0.7168752,1.3932929
0.15730337078651685,0.16853932584269662,0.47529283,-0.91378075,-0.7468731,1.4549754
0.15730337078651685,0.1797752808988764,0.50380534,-0.96687704,-0.7725019,1.5099468
0.15730337078651685,0.19101123595505617,0.53116685,-1.0185325,-0.7938085,1.5575995
0.15730337078651685,0.20224719101123595,0.5574164,-1.0685093,-0.8108905,1.5973039
0.15730337078651685,0.21348314606741572,0.5826774,-1.1166158,-0.8238193,1.6285866
0.15730337078651685,0.2247191011235955,0.60713017,-1.1627244,-0.8325871,1.651202
0.15730337078651685,0.23595505617977527,0.6309701,-1.206788,-0.8370916,1.6651208
0.15730337078651685,0.24719101123595505,0.65435773,-1.248859,-0.8371461,1.6704994
0.15730337078651685,0.2584269662921348,0.67737806,-1.2890874,-0.83252645,1.6676027
0.15730337078651685,0.2696629213483146,0.70002055,-1.3276782,-0.82302886,1.6567117
0.15730337078651685,0.2808988764044944,0.72219074,-1.3648136,-0.80854636,1.6380321
0.15730337078651685,0.29213483146067415,0.74374723,-1.4005412,-0.78913134,1.6115915
0.15730337078651685,0.3033707865168539,0.7645515,-1.4347141,-0.7650178,1.5772802
0.15730337078651685,0.3146067415730337,0.78450507,-1.467009,-0.7365761,1.5349646
0.15730337078651685,0.3258426966292135,0.80355746,-1.4970348,-0.70421976,1.4846442
0.15730337078651685,0.33707865168539325,0.8216847,-1.5244765,-0.66830486,1.4265562
0.15730337078651685,0.348314606741573,0.83884937,-1.5491916,-0.6290673,1.3612088
0.15730337078651685,0.3595505617977528,0.85496986,-1.5712149,-0.5866171,1.2892473
0.15730337078651685,0.3707865168539326,0.86991304,-1.5906961,-0.54097027,1.2112957
0.15730337078651685,0.38202247191011235,0.8835172,-1.6078119,-0.4920991,1.1277931
0.15730337078651685,0.3932584269662921,0.8956335,-1.622717,-0.43998927,1.0389612
0.15730337078651685,0.4044943820224719,0.9061704,-1.635537,-0.38472053,0.94492
0.15730337078651685,0.4157303370786517,0.9151312,-1.6463783,-0.3265282,0.84586674
0.15730337078651685,0.42696629213483145,0.9226293,-1.6553175,-0.26583552,0.7421781
0.15730337078651685,0.4382022471910112,0.9288735,-1.6623622,-0.20321126,0.63438404
0.15730337078651685,0.449438202247191,0.93412524,-1.6674242,-0.1392693,0.5230664
0.15730337078651685,0.4606741573033708,0.9386308,-1.6703445,-0.07455005,0.4088468
0.15730337078651685,0.47191011235955055,0.9425439,-1.6709665,-0.009439901,0.2924467
0.15730337078651685,0.4831460674157303,0.94586754,-1.6692382,0.055845167,0.17479223
0.15730337078651685,0.4943820224719101,0.94843036,-1.6652623,0.121223435,0.056884
0.15730337078651685,0.5056179775280899,0.94991606,-1.6592678,0.18668482,-0.0604517
0.15730337078651685,0.5168539325842696,0.9499368,-1.6515079,0.2522236,-0.1768267
0.15730337078651685,0.5280898876404494,0.94813865,-1.6421312,0.3177565,-0.29229832
0.15730337078651685,0.5393258426966292,0.9443061,-1.6310974,0.38304615,-0.40701306
0.15730337078651685,0.550561797752809,0.9384355,-1.6181735,0.4476667,-0.5207712
0.15730337078651685,0.5617977528089888,0.93075323,-1.6030245,0.5110208,-0.63278556
0.15730337078651685,0.5730337078651685,0.9216659,-1.5853487,0.57243454,-0.74187285
0.15730337078651685,0.5842696629213483,0.9116534,-1.5650048,0.6312759,-0.846873
0.15730337078651685,0.5955056179775281,0.90113896,-1.5420941,0.6870388,-0.9470094
0.15730337078651685,0.6067415730337078,0.8903762,-1.5169505,0.7393759,-1.0419319
0.15730337078651685,0.6179775280898876,0.8793993,-1.4900551,0.7880715,-1.1314627
0.15730337078651685,0.6292134831460674,0.8680462,-1.4618983,0.8329976,-1.2152623
0.15730337078651685,0.6404494382022472,0.85603446,-1.4328372,0.8740857,-1.2927424
0.15730337078651685,0.651685393258427,0.84304965,-1.4030141,0.9113296,-1.3632524
0.15730337078651685,0.6629213483146067,0.82880706,-1.3723575,0.9447806,-1.4264369
0.15730337078651685,0.6741573033707865,0.81308323,-1.3406528,0.97450364,-1.4824243
0.15730337078651685,0.6853932584269663,0.79573435,-1.30764,1.000475,-1.5316588
0.15730337078651685,0.696629213483146,0.7767149,-1.2731285,1.0224653,-1.5744543
0.15730337078651685,0.7078651685393258,0.75609094,-1.2370445,1.040015,-1.6106083
0.15730337078651685,0.7191011235955056,0.73402685,-1.1994243,1.0525362,-1.6393301
0.15730337078651685,0.7303370786516854,0.71074694,-1.1603545,1.0595111,-1.6595869
0.15730337078651685,0.7415730337078652,0.68647885,-1.1199166,1.0606626,-1.6705953
0.15730337078651685,0.7528089887640449,0.6614105,-1.0781841,1.0560081,-1.6721561
0.15730337078651685,0.7640449438202247,0.6356734,-1.0352503,1.0457792,-1.6646377
0.15730337078651685,0.7752808988764045,0.60934967,-0.9912515,1.0302942,-1.6487104
0.15730337078651685,0.7865168539325842,0.582488,-0.946347,1.009857,-1.6250043
0.15730337078651685,0.797752808988764,0.55511576,-0.9006578,0.9847406,-1.5939075
0.15730337078651685,0.8089887640449438,0.5272446,-0.85421973,0.95521563,-1.5555522
0.15730337078651685,0.8202247191011236,0.49887282,-0.8069932,0.92158043,-1.5099213
0.15730337078651685,0.8314606741573034,0.4699933,-0.7589421,0.8841526,-1.4569957
0.15730337078651685,0.8426966292134831,0.44060725,-0.7101234,0.84322363,-1.3968416
0.15730337078651685,0.8539325842696629,0.41073358,-0.6607155,0.79901725,-1.3296154
0.15730337078651685,0.8651685393258427,0.3804139,-0.6109601,0.75168246,-1.2555314
0.15730337078651685,0.8764044943820224,0.34970382,-0.5610601,0.70132905,-1.1748629
0.15730337078651685,0.8876404494382022,0.31866184,-0.5111146,0.6480824,-1.0880026
0.15730337078651685,0.898876404494382,0.28733858,-0.4611221,0.5921162,-0.9955428
0.15730337078651685,0.9101123595505618,0.2557754,-0.41102394,0.5336493,-0.8982428
0.15730337078651685,0.9213483146067416,0.22401088,-0.36074364,0.47291303,-0.7968675
0.15730337078651685,0.9325842696629213,0.1920893,-0.31019935,0.4101046,-0.69194674
0.15730337078651685,0.9438202247191011,0.16006574,-0.25931156,0.3453693,-0.5836585
0.15730337078651685,0.9550561797752809,0.12800136,-0.20802215,0.2788312,-0.47195518
0.15730337078651685,0.9662921348314606,0.09594936,-0.15632695,0.21066533,-0.35690713
0.15730337078651685,0.9775280898876404,0.0639374,-0.10430303,0.1411681,-0.239064
0.15730337078651685,0.9887640449438202,0.03196247,-0.0521172,0.0707767,-0.11958553
0.15730337078651685,1.0,-7.9166966e-08,1.2878569e-07,-1.7536316e-07,2.9505827e-07
0.16853932584269662,0.0,-0.0,0.0,0.0,-0.0
0.16853932584269662,0.011235955056179775,0.03262704,-0.06993212,-0.06255397,0.11889378
0.16853932584269662,0.02247191011235955,0.06554993,-0.13989224,-0.12643349,0.24103138
0.16853932584269662,0.033707865168539325,0.09890541,-0.20936745,-0.19053845,0.36339208
0.16853932584269662,0.0449438202247191,0.13274567,-0.27794373,-0.25387928,0.48388153
0.16853932584269662,0.056179775280898875,0.16703382,-0.3453304,-0.3157298,0.60142016
0.16853932584269662,0.06741573033707865,0.20166704,-0.41135177,-0.37566894,0.7156225
0.16853932584269662,0.07865168539325842,0.23651269,-0.47593403,-0.43352136,0.826295
0.16853932584269662,0.0898876404494382,0.27143976,-0.53910494,-0.48923546,0.9330432
0.16853932584269662,0.10112359550561797,0.30633235,-0.600995,-0.54274076,1.0351688
0.16853932584269662,0.11235955056179775,0.3410826,-0.6618132,-0.59383404,1.1318427
0.16853932584269662,0.12359550561797752,0.37557015,-0.7217816,-0.64213043,1.2223731
0.16853932584269662,0.1348314606741573,0.40964323,-0.7810551,-0.6871012,1.3063927
0.16853932584269662,0.14606741573033707,0.44311348,-0.8396619,-0.7281835,1.3838232
0.16853932584269662,0.15730337078651685,0.47577226,-0.89749694,-0.7649059,1.4546785
0.16853932584269662,0.16853932584269662,0.5074229,-0.9543578,-0.79698145,1.5188361
0.16853932584269662,0.1797752808988764,0.53791785,-1.0099951,-0.824325,1.5759205
0.16853932584269662,0.19101123595505617,0.56718916,-1.0641552,-0.84700423,1.6253712
0.16853932584269662,0.20224719101123595,0.5952627,-1.1166018,-0.86515015,1.6665968
0.16853932584269662,0.21348314606741572,0.6222541,-1.1671345,-0.8788761,1.6991428
0.16853932584269662,0.2247191011235955,0.64834267,-1.2156003,-0.88821363,1.7227498
0.16853932584269662,0.23595505617977527,0.6737285,-1.261918,-0.8930926,1.7373675
0.16853932584269662,0.24719101123595505,0.6985798,-1.3061036,-0.8933443,1.7431002
0.16853932584269662,0.2584269662921348,0.7229881,-1.3482832,-0.8887429,1.740165
0.16853932584269662,0.2696629213483146,0.746945,-1.3886623,-0.8790512,1.7288084
0.16853932584269662,0.2808988764044944,0.7703521,-1.4274426,-0.8641012,1.7092247
0.16853932584269662,0.29213483146067415,0.79306144,-1.4647064,-0.8438641,1.6814682
0.16853932584269662,0.3033707865168539,0.8149286,-1.5003331,-0.8184922,1.6454842
0.16853932584269662,0.3146067415730337,0.8358586,-1.5340052,-0.7882969,1.6011907
0.16853932584269662,0.3258426966292135,0.85581434,-1.5653166,-0.7536749,1.5486305
0.16853932584269662,0.33707865168539325,0.87479556,-1.5939275,-0.71501166,1.4880724
0.16853932584269662,0.348314606741573,0.8927914,-1.6196795,-0.6726178,1.4200166
0.16853932584269662,0.3595505617977528,0.9097415,-1.6426095,-0.6267108,1.3450946
0.16853932584269662,0.3707865168539326,0.9255235,-1.6628797,-0.5774256,1.2638937
0.16853932584269662,0.38202247191011235,0.9399726,-1.6806848,-0.5248512,1.1768204
0.16853932584269662,0.3932584269662921,0.95292515,-1.6961905,-0.4690737,1.0840796
0.16853932584269662,0.4044943820224719,0.9642686,-1.709528,-0.41023642,0.9857958
0.16853932584269662,0.4157303370786517,0.9739845,-1.7208011,-0.34861004,0.88220906
0.16853932584269662,0.42696629213483145,0.98216707,-1.7300757,-0.284608,0.7737581
0.16853932584269662,0.4382022471910112,0.9890126,-1.7373409,-0.21875425,0.6610536
0.16853932584269662,0.449438202247191,0.9947755,-1.7424885,-0.1515779,0.54475605
0.16853932584269662,0.4606741573033708,0.99969745,-1.7453401,-0.08350569,0.42554638
0.16853932584269662,0.47191011235955055,1.0039303,-1.7457362,-0.0148063805,0.304189
0.16853932584269662,0.4831460674157303,1.0074749,-1.7436352,0.054398127,0.18160889
0.16853932584269662,0.4943820224719101,1.01016,-1.739166,0.12406979,0.05878707
0.16853932584269662,0.5056179775280899,1.0116688,-1.7325894,0.19417667,-0.06348493
0.16853932584269662,0.5168539325842696,1.0116166,-1.7241877,0.26462767,-0.18485919
0.16853932584269662,0.5280898876404494,1.0096532,-1.7141297,0.33521143,-0.3053984
0.16853932584269662,0.5393258426966292,1.0055693,-1.7023776,0.40555,-0.425204
0.16853932584269662,0.550561797752809,0.9993704,-1.6886889,0.47508144,-0.5439673
0.16853932584269662,0.5617977528089888,0.9912936,-1.6727102,0.5430986,-0.66078144
0.16853932584269662,0.5730337078651685,0.98175687,-1.6541239,0.608855,-0.77434814
0.16853932584269662,0.5842696629213483,0.9712474,-1.632784,0.67168176,-0.883471
0.16853932584269662,0.5955056179775281,0.960186,-1.6087981,0.7310747,-0.98742443
0.16853932584269662,0.6067415730337078,0.94881535,-1.582509,0.7867094,-1.085987
0.16853932584269662,0.6179775280898876,0.93715173,-1.5544044,0.83840346,-1.1791131
0.16853932584269662,0.6292134831460674,0.9250168,-1.5249676,0.8860501,-1.2665387
0.16853932584269662,0.6404494382022472,0.91212106,-1.4945467,0.92958593,-1.347624
0.16853932584269662,0.651685393258427,0.8981527,-1.463279,0.968994,-1.4215555
0.16853932584269662,0.6629213483146067,0.88283837,-1.4311012,1.0043106,-1.4877665
0.16853932584269662,0.6741573033707865,0.8659668,-1.397811,1.0356042,-1.5462272
0.16853932584269662,0.6853932584269663,0.84740126,-1.363172,1.0628815,-1.5973744
0.16853932584269662,0.696629213483146,0.8270968,-1.3270134,1.085966,-1.6416662
0.16853932584269662,0.7078651685393258,0.8051162,-1.289283,1.1044437,-1.6791382
0.16853932584269662,0.7191011235955056,0.78162444,-1.2500266,1.1177442,-1.709201
0.16853932584269662,0.7303370786516854,0.7568527,-1.2093244,1.1253272,-1.7308772
0.16853932584269662,0.7415730337078652,0.7310422,-1.1672319,1.1268651,-1.7432725
0.16853932584269662,0.7528089887640449,0.70439494,-1.1237795,1.1223156,-1.745957
0.16853932584269662,0.7640449438202247,0.6770526,-1.0790223,1.1118586,-1.7390541
0.16853932584269662,0.7752808988764045,0.64909947,-1.0330789,1.0957775,-1.7230436
0.16853932584269662,0.7865168539325842,0.6205777,-0.986117,1.0743651,-1.6984917
0.16853932584269662,0.797752808988764,0.59150285,-0.93828857,1.0479028,-1.6658367
0.16853932584269662,0.8089887640449438,0.5618727,-0.8896652,1.0166909,-1.6253442
0.16853932584269662,0.8202247191011236,0.5316748,-0.84023476,0.9810678,-1.5771632
0.16853932584269662,0.8314606741573034,0.50089836,-0.7899792,0.94139093,-1.5214199
0.16853932584269662,0.8426966292134831,0.4695483,-0.7389645,0.8979801,-1.4582692
0.16853932584269662,0.8539325842696629,0.4376558,-0.6873758,0.85107046,-1.3878951
0.16853932584269662,0.8651685393258427,0.40527764,-0.63545483,0.8008138,-1.310492
0.16853932584269662,0.8764044943820224,0.37248483,-0.58339703,0.74732006,-1.2262871
0.16853932584269662,0.8876404494382022,0.33934793,-0.5312886,0.6907205,-1.1356394
0.16853932584269662,0.898876404494382,0.30592588,-0.47911605,0.63120097,-1.0391263
0.16853932584269662,0.9101123595505618,0.27226484,-0.42681852,0.56899446,-0.9375235
0.16853932584269662,0.9213483146067416,0.23840602,-0.37432954,0.50434613,-0.83163005
0.16853932584269662,0.9325842696629213,0.20439556,-0.32159042,0.4374639,-0.7220212
0.16853932584269662,0.9438202247191011,0.17029032,-0.26855144,0.36850217,-0.60891825
0.16853932584269662,0.9550561797752809,0.1361538,-0.21518593,0.2975914,-0.49230343
0.16853932584269662,0.9662921348314606,0.102041714,-0.16151683,0.22491339,-0.37226656
0.16853932584269662,0.9775280898876404,0.06798403,-0.10763991,0.15077408,-0.24936591
0.16853932584269662,0.9887640449438202,0.033978634,-0.053727478,0.07562596,-0.12476709
0.16853932584269662,1.0,-8.4144546e-08,1.3264777e-07,-1.8746564e-07,3.079674e-07
0.1797752808988764,0.0,-0.0,0.0,0.0,-0.0
0.1797752808988764,0.011235955056179775,0.034669027,-0.07208073,-0.066474155,0.12304195
0.1797752808988764,0.02247191011235955,0.06965746,-0.14426611,-0.1343859,0.24944673
0.1797752808988764,0.033707865168539325,0.10511188,-0.21603596,-0.20252717,0.37609866
0.1797752808988764,0.0449438202247191,0.14108807,-0.2869703,-0.2698122,0.5008521
0.1797752808988764,0.056179775280898875,0.17754582,-0.35677075,-0.33544955,0.6226111
0.1797752808988764,0.06741573033707865,0.21437246,-0.42524958,-0.39899343,0.7409914
0.1797752808988764,0.07865168539325842,0.25142056,-0.49231887,-0.4602852,0.85580003
0.1797752808988764,0.0898876404494382,0.2885421,-0.5579943,-0.5193158,0.9666278
0.1797752808988764,0.10112359550561797,0.32560575,-0.6223999,-0.5760588,1.0727441
0.1797752808988764,0.11235955056179775,0.3624934,-0.68574023,-0.63032925,1.1732664
0.1797752808988764,0.12359550561797752,0.39908138,-0.74823016,-0.68171936,1.2674371
0.1797752808988764,0.1348314606741573,0.43521956,-0.81000894,-0.7296397,1.3548062
0.1797752808988764,0.14606741573033707,0.47072306,-0.8710872,-0.7734468,1.4352303
0.1797752808988764,0.15730337078651685,0.5053841,-0.93134654,-0.8125971,1.5086833
0.1797752808988764,0.16853932584269662,0.5390015,-0.9905816,-0.8467544,1.5750424
0.1797752808988764,0.1797752808988764,0.57141864,-1.0485495,-0.8758166,1.6339693
0.1797752808988764,0.19101123595505617,0.60255504,-1.1050056,-0.89985865,1.6849535
0.1797752808988764,0.20224719101123595,0.6324244,-1.1597166,-0.9190412,1.7274622
0.1797752808988764,0.21348314606741572,0.6611329,-1.2124696,-0.9335139,1.761075
0.1797752808988764,0.2247191011235955,0.6888547,-1.263087,-0.9433532,1.7855532
0.1797752808988764,0.23595505617977527,0.715789,-1.3114512,-0.94853234,1.8008274
0.1797752808988764,0.24719101123595505,0.7421055,-1.3575428,-0.9489188,1.8069651
0.1797752808988764,0.2584269662921348,0.767897,-1.4014649,-0.9442996,1.8041205
0.1797752808988764,0.2696629213483146,0.7931536,-1.4434228,-0.93442225,1.7924834
0.1797752808988764,0.2808988764044944,0.81777173,-1.4836413,-0.91906583,1.7722052
0.1797752808988764,0.29213483146067415,0.84159714,-1.5222394,-0.8981193,1.7433531
0.1797752808988764,0.3033707865168539,0.86448276,-1.559128,-0.87164223,1.7059138
0.1797752808988764,0.3146067415730337,0.8863398,-1.5939984,-0.8398714,1.6598653
0.1797752808988764,0.3258426966292135,0.90714854,-1.6264255,-0.803168,1.6053166
0.1797752808988764,0.33707865168539325,0.9269345,-1.6560421,-0.7619345,1.5425733
0.1797752808988764,0.348314606741573,0.94571596,-1.6826656,-0.71655154,1.4721421
0.1797752808988764,0.3595505617977528,0.96345687,-1.7063296,-0.6673405,1.3946316
0.1797752808988764,0.3707865168539326,0.98004705,-1.727209,-0.6145614,1.3105863
0.1797752808988764,0.38202247191011235,0.9953209,-1.745518,-0.55841523,1.2203771
0.1797752808988764,0.3932584269662921,1.0091004,-1.7614454,-0.49907956,1.1241881
0.1797752808988764,0.4044943820224719,1.0212523,-1.7751368,-0.43676096,1.0221717
0.1797752808988764,0.4157303370786517,1.0317323,-1.7867053,-0.3717489,0.9146116
0.1797752808988764,0.42696629213483145,1.040612,-1.7962097,-0.3044453,0.80202657
0.1797752808988764,0.4382022471910112,1.0480682,-1.803625,-0.23531808,0.68508893
0.1797752808988764,0.449438202247191,1.0543407,-1.8088193,-0.1648079,0.56451225
0.1797752808988764,0.4606741573033708,1.0596627,-1.8115958,-0.09323588,0.44100818
0.1797752808988764,0.47191011235955055,1.0641813,-1.8117875,-0.020767197,0.31533718
0.1797752808988764,0.4831460674157303,1.0678991,-1.8093578,0.05253804,0.18840146
0.1797752808988764,0.4943820224719101,1.0706528,-1.8044481,0.126645,0.0611467
0.1797752808988764,0.5056179775280899,1.07214,-1.7973433,0.20145807,-0.06565632
0.1797752808988764,0.5168539325842696,1.0719907,-1.7883443,0.27677348,-0.19164969
0.1797752808988764,0.5280898876404494,1.0698686,-1.7776363,0.35224304,-0.31684497
0.1797752808988764,0.5393258426966292,1.0655732,-1.7651902,0.42736095,-0.4412477
0.1797752808988764,0.550561797752809,1.0591159,-1.7507658,0.5014598,-0.5644334
0.1797752808988764,0.5617977528089888,1.050736,-1.7340052,0.5737646,-0.6853756
0.1797752808988764,0.5730337078651685,1.0408497,-1.7145904,0.64349514,-0.8027067
0.1797752808988764,0.5842696629213483,1.0299367,-1.6923807,0.70998365,-0.91524017
0.1797752808988764,0.5955056179775281,1.0184053,-1.6674908,0.77275103,-1.0223482
0.1797752808988764,0.6067415730337078,1.0064783,-1.6402675,0.8315152,-1.1239728
0.1797752808988764,0.6179775280898876,0.9941532,-1.6111819,0.8861289,-1.2202421
0.1797752808988764,0.6292134831460674,0.9812363,-1.5806904,0.9365118,-1.3109895
0.1797752808988764,0.6404494382022472,0.96743554,-1.5491048,0.98259294,-1.3955251
0.1797752808988764,0.651685393258427,0.95244986,-1.5165399,1.0243205,-1.4728469
0.1797752808988764,0.6629213483146067,0.93602383,-1.482929,1.0616857,-1.542122
0.1797752808988764,0.6741573033707865,0.91796607,-1.4480929,1.0947249,-1.6030995
0.1797752808988764,0.6853932584269663,0.89815354,-1.4118364,1.1234412,-1.6561351
0.1797752808988764,0.696629213483146,0.87654686,-1.3740327,1.14769,-1.7017969
0.1797752808988764,0.7078651685393258,0.8532076,-1.3346734,1.167104,-1.7403505
0.1797752808988764,0.7191011235955056,0.82829946,-1.2938312,1.1811508,-1.771445
0.1797752808988764,0.7303370786516854,0.80205685,-1.251588,1.1892995,-1.7942271
0.1797752808988764,0.7415730337078652,0.77472925,-1.2079688,1.1912042,-1.80776
0.1797752808988764,0.7528089887640449,0.7465294,-1.1629584,1.1867831,-1.8114266
0.1797752808988764,0.7640449438202247,0.71760684,-1.1165706,1.1761706,-1.8051182
0.1797752808988764,0.7752808988764045,0.6880474,-1.0689031,1.1596086,-1.7891269
0.1797752808988764,0.7865168539325842,0.657888,-1.0201339,1.1373619,-1.7639287
0.1797752808988764,0.797752808988764,0.6271339,-0.9704458,1.1097045,-1.7299887
0.1797752808988764,0.8089887640449438,0.5957715,-0.9199436,1.0769503,-1.6876875
0.1797752808988764,0.8202247191011236,0.56377965,-0.8686406,1.0394664,-1.6373129
0.1797752808988764,0.8314606741573034,0.53114486,-0.81652915,0.997642,-1.5791128
0.1797752808988764,0.8426966292134831,0.4978772,-0.763678,0.9518207,-1.5133076
0.1797752808988764,0.8539325842696629,0.4640191,-0.7102688,0.90224844,-1.4400885
0.1797752808988764,0.8651685393258427,0.4296413,-0.6565373,0.8490836,-1.3596268
0.1797752808988764,0.8764044943820224,0.39482778,-0.6026658,0.79244417,-1.2721125
0.1797752808988764,0.8876404494382022,0.35965836,-0.54872245,0.73247933,-1.1778924
0.1797752808988764,0.898876404494382,0.32419696,-0.4946774,0.6693985,-1.0775578
0.1797752808988764,0.9101123595505618,0.2884923,-0.4404653,0.60346025,-0.9719254
0.1797752808988764,0.9213483146067416,0.2525866,-0.38603133,0.5349312,-0.86184895
0.1797752808988764,0.9325842696629213,0.21652816,-0.33134437,0.46403277,-0.7479558
0.1797752808988764,0.9438202247191011,0.18037668,-0.27639326,0.3909263,-0.63051116
0.1797752808988764,0.9550561797752809,0.1441996,-0.22119382,0.31574544,-0.5095308
0.1797752808988764,0.9662921348314606,0.10805678,-0.16580684,0.2386759,-0.3851293
0.1797752808988764,0.9775280898876404,0.071981266,-0.11035401,0.16003281,-0.257887
0.1797752808988764,0.9887640449438202,0.03597161,-0.05501583,0.080287255,-0.12899247
0.1797752808988764,1.0,-8.907026e-08,1.3569189e-07,-1.9905869e-07,3.183268e-07
0.19101123595505617,0.0,-0.0,0.0,0.0,-0.0
0.19101123595505617,0.011235955056179775,0.0366733,-0.07387538,-0.070357926,0.12669307
0.19101123595505617,0.02247191011235955,0.07368897,-0.14793286,-0.1422844,0.25681448
0.19101123595505617,0.033707865168539325,0.11120566,-0.22165047,-0.21446365,0.38717517
0.19101123595505617,0.0449438202247191,0.14928468,-0.29460895,-0.2857067,0.51559055
0.19101123595505617,0.056179775280898875,0.18788368,-0.36650738,-0.3551446,0.6409546
0.19101123595505617,0.06741573033707865,0.22687997,-0.43714845,-0.4222946,0.76288444
0.19101123595505617,0.07865168539325842,0.26610956,-0.506429,-0.48700458,0.8811886
0.19101123595505617,0.0898876404494382,0.3054035,-0.57434803,-0.54930466,0.995457
0.19101123595505617,0.10112359550561797,0.34461007,-0.64101833,-0.60921603,1.1049529
0.19101123595505617,0.11235955056179775,0.38359615,-0.7066348,-0.6665811,1.2087752
0.19101123595505617,0.12359550561797752,0.42223176,-0.77140164,-0.72098136,1.306116
0.19101123595505617,0.1348314606741573,0.46036914,-0.8354417,-0.77177954,1.3964524
0.19101123595505617,0.14606741573033707,0.4978309,-0.8987473,-0.81826264,1.4795543
0.19101123595505617,0.15730337078651685,0.534417,-0.961188,-0.85981923,1.5553293
0.19101123595505617,0.16853932584269662,0.5699297,-1.0225575,-0.89606166,1.6236299
0.19101123595505617,0.1797752808988764,0.6042099,-1.0826192,-0.9268576,1.68414
0.19101123595505617,0.19101123595505617,0.63717,-1.141136,-0.9522773,1.7364088
0.19101123595505617,0.20224719101123595,0.668813,-1.1978745,-0.97249496,1.7799642
0.19101123595505617,0.21348314606741572,0.6992341,-1.25261,-0.98769045,1.8144472
0.19101123595505617,0.2247191011235955,0.7285982,-1.3051372,-0.99798477,1.8396562
0.19101123595505617,0.23595505617977527,0.7570968,-1.3553047,-1.003399,1.85553
0.19101123595505617,0.24719101123595505,0.7848941,-1.4030583,-1.0038514,1.8621018
0.19101123595505617,0.2584269662921348,0.81207705,-1.4484783,-0.99915683,1.85946
0.19101123595505617,0.2696629213483146,0.83862936,-1.4917711,-0.9890647,1.8477055
0.19101123595505617,0.2808988764044944,0.86444056,-1.5331868,-0.97331226,1.826923
0.19101123595505617,0.29213483146067415,0.88935137,-1.5728859,-0.9517164,1.7971565
0.19101123595505617,0.3033707865168539,0.9132157,-1.6108143,-0.9242442,1.7584245
0.19101123595505617,0.3146067415730337,0.9359543,-1.646675,-0.8910513,1.7107948
0.19101123595505617,0.3258426966292135,0.9575696,-1.6800278,-0.85245436,1.6544534
0.19101123595505617,0.33707865168539325,0.97811633,-1.7104707,-0.808864,1.5897735
0.19101123595505617,0.348314606741573,0.9976444,-1.7377921,-0.7607217,1.517277
0.19101123595505617,0.3595505617977528,1.0161428,-1.7620136,-0.7084476,1.4375465
0.19101123595505617,0.3707865168539326,1.0335145,-1.7833196,-0.6524099,1.3510851
0.19101123595505617,0.38202247191011235,1.0495931,-1.8019507,-0.59291214,1.2582079
0.19101123595505617,0.3932584269662921,1.0641861,-1.8181245,-0.5302051,1.1590904
0.19101123595505617,0.4044943820224719,1.0771364,-1.8320153,-0.46453577,1.0539094
0.19101123595505617,0.4157303370786517,1.0883719,-1.8437518,-0.39620358,0.9430099
0.19101123595505617,0.42696629213483145,1.0979372,-1.8533973,-0.32558516,0.82698417
0.19101123595505617,0.4382022471910112,1.1059855,-1.8609077,-0.253092,0.7065516
0.19101123595505617,0.449438202247191,1.1127374,-1.8661273,-0.17908604,0.58245
0.19101123595505617,0.4606741573033708,1.1184134,-1.868837,-0.10379801,0.45537266
0.19101123595505617,0.47191011235955055,1.1231575,-1.8688544,-0.027326168,0.32604384
0.19101123595505617,0.4831460674157303,1.1269797,-1.8661422,0.0502937,0.19530694
0.19101123595505617,0.4943820224719101,1.1297354,-1.8608477,0.12898079,0.06407538
0.19101123595505617,0.5056179775280899,1.1311481,-1.8532631,0.20853697,-0.0668735
0.19101123595505617,0.5168539325842696,1.1308762,-1.8437043,0.28862026,-0.1971229
0.19101123595505617,0.5280898876404494,1.1286049,-1.832368,0.3687484,-0.32657254
0.19101123595505617,0.5393258426966292,1.1241463,-1.8192426,0.4483071,-0.45509365
0.19101123595505617,0.550561797752809,1.1175123,-1.8041,0.52656716,-0.5821352
0.19101123595505617,0.5617977528089888,1.1089334,-1.7865982,0.6027312,-0.7065754
0.19101123595505617,0.5730337078651685,1.0988101,-1.7664346,0.6760345,-0.8270261
0.19101123595505617,0.5842696629213483,1.0876004,-1.7434843,0.74584603,-0.9423506
0.19101123595505617,0.5955056179775281,1.0756853,-1.717872,0.81173766,-1.0520576
0.19101123595505617,0.6067415730337078,1.0632614,-1.6899358,0.8734767,-1.1562809
0.19101123595505617,0.6179775280898876,1.0503033,-1.6601151,0.93096155,-1.2553312
0.19101123595505617,0.6292134831460674,1.0366066,-1.6288068,0.9841238,-1.3491355
0.19101123595505617,0.6404494382022472,1.0218816,-1.5962639,1.0328743,-1.4369467
0.19101123595505617,0.651685393258427,1.0058451,-1.5625571,1.0771025,-1.5175487
0.19101123595505617,0.6629213483146067,0.98826766,-1.5276111,1.1167275,-1.5898136
0.19101123595505617,0.6741573033707865,0.9689851,-1.4912798,1.1517141,-1.6532292
0.19101123595505617,0.6853932584269663,0.9478953,-1.4534247,1.1820326,-1.7080275
0.19101123595505617,0.696629213483146,0.92496836,-1.4139935,1.2075468,-1.7548535
0.19101123595505617,0.7078651685393258,0.9002683,-1.3730417,1.2279317,-1.7941949
0.19101123595505617,0.7191011235955056,0.87395686,-1.3306832,1.2427046,-1.8259537
0.19101123595505617,0.7303370786516854,0.84626764,-1.2870029,1.2513746,-1.8494492
0.19101123595505617,0.7415730337078652,0.8174535,-1.2419964,1.25361,-1.8637557
0.19101123595505617,0.7528089887640449,0.78773344,-1.1955993,1.2493122,-1.8681257
0.19101123595505617,0.7640449438202247,0.75726223,-1.1477813,1.2385803,-1.862249
0.19101123595505617,0.7752808988764045,0.7261264,-1.0986221,1.221615,-1.8462478
0.19101123595505617,0.7865168539325842,0.6943589,-1.0483137,1.1986405,-1.8205105
0.19101123595505617,0.797752808988764,0.66195685,-0.9970693,1.1699111,-1.7855235
0.19101123595505617,0.8089887640449438,0.62889755,-0.9450268,1.1357386,-1.7417437
0.19101123595505617,0.8202247191011236,0.5951533,-0.8922182,1.0965061,-1.6895746
0.19101123595505617,0.8314606741573034,0.5607092,-0.8386369,1.0526265,-1.6293445
0.19101123595505617,0.8426966292134831,0.52558064,-0.7843431,1.0044614,-1.5613041
0.19101123595505617,0.8539325842696629,0.4898197,-0.7295071,0.95226985,-1.4856325
0.19101123595505617,0.8651685393258427,0.4535096,-0.6743501,0.8962172,-1.4024593
0.19101123595505617,0.8764044943820224,0.41674381,-0.61903465,0.83643836,-1.3119533
0.19101123595505617,0.8876404494382022,0.37960863,-0.56360644,0.7731089,-1.2144638
0.19101123595505617,0.898876404494382,0.3421697,-0.5080146,0.7064759,-1.1106293
0.19101123595505617,0.9101123595505618,0.30447555,-0.45218495,0.63683534,-1.0013299
0.19101123595505617,0.9213483146067416,0.26656923,-0.39607444,0.56448126,-0.8874876
0.19101123595505617,0.9325842696629213,0.22850087,-0.3396829,0.48965165,-0.76978564
0.19101123595505617,0.9438202247191011,0.19033502,-0.28304598,0.41251227,-0.64853144
0.19101123595505617,0.9550561797752809,0.15214548,-0.22623172,0.3331943,-0.5237675
0.19101123595505617,0.9662921348314606,0.11399831,-0.16934946,0.25188202,-0.39563265
0.19101123595505617,0.9775280898876404,0.075930804,-0.1125548,0.16889854,-0.26474032
0.19101123595505617,0.9887640449438202,0.03794201,-0.056040406,0.08473769,-0.13232484
0.19101123595505617,1.0,-9.39455e-08,1.3806873e-07,-2.1008236e-07,3.262943e-07
0.20224719101123595,0.0,-0.0,0.0,0.0,-0.0
0.20224719101123595,0.011235955056179775,0.038621627,-0.07535755,-0.07421791,0.12985893
0.20224719101123595,0.02247191011235955,0.077607445,-0.15097149,-0.15014721,0.26316035
0.20224719101123595,0.033707865168539325,0.117131084,-0.22632353,-0.2263649,0.39666224
0.20224719101123595,0.0449438202247191,0.15726203,-0.30100137,-0.30157274,0.528155
0.20224719101123595,0.056179775280898875,0.19795775,-0.37470642,-0.37481415,0.6565234
0.20224719101123595,0.06741573033707865,0.23908621,-0.44723392,-0.44555753,0.78138286
0.20224719101123595,0.07865168539325842,0.28046548,-0.51846313,-0.5136481,0.902544
0.20224719101123595,0.0898876404494382,0.32190263,-0.5883725,-0.57915115,1.0196086
0.20224719101123595,0.10112359550561797,0.36322096,-0.65705657,-0.6421366,1.1318612
0.20224719101123595,0.11235955056179775,0.40426725,-0.7246957,-0.70248246,1.2384049
0.20224719101123595,0.12359550561797752,0.44490156,-0.7914791,-0.7597724,1.3384125
0.20224719101123595,0.1348314606741573,0.48497793,-0.85751396,-0.8133385,1.4312953
0.20224719101123595,0.14606741573033707,0.5243291,-0.92277837,-0.86241734,1.5167257
0.20224719101123595,0.15730337078651685,0.5627678,-0.98713166,-0.90633756,1.5945243
0.20224719101123595,0.16853932584269662,0.60010743,-1.0503672,-0.944661,1.664501
0.20224719101123595,0.1797752808988764,0.6361937,-1.1122564,-0.9772171,1.7263422
0.20224719101123595,0.19101123595505617,0.6709368,-1.1725667,-1.0040524,1.7796521
0.20224719101123595,0.20224719101123595,0.70433253,-1.2310634,-1.0253367,1.8240333
0.20224719101123595,0.21348314606741572,0.73646426,-1.287506,-1.0412666,1.8591951
0.20224719101123595,0.2247191011235955,0.7674835,-1.3416625,-1.0519979,1.8849971
0.20224719101123595,0.23595505617977527,0.79756737,-1.3933467,-1.0576042,1.9014028
0.20224719101123595,0.24719101123595505,0.82686615,-1.4424715,-1.0580565,1.908417
0.20224719101123595,0.2584269662921348,0.8554539,-1.4890972,-1.0532132,1.9060543
0.20224719101123595,0.2696629213483146,0.8833022,-1.5334337,-1.0428364,1.8943027
0.20224719101123595,0.2808988764044944,0.9102917,-1.5757604,-1.0266433,1.8731526
0.20224719101123595,0.29213483146067415,0.9362592,-1.6162813,-1.0043888,1.8426011
0.20224719101123595,0.3033707865168539,0.96106315,-1.6549869,-0.9759618,1.8027021
0.20224719101123595,0.3146067415730337,0.98464024,-1.6915985,-0.9414428,1.7536172
0.20224719101123595,0.3258426966292135,1.0070182,-1.7256631,-0.90110403,1.6956551
0.20224719101123595,0.33707865168539325,1.0282861,-1.7567421,-0.8553638,1.6292652
0.20224719101123595,0.348314606741573,1.0485268,-1.7845888,-0.80471456,1.5550045
0.20224719101123595,0.3595505617977528,1.0677551,-1.8092052,-0.7496604,1.473426
0.20224719101123595,0.3707865168539326,1.0858868,-1.8307809,-0.6906595,1.3849641
0.20224719101123595,0.38202247191011235,1.1027514,-1.8495798,-0.6280876,1.2898864
0.20224719101123595,0.3932584269662921,1.1181399,-1.8658577,-0.56224036,1.1883465
0.20224719101123595,0.4044943820224719,1.131869,-1.8798245,-0.4933841,1.0805619
0.20224719101123595,0.4157303370786517,1.1438366,-1.8916365,-0.42180645,0.96695775
0.20224719101123595,0.42696629213483145,1.1540574,-1.9013566,-0.34785664,0.84818417
0.20224719101123595,0.4382022471910112,1.162658,-1.9089233,-0.27189404,0.7249936
0.20224719101123595,0.449438202247191,1.1698383,-1.9141531,-0.19421698,0.5981243
0.20224719101123595,0.4606741573033708,1.1758054,-1.9167968,-0.1149963,0.46820918
0.20224719101123595,0.47191011235955055,1.1807027,-1.9166578,-0.03429829,0.33588755
0.20224719101123595,0.4831460674157303,1.1845536,-1.9136914,0.04781409,0.20193513
0.20224719101123595,0.4943820224719101,1.1872412,-1.9080453,0.13117531,0.06722686
0.20224719101123595,0.5056179775280899,1.1885267,-1.9000133,0.21545108,-0.067431405
0.20224719101123595,0.5168539325842696,1.1881069,-1.8899146,0.30014837,-0.20151322
0.20224719101123595,0.5280898876404494,1.1856968,-1.87796,0.38465527,-0.33476388
0.20224719101123595,0.5393258426966292,1.1811222,-1.8641535,0.4682805,-0.46688572
0.20224719101123595,0.550561797752809,1.1743922,-1.8482972,0.5502708,-0.5972033
0.20224719101123595,0.5617977528089888,1.1657192,-1.83008,0.6298607,-0.7245393
0.20224719101123595,0.5730337078651685,1.1554731,-1.8092328,0.70634294,-0.84752846
0.20224719101123595,0.5842696629213483,1.1440748,-1.7856593,0.7791576,-0.9651164
0.20224719101123595,0.5955056179775281,1.1318667,-1.7594945,0.8479464,-1.076973
0.20224719101123595,0.6067415730337078,1.1190103,-1.7310591,0.9125363,-1.1834135
0.20224719101123595,0.6179775280898876,1.105455,-1.70074,0.9728591,-1.2849121
0.20224719101123595,0.6292134831460674,1.0909879,-1.6688516,1.028852,-1.3814718
0.20224719101123595,0.6404494382022472,1.0753279,-1.6355586,1.0803897,-1.4722787
0.20224719101123595,0.651685393258427,1.0582155,-1.6008744,1.127283,-1.5558969
0.20224719101123595,0.6629213483146067,1.0394564,-1.5647142,1.1693493,-1.6308907
0.20224719101123595,0.6741573033707865,1.0189195,-1.5269699,1.2064601,-1.6964709
0.20224719101123595,0.6853932584269663,0.9965302,-1.4875877,1.2385242,-1.7527457
0.20224719101123595,0.696629213483146,0.9722744,-1.4466081,1.2653915,-1.8004141
0.20224719101123595,0.7078651685393258,0.94622,-1.404168,1.2867739,-1.8401767
0.20224719101123595,0.7191011235955056,0.91852605,-1.360429,1.3022509,-1.8721977
0.20224719101123595,0.7303370786516854,0.889422,-1.3154764,1.3113942,-1.8959837
0.20224719101123595,0.7415730337078652,0.8591596,-1.2692686,1.3139098,-1.9106556
0.20224719101123595,0.7528089887640449,0.82795936,-1.2216889,1.3097078,-1.9153768
0.20224719101123595,0.7640449438202247,0.7959777,-1.1726646,1.2988664,-1.9096892
0.20224719101123595,0.7752808988764045,0.76330227,-1.122266,1.2815427,-1.8935759
0.20224719101123595,0.7865168539325842,0.72996247,-1.0707017,1.2579194,-1.8673556
0.20224719101123595,0.797752808988764,0.69595,-1.0182189,1.2282151,-1.83152
0.20224719101123595,0.8089887640449438,0.66123563,-0.9649836,1.19273,-1.7865942
0.20224719101123595,0.8202247191011236,0.6257874,-0.9110413,1.151851,-1.7330458
0.20224719101123595,0.8314606741573034,0.58958966,-0.8563801,1.1060061,-1.6712486
0.20224719101123595,0.8426966292134831,0.5526623,-0.80104154,1.0555726,-1.6014515
0.20224719101123595,0.8539325842696629,0.5150657,-0.7451754,1.0008202,-1.5238001
0.20224719101123595,0.8651685393258427,0.47689214,-0.68898046,0.9419259,-1.4383738
0.20224719101123595,0.8764044943820224,0.43824297,-0.6325964,0.8790443,-1.3453171
0.20224719101123595,0.8876404494382022,0.39920682,-0.57604027,0.81238705,-1.2450035
0.20224719101123595,0.898876404494382,0.35984933,-0.5192369,0.74224705,-1.1381288
0.20224719101123595,0.9101123595505618,0.3202171,-0.46209955,0.6689664,-1.0256563
0.20224719101123595,0.9213483146067416,0.28035286,-0.40459278,0.592875,-0.9085828
0.20224719101123595,0.9325842696629213,0.24030997,-0.34674957,0.5142284,-0.7876478
0.20224719101123595,0.9438202247191011,0.20015974,-0.28865594,0.4331928,-0.66318417
0.20224719101123595,0.9550561797752809,0.15998472,-0.23043972,0.34989166,-0.5352517
0.20224719101123595,0.9662921348314606,0.119859755,-0.17226742,0.26450247,-0.40400913
0.20224719101123595,0.9775280898876404,0.07982745,-0.114335634,0.17735417,-0.27011144
0.20224719101123595,0.9887640449438202,0.039886963,-0.056852974,0.08896914,-0.13486865
0.20224719101123595,1.0,-9.876302e-08,1.3991719e-07,-2.2051528e-07,3.3214417e-07
0.21348314606741572,0.0,-0.0,0.0,0.0,-0.0
0.21348314606741572,0.011235955056179775,0.04049482,-0.0765614,-0.07806683,0.13254192
0.21348314606741572,0.02247191011235955,0.08137445,-0.15344663,-0.15799057,0.26849493
0.21348314606741572,0.033707865168539325,0.12283085,-0.23014581,-0.23824176,0.40458453
0.21348314606741572,0.0449438202247191,0.16494496,-0.306259,-0.3174081,0.5385843
0.21348314606741572,0.056179775280898875,0.20767637,-0.38149452,-0.39443702,0.6693689
0.21348314606741572,0.06741573033707865,0.25088498,-0.45564133,-0.468739,0.7965444
0.21348314606741572,0.07865168539325842,0.29437047,-0.52855974,-0.54014987,0.91992486
0.21348314606741572,0.0898876404494382,0.33791363,-0.6002035,-0.60876524,1.0391334
0.21348314606741572,0.10112359550561797,0.38130873,-0.67064136,-0.6747036,1.1534905
0.21348314606741572,0.11235955056179775,0.42437798,-0.74003416,-0.73788375,1.2621393
0.21348314606741572,0.12359550561797752,0.4669672,-0.80855495,-0.79790646,1.3642542
0.21348314606741572,0.1348314606741573,0.5089296,-0.8762957,-0.8540937,1.459195
0.21348314606741572,0.14606741573033707,0.5501085,-0.94322336,-0.90565073,1.5465432
0.21348314606741572,0.15730337078651685,0.5903336,-1.0091927,-0.9518665,1.6260202
0.21348314606741572,0.16853932584269662,0.6294346,-1.0739983,-0.9922551,1.6973674
0.21348314606741572,0.1797752808988764,0.66726935,-1.1374178,-1.0265983,1.7602774
0.21348314606741572,0.19101123595505617,0.70375234,-1.1992232,-1.054904,1.8143941
0.21348314606741572,0.20224719101123595,0.7388752,-1.2591738,-1.0773139,1.8593928
0.21348314606741572,0.21348314606741572,0.77271026,-1.3170117,-1.0940228,1.8950658
0.21348314606741572,0.2247191011235955,0.80539167,-1.3724761,-1.1052096,1.9213388
0.21348314606741572,0.23595505617977527,0.8370765,-1.4253452,-1.1109917,1.9382064
0.21348314606741572,0.24719101123595505,0.8678931,-1.4755005,-1.1113924,1.945654
0.21348314606741572,0.2584269662921348,0.897895,-1.5229886,-1.1063209,1.9436096
0.21348314606741572,0.2696629213483146,0.927037,-1.5680246,-1.095565,1.9319401
0.21348314606741572,0.2808988764044944,0.95518905,-1.6109241,-1.0788348,1.910513
0.21348314606741572,0.29213483146067415,0.9821848,-1.6519436,-1.0558481,1.8792793
0.21348314606741572,0.3033707865168539,1.007892,-1.6911224,-1.0264353,1.8383226
0.21348314606741572,0.3146067415730337,1.0322675,-1.7282115,-0.99061674,1.7879279
0.21348314606741572,0.3258426966292135,1.0553707,-1.7627523,-0.9486352,1.7285336
0.21348314606741572,0.33707865168539325,1.0773275,-1.7942731,-0.9009151,1.6607003
0.21348314606741572,0.348314606741573,1.098256,-1.8224858,-0.8479957,1.5850059
0.21348314606741572,0.3595505617977528,1.1181957,-1.8473629,-0.790445,1.5019537
0.21348314606741572,0.3707865168539326,1.137072,-1.8690889,-0.7287829,1.411898
0.21348314606741572,0.38202247191011235,1.1547076,-1.8879513,-0.66342205,1.3150358
0.21348314606741572,0.3932584269662921,1.1708728,-1.9042411,-0.5946734,1.2115227
0.21348314606741572,0.4044943820224719,1.1853552,-1.9182113,-0.52279264,1.1016272
0.21348314606741572,0.4157303370786517,1.1980214,-1.930041,-0.4480495,0.9858557
0.21348314606741572,0.42696629213483145,1.208855,-1.9397954,-0.3707586,0.86494476
0.21348314606741572,0.4382022471910112,1.217957,-1.9473896,-0.2912422,0.7396724
0.21348314606741572,0.449438202247191,1.225507,-1.9526036,-0.20975846,0.61074066
0.21348314606741572,0.4606741573033708,1.2317002,-1.9551615,-0.12645091,0.47870082
0.21348314606741572,0.47191011235955055,1.236681,-1.9548512,-0.041394368,0.3440836
0.21348314606741572,0.4831460674157303,1.2404912,-1.9516249,0.045288634,0.20756435
0.21348314606741572,0.4943820224719101,1.2430485,-1.9456302,0.13331373,0.06998112
0.21348314606741572,0.5056179775280899,1.2441598,-1.9371575,0.22219418,-0.067820325
0.21348314606741572,0.5168539325842696,1.2435677,-1.9265255,0.3112835,-0.2051777
0.21348314606741572,0.5280898876404494,1.2410231,-1.9139496,0.3998564,-0.34165025
0.21348314606741572,0.5393258426966292,1.2363687,-1.8994552,0.48717028,-0.47677168
0.21348314606741572,0.550561797752809,1.2296088,-1.8828789,0.5724878,-0.6097465
0.21348314606741572,0.5617977528089888,1.2209297,-1.8639593,0.65511304,-0.73938054
0.21348314606741572,0.5730337078651685,1.2106603,-1.8424761,0.73443496,-0.8643604
0.21348314606741572,0.5842696629213483,1.199172,-1.8183733,0.8099903,-0.98374987
0.21348314606741572,0.5955056179775281,1.1867559,-1.791801,0.88150245,-1.0973623
0.21348314606741572,0.6067415730337078,1.1735314,-1.7630538,0.948852,-1.205665
0.21348314606741572,0.6179775280898876,1.15942,-1.7324471,1.0119975,-1.3092595
0.21348314606741572,0.6292134831460674,1.1442014,-1.7001938,1.0708648,-1.408199
0.21348314606741572,0.6404494382022472,1.1276081,-1.6663544,1.125272,-1.5015768
0.21348314606741572,0.651685393258427,1.1094112,-1.6308689,1.1749393,-1.58775
0.21348314606741572,0.6629213483146067,1.0894566,-1.5936449,1.219563,-1.6649896
0.21348314606741572,0.6741573033707865,1.0676539,-1.5546315,1.2589049,-1.7322683
0.21348314606741572,0.6853932584269663,1.0439614,-1.5138712,1.2927939,-1.7895764
0.21348314606741572,0.696629213483146,1.0183846,-1.4715188,1.3210574,-1.8376794
0.21348314606741572,0.7078651685393258,0.99099696,-1.4278011,1.3434373,-1.8774757
0.21348314606741572,0.7191011235955056,0.96195424,-1.3829184,1.359584,-1.9093761
0.21348314606741572,0.7303370786516854,0.93147886,-1.3369452,1.3691435,-1.9330626
0.21348314606741572,0.7415730337078652,0.8998157,-1.2897915,1.371884,-1.947718
0.21348314606741572,0.7528089887640449,0.8671824,-1.2412853,1.3677413,-1.9524589
0.21348314606741572,0.7640449438202247,0.8337353,-1.1913174,1.3567828,-1.946718
0.21348314606741572,0.7752808988764045,0.7995614,-1.1399543,1.3391284,-1.9303801
0.21348314606741572,0.7865168539325842,0.76468897,-1.087429,1.3149128,-1.9037145
0.21348314606741572,0.797752808988764,0.7291067,-1.0340241,1.2843157,-1.8672252
0.21348314606741572,0.8089887640449438,0.6927823,-0.9799335,1.2476118,-1.8214673
0.21348314606741572,0.8202247191011236,0.6556814,-0.9252114,1.2051836,-1.7669482
0.21348314606741572,0.8314606741573034,0.617788,-0.86983144,1.1574674,-1.7040485
0.21348314606741572,0.8426966292134831,0.5791252,-0.8138145,1.1048551,-1.6329988
0.21348314606741572,0.8539325842696629,0.53975874,-0.7572819,1.0476271,-1.5538912
0.21348314606741572,0.8651685393258427,0.49978796,-0.7004106,0.9859737,-1.4667596
0.21348314606741572,0.8764044943820224,0.45931867,-0.6433131,0.9200715,-1.3717222
0.21348314606741572,0.8876404494382022,0.41844118,-0.5859775,0.85016966,-1.269175
0.21348314606741572,0.898876404494382,0.37721872,-0.52830094,0.77661186,-1.1598765
0.21348314606741572,0.9101123595505618,0.33569533,-0.47017744,0.6997927,-1.0448719
0.21348314606741572,0.9213483146067416,0.29391354,-0.41157588,0.6200812,-0.92522824
0.21348314606741572,0.9325842696629213,0.25193086,-0.35255748,0.5377526,-0.8017294
0.21348314606741572,0.9438202247191011,0.2098273,-0.29325882,0.45297158,-0.6747192
0.21348314606741572,0.9550561797752809,0.16769671,-0.23387058,0.36584806,-0.5442572
0.21348314606741572,0.9662921348314606,0.1256246,-0.17462008,0.27654877,-0.41051665
0.21348314606741572,0.9775280898876404,0.08365987,-0.11574924,0.18540882,-0.27420288
0.21348314606741572,0.9887640449438202,0.041800786,-0.057486102,0.09298609,-0.13673654
0.21348314606741572,1.0,-1.03508945e-07,1.4133079e-07,-2.3036678e-07,3.361742e-07
0.2247191011235955,0.0,-0.0,0.0,0.0,-0.0
0.2247191011235955,0.011235955056179775,0.042276673,-0.07750848,-0.08191082,0.13473196
0.2247191011235955,0.02247191011235955,0.08495824,-0.1553976,-0.16581674,0.2728076
0.2247191011235955,0.033707865168539325,0.12825826,-0.23316981,-0.2500828,0.4109342
0.2247191011235955,0.0449438202247191,0.17227204,-0.31044194,-0.3331805,0.5468736
0.2247191011235955,0.056179775280898875,0.21696395,-0.3869328,-0.4139568,0.6794874
0.2247191011235955,0.06741573033707865,0.2621873,-0.46242678,-0.4917607,0.8083681
0.2247191011235955,0.07865168539325842,0.3077234,-0.53676414,-0.5664127,0.93332696
0.2247191011235955,0.0898876404494382,0.35332572,-0.6098696,-0.638035,1.0540148
0.2247191011235955,0.10112359550561797,0.39875644,-0.68178236,-0.7067917,1.1698053
0.2247191011235955,0.11235955056179775,0.44380912,-0.75263876,-0.7726449,1.279901
0.2247191011235955,0.12359550561797752,0.48831117,-0.8225935,-0.835223,1.383503
0.2247191011235955,0.1348314606741573,0.53211117,-0.89172685,-0.8938572,1.4799434
0.2247191011235955,0.14606741573033707,0.5750616,-0.9599979,-0.9477478,1.5687224
0.2247191011235955,0.15730337078651685,0.6170103,-1.0272592,-0.99616283,1.6494575
0.2247191011235955,0.16853932584269662,0.6578084,-1.09331,-1.0385795,1.7218286
0.2247191011235955,0.1797752808988764,0.6973314,-1.1579338,-1.0747278,1.785516
0.2247191011235955,0.19101123595505617,0.73550445,-1.2209046,-1.1045576,1.8401914
0.2247191011235955,0.20224719101123595,0.7723187,-1.2819736,-1.128166,1.8856134
0.2247191011235955,0.21348314606741572,0.80783695,-1.3408625,-1.1457225,1.9216492
0.2247191011235955,0.2247191011235955,0.8421738,-1.3972775,-1.1574112,1.9482871
0.2247191011235955,0.23595505617977527,0.87546074,-1.4509616,-1.1633817,1.9655544
0.2247191011235955,0.24719101123595505,0.9077984,-1.5017681,-1.1637055,1.9734129
0.2247191011235955,0.2584269662921348,0.9392139,-1.5497319,-1.1583384,1.9716983
0.2247191011235955,0.2696629213483146,0.9696403,-1.5950828,-1.1471025,1.960156
0.2247191011235955,0.2808988764044944,0.9989358,-1.6381783,-1.1297203,1.9385358
0.2247191011235955,0.29213483146067415,1.0269338,-1.6793363,-1.1058927,1.9067271
0.2247191011235955,0.3033707865168539,1.053514,-1.7186594,-1.0754156,1.8648727
0.2247191011235955,0.3146067415730337,1.0786587,-1.7559365,-1.0382754,1.813378
0.2247191011235955,0.3258426966292135,1.1024634,-1.7907134,-0.9946995,1.7528455
0.2247191011235955,0.33707865168539325,1.1250925,-1.8224895,-0.94512534,1.6839178
0.2247191011235955,0.348314606741573,1.1466997,-1.8509306,-0.8901303,1.6071858
0.2247191011235955,0.3595505617977528,1.1673467,-1.8759716,-0.83032805,1.5230649
0.2247191011235955,0.3707865168539326,1.186964,-1.8977817,-0.76626676,1.4318068
0.2247191011235955,0.38202247191011235,1.2053618,-1.916657,-0.6983646,1.3335351
0.2247191011235955,0.3932584269662921,1.2222865,-1.9329239,-0.62691885,1.2284083
0.2247191011235955,0.4044943820224719,1.2374938,-1.9468701,-0.5521532,1.1167806
0.2247191011235955,0.4157303370786517,1.2508193,-1.9586976,-0.47431228,0.99927247
0.2247191011235955,0.42696629213483145,1.2622184,-1.9684645,-0.3936836,0.87671804
0.2247191011235955,0.4382022471910112,1.2717682,-1.976054,-0.31057543,0.7499299
0.2247191011235955,0.449438202247191,1.2796311,-1.98121,-0.22522901,0.61956847
0.2247191011235955,0.4606741573033708,1.2859931,-1.9836309,-0.13779454,0.48608235
0.2247191011235955,0.47191011235955055,1.291002,-1.9830972,-0.048382595,0.3498856
0.2247191011235955,0.4831460674157303,1.2947193,-1.9795666,0.042802308,0.21153037
0.2247191011235955,0.4943820224719101,1.2970997,-1.9731925,0.13534668,0.0718044
0.2247191011235955,0.5056179775280899,1.297999,-1.9642644,0.22860973,-0.06840399
0.2247191011235955,0.5168539325842696,1.2972107,-1.953092,0.32180604,-0.20830707
0.2247191011235955,0.5280898876404494,1.2945256,-1.9398907,0.4141171,-0.347273
0.2247191011235955,0.5393258426966292,1.2898076,-1.9247028,0.5047733,-0.4846708
0.2247191011235955,0.550561797752809,1.2830561,-1.9074036,0.59308445,-0.61961883
0.2247191011235955,0.5617977528089888,1.2744291,-1.8877915,0.6784479,-0.75093156
0.2247191011235955,0.5730337078651685,1.2642075,-1.8657086,0.7603686,-0.8773717
0.2247191011235955,0.5842696629213483,1.2527025,-1.8411502,0.8384951,-0.9981229
0.2247191011235955,0.5955056179775281,1.2401468,-1.8142829,0.912631,-1.1131167
0.2247191011235955,0.6067415730337078,1.22661,-1.7853731,0.9827026,-1.2229253
0.2247191011235955,0.6179775280898876,1.211984,-1.7546531,1.0486735,-1.3282138
0.2247191011235955,0.6292134831460674,1.1960413,-1.7222221,1.1104416,-1.429045
0.2247191011235955,0.6404494382022472,1.1785316,-1.688023,1.1677547,-1.5244294
0.2247191011235955,0.651685393258427,1.1592607,-1.6519238,1.2202288,-1.6125191
0.2247191011235955,0.6629213483146067,1.1381191,-1.6138277,1.267438,-1.6913686
0.2247191011235955,0.6741573033707865,1.1150627,-1.5737522,1.3090272,-1.7597468
0.2247191011235955,0.6853932584269663,1.0900859,-1.5318565,1.3447423,-1.8175766
0.2247191011235955,0.696629213483146,1.0632166,-1.4884155,1.3743887,-1.8657042
0.2247191011235955,0.7078651685393258,1.0345354,-1.4437374,1.3977358,-1.9052033
0.2247191011235955,0.7191011235955056,1.004193,-1.3980496,1.4145048,-1.9366947
0.2247191011235955,0.7303370786516854,0.9724009,-1.3513929,1.4244283,-1.9600022
0.2247191011235955,0.7415730337078652,0.9393934,-1.3036158,1.4273454,-1.9743679
0.2247191011235955,0.7528089887640449,0.9053811,-1.2544895,1.4232286,-1.9788789
0.2247191011235955,0.7640449438202247,0.87051725,-1.2038755,1.4121435,-1.9729031
0.2247191011235955,0.7752808988764045,0.8348888,-1.1518452,1.3941774,-1.9562714
0.2247191011235955,0.7865168539325842,0.79852456,-1.0986631,1.3694181,-1.9292321
0.2247191011235955,0.797752808988764,0.761414,-1.0446476,1.3379997,-1.8922864
0.2247191011235955,0.8089887640449438,0.7235248,-0.99001676,1.3001647,-1.846
0.2247191011235955,0.8202247191011236,0.68482214,-0.9348281,1.2562853,-1.790888
0.2247191011235955,0.8314606741573034,0.6452905,-0.8790419,1.2067991,-1.7273118
0.2247191011235955,0.8426966292134831,0.6049533,-0.82265306,1.1521131,-1.6554824
0.2247191011235955,0.8539325842696629,0.5638794,-0.7657618,1.0925208,-1.5754446
0.2247191011235955,0.8651685393258427,0.52217203,-0.7085215,1.0282272,-1.4871935
0.2247191011235955,0.8764044943820224,0.47994,-0.6510252,0.9594293,-1.3908246
0.2247191011235955,0.8876404494382022,0.43727374,-0.59323406,0.8864123,-1.2867458
0.2247191011235955,0.898876404494382,0.39423472,-0.53501415,0.8095685,-1.1757636
0.2247191011235955,0.9101123595505618,0.35086405,-0.47623688,0.72934514,-1.0589874
0.2247191011235955,0.9213483146067416,0.30720484,-0.41686633,0.6461526,-0.93753564
0.2247191011235955,0.9325842696629213,0.26331985,-0.35698384,0.56028646,-0.8122132
0.2247191011235955,0.9438202247191011,0.21929947,-0.2967712,0.47190887,-0.6833579
0.2247191011235955,0.9550561797752809,0.1752504,-0.2364779,0.3811147,-0.5510128
0.2247191011235955,0.9662921348314606,0.13126992,-0.17639044,0.28805882,-0.41535872
0.2247191011235955,0.9775280898876404,0.087413244,-0.11679676,0.19308636,-0.2771703
0.2247191011235955,0.9887640449438202,0.04367635,-0.057946194,0.096799545,-0.1380148
0.2247191011235955,1.0,-1.0816635e-07,1.4233746e-07,-2.3966186e-07,3.3861323e-07
0.23595505617977527,0.0,-0.0,0.0,0.0,-0.0
0.23595505617977527,0.011235955056179775,0.04395808,-0.07820462,-0.0857438,0.13639976
0.23595505617977527,0.02247191011235955,0.08834166,-0.1568329,-0.17360355,0.27604628
0.23595505617977527,0.033707865168539325,0.13338824,-0.23540242,-0.26184198,0.41564083
0.23595505617977527,0.0449438202247191,0.17920974,-0.3135504,-0.3488168,0.55293816
0.23595505617977527,0.056179775280898875,0.22577704,-0.39100885,-0.4332768,0.68678373
0.23595505617977527,0.06741573033707865,0.27293816,-0.4675594,-0.51450974,0.81674945
0.23595505617977527,0.07865168539325842,0.32045704,-0.5430226,-0.5923201,0.9426451
0.23595505617977527,0.0898876404494382,0.36805922,-0.61729157,-0.66685075,1.0641495
0.23595505617977527,0.10112359550561797,0.41547358,-0.69037354,-0.7383049,1.1806998
0.23595505617977527,0.11235955056179775,0.4624624,-0.76237744,-0.8066835,1.2915695
0.23595505617977527,0.12359550561797752,0.50883055,-0.8334385,-0.87164766,1.3960061
0.23595505617977527,0.1348314606741573,0.55441827,-0.9036268,-0.9325552,1.4933374
0.23595505617977527,0.14606741573033707,0.59908414,-0.97289634,-0.9886225,1.5829946
0.23595505617977527,0.15730337078651685,0.6426945,-1.0411019,-1.039119,1.664517
0.23595505617977527,0.16853932584269662,0.68512356,-1.1080475,-1.0834988,1.7375119
0.23595505617977527,0.1797752808988764,0.7262697,-1.1735218,-1.1214423,1.8016375
0.23595505617977527,0.19101123595505617,0.76607305,-1.2373017,-1.1528336,1.8566155
0.23595505617977527,0.20224719101123595,0.8045297,-1.2991294,-1.1777064,1.9022585
0.23595505617977527,0.21348314606741572,0.841694,-1.3587016,-1.196186,1.9385082
0.23595505617977527,0.2247191011235955,0.8776603,-1.4156895,-1.208442,1.9654096
0.23595505617977527,0.23595505617977527,0.9125315,-1.4698007,-1.2146415,1.9830133
0.23595505617977527,0.24719101123595505,0.9463759,-1.5208609,-1.2148924,1.991248
0.23595505617977527,0.2584269662921348,0.9791899,-1.5688981,-1.2091941,1.9898646
0.23595505617977527,0.2696629213483146,1.0108838,-1.6141665,-1.1974066,1.9784805
0.23595505617977527,0.2808988764044944,1.0413033,-1.6570739,-1.1792754,1.9567454
0.23595505617977527,0.29213483146067415,1.0702832,-1.6980108,-1.1545057,1.9245145
0.23595505617977527,0.3033707865168539,1.0977197,-1.737153,-1.1228839,1.8820004
0.23595505617977527,0.3146067415730337,1.1236244,-1.7743415,-1.0843872,1.829743
0.23595505617977527,0.3258426966292135,1.1481297,-1.8091345,-1.0392424,1.7684846
0.23595505617977527,0.33707865168539325,1.1714402,-1.8410075,-0.9879057,1.6989399
0.23595505617977527,0.348314606741573,1.1937413,-1.8695769,-0.9309839,1.6216489
0.23595505617977527,0.3595505617977528,1.2151119,-1.894728,-0.86911345,1.5369159
0.23595505617977527,0.3707865168539326,1.2354813,-1.9166024,-0.80284506,1.4448574
0.23595505617977527,0.38202247191011235,1.2546419,-1.9354926,-0.73258066,1.345515
0.23595505617977527,0.3932584269662921,1.2723109,-1.9517478,-0.65857404,1.239087
0.23595505617977527,0.4044943820224719,1.2882134,-1.9656818,-0.58101803,1.1260371
0.23595505617977527,0.4157303370786517,1.3021555,-1.9775076,-0.50012714,1.0071472
0.23595505617977527,0.42696629213483145,1.3140703,-1.987269,-0.41618714,0.8833555
0.23595505617977527,0.4382022471910112,1.3240165,-1.994815,-0.32950303,0.7555317
0.23595505617977527,0.449438202247191,1.3321437,-1.9998516,-0.24033515,0.62430257
0.23595505617977527,0.4606741573033708,1.3386315,-2.0020578,-0.14885797,0.49002174
0.23595505617977527,0.47191011235955055,1.3436311,-2.0012183,-0.05523814,0.35296723
0.23595505617977527,0.4831460674157303,1.347224,-1.9973091,0.040230058,0.2135687
0.23595505617977527,0.4943820224719101,1.3493994,-1.9905008,0.13701491,0.07254221
0.23595505617977527,0.5056179775280899,1.3500609,-1.9810835,0.23434442,-0.06919811
0.23595505617977527,0.5168539325842696,1.3490531,-1.9693587,0.33131742,-0.21075614
0.23595505617977527,0.5280898876404494,1.3462096,-1.9555337,0.42704877,-0.35134324
0.23595505617977527,0.5393258426966292,1.3414197,-1.9396607,0.52076465,-0.4901908
0.23595505617977527,0.550561797752809,1.3346812,-1.9216535,0.6118352,-0.62636733
0.23595505617977527,0.5617977528089888,1.3261251,-1.901371,0.6997609,-0.7587098
0.23595505617977527,0.5730337078651685,1.3159825,-1.8787243,0.7841699,-0.8860755
0.23595505617977527,0.5842696629213483,1.3045002,-1.8537679,0.8648151,-1.0077533
0.23595505617977527,0.5955056179775281,1.2918464,-1.8266912,0.94156533,-1.1237423
0.23595505617977527,0.6067415730337078,1.2780366,-1.7977262,1.014377,-1.2346603
0.23595505617977527,0.6179775280898876,1.2629321,-1.7670273,1.0831977,-1.3411862
0.23595505617977527,0.6292134831460674,1.2462978,-1.7345692,1.1478759,-1.4433454
0.23595505617977527,0.6404494382022472,1.2279018,-1.7001809,1.2080789,-1.5400578
0.23595505617977527,0.651685393258427,1.2075871,-1.6636612,1.2633162,-1.6293482
0.23595505617977527,0.6629213483146067,1.185291,-1.6249174,1.3130474,-1.7090923
0.23595505617977527,0.6741573033707865,1.1610172,-1.5840479,1.3568105,-1.7779592
0.23595505617977527,0.6853932584269663,1.134798,-1.5413358,1.3942862,-1.8358467
0.23595505617977527,0.696629213483146,1.1066852,-1.4971696,1.4252568,-1.8836912
0.23595505617977527,0.7078651685393258,1.0767666,-1.4519267,1.4495249,-1.922714
0.23595505617977527,0.7191011235955056,1.0451856,-1.4058315,1.4668777,-1.9536629
0.23595505617977527,0.7303370786516854,1.0121405,-1.358874,1.4771334,-1.9764737
0.23595505617977527,0.7415730337078652,0.9778507,-1.3108307,1.4802006,-1.9904125
0.23595505617977527,0.7528089887640449,0.9425167,-1.2614148,1.4760939,-1.9945631
0.23595505617977527,0.7640449438202247,0.9062869,-1.2104717,1.4648819,-1.9882741
0.23595505617977527,0.7752808988764045,0.86924875,-1.1580868,1.4466267,-1.9713612
0.23595505617977527,0.7865168539325842,0.83143383,-1.1045576,1.4213694,-1.9440662
0.23595505617977527,0.797752808988764,0.792836,-1.0502341,1.3891977,-1.9068803
0.23595505617977527,0.8089887640449438,0.7534262,-0.9953534,1.3503184,-1.8603579
0.23595505617977527,0.8202247191011236,0.7131715,-0.93997115,1.3050829,-1.8049784
0.23595505617977527,0.8314606741573034,0.6720561,-0.88403213,1.2539332,-1.7410905
0.23595505617977527,0.8426966292134831,0.630103,-0.8275141,1.1972866,-1.668876
0.23595505617977527,0.8539325842696629,0.5873806,-0.7705001,1.1354575,-1.5883727
0.23595505617977527,0.8651685393258427,0.54399294,-0.71313626,1.0686666,-1.4995579
0.23595505617977527,0.8764044943820224,0.5000502,-0.65550333,0.99713,-1.402516
0.23595505617977527,0.8876404494382022,0.45564383,-0.5975441,0.9211604,-1.2976487
0.23595505617977527,0.898876404494382,0.4108335,-0.5390949,0.84119195,-1.1857827
0.23595505617977527,0.9101123595505618,0.36565948,-0.47999963,0.75771904,-1.0680526
0.23595505617977527,0.9213483146067416,0.32016638,-0.42020705,0.6711929,-0.9455969
0.23595505617977527,0.9325842696629213,0.27442333,-0.35980803,0.5819288,-0.819216
0.23595505617977527,0.9438202247191011,0.22853158,-0.29901707,0.4900891,-0.6892202
0.23595505617977527,0.9550561797752809,0.1826114,-0.23813319,0.39575562,-0.55562717
0.23595505617977527,0.9662921348314606,0.13677159,-0.17749453,0.29907566,-0.41862497
0.23595505617977527,0.9775280898876404,0.09107282,-0.11743119,0.20041113,-0.27907655
0.23595505617977527,0.9887640449438202,0.045506913,-0.05821407,0.10041984,-0.1387375
0.23595505617977527,1.0,-1.1271962e-07,1.4289884e-07,-2.484237e-07,3.3955732e-07
0.24719101123595505,0.0,-0.0,0.0,0.0,-0.0
0.24719101123595505,0.011235955056179775,0.045539897,-0.078639194,-0.08954346,0.13748835
0.24719101123595505,0.02247191011235955,0.091527596,-0.15772924,-0.18129855,0.27810216
0.24719101123595505,0.033707865168539325,0.13822497,-0.23680525,-0.27343267,0.4185483
0.24719101123595505,0.0449438202247191,0.18576115,-0.31552765,-0.3641989,0.5565831
0.24719101123595505,0.056179775280898875,0.23411416,-0.3936437,-0.45225707,0.6910363
0.24719101123595505,0.06741573033707865,0.2831277,-0.47093388,-0.5368414,0.8214603
0.24719101123595505,0.07865168539325842,0.3325491,-0.54719985,-0.61774135,0.9476596
0.24719101123595505,0.0898876404494382,0.38207707,-0.62230396,-0.695113,1.0693386
0.24719101123595505,0.10112359550561797,0.43140778,-0.6962202,-0.76918554,1.1859988
0.24719101123595505,0.11235955056179775,0.4802711,-0.76902896,-0.83998793,1.296993
0.24719101123595505,0.12359550561797752,0.52844745,-0.8408465,-0.90721077,1.4016258
0.24719101123595505,0.1348314606741573,0.57576483,-0.911732,-0.9702449,1.4992335
0.24719101123595505,0.14606741573033707,0.6220852,-0.98163754,-1.0283415,1.5892063
0.24719101123595505,0.15730337078651685,0.6672905,-1.0504199,-1.0807922,1.6710128
0.24719101123595505,0.16853932584269662,0.71127987,-1.1178888,-1.1270459,1.7442018
0.24719101123595505,0.1797752808988764,0.7539766,-1.1838409,-1.1667422,1.8084148
0.24719101123595505,0.19101123595505617,0.7953407,-1.2480549,-1.1997002,1.8634027
0.24719101123595505,0.20224719101123595,0.83537626,-1.310265,-1.2258786,1.9090443
0.24719101123595505,0.21348314606741572,0.8741314,-1.370145,-1.2453456,1.9453471
0.24719101123595505,0.2247191011235955,0.91168135,-1.4273305,-1.2582406,1.9723978
0.24719101123595505,0.23595505617977527,0.94809896,-1.4814897,-1.2647309,1.9902526
0.24719101123595505,0.24719101123595505,0.9834182,-1.5324231,-1.2649484,1.9988087
0.24719101123595505,0.2584269662921348,1.017604,-1.5801586,-1.2589281,1.9977255
0.24719101123595505,0.2696629213483146,1.0505431,-1.6249777,-1.2465686,1.9865233
0.24719101123595505,0.2808988764044944,1.0820702,-1.6673518,-1.2276465,1.9647694
0.24719101123595505,0.29213483146067415,1.112025,-1.7077532,-1.2018858,1.9323167
0.24719101123595505,0.3033707865168539,1.1403229,-1.7464386,-1.1690848,1.8894522
0.24719101123595505,0.3146067415730337,1.1670058,-1.7833109,-1.1292273,1.8368622
0.24719101123595505,0.3258426966292135,1.1922437,-1.8179471,-1.0825496,1.7753989
0.24719101123595505,0.33707865168539325,1.2162768,-1.8498013,-1.0295289,1.7058014
0.24719101123595505,0.348314606741573,1.239316,-1.8784387,-0.9707873,1.6285144
0.24719101123595505,0.3595505617977528,1.2614496,-1.9036865,-0.90696746,1.5436807
0.24719101123595505,0.3707865168539326,1.2825973,-1.9256399,-0.83860886,1.4512535
0.24719101123595505,0.38202247191011235,1.3025279,-1.9445769,-0.7660746,1.3512216
0.24719101123595505,0.3932584269662921,1.3209281,-1.9608516,-0.6895764,1.2438371
0.24719101123595505,0.4044943820224719,1.337493,-1.9747934,-0.6092706,1.1297027
0.24719101123595505,0.4157303370786517,1.3520062,-1.986618,-0.52536136,1.0097831
0.24719101123595505,0.42696629213483145,1.3643845,-1.9963468,-0.43814334,0.8851521
0.24719101123595505,0.4382022471910112,1.3746771,-2.0037951,-0.34795183,0.75675905
0.24719101123595505,0.449438202247191,1.3830259,-2.008636,-0.2550822,0.62519735
0.24719101123595505,0.4606741573033708,1.3896071,-2.0105376,-0.15975243,0.4907441
0.24719101123595505,0.47191011235955055,1.3945768,-2.009301,-0.062188163,0.35354605
0.24719101123595505,0.4831460674157303,1.3980314,-2.0049312,0.037237506,0.21391162
0.24719101123595505,0.4943820224719101,1.3999906,-1.9976242,0.13789934,0.07247274
0.24719101123595505,0.5056179775280899,1.4003993,-1.9876788,0.23892455,-0.06985623
0.24719101123595505,0.5168539325842696,1.3991504,-1.9753908,0.3393326,-0.21210332
0.24719101123595505,0.5280898876404494,1.396121,-1.9609526,0.43820205,-0.35337126
0.24719101123595505,0.5393258426966292,1.3912286,-1.9444252,0.534771,-0.49279168
0.24719101123595505,0.550561797752809,1.3844755,-1.9257498,0.6284776,-0.6294143
0.24719101123595505,0.5617977528089888,1.3759705,-1.9048424,0.71892107,-0.76212186
0.24719101123595505,0.5730337078651685,1.3658965,-1.8816856,0.8058368,-0.88986874
0.24719101123595505,0.5842696629213483,1.3544368,-1.8563875,0.88906,-1.0120167
0.24719101123595505,0.5955056179775281,1.3416939,-1.8291631,0.96850616,-1.1285883
0.24719101123595505,0.6067415730337078,1.3276293,-1.800222,1.0441267,-1.2401797
0.24719101123595505,0.6179775280898876,1.3120708,-1.7696346,1.1158345,-1.3474249
0.24719101123595505,0.6292134831460674,1.294778,-1.7372665,1.1834112,-1.4502889
0.24719101123595505,0.6404494382022472,1.2755362,-1.7028356,1.2464355,-1.5476251
0.24719101123595505,0.651685393258427,1.2542248,-1.6660827,1.3043232,-1.6373711
0.24719101123595505,0.6629213483146067,1.2308279,-1.6269312,1.3564371,-1.7173412
0.24719101123595505,0.6741573033707865,1.2053946,-1.5855656,1.4022378,-1.7861669
0.24719101123595505,0.6853932584269663,1.1779947,-1.5423877,1.4413621,-1.8437947
0.24719101123595505,0.696629213483146,1.1487029,-1.4978882,1.4735823,-1.8912255
0.24719101123595505,0.7078651685393258,1.117613,-1.4524846,1.4987336,-1.9297723
0.24719101123595505,0.7191011235955056,1.0848613,-1.4063793,1.5166606,-1.9602423
0.24719101123595505,0.7303370786516854,1.0506299,-1.3594886,1.527253,-1.9825975
0.24719101123595505,0.7415730337078652,1.0151213,-1.3115177,1.5304797,-1.9961165
0.24719101123595505,0.7528089887640449,0.97852343,-1.2621348,1.5263959,-1.9999025
0.24719101123595505,0.7640449438202247,0.940979,-1.2111756,1.5150759,-1.9933233
0.24719101123595505,0.7752808988764045,0.90257585,-1.1587491,1.4965614,-1.9762181
0.24719101123595505,0.7865168539325842,0.86335176,-1.1051819,1.470854,-1.9488345
0.24719101123595505,0.797752808988764,0.82330805,-1.0508497,1.4379942,-1.9116433
0.24719101123595505,0.8089887640449438,0.7824218,-0.995993,1.3981506,-1.8651534
0.24719101123595505,0.8202247191011236,0.7406637,-0.9406605,1.3516526,-1.8097928
0.24719101123595505,0.8314606741573034,0.6980186,-0.8847832,1.2989392,-1.7458719
0.24719101123595505,0.8426966292134831,0.6545062,-0.8283249,1.2404459,-1.6735752
0.24719101123595505,0.8539325842696629,0.61019236,-0.7713683,1.1765089,-1.592969
0.24719101123595505,0.8651685393258427,0.56517875,-0.7140677,1.1073698,-1.5040588
0.24719101123595505,0.8764044943820224,0.5195765,-0.65651125,1.0332605,-1.4069338
0.24719101123595505,0.8876404494382022,0.47347742,-0.59863275,0.9545137,-1.3019818
0.24719101123595505,0.898876404494382,0.42694265,-0.54024744,0.8715923,-1.1900059
0.24719101123595505,0.9101123595505618,0.38001308,-0.4811655,0.78502935,-1.0721209
0.24719101123595505,0.9213483146067416,0.33273652,-0.42131147,0.6953102,-0.94944257
0.24719101123595505,0.9325842696629213,0.28518894,-0.36077067,0.6027728,-0.82273775
0.24719101123595505,0.9438202247191011,0.23748247,-0.29977626,0.5075835,-0.69227725
0.24719101123595505,0.9550561797752809,0.18974973,-0.23866113,0.40981862,-0.55804765
0.24719101123595505,0.9662921348314606,0.14210993,-0.17780459,0.30962643,-0.420256
0.24719101123595505,0.9775280898876404,0.09462741,-0.11757118,0.20739563,-0.27987203
0.24719101123595505,0.9887640449438202,0.04728769,-0.058251034,0.103851214,-0.13887787
0.24719101123595505,1.0,-1.1715806e-07,1.4292335e-07,-2.5666193e-07,3.3894906e-07
0.2584269662921348,0.0,-0.0,0.0,0.0,-0.0
0.2584269662921348,0.011235955056179775,0.047033623,-0.07878652,-0.09327099,0.13791259
0.2584269662921348,0.02247191011235955,0.09453945,-0.15803526,-0.1888195,0.2788079
0.2584269662921348,0.033707865168539325,0.142802,-0.23730165,-0.28473014,0.4194186
0.2584269662921348,0.0449438202247191,0.19196598,-0.3162707,-0.37916726,0.55751395
0.2584269662921348,0.056179775280898875,0.24201585,-0.39470688,-0.4707193,0.6919172
0.2584269662921348,0.06741573033707865,0.29279092,-0.47239104,-0.55857897,0.8221625
0.2584269662921348,0.07865168539325842,0.3440236,-0.5491071,-0.6425243,0.9480473
0.2584269662921348,0.0898876404494382,0.39538786,-0.62468904,-0.7227142,1.0692984
0.2584269662921348,0.10112359550561797,0.4465498,-0.69907844,-0.7993869,1.1854745
0.2584269662921348,0.11235955056179775,0.4972084,-0.7723283,-0.8725781,1.2960004
0.2584269662921348,0.12359550561797752,0.547119,-0.84453493,-0.9419963,1.4002454
0.2584269662921348,0.1348314606741573,0.59609556,-0.915748,-1.0070624,1.4975654
0.2584269662921348,0.14606741573033707,0.6439997,-0.9859152,-1.067073,1.5873308
0.2584269662921348,0.15730337078651685,0.6907267,-1.0548961,-1.1213579,1.6689485
0.2584269662921348,0.16853932584269662,0.73619914,-1.1225064,-1.1693823,1.7419183
0.2584269662921348,0.1797752808988764,0.7803668,-1.1885506,-1.2107612,1.8058643
0.2584269662921348,0.19101123595505617,0.82321185,-1.2528158,-1.2452543,1.8605676
0.2584269662921348,0.20224719101123595,0.86474967,-1.3150334,-1.2727476,1.905968
0.2584269662921348,0.21348314606741572,0.9050253,-1.3748561,-1.2932436,1.9421269
0.2584269662921348,0.2247191011235955,0.9440956,-1.4318876,-1.3068422,1.9691793
0.2584269662921348,0.23595505617977527,0.9820049,-1.4857569,-1.3136961,1.9871676
0.2584269662921348,0.24719101123595505,1.0187541,-1.5362406,-1.3139509,1.9959482
0.2584269662921348,0.2584269662921348,1.0542773,-1.583366,-1.3076669,1.9951056
0.2584269662921348,0.2696629213483146,1.0884392,-1.6274527,-1.2947787,1.9840841
0.2584269662921348,0.2808988764044944,1.1210674,-1.6690365,-1.2750944,1.9623971
0.2584269662921348,0.29213483146067415,1.1520084,-1.7086772,-1.2483714,1.9299251
0.2584269662921348,0.3033707865168539,1.1811984,-1.7467167,-1.2144266,1.8870572
0.2584269662921348,0.3146067415730337,1.2087098,-1.7831217,-1.1732587,1.8346032
0.2584269662921348,0.3258426966292135,1.2347456,-1.8174908,-1.1251202,1.773493
0.2584269662921348,0.33707865168539325,1.2595745,-1.849258,-1.0704958,1.7044333
0.2584269662921348,0.348314606741573,1.2834228,-1.877933,-1.0100162,1.6277331
0.2584269662921348,0.3595505617977528,1.3063774,-1.9032751,-0.9443181,1.543329
0.2584269662921348,0.3707865168539326,1.3283398,-1.9253252,-0.8739163,1.4510268
0.2584269662921348,0.38202247191011235,1.34905,-1.9443289,-0.7991364,1.3507681
0.2584269662921348,0.3932584269662921,1.3681643,-1.9606347,-0.7201544,1.2428701
0.2584269662921348,0.4044943820224719,1.385353,-1.9745748,-0.6371012,1.1281128
0.2584269662921348,0.4157303370786517,1.4003848,-1.9863623,-0.5501878,1.0076308
0.2584269662921348,0.42696629213483145,1.4131703,-1.9960005,-0.45973784,0.882651
0.2584269662921348,0.4382022471910112,1.4237566,-2.0032744,-0.36613613,0.754195
0.2584269662921348,0.449438202247191,1.4322858,-2.0078344,-0.26972827,0.62285787
0.2584269662921348,0.4606741573033708,1.4389348,-2.0093458,-0.17078859,0.48884335
0.2584269662921348,0.47191011235955055,1.4438627,-2.007632,-0.06959214,0.35218126
0.2584269662921348,0.4831460674157303,1.4471769,-2.0027342,0.03342527,0.21307558
0.2584269662921348,0.4943820224719101,1.4489195,-1.9948797,0.13757351,0.072070666
0.2584269662921348,0.5056179775280899,1.4490696,-1.984383,0.24192388,-0.06993891
0.2584269662921348,0.5168539325842696,1.4475613,-1.9715333,0.34545448,-0.21193695
0.2584269662921348,0.5280898876404494,1.4443134,-1.9565145,0.44723246,-0.35295546
0.2584269662921348,0.5393258426966292,1.4392731,-1.9393848,0.54653156,-0.4920905
0.2584269662921348,0.550561797752809,1.4324542,-1.9201126,0.64284956,-0.62837595
0.2584269662921348,0.5617977528089888,1.4239482,-1.8986595,0.7358774,-0.7607921
0.2584269662921348,0.5730337078651685,1.413896,-1.8750682,0.8254234,-0.8883603
0.2584269662921348,0.5842696629213483,1.4024233,-1.8494974,0.9113738,-1.0104909
0.2584269662921348,0.5955056179775281,1.3895692,-1.8221836,0.99365383,-1.1271896
0.2584269662921348,0.6067415730337078,1.3752438,-1.7933162,1.0721819,-1.2389714
0.2584269662921348,0.6179775280898876,1.3592436,-1.7628996,1.1468107,-1.3463773
0.2584269662921348,0.6292134831460674,1.3413225,-1.7307022,1.2172409,-1.449299
0.2584269662921348,0.6404494382022472,1.3212824,-1.6963502,1.2829715,-1.5465564
0.2584269662921348,0.651685393258427,1.2990354,-1.6595348,1.3433379,-1.6360703
0.2584269662921348,0.6629213483146067,1.274607,-1.6202053,1.3976427,-1.7156873
0.2584269662921348,0.6741573033707865,1.2480874,-1.5786289,1.4453079,-1.7840934
0.2584269662921348,0.6853932584269663,1.2195811,-1.5353155,1.4859529,-1.8413012
0.2584269662921348,0.696629213483146,1.1891826,-1.4908321,1.5193591,-1.8883697
0.2584269662921348,0.7078651685393258,1.1569918,-1.445617,1.5453867,-1.9266108
0.2584269662921348,0.7191011235955056,1.1231366,-1.3998243,1.5639203,-1.956802
0.2584269662921348,0.7303370786516854,1.0877831,-1.3533006,1.5748963,-1.9788668
0.2584269662921348,0.7415730337078652,1.0511167,-1.3056834,1.5783316,-1.9920765
0.2584269662921348,0.7528089887640449,1.0133109,-1.2566115,1.5743107,-1.9955766
0.2584269662921348,0.7640449438202247,0.9745024,-1.2059263,1.5629193,-1.9887985
0.2584269662921348,0.7752808988764045,0.93478084,-1.1537617,1.5441834,-1.9716431
0.2584269662921348,0.7865168539325842,0.8941915,-1.1004668,1.5180725,-1.9443696
0.2584269662921348,0.797752808988764,0.8527451,-1.0464228,1.4845855,-1.9074138
0.2584269662921348,0.8089887640449438,0.8104284,-0.99186355,1.4438518,-1.8612113
0.2584269662921348,0.8202247191011236,0.76721686,-0.9368169,1.3961746,-1.8061101
0.2584269662921348,0.8314606741573034,0.72309613,-0.8811978,1.3419899,-1.7423735
0.2584269662921348,0.8426966292134831,0.67808205,-0.8249659,1.2817504,-1.6702136
0.2584269662921348,0.8539325842696629,0.63223416,-0.76821977,1.2158221,-1.5897648
0.2584269662921348,0.8651685393258427,0.58565104,-0.7111394,1.144471,-1.5011119
0.2584269662921348,0.8764044943820224,0.53844225,-0.6538403,1.0679452,-1.4043823
0.2584269662921348,0.8876404494382022,0.49070242,-0.5962674,0.98658615,-1.2999399
0.2584269662921348,0.898876404494382,0.44249517,-0.53821856,0.900874,-1.188532
0.2584269662921348,0.9101123595505618,0.39386517,-0.47947207,0.81136656,-1.071201
0.2584269662921348,0.9213483146067416,0.34486452,-0.41991934,0.71857965,-0.9490016
0.2584269662921348,0.9325842696629213,0.29557627,-0.35962665,0.6228737,-0.82264197
0.2584269662921348,0.9438202247191011,0.24612215,-0.29882857,0.52442664,-0.69234425
0.2584269662921348,0.9550561797752809,0.1966454,-0.237877,0.42331976,-0.55807173
0.2584269662921348,0.9662921348314606,0.14727318,-0.17717767,0.31971398,-0.42006117
0.2584269662921348,0.9775280898876404,0.0980711,-0.117119454,0.21403694,-0.2794124
0.2584269662921348,0.9887640449438202,0.04901639,-0.05800801,0.10709127,-0.13836135
0.2584269662921348,1.0,-1.2147659e-07,1.4228928e-07,-2.643737e-07,3.3661755e-07
0.2696629213483146,0.0,-0.0,0.0,0.0,-0.0
0.2696629213483146,0.011235955056179775,0.04845866,-0.07861036,-0.09687524,0.13757402
0.2696629213483146,0.02247191011235955,0.09741538,-0.15768105,-0.19606414,0.27797335
0.2696629213483146,0.033707865168539325,0.14717329,-0.23679034,-0.2955853,0.4179799
0.2696629213483146,0.0449438202247191,0.1978892,-0.31565005,-0.39353722,0.55539906
0.2696629213483146,0.056179775280898875,0.24955168,-0.39404175,-0.4884593,0.6890607
0.2696629213483146,0.06741573033707865,0.30199578,-0.47174743,-0.57951903,0.81848603
0.2696629213483146,0.07865168539325842,0.3549405,-0.5485353,-0.6664854,0.9434585
0.2696629213483146,0.0898876404494382,0.40803888,-0.62421316,-0.7495111,1.0637197
0.2696629213483146,0.10112359550561797,0.46093106,-0.6986948,-0.8288196,1.1788745
0.2696629213483146,0.11235955056179775,0.51328886,-0.7720065,-0.90443105,1.288414
0.2696629213483146,0.12359550561797752,0.5648444,-0.8442263,-0.97604823,1.3917675
0.2696629213483146,0.1348314606741573,0.61539644,-0.91539145,-1.0431143,1.4883242
0.2696629213483146,0.14606741573033707,0.6648037,-0.98544496,-1.1049703,1.5774368
0.2696629213483146,0.15730337078651685,0.71297187,-1.0542445,-1.1609977,1.6584643
0.2696629213483146,0.16853932584269662,0.7598443,-1.1216121,-1.2106922,1.7308558
0.2696629213483146,0.1797752808988764,0.80539715,-1.1873655,-1.2536652,1.7942195
0.2696629213483146,0.19101123595505617,0.84963596,-1.2513047,-1.2896342,1.8483651
0.2696629213483146,0.20224719101123595,0.8925898,-1.3131678,-1.3184204,1.8932842
0.2696629213483146,0.21348314606741572,0.9343031,-1.3725975,-1.3399615,1.9290984
0.2696629213483146,0.2247191011235955,0.97481835,-1.4291677,-1.3543123,1.9559622
0.2696629213483146,0.23595505617977527,1.014154,-1.4824758,-1.3616037,1.9739215
0.2696629213483146,0.24719101123595505,1.0522803,-1.532272,-1.3619833,1.9827822
0.2696629213483146,0.2584269662921348,1.0891037,-1.5785862,-1.3555313,1.9820784
0.2696629213483146,0.2696629213483146,1.1244714,-1.6217712,-1.3422104,1.971189
0.2696629213483146,0.2808988764044944,1.158206,-1.6624298,-1.3218622,1.9496262
0.2696629213483146,0.29213483146067415,1.1901633,-1.7012016,-1.2942747,1.9173133
0.2696629213483146,0.3033707865168539,1.2203006,-1.7385108,-1.259291,1.874749
0.2696629213483146,0.3146067415730337,1.2487167,-1.7743783,-1.2169243,1.8228484
0.2696629213483146,0.3258426966292135,1.2756419,-1.8084239,-1.1674324,1.7625816
0.2696629213483146,0.33707865168539325,1.3013605,-1.8400561,-1.1112996,1.6945889
0.2696629213483146,0.348314606741573,1.3261032,-1.8687329,-1.0491518,1.6189994
0.2696629213483146,0.3595505617977528,1.3499436,-1.8941418,-0.98161125,1.53556
0.2696629213483146,0.3707865168539326,1.3727561,-1.9162592,-0.90917265,1.443919
0.2696629213483146,0.38202247191011235,1.3942492,-1.9352889,-0.8321323,1.3439924
0.2696629213483146,0.3932584269662921,1.414051,-1.9515637,-0.75064075,1.236177
0.2696629213483146,0.4044943820224719,1.4318159,-1.9654174,-0.6648255,1.121412
0.2696629213483146,0.4157303370786517,1.4473059,-1.9770632,-0.5749165,1.0009979
0.2696629213483146,0.42696629213483145,1.460436,-1.9864944,-0.4812872,0.8762976
0.2696629213483146,0.4382022471910112,1.4712602,-1.9934814,-0.38438168,0.7483896
0.2696629213483146,0.449438202247191,1.479927,-1.9976634,-0.28460956,0.61787724
0.2696629213483146,0.4606741573033708,1.4866179,-1.9987128,-0.18229729,0.48490152
0.2696629213483146,0.47191011235955055,1.4914947,-1.9964741,-0.07777082,0.34941402
0.2696629213483146,0.4831460674157303,1.494672,-1.9910235,0.028497087,0.21151398
0.2696629213483146,0.4943820224719101,1.4962051,-1.982615,0.1357845,0.07169007
0.2696629213483146,0.5056179775280899,1.4960983,-1.9715793,0.243139,-0.069202244
0.2696629213483146,0.5168539325842696,1.4943181,-1.9582025,0.34953895,-0.21012352
0.2696629213483146,0.5280898876404494,1.4908199,-1.9426622,0.45406738,-0.35006014
0.2696629213483146,0.5393258426966292,1.4855821,-1.9250169,0.5560418,-0.48810318
0.2696629213483146,0.550561797752809,1.4786317,-1.9052534,0.65502673,-0.6233348
0.2696629213483146,0.5617977528089888,1.4700519,-1.8833697,0.75077057,-0.75480545
0.2696629213483146,0.5730337078651685,1.45995,-1.8594508,0.8431289,-0.88162655
0.2696629213483146,0.5842696629213483,1.4484004,-1.8336908,0.9319969,-1.0032226
0.2696629213483146,0.5955056179775281,1.4353873,-1.8063469,1.0172658,-1.1195376
0.2696629213483146,0.6067415730337078,1.420775,-1.7775936,1.0987931,-1.2309682
0.2696629213483146,0.6179775280898876,1.4043336,-1.7473829,1.176347,-1.3379389
0.2696629213483146,0.6292134831460674,1.3858112,-1.7154061,1.2495451,-1.4402637
0.2696629213483146,0.6404494382022472,1.3650235,-1.6812212,1.317817,-1.5367653
0.2696629213483146,0.651685393258427,1.34191,-1.6444869,1.3804494,-1.6254326
0.2696629213483146,0.6629213483146067,1.3165298,-1.6051753,1.4367247,-1.7042209
0.2696629213483146,0.6741573033707865,1.2890072,-1.5636307,1.4860691,-1.7719488
0.2696629213483146,0.6853932584269663,1.2594744,-1.5204446,1.5281165,-1.8287053
0.2696629213483146,0.696629213483146,1.2280433,-1.4762441,1.5626698,-1.875566
0.2696629213483146,0.7078651685393258,1.194819,-1.431461,1.5895995,-1.9137448
0.2696629213483146,0.7191011235955056,1.159923,-1.3862025,1.6088074,-1.9439107
0.2696629213483146,0.7303370786516854,1.1235069,-1.3402481,1.6202478,-1.9658781
0.2696629213483146,0.7415730337078652,1.0857388,-1.2931902,1.6239626,-1.9789162
0.2696629213483146,0.7528089887640449,1.0467794,-1.2446568,1.6200614,-1.9822327
0.2696629213483146,0.7640449438202247,1.0067582,-1.1945049,1.6086439,-1.9753736
0.2696629213483146,0.7752808988764045,0.96576726,-1.1428897,1.5897281,-1.9583205
0.2696629213483146,0.7865168539325842,0.9238603,-1.090171,1.5632596,-1.9313583
0.2696629213483146,0.797752808988764,0.8810593,-1.0367166,1.5292001,-1.8948758
0.2696629213483146,0.8089887640449438,0.8373616,-0.9827342,1.4876401,-1.8491964
0.2696629213483146,0.8202247191011236,0.79274946,-0.9282208,1.438857,-1.7945687
0.2696629213483146,0.8314606741573034,0.74720895,-0.87307036,1.3832806,-1.731208
0.2696629213483146,0.8426966292134831,0.7007521,-0.817245,1.3213819,-1.6593535
0.2696629213483146,0.8539325842696629,0.6534311,-0.76086885,1.2535598,-1.5792562
0.2696629213483146,0.8651685393258427,0.60533834,-0.70417017,1.1801112,-1.491123
0.2696629213483146,0.8764044943820224,0.5565822,-0.6473113,1.1012982,-1.3951529
0.2696629213483146,0.8876404494382022,0.50725967,-0.5902626,1.0174675,-1.2916933
0.2696629213483146,0.898876404494382,0.45744035,-0.5328173,0.9291017,-1.1814035
0.2696629213483146,0.9101123595505618,0.40717357,-0.4747223,0.8367747,-1.0652194
0.2696629213483146,0.9213483146067416,0.35651731,-0.41582993,0.7410254,-0.9440988
0.2696629213483146,0.9325842696629213,0.30556116,-0.35617793,0.64223886,-0.8186758
0.2696629213483146,0.9438202247191011,0.2544347,-0.29598814,0.5406126,-0.6891272
0.2696629213483146,0.9550561797752809,0.20328926,-0.23561585,0.4362449,-0.5553994
0.2696629213483146,0.9662921348314606,0.15225695,-0.1754791,0.32932267,-0.41777915
0.2696629213483146,0.9775280898876404,0.101402245,-0.115980595,0.22032356,-0.27751046
0.2696629213483146,0.9887640449438202,0.050692514,-0.057435296,0.11013544,-0.13709614
0.2696629213483146,1.0,-1.2567332e-07,1.408702e-07,-2.7155627e-07,3.3236293e-07
0.2808988764044944,0.0,-0.0,0.0,0.0,-0.0
0.2808988764044944,0.011235955056179775,0.049836803,-0.07807123,-0.10030281,0.13639012
0.2808988764044944,0.02247191011235955,0.10019728,-0.15659274,-0.20292944,0.27544254
0.2808988764044944,0.033707865168539325,0.15139747,-0.23516873,-0.30585262,0.41401833
0.2808988764044944,0.0449438202247191,0.20360151,-0.31353793,-0.40712968,0.5499841
0.2808988764044944,0.056179775280898875,0.2567995,-0.3914993,-0.50527656,0.682194
0.2808988764044944,0.06741573033707865,0.31082156,-0.46883482,-0.59945166,0.8101563
0.2808988764044944,0.07865168539325842,0.36537582,-0.545298,-0.6894191,0.9336355
0.2808988764044944,0.0898876404494382,0.42009887,-0.62067455,-0.7753139,1.0523754
0.2808988764044944,0.10112359550561797,0.4746106,-0.6948535,-0.85732406,1.1660115
0.2808988764044944,0.11235955056179775,0.52856106,-0.7678401,-0.9354282,1.2740979
0.2808988764044944,0.12359550561797752,0.5816618,-0.839693,-1.009301,1.3761281
0.2808988764044944,0.1348314606741573,0.6336977,-0.910437,-1.0783895,1.4715215
0.2808988764044944,0.14606741573033707,0.6845218,-0.98000443,-1.1420717,1.5596225
0.2808988764044944,0.15730337078651685,0.73404706,-1.04825,-1.1997856,1.639744
0.2808988764044944,0.16853932584269662,0.7822344,-1.1150006,-1.2510695,1.7112858
0.2808988764044944,0.1797752808988764,0.829084,-1.1800903,-1.2955512,1.7738287
0.2808988764044944,0.19101123595505617,0.8746254,-1.243343,-1.3329235,1.8271948
0.2808988764044944,0.20224719101123595,0.9189032,-1.3045149,-1.3629563,1.8714231
0.2808988764044944,0.21348314606741572,0.9619651,-1.3632528,-1.3855331,1.9066875
0.2808988764044944,0.2247191011235955,1.0038425,-1.4191132,-1.4006609,1.9331675
0.2808988764044944,0.23595505617977527,1.0445327,-1.4716638,-1.4084507,1.9509069
0.2808988764044944,0.24719101123595505,1.0839796,-1.5206331,-1.4090433,1.95968
0.2808988764044944,0.2584269662921348,1.1220675,-1.5660468,-1.4025328,1.9589664
0.2808988764044944,0.2696629213483146,1.1586291,-1.6082863,-1.3889034,1.9481281
0.2808988764044944,0.2808988764044944,1.1934843,-1.6480063,-1.3680276,1.9266915
0.2808988764044944,0.29213483146067415,1.226501,-1.6859136,-1.3397202,1.8946515
0.2808988764044944,0.3033707865168539,1.2576542,-1.7224948,-1.3038446,1.8526092
0.2808988764044944,0.3146067415730337,1.2870644,-1.7578111,-1.260425,1.8015658
0.2808988764044944,0.3258426966292135,1.3149772,-1.7914946,-1.2097104,1.7425078
0.2808988764044944,0.33707865168539325,1.3416828,-1.8229313,-1.1521753,1.6759698
0.2808988764044944,0.348314606741573,1.3674008,-1.8515228,-1.0884256,1.6019099
0.2808988764044944,0.3595505617977528,1.3921803,-1.8768932,-1.0190707,1.5198911
0.2808988764044944,0.3707865168539326,1.4158628,-1.8989502,-0.9445875,1.4294419
0.2808988764044944,0.38202247191011235,1.4381256,-1.9178572,-0.86526275,1.3304677
0.2808988764044944,0.3932584269662921,1.4585748,-1.9339279,-0.78123915,1.2234421
0.2808988764044944,0.4044943820224719,1.4768562,-1.9475026,-0.69265455,1.1094337
0.2808988764044944,0.4157303370786517,1.4927377,-1.9588041,-0.59977376,0.9898694
0.2808988764044944,0.42696629213483145,1.5061458,-1.9678408,-0.5030286,0.866208
0.2808988764044944,0.4382022471910112,1.5171506,-1.9743859,-0.40292853,0.73956925
0.2808988764044944,0.449438202247191,1.5259131,-1.9780834,-0.29994786,0.6105426
0.2808988764044944,0.4606741573033708,1.5326213,-1.9786172,-0.19447158,0.4792233
0.2808988764044944,0.47191011235955055,1.537441,-1.9758496,-0.08685913,0.34549338
0.2808988764044944,0.4831460674157303,1.5404884,-1.9698755,0.02238836,0.20939103
0.2808988764044944,0.4943820224719101,1.5418259,-1.960968,0.1325443,0.07135678
0.2808988764044944,0.5056179775280899,1.5414711,-1.9494611,0.24266648,-0.067764856
0.2808988764044944,0.5168539325842696,1.5394152,-1.9356394,0.3517537,-0.2069158
0.2808988764044944,0.5280898876404494,1.5356433,-1.9196783,0.45893896,-0.34506392
0.2808988764044944,0.5393258426966292,1.5301611,-1.9016402,0.5635912,-0.48131666
0.2808988764044944,0.550561797752809,1.5230137,-1.881526,0.6653343,-0.61482143
0.2808988764044944,0.5617977528089888,1.51428,-1.8593556,0.76395327,-0.7447235
0.2808988764044944,0.5730337078651685,1.5040431,-1.8352383,0.85931516,-0.8702095
0.2808988764044944,0.5842696629213483,1.4923368,-1.8093946,0.9512782,-0.9907042
0.2808988764044944,0.5955056179775281,1.4790998,-1.7820864,1.0396647,-1.1060663
0.2808988764044944,0.6067415730337078,1.464161,-1.7534791,1.1242367,-1.2165585
0.2808988764044944,0.6179775280898876,1.4472685,-1.7234924,1.2046694,-1.3224647
0.2808988764044944,0.6292134831460674,1.4281676,-1.69177,1.2804983,-1.4235412
0.2808988764044944,0.6404494382022472,1.4066842,-1.6578199,1.3511034,-1.5186428
0.2808988764044944,0.651685393258427,1.3827771,-1.6212792,1.415761,-1.6059015
0.2808988764044944,0.6629213483146067,1.3565291,-1.5821415,1.4737791,-1.6834619
0.2808988764044944,0.6741573033707865,1.3280889,-1.5408107,1.5246252,-1.7503077
0.2808988764044944,0.6853932584269663,1.2976093,-1.4979415,1.5679784,-1.8066119
0.2808988764044944,0.696629213483146,1.2652173,-1.4541938,1.6036575,-1.8533947
0.2808988764044944,0.7078651685393258,1.2310227,-1.4099894,1.6315335,-1.8917241
0.2808988764044944,0.7191011235955056,1.1951436,-1.3653904,1.6514927,-1.9220415
0.2808988764044944,0.7303370786516854,1.1577195,-1.3201306,1.6634789,-1.9440475
0.2808988764044944,0.7415730337078652,1.1189039,-1.2737783,1.6675445,-1.9569907
0.2808988764044944,0.7528089887640449,1.0788443,-1.2259693,1.6638175,-1.960193
0.2808988764044944,0.7640449438202247,1.0376647,-1.1765826,1.6524134,-1.953336
0.2808988764044944,0.7752808988764045,0.995458,-1.1257894,1.6333544,-1.93652
0.2808988764044944,0.7865168539325842,0.95228636,-1.0739399,1.6065692,-1.9100497
0.2808988764044944,0.797752808988764,0.9081837,-1.0213747,1.5719864,-1.8742418
0.2808988764044944,0.8089887640449438,0.8631585,-0.9682562,1.5296601,-1.8293074
0.2808988764044944,0.8202247191011236,0.81720114,-0.9145406,1.4798384,-1.7753681
0.2808988764044944,0.8314606741573034,0.77029914,-0.86009675,1.4229438,-1.7125723
0.2808988764044944,0.8426966292134831,0.72246,-0.8048915,1.3594644,-1.6412079
0.2808988764044944,0.8539325842696629,0.6737284,-0.74908614,1.2898325,-1.5616511
0.2808988764044944,0.8651685393258427,0.6241901,-0.69296706,1.2143794,-1.4742699
0.2808988764044944,0.8764044943820224,0.5739512,-0.6367597,1.1333847,-1.3793603
0.2808988764044944,0.8876404494382022,0.52311206,-0.58047557,1.0471939,-1.2772633
0.2808988764044944,0.898876404494382,0.47174835,-0.52391016,0.95628744,-1.1685418
0.2808988764044944,0.9101123595505618,0.4199165,-0.4667845,0.8612441,-1.0539976
0.2808988764044944,0.9213483146067416,0.36768013,-0.40891045,0.7626235,-0.9344745
0.2808988764044944,0.9325842696629213,0.31513476,-0.3502892,0.6608373,-0.8105311
0.2808988764044944,0.9438202247191011,0.2624158,-0.29112124,0.55611,-0.6823017
0.2808988764044944,0.9550561797752809,0.20967972,-0.2317533,0.44856796,-0.54973227
0.2808988764044944,0.9662921348314606,0.15706098,-0.17260338,0.33843526,-0.41317013
0.2808988764044944,0.9775280898876404,0.10462078,-0.114077404,0.22624841,-0.274009
0.2808988764044944,0.9887640449438202,0.052315667,-0.05649182,0.1129842,-0.13501309
0.2808988764044944,1.0,-1.2974546e-07,1.3856136e-07,-2.7822605e-07,3.2606195e-07
0.29213483146067415,0.0,-0.0,0.0,0.0,-0.0
0.29213483146067415,0.011235955056179775,0.051185757,-0.07713746,-0.10351176,0.13432893
0.29213483146067415,0.02247191011235955,0.10291833,-0.15471329,-0.20933765,0.2711608
0.29213483146067415,0.033707865168539325,0.15552038,-0.23236033,-0.31542483,0.4074657
0.29213483146067415,0.0449438202247191,0.20915854,-0.30984408,-0.41981456,0.5411983
0.29213483146067415,0.056179775280898875,0.26382148,-0.38697863,-0.5210204,0.67124873
0.29213483146067415,0.06741573033707865,0.31933457,-0.46354437,-0.618208,0.79711473
0.29213483146067415,0.07865168539325842,0.37539774,-0.53928024,-0.7111393,0.91852915
0.29213483146067415,0.0898876404494382,0.4316364,-0.6139525,-0.7999217,1.0352196
0.29213483146067415,0.10112359550561797,0.48765615,-0.68743086,-0.8846916,1.1468494
0.29213483146067415,0.11235955056179775,0.5430912,-0.75970286,-0.9653653,1.2530304
0.29213483146067415,0.12359550561797752,0.5976368,-0.83081174,-1.0415695,1.3533254
0.29213483146067415,0.1348314606741573,0.65106416,-0.9007652,-1.1127353,1.4471997
0.29213483146067415,0.14606741573033707,0.70322,-0.9694825,-1.1782652,1.5339849
0.29213483146067415,0.15730337078651685,0.75402033,-1.0368121,-1.2376474,1.6129568
0.29213483146067415,0.16853932584269662,0.8034402,-1.1025851,-1.2904735,1.6834475
0.29213483146067415,0.1797752808988764,0.8515011,-1.1666561,-1.336395,1.7449992
0.29213483146067415,0.19101123595505617,0.89825493,-1.2288827,-1.3750993,1.7974343
0.29213483146067415,0.20224719101123595,0.9437643,-1.2890549,-1.4063215,1.8408155
0.29213483146067415,0.21348314606741572,0.98808265,-1.3468391,-1.4299006,1.8753628
0.29213483146067415,0.2247191011235955,1.0312358,-1.4017887,-1.4458083,1.9012859
0.29213483146067415,0.23595505617977527,1.0732055,-1.4534516,-1.4541293,1.9186212
0.29213483146067415,0.24719101123595505,1.1139153,-1.5015333,-1.4550018,1.927126
0.29213483146067415,0.2584269662921348,1.153231,-1.5460509,-1.4485283,1.9262608
0.29213483146067415,0.2696629213483146,1.1909754,-1.5873977,-1.4347105,1.9153829
0.29213483146067415,0.2808988764044944,1.226969,-1.6262574,-1.4134437,1.8940507
0.29213483146067415,0.29213483146067415,1.2610883,-1.6633773,-1.3845662,1.8623403
0.29213483146067415,0.3033707865168539,1.2933232,-1.6992772,-1.3479527,1.8209481
0.29213483146067415,0.3146067415730337,1.323808,-1.7340398,-1.3036295,1.770941
0.29213483146067415,0.3258426966292135,1.3527931,-1.7672967,-1.251826,1.7132927
0.29213483146067415,0.33707865168539325,1.3805611,-1.7984104,-1.192992,1.6484306
0.29213483146067415,0.348314606741573,1.407309,-1.8267401,-1.1277113,1.5761672
0.29213483146067415,0.3595505617977528,1.4330522,-1.8518529,-1.056575,1.4959111
0.29213483146067415,0.3707865168539326,1.4575976,-1.8736026,-0.9800584,1.4071331
0.29213483146067415,0.38202247191011235,1.4805936,-1.8921137,-0.8984495,1.309727
0.29213483146067415,0.3932584269662921,1.5016326,-1.9076902,-0.81190133,1.204242
0.29213483146067415,0.4044943820224719,1.5203625,-1.9206855,-0.7205793,1.0918238
0.29213483146067415,0.4157303370786517,1.5365654,-1.9313579,-0.62478405,0.9739835
0.29213483146067415,0.42696629213483145,1.5501895,-1.9397491,-0.5250081,0.85221064
0.29213483146067415,0.4382022471910112,1.5613247,-1.9456612,-0.42182794,0.7276309
0.29213483146067415,0.449438202247191,1.5701485,-1.948761,-0.3157822,0.60079765
0.29213483146067415,0.4606741573033708,1.5768584,-1.9487457,-0.20730652,0.4717693
0.29213483146067415,0.47191011235955055,1.5816232,-1.9454829,-0.09679538,0.34036645
0.29213483146067415,0.4831460674157303,1.584557,-1.9390699,0.015242854,0.20658398
0.29213483146067415,0.4943820224719101,1.5857223,-1.9297758,0.12808505,0.07085452
0.29213483146067415,0.5056179775280899,1.5851419,-1.9179252,0.24081525,-0.06595286
0.29213483146067415,0.5168539325842696,1.5828203,-1.9037967,0.35248455,-0.20276543
0.29213483146067415,0.5280898876404494,1.5787652,-1.8875602,0.46227932,-0.33853555
0.29213483146067415,0.5393258426966292,1.5730062,-1.8692851,0.5696397,-0.47238934
0.29213483146067415,0.550561797752809,1.5656044,-1.8489844,0.6742338,-0.6035567
0.29213483146067415,0.5617977528089888,1.5566409,-1.8266926,0.77587265,-0.7312793
0.29213483146067415,0.5730337078651685,1.5461822,-1.8025272,0.87438846,-0.85481733
0.29213483146067415,0.5842696629213483,1.5342332,-1.7767106,0.96957076,-0.9736005
0.29213483146067415,0.5955056179775281,1.5207008,-1.7495059,1.061137,-1.0873958
0.29213483146067415,0.6067415730337078,1.5053875,-1.7210754,1.1487348,-1.1963147
0.29213483146067415,0.6179775280898876,1.4880288,-1.691328,1.2319361,-1.3005052
0.29213483146067415,0.6292134831460674,1.4683682,-1.659885,1.3102093,-1.399685
0.29213483146067415,0.6404494382022472,1.4462382,-1.6262269,1.3829141,-1.4927917
0.29213483146067415,0.651685393258427,1.4216082,-1.5899765,1.4493524,-1.5781331
0.29213483146067415,0.6629213483146067,1.3945739,-1.5511459,1.5088948,-1.6540916
0.29213483146067415,0.6741573033707865,1.3652985,-1.5101738,1.5610853,-1.7198449
0.29213483146067415,0.6853932584269663,1.333949,-1.4677587,1.6056588,-1.7756314
0.29213483146067415,0.696629213483146,1.3006635,-1.4245772,1.642449,-1.8223631
0.29213483146067415,0.7078651685393258,1.2655585,-1.381042,1.6713028,-1.860879
0.29213483146067415,0.7191011235955056,1.2287505,-1.3371809,1.6920639,-1.8913765
0.29213483146067415,0.7303370786516854,1.1903712,-1.2927049,1.7046502,-1.9134077
0.29213483146067415,0.7415730337078652,1.150562,-1.2471799,1.7091067,-1.9262296
0.29213483146067415,0.7528089887640449,1.1094587,-1.2002635,1.7055824,-1.9292959
0.29213483146067415,0.7640449438202247,1.0671779,-1.1518579,1.6942167,-1.9224675
0.29213483146067415,0.7752808988764045,1.0238138,-1.1021394,1.6750418,-1.9059654
0.29213483146067415,0.7865168539325842,0.97943574,-1.0514381,1.647976,-1.8801179
0.29213483146067415,0.797752808988764,0.9340889,-1.0000488,1.6129202,-1.8451641
0.29213483146067415,0.8089887640449438,0.88779354,-0.9480796,1.569888,-1.8011771
0.29213483146067415,0.8202247191011236,0.840548,-0.8954369,1.5190998,-1.748143
0.29213483146067415,0.8314606741573034,0.7923426,-0.8419644,1.4609658,-1.68615
0.29213483146067415,0.8426966292134831,0.7431815,-0.7876343,1.395988,-1.6155146
0.29213483146067415,0.8539325842696629,0.69310236,-0.7326467,1.3246326,-1.5367498
0.29213483146067415,0.8651685393258427,0.6421838,-0.67735684,1.2472651,-1.4503971
0.29213483146067415,0.8764044943820224,0.5905299,-0.6220592,1.1641834,-1.3568658
0.29213483146067415,0.8876404494382022,0.5382446,-0.5668145,1.075731,-1.2564958
0.29213483146067415,0.898876404494382,0.4854097,-0.5114294,0.9823824,-1.1497512
0.29213483146067415,0.9101123595505618,0.4320888,-0.4556019,0.884719,-1.0373007
0.29213483146067415,0.9213483146067416,0.37835136,-0.39910427,0.783318,-0.91986936
0.29213483146067415,0.9325842696629213,0.3242973,-0.3419006,0.67862004,-0.7979431
0.29213483146067415,0.9438202247191011,0.27006605,-0.28416386,0.5708837,-0.6716276
0.29213483146067415,0.9550561797752809,0.21581674,-0.22622518,0.4602704,-0.54087967
0.29213483146067415,0.9662921348314606,0.16168411,-0.16849318,0.34704933,-0.40610716
0.29213483146067415,0.9775280898876404,0.10772457,-0.111366466,0.23182033,-0.26884696
0.29213483146067415,0.9887640449438202,0.05388378,-0.055154208,0.1156488,-0.13210109
0.29213483146067415,1.0,-1.336845e-07,1.3530328e-07,-2.8443117e-07,3.1775247e-07
0.3033707865168539,0.0,-0.0,0.0,0.0,-0.0
0.3033707865168539,0.011235955056179775,0.05251449,-0.07579546,-0.10648488,0.13142659
0.3033707865168539,0.02247191011235955,0.10559461,-0.152022,-0.21526097,0.26520532
0.3033707865168539,0.033707865168539325,0.15956403,-0.22834252,-0.32426777,0.39844057
0.3033707865168539,0.0449438202247191,0.21458758,-0.3045486,-0.43155012,0.52919555
0.3033707865168539,0.056179775280898875,0.27065036,-0.38046613,-0.5356382,0.6564082
0.3033707865168539,0.06741573033707865,0.32757342,-0.45587066,-0.6357148,0.77956194
0.3033707865168539,0.07865168539325842,0.3850514,-0.53048617,-0.7315399,0.8983422
0.3033707865168539,0.0898876404494382,0.44270352,-0.6040603,-0.82318985,1.012447
0.3033707865168539,0.10112359550561797,0.50012726,-0.6764483,-0.9107383,1.121557
0.3033707865168539,0.11235955056179775,0.5569462,-0.7476251,-0.9940278,1.225351
0.3033707865168539,0.12359550561797752,0.6128434,-0.81761885,-1.0726223,1.323472
0.3033707865168539,0.1348314606741573,0.66757756,-0.88642097,-1.1459249,1.4154426
0.3033707865168539,0.14606741573033707,0.7209877,-0.9539342,-1.2133461,1.5006106
0.3033707865168539,0.15730337078651685,0.7729896,-1.0199972,-1.274414,1.578198
0.3033707865168539,0.16853932584269662,0.82356745,-1.084446,-1.3287648,1.6474745
0.3033707865168539,0.1797752808988764,0.872761,-1.14716,-1.3760843,1.7079102
0.3033707865168539,0.19101123595505617,0.920643,-1.2080405,-1.4160619,1.7593079
0.3033707865168539,0.20224719101123595,0.9672942,-1.2669256,-1.448415,1.801744
0.3033707865168539,0.21348314606741572,1.0127784,-1.3235166,-1.4729496,1.8354627
0.3033707865168539,0.2247191011235955,1.0571206,-1.3773824,-1.489609,1.8606955
0.3033707865168539,0.23595505617977527,1.1002922,-1.4280605,-1.4984639,1.8774986
0.3033707865168539,0.24719101123595505,1.1422036,-1.4752342,-1.4996488,1.8856077
0.3033707865168539,0.2584269662921348,1.182707,-1.518903,-1.4932724,1.8844918
0.3033707865168539,0.2696629213483146,1.2216182,-1.5594501,-1.4793507,1.873512
0.3033707865168539,0.2808988764044944,1.258758,-1.5975602,-1.4577986,1.8522826
0.3033707865168539,0.29213483146067415,1.2940092,-1.6339821,-1.4284688,1.8209553
0.3033707865168539,0.3033707865168539,1.327372,-1.6692365,-1.3912469,1.7803012
0.3033707865168539,0.3146067415730337,1.358984,-1.7034007,-1.3461434,1.7314215
0.3033707865168539,0.3258426966292135,1.3890916,-1.736097,-1.2933674,1.6752572
0.3033707865168539,0.33707865168539325,1.4179574,-1.7666725,-1.2333323,1.6121613
0.3033707865168539,0.348314606741573,1.4457476,-1.79446,-1.1665932,1.541814
0.3033707865168539,0.3595505617977528,1.4724393,-1.8189881,-1.0937306,1.4635617
0.3033707865168539,0.3707865168539326,1.4978052,-1.8400774,-1.0152241,1.376836
0.3033707865168539,0.38202247191011235,1.5214722,-1.8578264,-0.9313769,1.2815584
0.3033707865168539,0.3932584269662921,1.5430286,-1.8725398,-0.84237045,1.1783248
0.3033707865168539,0.4044943820224719,1.5621345,-1.8846014,-0.7483935,1.0683134
0.3033707865168539,0.4157303370786517,1.5785953,-1.8943185,-0.6497941,0.9530629
0.3033707865168539,0.42696629213483145,1.5923843,-1.9017915,-0.54711324,0.8340395
0.3033707865168539,0.4382022471910112,1.6036164,-1.906875,-0.44098908,0.71232927
0.3033707865168539,0.449438202247191,1.6124856,-1.909272,-0.33202004,0.5884372
0.3033707865168539,0.4606741573033708,1.6192001,-1.9086901,-0.22068512,0.46234092
0.3033707865168539,0.47191011235955055,1.6239299,-1.9049921,-0.10741178,0.33383626
0.3033707865168539,0.4831460674157303,1.6267846,-1.898259,0.0072838836,0.20289637
0.3033707865168539,0.4943820224719101,1.6278191,-1.8887291,0.12269381,0.06996545
0.3033707865168539,0.5056179775280899,1.6270534,-1.8767027,0.23794195,-0.06405345
0.3033707865168539,0.5168539325842696,1.6244965,-1.862438,0.35213158,-0.19803236
0.3033707865168539,0.5280898876404494,1.6201694,-1.8461001,0.4645211,-0.3309065
0.3033707865168539,0.5393258426966292,1.6141196,-1.8277663,0.5746155,-0.46181226
0.3033707865168539,0.550561797752809,1.6064235,-1.807459,0.68212944,-0.59006256
0.3033707865168539,0.5617977528089888,1.5971674,-1.7852155,0.7868732,-0.71500385
0.3033707865168539,0.5730337078651685,1.5864092,-1.7611471,0.8886255,-0.83596915
0.3033707865168539,0.5842696629213483,1.5741369,-1.7354667,0.9870691,-0.9523915
0.3033707865168539,0.5955056179775281,1.560238,-1.7084336,1.0817931,-1.0639545
0.3033707865168539,0.6067415730337078,1.5445017,-1.6802142,1.1723186,-1.1706401
0.3033707865168539,0.6179775280898876,1.526658,-1.6507277,1.2581213,-1.2724712
0.3033707865168539,0.6292134831460674,1.5064516,-1.6195986,1.3386215,-1.3691503
0.3033707865168539,0.6404494382022472,1.4837174,-1.5863004,1.4131844,-1.4597082
0.3033707865168539,0.651685393258427,1.4584277,-1.5504512,1.4811747,-1.5426732
0.3033707865168539,0.6629213483146067,1.4306805,-1.5120637,1.5420535,-1.616676
0.3033707865168539,0.6741573033707865,1.4006447,-1.4715953,1.5954571,-1.6810846
0.3033707865168539,0.6853932584269663,1.3684947,-1.4297669,1.6411761,-1.7361748
0.3033707865168539,0.696629213483146,1.3343786,-1.3872619,1.6790503,-1.7827095
0.3033707865168539,0.7078651685393258,1.2984196,-1.3444853,1.708877,-1.8212596
0.3033707865168539,0.7191011235955056,1.2607362,-1.3014491,1.7304461,-1.8517731
0.3033707865168539,0.7303370786516854,1.2214553,-1.2578595,1.7436297,-1.873652
0.3033707865168539,0.7415730337078652,1.1807084,-1.2132968,1.7484746,-1.8861998
0.3033707865168539,0.7528089887640449,1.1386193,-1.1674445,1.7451508,-1.8890253
0.3033707865168539,0.7640449438202247,1.0952985,-1.1202251,1.7338289,-1.882187
0.3033707865168539,0.7752808988764045,1.0508391,-1.0718155,1.7145585,-1.8660214
0.3033707865168539,0.7865168539325842,1.0053159,-1.0225127,1.6872494,-1.8408786
0.3033707865168539,0.797752808988764,0.9587856,-0.9725609,1.6517729,-1.806914
0.3033707865168539,0.8089887640449438,0.9112788,-0.92200863,1.6081065,-1.7640595
0.3033707865168539,0.8202247191011236,0.86280257,-0.87071335,1.5564362,-1.7121716
0.3033707865168539,0.8314606741573034,0.8133509,-0.8184909,1.4971577,-1.6512634
0.3033707865168539,0.8426966292134831,0.7629258,-0.76532006,1.4307847,-1.581687
0.3033707865168539,0.8539325842696629,0.7115592,-0.7114413,1.3578118,-1.5040756
0.3033707865168539,0.8651685393258427,0.659324,-0.65727544,1.2786372,-1.4191327
0.3033707865168539,0.8764044943820224,0.60632235,-0.60319024,1.1935736,-1.327375
0.3033707865168539,0.8876404494382022,0.5526615,-0.5492957,1.1029673,-1.2291491
0.3033707865168539,0.898876404494382,0.49842933,-0.49541447,1.0072844,-1.1248286
0.3033707865168539,0.9101123595505618,0.44369605,-0.44122383,0.907108,-1.0149487
0.3033707865168539,0.9213483146067416,0.3885357,-0.38646066,0.80303425,-0.9001309
0.3033707865168539,0.9325842696629213,0.33305165,-0.33105275,0.69553614,-0.78080255
0.3033707865168539,0.9438202247191011,0.27738547,-0.2751453,0.5849076,-0.6570471
0.3033707865168539,0.9550561797752809,0.2216974,-0.2190495,0.47135085,-0.5288371
0.3033707865168539,0.9662921348314606,0.166121,-0.16315772,0.35518268,-0.39663532
0.3033707865168539,0.9775280898876404,0.11070746,-0.10785223,0.23706634,-0.26209778
0.3033707865168539,0.9887640449438202,0.055392314,-0.0534244,0.118151166,-0.12842295
0.3033707865168539,1.0,-1.3747515e-07,1.3110245e-07,-2.9024915e-07,3.076686e-07
0.3146067415730337,0.0,-0.0,0.0,0.0,-0.0
0.3146067415730337,0.011235955056179775,0.05382238,-0.07405723,-0.10923702,0.12778138
0.3146067415730337,0.02247191011235955,0.10822418,-0.14854716,-0.22073393,0.25776756
0.3146067415730337,0.033707865168539325,0.16352585,-0.22316314,-0.3324363,0.38721234
0.3146067415730337,0.0449438202247191,0.21988727,-0.297721,-0.44240686,0.5143056
0.3146067415730337,0.056179775280898875,0.2772887,-0.3720555,-0.5492037,0.6380425
0.3146067415730337,0.06741573033707865,0.33554736,-0.4459342,-0.65203154,0.75788695
0.3146067415730337,0.07865168539325842,0.39435577,-0.5190626,-0.7506487,0.87346387
0.3146067415730337,0.0898876404494382,0.45333105,-0.59117115,-0.84509695,0.98442835
0.3146067415730337,0.10112359550561797,0.5120675,-0.6621026,-0.9353854,1.0904694
0.3146067415730337,0.11235955056179775,0.57018256,-0.7318218,-1.0212828,1.1913426
0.3146067415730337,0.12359550561797752,0.6273501,-0.80034566,-1.102288,1.2867928
0.3146067415730337,0.1348314606741573,0.68331796,-0.8676476,-1.1777666,1.3764236
0.3146067415730337,0.14606741573033707,0.7379158,-0.9336143,-1.2471254,1.4596075
0.3146067415730337,0.15730337078651685,0.7910558,-0.9980721,-1.3099135,1.535536
0.3146067415730337,0.16853932584269662,0.8427276,-1.0608637,-1.3658026,1.6033934
0.3146067415730337,0.1797752808988764,0.89298445,-1.1218971,-1.4145038,1.6625779
0.3146067415730337,0.19101123595505617,0.94191843,-1.1811233,-1.4557158,1.7128402
0.3146067415730337,0.20224719101123595,0.9896286,-1.2384415,-1.4891458,1.7542467
0.3146067415730337,0.21348314606741572,1.0361911,-1.2936041,-1.5145799,1.7870625
0.3146067415730337,0.2247191011235955,1.0816358,-1.3462086,-1.5319444,1.8115402
0.3146067415730337,0.23595505617977527,1.1259304,-1.3957931,-1.5413036,1.8277406
0.3146067415730337,0.24719101123595505,1.1689771,-1.4420245,-1.5427918,1.835417
0.3146067415730337,0.2584269662921348,1.2106199,-1.484873,-1.5365274,1.8340379
0.3146067415730337,0.2696629213483146,1.2506685,-1.5246887,-1.5225401,1.8229972
0.3146067415730337,0.2808988764044944,1.2889441,-1.5621223,-1.5007582,1.801951
0.3146067415730337,0.29213483146067415,1.3253329,-1.5978873,-1.4710478,1.7711111
0.3146067415730337,0.3033707865168539,1.3598355,-1.632468,-1.4332948,1.7313006
0.3146067415730337,0.3146067415730337,1.3925883,-1.6659142,-1.3874986,1.6836314
0.3146067415730337,0.3258426966292135,1.4238216,-1.6978313,-1.333838,1.6289926
0.3146067415730337,0.33707865168539325,1.4537722,-1.7275658,-1.2726856,1.5676733
0.3146067415730337,0.348314606741573,1.482569,-1.7544479,-1.2045702,1.4992995
0.3146067415730337,0.3595505617977528,1.5101519,-1.778001,-1.1300611,1.4231925
0.3146067415730337,0.3707865168539326,1.5362635,-1.7980319,-1.0496508,1.3388242
0.3146067415730337,0.38202247191011235,1.5605183,-1.814631,-0.9636723,1.2461581
0.3146067415730337,0.3932584269662921,1.5825104,-1.8281157,-0.87232924,1.145798
0.3146067415730337,0.4044943820224719,1.6019214,-1.8389108,-0.7758445,1.0389432
0.3146067415730337,0.4157303370786517,1.6185865,-1.8473825,-0.6746029,0.9270662
0.3146067415730337,0.42696629213483145,1.6325083,-1.8537079,-0.5691893,0.8116008
0.3146067415730337,0.4382022471910112,1.6438255,-1.8578063,-0.46029195,0.69353974
0.3146067415730337,0.449438202247191,1.6527504,-1.85942,-0.3485548,0.57329696
0.3146067415730337,0.4606741573033708,1.6594979,-1.8582711,-0.23450103,0.45079482
0.3146067415730337,0.47191011235955055,1.6642379,-1.8542074,-0.11858471,0.32578394
0.3146067415730337,0.4831460674157303,1.6670718,-1.8472695,-0.0013292651,0.19822341
0.3146067415730337,0.4943820224719101,1.6680416,-1.8376538,0.11657149,0.06859649
0.3146067415730337,0.5056179775280899,1.6671559,-1.8256168,0.23427516,-0.062140644
0.3146067415730337,0.5168539325842696,1.6644181,-1.8113889,0.35094294,-0.19279386
0.3146067415730337,0.5280898876404494,1.6598547,-1.795125,0.46590543,-0.32225773
0.3146067415730337,0.5393258426966292,1.6535249,-1.7769076,0.5787355,-0.44968745
0.3146067415730337,0.550561797752809,1.6455171,-1.7567633,0.68918514,-0.57445616
0.3146067415730337,0.5617977528089888,1.6359248,-1.734727,0.7970494,-0.6960147
0.3146067415730337,0.5730337078651685,1.6248059,-1.7108885,0.9020272,-0.8137698
0.3146067415730337,0.5842696629213483,1.6121414,-1.6854432,1.0036826,-0.92717206
0.3146067415730337,0.5955056179775281,1.5978135,-1.658644,1.1014541,-1.035833
0.3146067415730337,0.6067415730337078,1.5816097,-1.6306745,1.1947411,-1.1396148
0.3146067415730337,0.6179775280898876,1.5632621,-1.601487,1.2829342,-1.2384804
0.3146067415730337,0.6292134831460674,1.5425183,-1.5707304,1.3654327,-1.3321016
0.3146067415730337,0.6404494382022472,1.5192127,-1.5378938,1.4416327,-1.4196341
0.3146067415730337,0.651685393258427,1.4933136,-1.5025878,1.5109842,-1.4998235
0.3146067415730337,0.6629213483146067,1.4649136,-1.4648141,1.5730537,-1.5715383
0.3146067415730337,0.6741573033707865,1.4341797,-1.4250281,1.6275703,-1.634305
0.3146067415730337,0.6853932584269663,1.4012897,-1.3839538,1.6743728,-1.6884068
0.3146067415730337,0.696629213483146,1.3663989,-1.3422763,1.713283,-1.7344384
0.3146067415730337,0.7078651685393258,1.3296391,-1.3003937,1.7440423,-1.772703
0.3146067415730337,0.7191011235955056,1.2911326,-1.2583178,1.7663715,-1.8029108
0.3146067415730337,0.7303370786516854,1.2510028,-1.2157586,1.7801088,-1.8243589
0.3146067415730337,0.7415730337078652,1.209373,-1.1723222,1.7853025,-1.8364136
0.3146067415730337,0.7528089887640449,1.1663569,-1.1277167,1.7821549,-1.838856
0.3146067415730337,0.7640449438202247,1.1220567,-1.081883,1.7708747,-1.8319345
0.3146067415730337,0.7752808988764045,1.0765637,-1.0349892,1.7515293,-1.8160987
0.3146067415730337,0.7865168539325842,1.0299585,-0.98730254,1.7240207,-1.7917092
0.3146067415730337,0.797752808988764,0.98230577,-0.9390171,1.6881878,-1.7588335
0.3146067415730337,0.8089887640449438,0.9336472,-0.8901248,1.6439677,-1.7172742
0.3146067415730337,0.8202247191011236,0.8839981,-0.8404385,1.5915129,-1.6667707
0.3146067415730337,0.8314606741573034,0.83335596,-0.7897495,1.5312046,-1.6072778
0.3146067415730337,0.8426966292134831,0.7817224,-0.7380387,1.4635632,-1.5391656
0.3146067415730337,0.8539325842696629,0.7291248,-0.6855853,1.3891093,-1.4631817
0.3146067415730337,0.8651685393258427,0.6756325,-0.63286984,1.308265,-1.3801509
0.3146067415730337,0.8764044943820224,0.6213467,-0.5803268,1.2213584,-1.290682
0.3146067415730337,0.8876404494382022,0.566378,-0.5281152,1.1287326,-1.1951137
0.3146067415730337,0.898876404494382,0.51081985,-0.4760704,1.0308487,-1.0937304
0.3146067415730337,0.9101123595505618,0.4547477,-0.4238545,0.9282947,-0.98695886
0.3146067415730337,0.9213483146067416,0.3982391,-0.37117198,0.82168776,-0.87533045
0.3146067415730337,0.9325842696629213,0.34139925,-0.31791845,0.71153265,-0.7592316
0.3146067415730337,0.9438202247191011,0.2843709,-0.2642133,0.59816235,-0.6387336
0.3146067415730337,0.9550561797752809,0.22731453,-0.21034642,0.48181862,-0.5138169
0.3146067415730337,0.9662921348314606,0.17036223,-0.15668856,0.3628639,-0.38498038
0.3146067415730337,0.9775280898876404,0.11356005,-0.10359657,0.24202187,-0.25396267
0.3146067415730337,0.9887640449438202,0.05683484,-0.051334362,0.12051796,-0.124108836
0.3146067415730337,1.0,-1.4109729e-07,1.2604121e-07,-2.9576807e-07,2.962075e-07
0.3258426966292135,0.0,-0.0,0.0,0.0,-0.0
0.3258426966292135,0.011235955056179775,0.05510209,-0.071960665,-0.11181294,0.12352307
0.3258426966292135,0.02247191011235955,0.11079299,-0.14436543,-0.22584815,0.24908926
0.3258426966292135,0.033707865168539325,0.16738737,-0.21693729,-0.34006596,0.37410888
0.3258426966292135,0.0449438202247191,0.22503828,-0.28951445,-0.4525559,0.49691373
0.3258426966292135,0.056179775280898875,0.28372037,-0.3619385,-0.56190807,0.616568
0.3258426966292135,0.06741573033707865,0.34324786,-0.43396628,-0.6673491,0.73251945
0.3258426966292135,0.07865168539325842,0.40331268,-0.50528234,-0.7686333,0.8443244
0.3258426966292135,0.0898876404494382,0.4635332,-0.57559764,-0.8657669,0.95158243
0.3258426966292135,0.10112359550561797,0.52350414,-0.64474237,-0.95870113,1.0539886
0.3258426966292135,0.11235955056179775,0.5828405,-0.71267337,-1.047139,1.151374
0.3258426966292135,0.12359550561797752,0.64120895,-0.7793954,-1.1305234,1.2436045
0.3258426966292135,0.1348314606741573,0.6983474,-0.8448668,-1.2081835,1.3303871
0.3258426966292135,0.14606741573033707,0.75407535,-0.90895694,-1.2795109,1.4111425
0.3258426966292135,0.15730337078651685,0.808299,-0.9714838,-1.3440596,1.4850413
0.3258426966292135,0.16853932584269662,0.8610095,-1.032298,-1.4015151,1.5511953
0.3258426966292135,0.1797752808988764,0.91227,-1.0913388,-1.4516029,1.6089146
0.3258426966292135,0.19101123595505617,0.9621882,-1.1486106,-1.494027,1.657885
0.3258426966292135,0.20224719101123595,1.0108811,-1.2040782,-1.5284863,1.6981518
0.3258426966292135,0.21348314606741572,1.0584395,-1.2575597,-1.5547608,1.729991
0.3258426966292135,0.2247191011235955,1.104902,-1.3086919,-1.5727706,1.7536663
0.3258426966292135,0.23595505617977527,1.1502388,-1.3570274,-1.5825819,1.7692679
0.3258426966292135,0.24719101123595505,1.1943485,-1.4022186,-1.5843358,1.7765566
0.3258426966292135,0.2584269662921348,1.237071,-1.4441991,-1.5781627,1.7750144
0.3258426966292135,0.2696629213483146,1.2782122,-1.4832666,-1.5641044,1.7640675
0.3258426966292135,0.2808988764044944,1.3175907,-1.5200065,-1.5421007,1.7433977
0.3258426966292135,0.29213483146067415,1.3550904,-1.55506,-1.5120298,1.7132611
0.3258426966292135,0.3033707865168539,1.3907093,-1.5888441,-1.4737803,1.6744845
0.3258426966292135,0.3146067415730337,1.4245718,-1.6213646,-1.4273374,1.6281611
0.3258426966292135,0.3258426966292135,1.4568875,-1.6522131,-1.3728493,1.5751258
0.3258426966292135,0.33707865168539325,1.4878622,-1.6807489,-1.3106536,1.5156215
0.3258426966292135,0.348314606741573,1.5175885,-1.7063371,-1.2412494,1.4492762
0.3258426966292135,0.3595505617977528,1.5459703,-1.7285248,-1.165199,1.3754624
0.3258426966292135,0.3707865168539326,1.5727293,-1.7471323,-1.0830125,1.293721
0.3258426966292135,0.38202247191011235,1.5974756,-1.7622609,-0.99504846,1.2040725
0.3258426966292135,0.3932584269662921,1.6198196,-1.7742442,-0.9015428,1.107142
0.3258426966292135,0.4044943820224719,1.6394724,-1.7835456,-0.80274785,1.0040654
0.3258426966292135,0.4157303370786517,1.6563025,-1.7905954,-0.69907457,0.8962538
0.3258426966292135,0.42696629213483145,1.6703436,-1.7956426,-0.5911434,0.7850377
0.3258426966292135,0.4382022471910112,1.6817588,-1.7986734,-0.47967398,0.6713013
0.3258426966292135,0.449438202247191,1.6907732,-1.7994742,-0.36535203,0.55537987
0.3258426966292135,0.4606741573033708,1.6976087,-1.7977723,-0.24873228,0.4371098
0.3258426966292135,0.47191011235955055,1.7024308,-1.793395,-0.13029382,0.31618476
0.3258426966292135,0.4831460674157303,1.7053275,-1.7863362,-0.010570031,0.1925921
0.3258426966292135,0.4943820224719101,1.7063233,-1.7767416,0.10974896,0.06682405
0.3258426966292135,0.5056179775280899,1.7054063,-1.7648145,0.22985084,-0.060080778
0.3258426966292135,0.5168539325842696,1.702568,-1.7507553,0.3489501,-0.18685994
0.3258426966292135,0.5280898876404494,1.6978298,-1.7347071,0.46644294,-0.31236726
0.3258426966292135,0.5393258426966292,1.6912559,-1.7167501,0.5819624,-0.43576288
0.3258426966292135,0.550561797752809,1.6829437,-1.6969113,0.6952936,-0.55648124
0.3258426966292135,0.5617977528089888,1.6729952,-1.6752112,0.8062054,-0.67405635
0.3258426966292135,0.5730337078651685,1.6614739,-1.6517133,0.91430986,-0.78797466
0.3258426966292135,0.5842696629213483,1.6483661,-1.6265846,1.0190297,-0.8977003
0.3258426966292135,0.5955056179775281,1.6335598,-1.6000792,1.1196644,-1.0028025
0.3258426966292135,0.6067415730337078,1.6168513,-1.5724078,1.2154936,-1.1030718
0.3258426966292135,0.6179775280898876,1.5979818,-1.5435783,1.3058467,-1.1984018
0.3258426966292135,0.6292134831460674,1.5767039,-1.5132893,1.3901203,-1.2884899
0.3258426966292135,0.6404494382022472,1.552849,-1.4810542,1.4677721,-1.3726048
0.3258426966292135,0.651685393258427,1.526376,-1.4464751,1.5383459,-1.4496826
0.3258426966292135,0.6629213483146067,1.4973673,-1.4095296,1.6015155,-1.5188032
0.3258426966292135,0.6741573033707865,1.4659826,-1.3706508,1.6570889,-1.5796198
0.3258426966292135,0.6853932584269663,1.432401,-1.3305478,1.7049261,-1.6323686
0.3258426966292135,0.696629213483146,1.396784,-1.2899002,1.7448219,-1.6774896
0.3258426966292135,0.7078651685393258,1.3592705,-1.2491053,1.77645,-1.7150483
0.3258426966292135,0.7191011235955056,1.3199873,-1.2081758,1.7994716,-1.744565
0.3258426966292135,0.7303370786516854,1.279057,-1.166838,1.8136985,-1.7652822
0.3258426966292135,0.7415730337078652,1.2365943,-1.1247182,1.8191943,-1.7766442
0.3258426966292135,0.7528089887640449,1.192704,-1.0815505,1.8162053,-1.778605
0.3258426966292135,0.7640449438202247,1.1474805,-1.0372888,1.8049757,-1.7715595
0.3258426966292135,0.7752808988764045,1.1010133,-0.99209535,1.785589,-1.7560629
0.3258426966292135,0.7865168539325842,1.0533864,-0.946214,1.7579339,-1.7324574
0.3258426966292135,0.797752808988764,1.0046731,-0.8997943,1.7218149,-1.7007463
0.3258426966292135,0.8089887640449438,0.95492375,-0.8527856,1.677127,-1.6606222
0.3258426966292135,0.8202247191011236,0.9041605,-0.8049609,1.6239914,-1.6117318
0.3258426966292135,0.8314606741573034,0.8523849,-0.75608885,1.5627772,-1.5539926
0.3258426966292135,0.8426966292134831,0.79959786,-0.70615125,1.4940116,-1.4878062
0.3258426966292135,0.8539325842696629,0.7458246,-0.6554552,1.4182357,-1.4139969
0.3258426966292135,0.8651685393258427,0.69113207,-0.60453284,1.3358883,-1.3334763
0.3258426966292135,0.8764044943820224,0.6356228,-0.5538737,1.2473071,-1.2469003
0.3258426966292135,0.8876404494382022,0.5794105,-0.5036791,1.152829,-1.1545775
0.3258426966292135,0.898876404494382,0.52259403,-0.45379585,1.052911,-1.0567096
0.3258426966292135,0.9101123595505618,0.4652525,-0.40387264,0.94814855,-0.9536285
0.3258426966292135,0.9213483146067416,0.40746576,-0.35358787,0.8391814,-0.8458054
0.3258426966292135,0.9325842696629213,0.34933963,-0.3028101,0.72654897,-0.7335972
0.3258426966292135,0.9438202247191011,0.29101735,-0.25163734,0.6106203,-0.6170694
0.3258426966292135,0.9550561797752809,0.23265965,-0.20033787,0.4916737,-0.4961994
0.3258426966292135,0.9662921348314606,0.1743972,-0.14925621,0.37011334,-0.3714924
0.3258426966292135,0.9775280898876404,0.1162722,-0.09871617,0.24671528,-0.24472389
0.3258426966292135,0.9887640449438202,0.058204792,-0.048943684,0.12277092,-0.119324684
0.3258426966292135,1.0,-1.4453113e-07,1.2027057e-07,-3.0105994e-07,2.8384235e-07
0.33707865168539325,0.0,-0.0,0.0,0.0,-0.0
0.33707865168539325,0.011235955056179775,0.056344286,-0.069562085,-0.11427607,0.11877253
0.33707865168539325,0.02247191011235955,0.11328392,-0.13958564,-0.23072916,0.2393855
0.33707865168539325,0.033707865168539325,0.17112662,-0.2098219,-0.3473392,0.35940796
0.33707865168539325,0.0449438202247191,0.23001765,-0.28013107,-0.46222574,0.47732916
0.33707865168539325,0.056179775280898875,0.2899255,-0.35036102,-0.5740107,0.5923047
0.33707865168539325,0.06741573033707865,0.35066113,-0.4202573,-0.68193877,0.70378274
0.33707865168539325,0.07865168539325842,0.4119172,-0.4894817,-0.7857559,0.8112528
0.33707865168539325,0.0898876404494382,0.47331503,-0.55772287,-0.88543403,0.9142514
0.33707865168539325,0.10112359550561797,0.5344521,-0.6247945,-0.9808765,1.0124747
0.33707865168539325,0.11235955056179775,0.594943,-0.69064116,-1.0717372,1.1058222
0.33707865168539325,0.12359550561797752,0.6544495,-0.7552566,-1.157421,1.1942797
0.33707865168539325,0.1348314606741573,0.7127005,-0.81858504,-1.2372271,1.277673
0.33707865168539325,0.14606741573033707,0.76950485,-0.88048536,-1.3105272,1.3554932
0.33707865168539325,0.15730337078651685,0.82476187,-0.9407704,-1.3768618,1.4268991
0.33707865168539325,0.16853932584269662,0.87846076,-0.99930054,-1.4359105,1.4909476
0.33707865168539325,0.1797752808988764,0.93067056,-1.0560484,-1.4873946,1.5468732
0.33707865168539325,0.19101123595505617,0.9815125,-1.1110713,-1.5310129,1.5942872
0.33707865168539325,0.20224719101123595,1.031119,-1.1644015,-1.566463,1.6332154
0.33707865168539325,0.21348314606741572,1.0795966,-1.2159228,-1.5935221,1.6639404
0.33707865168539325,0.2247191011235955,1.1269958,-1.2653245,-1.6121163,1.6867582
0.33707865168539325,0.23595505617977527,1.1732923,-1.312183,-1.6223223,1.7017814
0.33707865168539325,0.24719101123595505,1.218388,-1.3561435,-1.6242964,1.7087848
0.33707865168539325,0.2584269662921348,1.2621204,-1.3970997,-1.6181759,1.7072695
0.33707865168539325,0.2696629213483146,1.3042923,-1.4352845,-1.6040164,1.6966678
0.33707865168539325,0.2808988764044944,1.3447177,-1.471192,-1.5817691,1.676683
0.33707865168539325,0.29213483146067415,1.3832746,-1.5053663,-1.5513256,1.6475748
0.33707865168539325,0.3033707865168539,1.4199502,-1.5381362,-1.5125803,1.6101321
0.33707865168539325,0.3146067415730337,1.4548537,-1.5694509,-1.465508,1.5653827
0.33707865168539325,0.3258426966292135,1.4881696,-1.5988971,-1.4102303,1.5141243
0.33707865168539325,0.33707865168539325,1.5200725,-1.6258743,-1.3470523,1.4565592
0.33707865168539325,0.348314606741573,1.5506195,-1.6498097,-1.2764478,1.3923738
0.33707865168539325,0.3595505617977528,1.5796881,-1.6703122,-1.198975,1.3210521
0.33707865168539325,0.3707865168539326,1.6069847,-1.6872407,-1.1151578,1.2422379
0.33707865168539325,0.38202247191011235,1.6321251,-1.7007124,-1.0253825,1.1560206
0.33707865168539325,0.3932584269662921,1.6547436,-1.7110779,-0.929913,1.0630051
0.33707865168539325,0.4044943820224719,1.6745847,-1.718823,-0.8290265,0.9642533
0.33707865168539325,0.4157303370786517,1.6915555,-1.7244273,-0.72315884,0.86106765
0.33707865168539325,0.42696629213483145,1.7057203,-1.7281978,-0.6129435,0.75465417
0.33707865168539325,0.4382022471910112,1.717263,-1.7301768,-0.49913263,0.64581436
0.33707865168539325,0.449438202247191,1.7264211,-1.7301849,-0.38243103,0.5347736
0.33707865168539325,0.4606741573033708,1.7334185,-1.7279532,-0.26342,0.4213064
0.33707865168539325,0.47191011235955055,1.7384123,-1.7232854,-0.1425971,0.30507624
0.33707865168539325,0.4831460674157303,1.7414746,-1.7161347,-0.020512521,0.186041
0.33707865168539325,0.4943820224719101,1.7426043,-1.7065912,0.10214431,0.064756356
0.33707865168539325,0.5056179775280899,1.7417647,-1.6948214,0.22457862,-0.057695556
0.33707865168539325,0.5168539325842696,1.738925,-1.6809915,0.34603932,-0.17998388
0.33707865168539325,0.5280898876404494,1.734094,-1.665235,0.46597996,-0.30091798
0.33707865168539325,0.5393258426966292,1.7273332,-1.6476283,0.58409077,-0.41968328
0.33707865168539325,0.550561797752809,1.7187455,-1.6281898,0.7001819,-0.535763
0.33707865168539325,0.5617977528089888,1.7084421,-1.606917,0.81398696,-0.6487751
0.33707865168539325,0.5730337078651685,1.6964985,-1.5838377,0.9250279,-0.7582603
0.33707865168539325,0.5842696629213483,1.6829154,-1.5590925,1.032589,-0.86369723
0.33707865168539325,0.5955056179775281,1.6675967,-1.532934,1.1358387,-0.9646397
0.33707865168539325,0.6067415730337078,1.6503569,-1.5056245,1.2339537,-1.060827
0.33707865168539325,0.6179775280898876,1.6309515,-1.4772364,1.3262285,-1.1521276
0.33707865168539325,0.6292134831460674,1.6091386,-1.4475421,1.4120829,-1.238279
0.33707865168539325,0.6404494382022472,1.5847461,-1.4160811,1.4910475,-1.318659
0.33707865168539325,0.651685393258427,1.5577205,-1.3824464,1.562763,-1.3923665
0.33707865168539325,0.6629213483146067,1.528131,-1.3465755,1.6269962,-1.458622
0.33707865168539325,0.6741573033707865,1.4961283,-1.3088582,1.683611,-1.5171523
0.33707865168539325,0.6853932584269663,1.4618903,-1.2699754,1.7324699,-1.5681576
0.33707865168539325,0.696629213483146,1.4255841,-1.2305982,1.7733176,-1.6119272
0.33707865168539325,0.7078651685393258,1.3873547,-1.1911184,1.8057667,-1.6483531
0.33707865168539325,0.7191011235955056,1.3473344,-1.1515588,1.829424,-1.6768255
0.33707865168539325,0.7303370786516854,1.3056428,-1.1116569,1.8440974,-1.6965765
0.33707865168539325,0.7415730337078652,1.262389,-1.0710592,1.849878,-1.7071424
0.33707865168539325,0.7528089887640449,1.2176679,-1.0295198,1.8470567,-1.7086104
0.33707865168539325,0.7640449438202247,1.1715696,-0.9870067,1.835914,-1.7014953
0.33707865168539325,0.7752808988764045,1.1241814,-0.9436828,1.8165377,-1.6863921
0.33707865168539325,0.7865168539325842,1.0755911,-0.89977634,1.7887982,-1.6636343
0.33707865168539325,0.797752808988764,1.0258781,-0.85541266,1.7524618,-1.6331574
0.33707865168539325,0.8089887640449438,0.9751006,-0.8105072,1.7073855,-1.5945823
0.33707865168539325,0.8202247191011236,0.9232857,-0.76480085,1.6536642,-1.547512
0.33707865168539325,0.8314606741573034,0.87043774,-0.71804076,1.5916588,-1.491858
0.33707865168539325,0.8426966292134831,0.81655633,-0.67020404,1.5219102,-1.4280583
0.33707865168539325,0.8539325842696629,0.7616654,-0.62161386,1.4449728,-1.3569877
0.33707865168539325,0.8651685393258427,0.7058317,-0.572838,1.3612999,-1.2796059
0.33707865168539325,0.8764044943820224,0.64915985,-0.5244076,1.271226,-1.1965548
0.33707865168539325,0.8876404494382022,0.59176815,-0.4765538,1.1750813,-1.1080881
0.33707865168539325,0.898876404494382,0.5337599,-0.42913476,1.0733165,-1.0143176
0.33707865168539325,0.9101123595505618,0.47521657,-0.38178858,0.96653754,-0.91550535
0.33707865168539325,0.9213483146067416,0.41621906,-0.3341747,0.8554098,-0.81208664
0.33707865168539325,0.9325842696629213,0.35687292,-0.28614277,0.7405067,-0.7044096
0.33707865168539325,0.9438202247191011,0.2973217,-0.23777413,0.6222303,-0.59253734
0.33707865168539325,0.9550561797752809,0.23772669,-0.18931639,0.5008908,-0.47642466
0.33707865168539325,0.9662921348314606,0.1782184,-0.14108449,0.37692547,-0.35654658
0.33707865168539325,0.9775280898876404,0.11883674,-0.09336224,0.25115335,-0.23466508
0.33707865168539325,0.9887640449438202,0.05949742,-0.046328627,0.12491912,-0.114229955
0.33707865168539325,1.0,-1.4776217e-07,1.1397978e-07,-3.0616096e-07,2.710081e-07
0.348314606741573,0.0,-0.0,0.0,0.0,-0.0
0.348314606741573,0.011235955056179775,0.057541724,-0.06692189,-0.116690464,0.113607876
0.348314606741573,0.02247191011235955,0.11568394,-0.13432182,-0.2355011,0.22878776
0.348314606741573,0.033707865168539325,0.17472713,-0.20197688,-0.3544332,0.34326547
0.348314606741573,0.0449438202247191,0.23480834,-0.2697699,-0.4716371,0.45571017
0.348314606741573,0.056179775280898875,0.29588893,-0.33755836,-0.5857634,0.5654034
0.348314606741573,0.06741573033707865,0.3577763,-0.40507933,-0.69606805,0.6718221
0.348314606741573,0.07865168539325842,0.42016336,-0.47197163,-0.8022852,0.77441007
0.348314606741573,0.0898876404494382,0.48267537,-0.5378971,-0.90435433,0.8726416
0.348314606741573,0.10112359550561797,0.5449136,-0.6026456,-1.0021423,0.9661941
0.348314606741573,0.11235955056179775,0.6064941,-0.6661444,-1.0952761,1.0550246
0.348314606741573,0.12359550561797752,0.66707534,-0.728372,-1.1831406,1.1392152
0.348314606741573,0.1348314606741573,0.72637886,-0.78926253,-1.2650172,1.2187063
0.348314606741573,0.14606741573033707,0.78420436,-0.8486712,-1.3402565,1.2930622
0.348314606741573,0.15730337078651685,0.8404428,-0.9064156,-1.4083722,1.3614614
0.348314606741573,0.16853932584269662,0.89508,-0.96237355,-1.4690167,1.4229162
0.348314606741573,0.1797752808988764,0.9481883,-1.0165457,-1.5218902,1.4765944
0.348314606741573,0.19101123595505617,0.9998976,-1.0690391,-1.5666795,1.5220712
0.348314606741573,0.20224719101123595,1.0503541,-1.119944,-1.6030774,1.559347
0.348314606741573,0.21348314606741572,1.0996798,-1.1692108,-1.6308705,1.5887368
0.348314606741573,0.2247191011235955,1.1479377,-1.2165824,-1.650001,1.6105806
0.348314606741573,0.23595505617977527,1.195114,-1.2616695,-1.6605614,1.6250154
0.348314606741573,0.24719101123595505,1.2411152,-1.304118,-1.6627214,1.6318417
0.348314606741573,0.2584269662921348,1.2857803,-1.3437854,-1.6566272,1.630563
0.348314606741573,0.2696629213483146,1.3289084,-1.3808327,-1.6423403,1.6206117
0.348314606741573,0.2808988764044944,1.370307,-1.4156556,-1.6198273,1.6016862
0.348314606741573,0.29213483146067415,1.4098432,-1.448684,-1.5889921,1.5739864
0.348314606741573,0.3033707865168539,1.4474901,-1.4801474,-1.5497365,1.5382483
0.348314606741573,0.3146067415730337,1.483336,-1.5099378,-1.5020345,1.4954083
0.348314606741573,0.3258426966292135,1.5175424,-1.5376477,-1.4459895,1.4461805
0.348314606741573,0.33707865168539325,1.5502535,-1.5627437,-1.3818815,1.3907895
0.348314606741573,0.348314606741573,1.5814993,-1.5847474,-1.3101594,1.3290179
0.348314606741573,0.3595505617977528,1.6111358,-1.6033587,-1.2313815,1.2604809
0.348314606741573,0.3707865168539326,1.6388636,-1.6184921,-1.146081,1.1849728
0.348314606741573,0.38202247191011235,1.6643103,-1.6302866,-1.0546659,1.1026175
0.348314606741573,0.3932584269662921,1.6871382,-1.6390877,-0.9574279,1.01399
0.348314606741573,0.4044943820224719,1.7071307,-1.6453849,-0.85466677,0.9200328
0.348314606741573,0.4157303370786517,1.7242315,-1.6496729,-0.7468331,0.82192165
0.348314606741573,0.42696629213483145,1.7385364,-1.6522915,-0.6345788,0.72076035
0.348314606741573,0.4382022471910112,1.7502484,-1.6533183,-0.5186623,0.6172485
0.348314606741573,0.449438202247191,1.7596142,-1.6525967,-0.39980218,0.51155096
0.348314606741573,0.4606741573033708,1.766856,-1.6498581,-0.27859175,0.4033878
0.348314606741573,0.47191011235955055,1.7721187,-1.6448876,-0.15554428,0.2923941
0.348314606741573,0.4831460674157303,1.7754537,-1.6376051,-0.031221822,0.17853427
0.348314606741573,0.4943820224719101,1.7768312,-1.6280684,0.09367495,0.062387243
0.348314606741573,0.5056179775280899,1.7761815,-1.6164138,0.21835572,-0.054917447
0.348314606741573,0.5168539325842696,1.7734452,-1.6027888,0.3420886,-0.17201371
0.348314606741573,0.5280898876404494,1.7686112,-1.5873238,0.4643697,-0.2877129
0.348314606741573,0.5393258426966292,1.7617325,-1.5700886,0.5849281,-0.40120846
0.348314606741573,0.550561797752809,1.7529126,-1.5510882,0.7035925,-0.5120577
0.348314606741573,0.5617977528089888,1.7422732,-1.5302873,0.8200674,-0.6199369
0.348314606741573,0.5730337078651685,1.7299055,-1.507673,0.93378145,-0.7244441
0.348314606741573,0.5842696629213483,1.7158321,-1.4833554,1.043899,-0.825057
0.348314606741573,0.5955056179775281,1.6999831,-1.4575998,1.1494693,-0.92131484
0.348314606741573,0.6067415730337078,1.6821957,-1.4307218,1.249598,-1.0129302
0.348314606741573,0.6179775280898876,1.662244,-1.4028809,1.3435665,-1.0997834
0.348314606741573,0.6292134831460674,1.6398941,-1.3739241,1.4308363,-1.181658
0.348314606741573,0.6404494382022472,1.6149681,-1.3434272,1.5110228,-1.2580439
0.348314606741573,0.651685393258427,1.5874006,-1.3109635,1.5838534,-1.3281487
0.348314606741573,0.6629213483146067,1.5572457,-1.2764158,1.6491674,-1.3912964
0.348314606741573,0.6741573033707865,1.5246452,-1.2401161,1.7068566,-1.4472209
0.348314606741573,0.6853932584269663,1.4897755,-1.2027066,1.7567601,-1.4960927
0.348314606741573,0.696629213483146,1.4528074,-1.1648417,1.7985648,-1.5380785
0.348314606741573,0.7078651685393258,1.4138926,-1.1269108,1.8318229,-1.5729787
0.348314606741573,0.7191011235955056,1.3731652,-1.0889477,1.8561068,-1.6001304
0.348314606741573,0.7303370786516854,1.3307436,-1.0507008,1.8712313,-1.6188025
0.348314606741573,0.7415730337078652,1.2867299,-1.0118312,1.8773245,-1.6285987
0.348314606741573,0.7528089887640449,1.2412144,-0.9721085,1.8747208,-1.6296889
0.348314606741573,0.7640449438202247,1.194282,-0.9315178,1.8637229,-1.6226424
0.348314606741573,0.7752808988764045,1.1460209,-0.8902285,1.8444226,-1.60806
0.348314606741573,0.7865168539325842,1.0965225,-0.8484714,1.8166593,-1.5862416
0.348314606741573,0.797752808988764,1.0458717,-0.80635923,1.7801644,-1.5570779
0.348314606741573,0.8089887640449438,0.99413174,-0.7637901,1.7347608,-1.5201654
0.348314606741573,0.8202247191011236,0.94133276,-0.7204785,1.6805252,-1.4751056
0.348314606741573,0.8314606741573034,0.8874791,-0.6761489,1.6178225,-1.4218454
0.348314606741573,0.8426966292134831,0.8325692,-0.63076293,1.5472075,-1.3608652
0.348314606741573,0.8539325842696629,0.7766257,-0.58464617,1.4692507,-1.293072
0.348314606741573,0.8651685393258427,0.71971637,-0.538382,1.3844099,-1.2194102
0.348314606741573,0.8764044943820224,0.66194904,-0.49252504,1.2930132,-1.14047
0.348314606741573,0.8876404494382022,0.6034467,-0.4473258,1.1953778,-1.0564094
0.348314606741573,0.898876404494382,0.54431635,-0.402649,1.0919499,-0.9672532
0.348314606741573,0.9101123595505618,0.48464113,-0.3581282,0.983349,-0.87321943
0.348314606741573,0.9213483146067416,0.42450082,-0.3134123,0.8702679,-0.7747361
0.348314606741573,0.9325842696629213,0.3640006,-0.2683421,0.7533137,-0.67216766
0.348314606741573,0.9438202247191011,0.30328435,-0.22298734,0.632918,-0.5655705
0.348314606741573,0.9550561797752809,0.24251476,-0.17757808,0.5094149,-0.45485744
0.348314606741573,0.9662921348314606,0.18182361,-0.13239764,0.3832653,-0.3404361
0.348314606741573,0.9775280898876404,0.12125092,-0.087683946,0.25531822,-0.22399579
0.348314606741573,0.9887640449438202,0.06071068,-0.043563016,0.1269568,-0.10893642
0.348314606741573,1.0,-1.5078379e-07,1.0734788e-07,-3.1106578e-07,2.579988e-07
0.3595505617977528,0.0,-0.0,0.0,0.0,-0.0
0.3595505617977528,0.011235955056179775,0.058691025,-0.06408833,-0.11910274,0.10804986
0.3595505617977528,0.02247191011235955,0.11798689,-0.1286619,-0.24025126,0.21732333
0.3595505617977528,0.033707865168539325,0.17818072,-0.19352128,-0.36146903,0.3257031
0.3595505617977528,0.0449438202247191,0.23940097,-0.25857377,-0.48093712,0.43206516
0.3595505617977528,0.056179775280898875,0.30160108,-0.32369295,-0.5973311,0.5358618
0.3595505617977528,0.06741573033707865,0.36458373,-0.38861313,-0.7099132,0.6366401
0.3595505617977528,0.07865168539325842,0.42804173,-0.45295382,-0.8184015,0.73383063
0.3595505617977528,0.0898876404494382,0.49160343,-0.5163447,-0.9227071,0.8268507
0.3595505617977528,0.10112359550561797,0.55487543,-0.5785432,-1.0226724,0.9153461
0.3595505617977528,0.11235955056179775,0.6174763,-0.63944674,-1.1179137,0.99928814
0.3595505617977528,0.12359550561797752,0.67906356,-0.69901705,-1.2078153,1.0788258
0.3595505617977528,0.1348314606741573,0.7393532,-0.757184,-1.2916522,1.153984
0.3595505617977528,0.14606741573033707,0.7981377,-0.81380934,-1.3687541,1.2243965
0.3595505617977528,0.15730337078651685,0.8553003,-0.86872894,-1.4385995,1.2892704
0.3595505617977528,0.16853932584269662,0.91082287,-0.921843,-1.5007992,1.347605
0.3595505617977528,0.1797752808988764,0.9647779,-0.9731827,-1.5550193,1.3985302
0.3595505617977528,0.19101123595505617,1.0173013,-1.0228893,-1.6009305,1.4415933
0.3595505617977528,0.20224719101123595,1.0685496,-1.071103,-1.6382267,1.4768265
0.3595505617977528,0.21348314606741572,1.1186574,-1.117826,-1.6667116,1.5045813
0.3595505617977528,0.2247191011235955,1.1677015,-1.1628565,-1.686349,1.5252684
0.3595505617977528,0.23595505617977527,1.21568,-1.2058396,-1.6972526,1.5390551
0.3595505617977528,0.24719101123595505,1.2625072,-1.2464339,-1.6995976,1.545759
0.3595505617977528,0.2584269662921348,1.308024,-1.2844706,-1.6935362,1.5448867
0.3595505617977528,0.2696629213483146,1.3520262,-1.3200421,-1.6791284,1.535855
0.3595505617977528,0.2808988764044944,1.3943115,-1.3534462,-1.656349,1.5183164
0.3595505617977528,0.29213483146067415,1.4347328,-1.3849978,-1.6251136,1.4924104
0.3595505617977528,0.3033707865168539,1.4732462,-1.4148253,-1.5853412,1.4587569
0.3595505617977528,0.3146067415730337,1.5099196,-1.442773,-1.5370117,1.4181798
0.3595505617977528,0.3258426966292135,1.5448909,-1.4684519,-1.4802169,1.3713276
0.3595505617977528,0.33707865168539325,1.5782822,-1.4914151,-1.4152217,1.3184323
0.3595505617977528,0.348314606741573,1.6101019,-1.5113072,-1.342458,1.2594162
0.3595505617977528,0.3595505617977528,1.6401943,-1.527938,-1.2624773,1.1940637
0.3595505617977528,0.3707865168539326,1.6682602,-1.5412935,-1.1758199,1.1223046
0.3595505617977528,0.38202247191011235,1.6939433,-1.5515254,-1.0829151,1.0443013
0.3595505617977528,0.3932584269662921,1.7169362,-1.5589576,-0.9840806,0.96052766
0.3595505617977528,0.4044943820224719,1.7370598,-1.5640403,-0.87963575,0.87180513
0.3595505617977528,0.4157303370786517,1.7542951,-1.5672497,-0.77004826,0.77916056
0.3595505617977528,0.42696629213483145,1.7687666,-1.5689214,-0.655982,0.68357825
0.3595505617977528,0.4382022471910112,1.7806959,-1.569144,-0.5381954,0.58571273
0.3595505617977528,0.449438202247191,1.7903355,-1.56777,-0.4174067,0.48570818
0.3595505617977528,0.4606741573033708,1.7979015,-1.5645356,-0.2942056,0.38326746
0.3595505617977528,0.47191011235955055,1.8035245,-1.5592119,-0.16910999,0.27801374
0.3595505617977528,0.4831460674157303,1.8072302,-1.5517056,-0.042691346,0.1699271
0.3595505617977528,0.4943820224719101,1.8089557,-1.5420625,0.08433837,0.05958969
0.3595505617977528,0.5056179775280899,1.8085952,-1.5304084,0.2111741,-0.05184293
0.3595505617977528,0.5168539325842696,1.8060558,-1.5168936,0.33708453,-0.16301322
0.3595505617977528,0.5280898876404494,1.8013008,-1.5016471,0.4615804,-0.2727521
0.3595505617977528,0.5393258426966292,1.794369,-1.4847375,0.5844192,-0.38031912
0.3595505617977528,0.550561797752809,1.7853628,-1.4661533,0.70543885,-0.48534772
0.3595505617977528,0.5617977528089888,1.7744133,-1.4458195,0.82430965,-0.58757424
0.3595505617977528,0.5730337078651685,1.7616317,-1.42368,0.94038606,-0.6866111
0.3595505617977528,0.5842696629213483,1.7470676,-1.3998185,1.0527315,-0.7819387
0.3595505617977528,0.5955056179775281,1.7306811,-1.3745158,1.1603072,-0.87307215
0.3595505617977528,0.6067415730337078,1.71234,-1.3481494,1.2621766,-0.9597063
0.3595505617977528,0.6179775280898876,1.6918383,-1.3209703,1.3576269,-1.0417613
0.3595505617977528,0.6292134831460674,1.6689492,-1.2929019,1.4461845,-1.1190884
0.3595505617977528,0.6404494382022472,1.6434919,-1.2635537,1.5275385,-1.1912546
0.3595505617977528,0.651685393258427,1.6153866,-1.2324711,1.6015021,-1.2575569
0.3595505617977528,0.6629213483146067,1.5846752,-1.1994733,1.6679527,-1.3173525
0.3595505617977528,0.6741573033707865,1.5514908,-1.1648202,1.7267853,-1.3703713
0.3595505617977528,0.6853932584269663,1.516008,-1.129109,1.7777945,-1.4167247
0.3595505617977528,0.696629213483146,1.4784013,-1.0929736,1.820605,-1.4565448
0.3595505617977528,0.7078651685393258,1.438827,-1.0568094,1.8547084,-1.4895908
0.3595505617977528,0.7191011235955056,1.3974197,-1.020654,1.8796607,-1.5152409
0.3595505617977528,0.7303370786516854,1.354295,-0.98426825,1.8952876,-1.5328014
0.3595505617977528,0.7415730337078652,1.3095508,-0.9473246,1.9017606,-1.5419319
0.3595505617977528,0.7528089887640449,1.2632729,-0.909606,1.8994462,-1.5428306
0.3595505617977528,0.7640449438202247,1.2155448,-0.87111247,1.8886677,-1.5360554
0.3595505617977528,0.7752808988764045,1.1664575,-0.8320363,1.8695017,-1.5221624
0.3595505617977528,0.7865168539325842,1.1161059,-0.7926171,1.8417625,-1.5014077
0.3595505617977528,0.797752808988764,1.0645798,-0.7529742,1.8051457,-1.4736605
0.3595505617977528,0.8089887640449438,1.0119451,-0.7129956,1.7594516,-1.4385377
0.3595505617977528,0.8202247191011236,0.95823306,-0.67237765,1.704751,-1.395689
0.3595505617977528,0.8314606741573034,0.9034463,-0.63081694,1.6414165,-1.3451153
0.3595505617977528,0.8426966292134831,0.847581,-0.58825314,1.5700216,-1.2873489
0.3595505617977528,0.8539325842696629,0.79065853,-0.54499173,1.4911523,-1.2233002
0.3595505617977528,0.8651685393258427,0.73274827,-0.50161254,1.4052669,-1.1538585
0.3595505617977528,0.8764044943820224,0.67396194,-0.45867506,1.3126795,-1.0795012
0.3595505617977528,0.8876404494382022,0.6144268,-0.41643527,1.2136954,-1.000278
0.3595505617977528,0.898876404494382,0.55425197,-0.37476206,1.1087608,-0.91613823
0.3595505617977528,0.9101123595505618,0.4935203,-0.33328795,0.9985122,-0.82728094
0.3595505617977528,0.9213483146067416,0.4323097,-0.29166335,0.88367325,-0.73416513
0.3595505617977528,0.9325842696629213,0.37072405,-0.24972875,0.7648838,-0.6371909
0.3595505617977528,0.9438202247191011,0.3089079,-0.20754999,0.642601,-0.53641146
0.3595505617977528,0.9550561797752809,0.2470264,-0.1653424,0.51717526,-0.43167964
0.3595505617977528,0.9662921348314606,0.1852148,-0.12335798,0.38907874,-0.32328928
0.3595505617977528,0.9775280898876404,0.12351582,-0.081786394,0.25917503,-0.21279661
0.3595505617977528,0.9887640449438202,0.06184482,-0.040696647,0.12886813,-0.10348306
0.3595505617977528,1.0,-1.5359576e-07,1.0048944e-07,-3.157401e-07,2.4490583e-07
0.3707865168539326,0.0,-0.0,0.0,0.0,-0.0
0.3707865168539326,0.011235955056179775,0.059792113,-0.061084483,-0.12152871,0.10206382
0.3707865168539326,0.02247191011235955,0.12019165,-0.12264567,-0.24500623,0.20493318
0.3707865168539326,0.033707865168539325,0.18148427,-0.18450491,-0.36847845,0.30664924
0.3707865168539326,0.0449438202247191,0.24378935,-0.24659652,-0.49015722,0.40631944
0.3707865168539326,0.056179775280898875,0.3070519,-0.3088171,-0.608743,0.50360835
0.3707865168539326,0.06741573033707865,0.37106892,-0.3709091,-0.7235016,0.59819037
0.3707865168539326,0.07865168539325842,0.4355325,-0.43247643,-0.8341339,0.6895161
0.3707865168539326,0.0898876404494382,0.5000742,-0.49311408,-0.94052625,0.77695924
0.3707865168539326,0.10112359550561797,0.56430584,-0.5525341,-1.0425057,0.86010927
0.3707865168539326,0.11235955056179775,0.62785065,-0.6105956,-1.1396891,0.93890667
0.3707865168539326,0.12359550561797752,0.6903671,-0.66723865,-1.2314719,1.0135207
0.3707865168539326,0.1348314606741573,0.7515689,-0.7223965,-1.317131,1.084021
0.3707865168539326,0.14606741573033707,0.8112431,-0.7759527,-1.3959768,1.1500969
0.3707865168539326,0.15730337078651685,0.8692672,-0.82777745,-1.467447,1.2109915
0.3707865168539326,0.16853932584269662,0.9256187,-0.8778032,-1.5311073,1.2657135
0.3707865168539326,0.1797752808988764,0.98036826,-0.92608696,-1.5865875,1.3133907
0.3707865168539326,0.19101123595505617,1.0336539,-0.9727944,-1.6335394,1.353583
0.3707865168539326,0.20224719101123595,1.085639,-1.0180942,-1.6716734,1.3863713
0.3707865168539326,0.21348314606741572,1.1364691,-1.062025,-1.7008154,1.4121826
0.3707865168539326,0.2247191011235955,1.1862329,-1.1044257,-1.720958,1.4314811
0.3707865168539326,0.23595505617977527,1.2349418,-1.1449829,-1.7322292,1.4444972
0.3707865168539326,0.24719101123595505,1.282518,-1.1833683,-1.734806,1.4510618
0.3707865168539326,0.2584269662921348,1.3288059,-1.2194009,-1.7288271,1.4506714
0.3707865168539326,0.2696629213483146,1.3735961,-1.2531223,-1.714345,1.4427109
0.3707865168539326,0.2808988764044944,1.4166749,-1.2847414,-1.6913307,1.4267944
0.3707865168539326,0.29213483146067415,1.457879,-1.3144686,-1.6597165,1.4029605
0.3707865168539326,0.3033707865168539,1.4971441,-1.3423455,-1.6194377,1.3717113
0.3707865168539326,0.3146067415730337,1.53452,-1.3681688,-1.5704898,1.3337266
0.3707865168539326,0.3258426966292135,1.5701263,-1.3915844,-1.5129695,1.2895749
0.3707865168539326,0.33707865168539325,1.6040688,-1.4122443,-1.4471287,1.2395511
0.3707865168539326,0.348314606741573,1.6363453,-1.4299294,-1.3733891,1.1836982
0.3707865168539326,0.3595505617977528,1.6667957,-1.4445784,-1.2922926,1.1219919
0.3707865168539326,0.3707865168539326,1.6951268,-1.4562516,-1.2043848,1.0544788
0.3707865168539326,0.38202247191011235,1.7210002,-1.4651074,-1.1101155,0.9813213
0.3707865168539326,0.3932584269662921,1.7441368,-1.471422,-1.0098238,0.90288377
0.3707865168539326,0.4044943820224719,1.7643926,-1.4755753,-0.9038577,0.81978995
0.3707865168539326,0.4157303370786517,1.7817818,-1.4779756,-0.79270583,0.7329367
0.3707865168539326,0.42696629213483145,1.7964563,-1.47892,-0.6770396,0.6432089
0.3707865168539326,0.4382022471910112,1.8086531,-1.4784868,-0.55761325,0.5512505
0.3707865168539326,0.449438202247191,1.8186272,-1.4765284,-0.43512636,0.45720714
0.3707865168539326,0.4606741573033708,1.8265864,-1.4727843,-0.31015134,0.36083648
0.3707865168539326,0.47191011235955055,1.8326429,-1.4670305,-0.18319412,0.26178247
0.3707865168539326,0.4831460674157303,1.8367933,-1.4591775,-0.054824997,0.16004519
0.3707865168539326,0.4943820224719101,1.8389393,-1.4492798,0.074227445,0.0561963
0.3707865168539326,0.5056179775280899,1.8389374,-1.4374759,0.2031317,-0.048626225
0.3707865168539326,0.5168539325842696,1.8366592,-1.4239335,0.33113417,-0.1531068
0.3707865168539326,0.5280898876404494,1.8320394,-1.4087886,0.45773354,-0.25616702
0.3707865168539326,0.5393258426966292,1.8251013,-1.3921134,0.5826884,-0.3571602
0.3707865168539326,0.550561797752809,1.8159436,-1.3738768,0.70582986,-0.4558099
0.3707865168539326,0.5617977528089888,1.8047072,-1.3539668,0.82680184,-0.5518961
0.3707865168539326,0.5730337078651685,1.7915246,-1.3322847,0.9449062,-0.64504755
0.3707865168539326,0.5842696629213483,1.7764759,-1.3088924,1.0591369,-0.73470163
0.3707865168539326,0.5955056179775281,1.7595557,-1.2840915,1.1684036,-0.8203337
0.3707865168539326,0.6067415730337078,1.7406619,-1.2583202,1.2717543,-0.9016524
0.3707865168539326,0.6179775280898876,1.7196119,-1.2319182,1.3685101,-0.97861624
0.3707865168539326,0.6292134831460674,1.6961862,-1.2048826,1.4582578,-1.051153
0.3707865168539326,0.6404494382022472,1.6702003,-1.1768488,1.5407667,-1.1189052
0.3707865168539326,0.651685393258427,1.6415629,-1.1473298,1.6159016,-1.1812185
0.3707865168539326,0.6629213483146067,1.6103044,-1.1160691,1.6835657,-1.2374377
0.3707865168539326,0.6741573033707865,1.5765512,-1.0832534,1.7436267,-1.2872554
0.3707865168539326,0.6853932584269663,1.5404769,-1.0494275,1.795824,-1.3307575
0.3707865168539326,0.696629213483146,1.5022593,-1.0152076,1.8397105,-1.3680588
0.3707865168539326,0.7078651685393258,1.4620558,-0.9809929,1.8747277,-1.3989873
0.3707865168539326,0.7191011235955056,1.4200004,-0.94683325,1.9004198,-1.4229851
0.3707865168539326,0.7303370786516854,1.3762054,-0.9124967,1.9166297,-1.439434
0.3707865168539326,0.7415730337078652,1.3307648,-0.8776659,1.9235624,-1.4480264
0.3707865168539326,0.7528089887640449,1.2837614,-0.84213513,1.9216135,-1.4489244
0.3707865168539326,0.7640449438202247,1.2352806,-0.80592376,1.91111,-1.4426086
0.3707865168539326,0.7752808988764045,1.1854161,-0.769247,1.8921189,-1.4295664
0.3707865168539326,0.7865168539325842,1.1342677,-0.7323698,1.8644265,-1.410011
0.3707865168539326,0.797752808988764,1.0819294,-0.69542557,1.8277047,-1.3838129
0.3707865168539326,0.8089887640449438,1.0284684,-0.6583046,1.781739,-1.3506367
0.3707865168539326,0.8202247191011236,0.9739152,-0.62068695,1.726602,-1.3102117
0.3707865168539326,0.8314606741573034,0.91827005,-0.58224016,1.662683,-1.2626238
0.3707865168539326,0.8426966292134831,0.86152655,-0.54286677,1.5905722,-1.2084343
0.3707865168539326,0.8539325842696629,0.80370516,-0.50284034,1.510866,-1.148527
0.3707865168539326,0.8651685393258427,0.7448772,-0.4627153,1.4240175,-1.0836861
0.3707865168539326,0.8764044943820224,0.685158,-0.42303687,1.3303285,-1.014256
0.3707865168539326,0.8876404494382022,0.62467736,-0.38405487,1.2300948,-0.9401658
0.3707865168539326,0.898876404494382,0.5635446,-0.3456374,1.1237692,-0.86131144
0.3707865168539326,0.9101123595505618,0.50184005,-0.30742237,1.0120122,-0.77791387
0.3707865168539326,0.9213483146067416,0.43963814,-0.2690688,0.8955851,-0.6905023
0.3707865168539326,0.9325842696629213,0.37704068,-0.2304262,0.77515984,-0.5995325
0.3707865168539326,0.9438202247191011,0.31419286,-0.19156435,0.6512162,-0.5050594
0.3707865168539326,0.9550561797752809,0.251264,-0.15268776,0.5241106,-0.40685105
0.3707865168539326,0.9662921348314606,0.18839474,-0.11401839,0.39431417,-0.3050461
0.3707865168539326,0.9775280898876404,0.12563352,-0.07569847,0.26268792,-0.20101148
0.3707865168539326,0.9887640449438202,0.06290094,-0.037739694,0.13063529,-0.09783309
0.3707865168539326,1.0,-1.562005e-07,9.341696e-08,-3.2014276e-07,2.3161918e-07
0.38202247191011235,0.0,-0.0,0.0,0.0,-0.0
0.38202247191011235,0.011235955056179775,0.06084582,-0.05790354,-0.12395136,0.095581
0.38202247191011235,0.02247191011235955,0.122297734,-0.116258204,-0.2497287,0.19151364
0.38202247191011235,0.033707865168539325,0.18463352,-0.17490287,-0.3754006,0.286001
0.38202247191011235,0.0449438202247191,0.24796322,-0.2338004,-0.4992126,0.37839827
0.38202247191011235,0.056179775280898875,0.3122235,-0.29287776,-0.61989146,0.46861625
0.38202247191011235,0.06741573033707865,0.37720615,-0.35189483,-0.7367102,0.5564951
0.38202247191011235,0.07865168539325842,0.44260195,-0.41044623,-0.84935457,0.6415452
0.38202247191011235,0.0898876404494382,0.50804627,-0.46808955,-0.95769,0.72310513
0.38202247191011235,0.10112359550561797,0.57315683,-0.524484,-1.0615318,0.80068773
0.38202247191011235,0.11235955056179775,0.6375626,-0.57944,-1.1605027,0.87416583
0.38202247191011235,0.12359550561797752,0.7009253,-0.63287574,-1.25401,0.943666
0.38202247191011235,0.1348314606741573,0.7629593,-0.6847365,-1.3413347,1.0092735
0.38202247191011235,0.14606741573033707,0.8234494,-0.73494875,-1.4217694,1.0707151
0.38202247191011235,0.15730337078651685,0.88226914,-0.7834311,-1.4947149,1.1272727
0.38202247191011235,0.16853932584269662,0.939391,-0.8301592,-1.5596925,1.1779886
0.38202247191011235,0.1797752808988764,0.99488264,-0.87521267,-1.6163019,1.2220179
0.38202247191011235,0.19101123595505617,1.048881,-0.91876656,-1.6641942,1.2589792
0.38202247191011235,0.20224719101123595,1.1015526,-0.96099466,-1.7030979,1.2890091
0.38202247191011235,0.21348314606741572,1.1530503,-1.00195,-1.7328751,1.3126174
0.38202247191011235,0.2247191011235955,1.203474,-1.0414971,-1.7535478,1.330341
0.38202247191011235,0.23595505617977527,1.2528472,-1.0793513,-1.7652497,1.3424398
0.38202247191011235,0.24719101123595505,1.3011007,-1.1152068,-1.7681427,1.3487599
0.38202247191011235,0.2584269662921348,1.3480814,-1.1488838,-1.762336,1.3487896
0.38202247191011235,0.2696629213483146,1.3935744,-1.1803916,-1.7478596,1.3419071
0.38202247191011235,0.2808988764044944,1.4373517,-1.2098744,-1.7246743,1.3276811
0.38202247191011235,0.29213483146067415,1.4792322,-1.2374618,-1.6927248,1.3060626
0.38202247191011235,0.3033707865168539,1.5191325,-1.2631153,-1.651971,1.2774043
0.38202247191011235,0.3146067415730337,1.5570852,-1.2865996,-1.6024305,1.2422519
0.38202247191011235,0.3258426966292135,1.5931976,-1.3075941,-1.5442153,1.2011045
0.38202247191011235,0.33707865168539325,1.6275699,-1.3258497,-1.4775789,1.1542898
0.38202247191011235,0.348314606741573,1.6601977,-1.3412919,-1.4029275,1.1020027
0.38202247191011235,0.3595505617977528,1.6909255,-1.3539909,-1.3207978,1.044399
0.38202247191011235,0.3707865168539326,1.7194705,-1.3640839,-1.231737,0.9816172
0.38202247191011235,0.38202247191011235,1.7455115,-1.3717335,-1.1362097,0.91378
0.38202247191011235,0.3932584269662921,1.7687941,-1.3771518,-1.0345831,0.8411183
0.38202247191011235,0.4044943820224719,1.7892022,-1.3806113,-0.9272411,0.764047
0.38202247191011235,0.4157303370786517,1.8067791,-1.3824208,-0.8146985,0.68328273
0.38202247191011235,0.42696629213483145,1.8216999,-1.3828105,-0.697632,0.5996565
0.38202247191011235,0.4382022471910112,1.8342129,-1.3818226,-0.5767878,0.5138174
0.38202247191011235,0.449438202247191,1.8445743,-1.3793081,-0.4528344,0.42600593
0.38202247191011235,0.4606741573033708,1.8529785,-1.3750191,-0.32630587,0.33603626
0.38202247191011235,0.47191011235955055,1.8595158,-1.3687457,-0.19767769,0.24362975
0.38202247191011235,0.4831460674157303,1.8641516,-1.3604244,-0.06750404,0.14880744
0.38202247191011235,0.4943820224719101,1.8667521,-1.3501321,0.0634704,0.052117378
0.38202247191011235,0.5056179775280899,1.8671364,-1.3380388,0.19437408,-0.04536319
0.38202247191011235,0.5168539325842696,1.8651414,-1.3243322,0.3244075,-0.1424306
0.38202247191011235,0.5280898876404494,1.8606758,-1.3091705,0.45302132,-0.23812453
0.38202247191011235,0.5393258426966292,1.8537474,-1.2926284,0.57994366,-0.3319362
0.38202247191011235,0.550561797752809,1.8444517,-1.2746569,0.70498717,-0.42369184
0.38202247191011235,0.5617977528089888,1.8329396,-1.2551138,0.82777387,-0.51320875
0.38202247191011235,0.5730337078651685,1.8193655,-1.233866,0.9475759,-0.6000949
0.38202247191011235,0.5842696629213483,1.803841,-1.210958,1.0633608,-0.68372613
0.38202247191011235,0.5955056179775281,1.7863957,-1.1867118,1.1740265,-0.76353425
0.38202247191011235,0.6067415730337078,1.7669591,-1.1616243,1.2786342,-0.8392328
0.38202247191011235,0.6179775280898876,1.7453686,-1.1361127,1.3765563,-0.91084
0.38202247191011235,0.6292134831460674,1.7214153,-1.1102391,1.4674367,-0.9783682
0.38202247191011235,0.6404494382022472,1.69491,-1.0836587,1.5511062,-1.0415341
0.38202247191011235,0.651685393258427,1.6657541,-1.0558472,1.6274632,-1.0996714
0.38202247191011235,0.6629213483146067,1.6339664,-1.0264734,1.6964115,-1.1521071
0.38202247191011235,0.6741573033707865,1.5996693,-0.9956474,1.7577777,-1.1984712
0.38202247191011235,0.6853932584269663,1.5630366,-0.96386015,1.8112296,-1.238816
0.38202247191011235,0.696629213483146,1.5242468,-0.9317121,1.8562561,-1.2733107
0.38202247191011235,0.7078651685393258,1.4834579,-0.89960754,1.8922544,-1.3018869
0.38202247191011235,0.7191011235955056,1.4408015,-0.86760724,1.918754,-1.3240997
0.38202247191011235,0.7303370786516854,1.396383,-0.83548915,1.9356194,-1.3394207
0.38202247191011235,0.7415730337078652,1.350293,-0.8029445,1.9430785,-1.3475333
0.38202247191011235,0.7528089887640449,1.3026134,-0.76977795,1.9415452,-1.3485379
0.38202247191011235,0.7640449438202247,1.2534317,-0.73602927,1.9313474,-1.3428053
0.38202247191011235,0.7752808988764045,1.2028455,-0.7019394,1.9125414,-1.3307351
0.38202247191011235,0.7865168539325842,1.15096,-0.667805,1.8848968,-1.3124956
0.38202247191011235,0.797752808988764,1.0978723,-0.63378376,1.8480706,-1.2879822
0.38202247191011235,0.8089887640449438,1.0436513,-0.5997716,1.8018457,-1.2569345
0.38202247191011235,0.8202247191011236,0.9883267,-0.56543887,1.7463018,-1.2191782
0.38202247191011235,0.8314606741573034,0.9318955,-0.53042036,1.6818445,-1.1748725
0.38202247191011235,0.8426966292134831,0.8743503,-0.4945758,1.609076,-1.1245981
0.38202247191011235,0.8539325842696629,0.8157116,-0.458132,1.5285938,-1.069164
0.38202247191011235,0.8651685393258427,0.7560534,-0.42160207,1.4408411,-1.0092123
0.38202247191011235,0.8764044943820224,0.695493,-0.38550124,1.3461077,-0.94493514
0.38202247191011235,0.8876404494382022,0.6341612,-0.3500631,1.2446872,-0.8761587
0.38202247191011235,0.898876404494382,0.5721643,-0.31515124,1.1370503,-0.8027613
0.38202247191011235,0.9101123595505618,0.5095773,-0.280412,1.0238938,-0.7250321
0.38202247191011235,0.9213483146067416,0.4464695,-0.24551818,0.90601945,-0.64360166
0.38202247191011235,0.9325842696629213,0.38293925,-0.2103354,0.78413653,-0.5590076
0.38202247191011235,0.9438202247191011,0.3191329,-0.17494135,0.65874195,-0.4713026
0.38202247191011235,0.9550561797752809,0.25522447,-0.13953361,0.5301923,-0.3801531
0.38202247191011235,0.9662921348314606,0.19136253,-0.1043085,0.39894342,-0.2855054
0.38202247191011235,0.9775280898876404,0.12760423,-0.069364235,0.2658345,-0.18847714
0.38202247191011235,0.9887640449438202,0.06387934,-0.034658913,0.13224633,-0.09189156
0.38202247191011235,1.0,-1.5859904e-07,8.6033786e-08,-3.2424387e-07,2.1787243e-07
0.3932584269662921,0.0,-0.0,0.0,0.0,-0.0
0.3932584269662921,0.011235955056179775,0.0618511,-0.054514475,-0.1263285,0.0885259
0.3932584269662921,0.02247191011235955,0.124300644,-0.10944227,-0.25433546,0.176967
0.3932584269662921,0.033707865168539325,0.18761757,-0.16463612,-0.382112,0.26369008
0.3932584269662921,0.0449438202247191,0.25190315,-0.2200866,-0.5079411,0.34829983
0.3932584269662921,0.056179775280898875,0.31708688,-0.27575475,-0.6305823,0.4309625
0.3932584269662921,0.06741573033707865,0.38295642,-0.33142465,-0.74932176,0.5117075
0.3932584269662921,0.07865168539325842,0.44920266,-0.38668826,-0.86383694,0.5901238
0.3932584269662921,0.0898876404494382,0.5154653,-0.44106537,-0.97397536,0.6655268
0.3932584269662921,0.10112359550561797,0.58136874,-0.4941563,-1.0795406,0.73733497
0.3932584269662921,0.11235955056179775,0.64654887,-0.5457214,-1.1801565,0.8053212
0.3932584269662921,0.12359550561797752,0.71067315,-0.59566015,-1.2752371,0.8695422
0.3932584269662921,0.1348314606741573,0.7734586,-0.6439428,-1.3640649,0.93005884
0.3932584269662921,0.14606741573033707,0.8346902,-0.69055504,-1.4459156,0.9866289
0.3932584269662921,0.15730337078651685,0.89423937,-0.73548377,-1.5201578,1.0385908
0.3932584269662921,0.16853932584269662,0.95207435,-0.7787535,-1.5862813,1.0850328
0.3932584269662921,0.1797752808988764,1.0082573,-0.820463,-1.6438721,1.125178
0.3932584269662921,0.19101123595505617,1.0629219,-0.86077917,-1.6925936,1.1586956
0.3932584269662921,0.20224719101123595,1.1162338,-0.89985573,-1.732209,1.1858075
0.3932584269662921,0.21348314606741572,1.1683506,-0.93773127,-1.762622,1.2070794
0.3932584269662921,0.2247191011235955,1.2193812,-0.9742734,-1.7838758,1.2230966
0.3932584269662921,0.23595505617977527,1.2693585,-1.0092156,-1.7960988,1.2341281
0.3932584269662921,0.24719101123595505,1.3182232,-1.0422764,-1.799416,1.2400348
0.3932584269662921,0.2584269662921348,1.3658228,-1.0732927,-1.7938913,1.2403208
0.3932584269662921,0.2696629213483146,1.4119353,-1.1022673,-1.7795149,1.234374
0.3932584269662921,0.2808988764044944,1.4563184,-1.1293129,-1.7562345,1.2217487
0.3932584269662921,0.29213483146067415,1.4987711,-1.1544973,-1.7240041,1.2023289
0.3932584269662921,0.3033707865168539,1.5391924,-1.1777261,-1.6828166,1.1763345
0.3932584269662921,0.3146067415730337,1.5776016,-1.1987329,-1.6327239,1.1441635
0.3932584269662921,0.3258426966292135,1.6141006,-1.2172203,-1.5738633,1.1062416
0.3932584269662921,0.33707865168539325,1.6487916,-1.2330302,-1.5064914,1.0629383
0.3932584269662921,0.348314606741573,1.681679,-1.2462168,-1.4310126,1.0145768
0.3932584269662921,0.3595505617977528,1.7126199,-1.2569791,-1.3479441,0.9614629
0.3932584269662921,0.3707865168539326,1.741345,-1.2655354,-1.2578332,0.9038151
0.3932584269662921,0.38202247191011235,1.76755,-1.2720561,-1.1611573,0.84171826
0.3932584269662921,0.3932584269662921,1.7909979,-1.2766775,-1.0583218,0.77520883
0.3932584269662921,0.4044943820224719,1.8115932,-1.2795582,-0.94974846,0.7045068
0.3932584269662921,0.4157303370786517,1.8294019,-1.280883,-0.83598405,0.63014823
0.3932584269662921,0.42696629213483145,1.8446145,-1.2807862,-0.71771747,0.5528852
0.3932584269662921,0.4382022471910112,1.8574886,-1.2792699,-0.59567225,0.47342816
0.3932584269662921,0.449438202247191,1.8682753,-1.27618,-0.47047493,0.39212692
0.3932584269662921,0.4606741573033708,1.8771538,-1.2712877,-0.34260467,0.30893216
0.3932584269662921,0.47191011235955055,1.8841884,-1.264416,-0.21248089,0.22364452
0.3932584269662921,0.4831460674157303,1.8893136,-1.2555338,-0.08063958,0.13629399
0.3932584269662921,0.4943820224719101,1.8923596,-1.2447534,0.052168228,0.047408994
0.3932584269662921,0.5056179775280899,1.8931122,-1.2322774,0.18501908,-0.042045783
0.3932584269662921,0.5168539325842696,1.8913782,-1.2183242,0.31703648,-0.13102119
0.3932584269662921,0.5280898876404494,1.887045,-1.2030683,0.44759515,-0.21873684
0.3932584269662921,0.5393258426966292,1.8801082,-1.186589,0.5763614,-0.3048421
0.3932584269662921,0.550561797752809,1.8706636,-1.1688318,0.70310724,-0.3892633
0.3932584269662921,0.5617977528089888,1.8588715,-1.1496246,0.8274447,-0.4718353
0.3932584269662921,0.5730337078651685,1.8449091,-1.1288091,0.94864506,-0.5521075
0.3932584269662921,0.5842696629213483,1.8289175,-1.1064239,1.0656943,-0.62937653
0.3932584269662921,0.5955056179775281,1.8109593,-1.0828019,1.1775154,-0.7030267
0.3932584269662921,0.6067415730337078,1.7909943,-1.0584931,1.2832143,-0.77279985
0.3932584269662921,0.6179775280898876,1.7688807,-1.0339787,1.3822088,-0.8387758
0.3932584269662921,0.6292134831460674,1.7444179,-1.0093781,1.4741976,-0.9010768
0.3932584269662921,0.6404494382022472,1.7174151,-0.98435974,1.5590446,-0.9594491
0.3932584269662921,0.651685393258427,1.6877652,-0.9583665,1.6366647,-1.0132337
0.3932584269662921,0.6629213483146067,1.6554818,-0.93099904,1.7069355,-1.0616872
0.3932584269662921,0.6741573033707865,1.6206825,-0.9022879,1.7696339,-1.1043695
0.3932584269662921,0.6853932584269663,1.5835415,-0.8726746,1.8243637,-1.1413127
0.3932584269662921,0.696629213483146,1.5442375,-0.84273916,1.8705485,-1.1727525
0.3932584269662921,0.7078651685393258,1.5029267,-0.81288934,1.9075512,-1.1987675
0.3932584269662921,0.7191011235955056,1.4597332,-0.7831974,1.9348946,-1.2190642
0.3932584269662921,0.7303370786516854,1.4147571,-0.75345117,1.9524521,-1.2331882
0.3932584269662921,0.7415730337078652,1.368083,-0.72334737,1.9604714,-1.2408144
0.3932584269662921,0.7528089887640449,1.3197912,-0.6927032,1.9593713,-1.241938
0.3932584269662921,0.7640449438202247,1.2699717,-0.66157955,1.9494822,-1.236819
0.3932584269662921,0.7752808988764045,1.2187274,-0.6302473,1.9308499,-1.2257646
0.3932584269662921,0.7865168539325842,1.1661677,-0.5990328,1.9032408,-1.2089144
0.3932584269662921,0.797752808988764,1.112394,-0.5681233,1.8663098,-1.1862082
0.3932584269662921,0.8089887640449438,1.0574766,-0.5374282,1.819847,-1.1574783
0.3932584269662921,0.8202247191011236,1.0014446,-0.50660974,1.763943,-1.1226429
0.3932584269662921,0.8314606741573034,0.9442946,-0.47527388,1.6990111,-1.0819157
0.3932584269662921,0.8426966292134831,0.8860196,-0.44323057,1.6256565,-1.0358585
0.3932584269662921,0.8539325842696629,0.8266423,-0.41065365,1.5444665,-0.9851628
0.3932584269662921,0.8651685393258427,0.7662393,-0.37800515,1.4558684,-0.9303137
0.3932584269662921,0.8764044943820224,0.7049297,-0.34576142,1.3601421,-0.87135035
0.3932584269662921,0.8876404494382022,0.64284223,-0.3141312,1.2575877,-0.8080152
0.3932584269662921,0.898876404494382,0.58007723,-0.2829718,1.148707,-0.7402154
0.3932584269662921,0.9101123595505618,0.5167018,-0.2519369,1.0342416,-0.66834384
0.3932584269662921,0.9213483146067416,0.45277748,-0.22071485,0.91504467,-0.59317046
0.3932584269662921,0.9325842696629213,0.38839865,-0.18918833,0.7918621,-0.5153198
0.3932584269662921,0.9438202247191011,0.3237119,-0.15744482,0.66520905,-0.43484694
0.3932584269662921,0.9550561797752809,0.2588968,-0.12567867,0.53543526,-0.3513023
0.3932584269662921,0.9662921348314606,0.19411112,-0.09406475,0.40297025,-0.2644099
0.3932584269662921,0.9775280898876404,0.1294241,-0.06266442,0.2686131,-0.1749895
0.3932584269662921,0.9887640449438202,0.06477854,-0.031388704,0.1336984,-0.08553857
0.3932584269662921,1.0,-1.6078869e-07,7.816152e-08,-3.2803246e-07,2.0332178e-07
0.4044943820224719,0.0,-0.0,0.0,0.0,-0.0
0.4044943820224719,0.011235955056179775,0.06280299,-0.050876223,-0.12860817,0.08084892
0.4044943820224719,0.02247191011235955,0.12618859,-0.10212517,-0.25872827,0.16125074
0.4044943820224719,0.033707865168539325,0.19041617,-0.15360956,-0.38847294,0.23973142
0.4044943820224719,0.0449438202247191,0.2555792,-0.20534347,-0.5161665,0.3161299
0.4044943820224719,0.056179775280898875,0.3216021,-0.25732097,-0.6406087,0.39085197
0.4044943820224719,0.06741573033707865,0.38827077,-0.30935347,-0.7611082,0.46411103
0.4044943820224719,0.07865168539325842,0.45527872,-0.36103287,-0.87734294,0.53557587
0.4044943820224719,0.0898876404494382,0.522271,-0.41184443,-0.98914635,0.60454094
0.4044943820224719,0.10112359550561797,0.5888795,-0.46133253,-1.0963067,0.6703328
0.4044943820224719,0.11235955056179775,0.6547484,-0.5092092,-1.1984384,0.7326004
0.4044943820224719,0.12359550561797752,0.7195516,-0.55536526,-1.294953,0.7913192
0.4044943820224719,0.1348314606741573,0.783011,-0.59981203,-1.3851273,0.84652764
0.4044943820224719,0.14606741573033707,0.8449137,-0.6426095,-1.4682201,0.8980117
0.4044943820224719,0.15730337078651685,0.90512973,-0.6838248,-1.5435796,0.94517887
0.4044943820224719,0.16853932584269662,0.9636231,-0.7235343,-1.61068,0.987191
0.4044943820224719,0.1797752808988764,1.0204499,-0.7618507,-1.6691129,1.0233533
0.4044943820224719,0.19101123595505617,1.0757368,-0.79890954,-1.7185719,1.0533915
0.4044943820224719,0.20224719101123595,1.1296467,-0.83482033,-1.7588643,1.0775785
0.4044943820224719,0.21348314606741572,1.1823381,-0.8695774,-1.7899348,1.096507
0.4044943820224719,0.2247191011235955,1.2339265,-0.90302736,-1.8118398,1.1107607
0.4044943820224719,0.23595505617977527,1.2844546,-0.93490785,-1.8246828,1.1206052
0.4044943820224719,0.24719101123595505,1.3338684,-0.96496344,-1.828534,1.1259052
0.4044943820224719,0.2584269662921348,1.3820162,-0.99306536,-1.8233944,1.1261989
0.4044943820224719,0.2696629213483146,1.4286683,-1.0192399,-1.8092017,1.1209524
0.4044943820224719,0.2808988764044944,1.4735671,-1.0436001,-1.7858908,1.1097375
0.4044943820224719,0.29213483146067415,1.5164939,-1.0661854,-1.7534297,1.0924003
0.4044943820224719,0.3033707865168539,1.5573305,-1.0868583,-1.7118518,1.0690475
0.4044943820224719,0.3146067415730337,1.5960869,-1.1053191,-1.6612571,1.0399462
0.4044943820224719,0.3258426966292135,1.6328657,-1.1212788,-1.6018167,1.005434
0.4044943820224719,0.33707865168539325,1.6677796,-1.1346407,-1.5338016,0.9658825
0.4044943820224719,0.348314606741573,1.7008502,-1.1455632,-1.4576014,0.92173827
0.4044943820224719,0.3595505617977528,1.7319533,-1.1543604,-1.3737161,0.87342215
0.4044943820224719,0.3707865168539326,1.760838,-1.161333,-1.2826821,0.82121736
0.4044943820224719,0.38202247191011235,1.7872137,-1.1666659,-1.1849903,0.76515925
0.4044943820224719,0.3932584269662921,1.8108547,-1.1704379,-1.0810865,0.7051238
0.4044943820224719,0.4044943820224719,1.8316795,-1.1726921,-0.9714355,0.64110047
0.4044943820224719,0.4157303370786517,1.8497642,-1.1734838,-0.85662436,0.5734489
0.4044943820224719,0.42696629213483145,1.8653109,-1.1728498,-0.7373508,0.50288045
0.4044943820224719,0.4382022471910112,1.8785791,-1.1707432,-0.61430955,0.43014023
0.4044943820224719,0.449438202247191,1.8898108,-1.1670101,-0.4880741,0.3557217
0.4044943820224719,0.4606741573033708,1.8991673,-1.1614493,-0.3590492,0.2797247
0.4044943820224719,0.47191011235955055,1.9066842,-1.153923,-0.22759244,0.20204449
0.4044943820224719,0.4831460674157303,1.9122643,-1.1444378,-0.09420109,0.12274194
0.4044943820224719,0.4943820224719101,1.9157073,-1.1331393,0.0403593,0.042276394
0.4044943820224719,0.5056179775280899,1.916769,-1.1202631,0.17510718,-0.0385465
0.4044943820224719,0.5168539325842696,1.9152347,-1.1060494,0.30906665,-0.118867494
0.4044943820224719,0.5280898876404494,1.9109781,-1.090693,0.44150022,-0.19811387
0.4044943820224719,0.5393258426966292,1.9039878,-1.0742792,0.5719873,-0.27609852
0.4044943820224719,0.550561797752809,1.8943621,-1.0567446,0.7002538,-0.35281822
0.4044943820224719,0.5617977528089888,1.8822739,-1.0379028,0.825907,-0.42809975
0.4044943820224719,0.5730337078651685,1.8679208,-1.0175748,0.94825476,-0.5014047
0.4044943820224719,0.5842696629213483,1.8514711,-0.9957865,1.0663372,-0.5719422
0.4044943820224719,0.5955056179775281,1.8330175,-0.9728858,1.1791414,-0.6390651
0.4044943820224719,0.6067415730337078,1.8125464,-0.949457,1.2858276,-0.70255375
0.4044943820224719,0.6179775280898876,1.7899357,-0.92603725,1.3858562,-0.76259094
0.4044943820224719,0.6292134831460674,1.7649933,-0.9027948,1.4789537,-0.8193807
0.4044943820224719,0.6404494382022472,1.7375281,-0.8794179,1.5649942,-0.8727302
0.4044943820224719,0.651685393258427,1.7074271,-0.8553257,1.6438817,-0.92195964
0.4044943820224719,0.6629213483146067,1.6746986,-0.8300573,1.7154616,-0.9662331
0.4044943820224719,0.6741573033707865,1.6394576,-0.80357206,1.7794545,-1.0050331
0.4044943820224719,0.6853932584269663,1.6018782,-0.77626,1.8354061,-1.0383625
0.4044943820224719,0.696629213483146,1.5621371,-0.74867433,1.8826957,-1.0665615
0.4044943820224719,0.7078651685393258,1.5203855,-0.72122425,1.9206622,-1.0898508
0.4044943820224719,0.7191011235955056,1.4767389,-0.69398624,1.9488239,-1.108104
0.4044943820224719,0.7303370786516854,1.4312886,-0.66675574,1.9670666,-1.1209403
0.4044943820224719,0.7415730337078652,1.3841107,-0.6392321,1.9756407,-1.1280087
0.4044943820224719,0.7528089887640449,1.3352845,-0.61124945,1.9749683,-1.1292027
0.4044943820224719,0.7640449438202247,1.2849013,-0.5828866,1.9653741,-1.1246592
0.4044943820224719,0.7752808988764045,1.2330697,-0.5544466,1.946901,-1.114607
0.4044943820224719,0.7865168539325842,1.1799028,-0.52628946,1.9193218,-1.0991839
0.4044943820224719,0.797752808988764,1.1255065,-0.49863172,1.8823023,-1.0783867
0.4044943820224719,0.8089887640449438,1.0699528,-0.4713989,1.8356456,-1.0521405
0.4044943820224719,0.8202247191011236,1.0132732,-0.44424996,1.7794517,-1.0204481
0.4044943820224719,0.8314606741573034,0.95546615,-0.41676414,1.7141367,-0.98355395
0.4044943820224719,0.8426966292134831,0.89652693,-0.38870674,1.6402961,-0.94196236
0.4044943820224719,0.8539325842696629,0.836483,-0.36019647,1.5584941,-0.8962245
0.4044943820224719,0.8651685393258427,0.77541476,-0.33164257,1.4691364,-0.8466527
0.4044943820224719,0.8764044943820224,0.71344227,-0.30347937,1.3724916,-0.7931408
0.4044943820224719,0.8876404494382022,0.6506898,-0.27588886,1.2688771,-0.73538965
0.4044943820224719,0.898876404494382,0.58724976,-0.24871795,1.1588349,-0.6733626
0.4044943820224719,0.9101123595505618,0.5231784,-0.22162381,1.0431615,-0.6075888
0.4044943820224719,0.9213483146067416,0.45852867,-0.19430743,0.9227627,-0.53897876
0.4044943820224719,0.9325842696629213,0.39338866,-0.16666463,0.79842854,-0.4682602
0.4044943820224719,0.9438202247191011,0.32790452,-0.1387913,0.6706921,-0.39548725
0.4044943820224719,0.9550561797752809,0.26226124,-0.11087991,0.539894,-0.32008982
0.4044943820224719,0.9662921348314606,0.19662713,-0.083090566,0.406429,-0.24155442
0.4044943820224719,0.9775280898876404,0.13108529,-0.055456206,0.27104098,-0.1603713
0.4044943820224719,0.9887640449438202,0.06559526,-0.027851207,0.13499697,-0.078661524
0.4044943820224719,1.0,-1.627632e-07,6.959172e-08,-3.3151278e-07,1.8762803e-07
0.4157303370786517,0.0,-0.0,0.0,0.0,-0.0
0.4157303370786517,0.011235955056179775,0.063691944,-0.04695477,-0.1307432,0.07255315
0.4157303370786517,0.02247191011235955,0.12794225,-0.09424987,-0.26282284,0.1444096
0.4157303370786517,0.033707865168539325,0.19300033,-0.14175393,-0.3943704,0.2142482
0.4157303370786517,0.0449438202247191,0.25895333,-0.18949756,-0.5237531,0.28210726
0.4157303370786517,0.056179775280898875,0.3257231,-0.23750238,-0.64981776,0.3485948
0.4157303370786517,0.06741573033707865,0.39309722,-0.28560472,-0.7719054,0.414077
0.4157303370786517,0.07865168539325842,0.46077397,-0.33339885,-0.8897037,0.47829518
0.4157303370786517,0.0898876404494382,0.5284057,-0.38034028,-1.0030357,0.5405146
0.4157303370786517,0.10112359550561797,0.595633,-0.42592442,-1.1116694,0.59996533
0.4157303370786517,0.11235955056179775,0.662108,-0.46982703,-1.2152009,0.65619403
0.4157303370786517,0.12359550561797752,0.7275129,-0.51194465,-1.3130257,0.7090975
0.4157303370786517,0.1348314606741573,0.7915745,-0.5523422,-1.4044058,0.75870895
0.4157303370786517,0.14606741573033707,0.85408306,-0.5911678,-1.4885886,0.8048667
0.4157303370786517,0.15730337078651685,0.9149078,-0.62857276,-1.5649114,0.84706557
0.4157303370786517,0.16853932584269662,0.9740082,-0.66468316,-1.6328515,0.8845656
0.4157303370786517,0.1797752808988764,1.0314326,-0.6996073,-1.6920221,0.9167369
0.4157303370786517,0.19101123595505617,1.0872997,-0.73343635,-1.7421608,0.9433679
0.4157303370786517,0.20224719101123595,1.1417661,-0.76620394,-1.7831253,0.96473134
0.4157303370786517,0.21348314606741572,1.1949894,-0.79783773,-1.8148943,0.98139393
0.4157303370786517,0.2247191011235955,1.2470895,-0.8281364,-1.8375229,0.99388474
0.4157303370786517,0.23595505617977527,1.2981148,-0.85683477,-1.8510733,1.0024476
0.4157303370786517,0.24719101123595505,1.3480165,-0.8837091,-1.8555418,1.0069466
0.4157303370786517,0.2584269662921348,1.3966438,-0.90868044,-1.8508563,1.007018
0.4157303370786517,0.2696629213483146,1.4437577,-0.93183225,-1.8369012,1.002215
0.4157303370786517,0.2808988764044944,1.4890872,-0.9533081,-1.813596,0.99220777
0.4157303370786517,0.29213483146067415,1.5323973,-0.97315216,-1.7809347,0.9768309
0.4157303370786517,0.3033707865168539,1.5735558,-0.99119455,-1.7390051,0.9561026
0.4157303370786517,0.3146067415730337,1.6125667,-1.0071002,-1.687965,0.93014693
0.4157303370786517,0.3258426966292135,1.6495382,-1.0205601,-1.6280339,0.8992013
0.4157303370786517,0.33707865168539325,1.6845981,-1.0315012,-1.5594937,0.86362934
0.4157303370786517,0.348314606741573,1.7177925,-1.0401523,-1.4827164,0.8239361
0.4157303370786517,0.3595505617977528,1.7490216,-1.0469195,-1.398173,0.7806506
0.4157303370786517,0.3707865168539326,1.7780538,-1.0521823,-1.3063759,0.7341058
0.4157303370786517,0.38202247191011235,1.8046106,-1.0561546,-1.207828,0.68429667
0.4157303370786517,0.3932584269662921,1.8284739,-1.05888,-1.1030139,0.63096374
0.4157303370786517,0.4044943820224719,1.8495648,-1.0603064,-0.9924522,0.57389987
0.4157303370786517,0.4157303370786517,1.8679632,-1.0603796,-0.87676805,0.5132995
0.4157303370786517,0.42696629213483145,1.8838729,-1.0590447,-0.7566663,0.44978556
0.4157303370786517,0.4382022471910112,1.8975484,-1.0562123,-0.6328115,0.3841774
0.4157303370786517,0.449438202247191,1.9092213,-1.0517336,-0.5057101,0.3170837
0.4157303370786517,0.4606741573033708,1.9190301,-1.0454397,-0.3756864,0.24876526
0.4157303370786517,0.47191011235955055,1.9269824,-1.0372326,-0.2430263,0.1792121
0.4157303370786517,0.4831460674157303,1.9329517,-1.0271523,-0.108185925,0.108497486
0.4157303370786517,0.4943820224719101,1.9367099,-1.0153714,0.028049024,0.036975488
0.4157303370786517,0.5056179775280899,1.9379922,-1.0021422,0.16462478,-0.034721706
0.4157303370786517,0.5168539325842696,1.9365712,-0.98772943,0.3004474,-0.10596897
0.4157303370786517,0.5280898876404494,1.9323134,-0.9723414,0.43465465,-0.17638786
0.4157303370786517,0.5393258426966292,1.9252088,-0.9560697,0.56672037,-0.2459424
0.4157303370786517,0.550561797752809,1.9153616,-0.9388476,0.69632673,-0.31466824
0.4157303370786517,0.5617977528089888,1.9029578,-0.92047304,0.8230935,-0.38233152
0.4157303370786517,0.5730337078651685,1.8882121,-0.9007476,0.9463937,-0.44828895
0.4157303370786517,0.5842696629213483,1.8713167,-0.8796784,1.0653576,-0.51168627
0.4157303370786517,0.5955056179775281,1.8523911,-0.8576157,1.1790482,-0.57185036
0.4157303370786517,0.6067415730337078,1.8314447,-0.83516866,1.2866831,-0.6286384
0.4157303370786517,0.6179775280898876,1.8083733,-0.8129212,1.3877491,-0.6823637
0.4157303370786517,0.6292134831460674,1.7829938,-0.79109424,1.4819696,-0.73332065
0.4157303370786517,0.6404494382022472,1.7551157,-0.7694079,1.569205,-0.7813612
0.4157303370786517,0.651685393258427,1.7246221,-0.7472696,1.6493238,-0.8257814
0.4157303370786517,0.6629213483146067,1.6915157,-0.72417235,1.7221303,-0.8656523
0.4157303370786517,0.6741573033707865,1.6559104,-0.7000138,1.7873,-0.90036964
0.4157303370786517,0.6853932584269663,1.6179776,-0.67512655,1.844337,-0.92992413
0.4157303370786517,0.696629213483146,1.5778909,-0.6500355,1.8925953,-0.9547411
0.4157303370786517,0.7078651685393258,1.535794,-0.6251342,1.9314092,-0.97518367
0.4157303370786517,0.7191011235955056,1.4917905,-0.60050076,1.9603044,-0.991306
0.4157303370786517,0.7303370786516854,1.4459594,-0.5759279,1.9791756,-1.0027872
0.4157303370786517,0.7415730337078652,1.3983694,-0.5511215,1.9882725,-1.0092453
0.4157303370786517,0.7528089887640449,1.3490961,-0.5259257,1.9880066,-1.0104506
0.4157303370786517,0.7640449438202247,1.2982315,-0.500441,1.9786962,-1.0064328
0.4157303370786517,0.7752808988764045,1.2458882,-0.47500035,1.9603842,-0.9973563
0.4157303370786517,0.7865168539325842,1.1921852,-0.4499978,1.9328505,-0.98337317
0.4157303370786517,0.797752808988764,1.137231,-0.42567924,1.8957845,-0.9645562
0.4157303370786517,0.8089887640449438,1.0811018,-0.40199074,1.8490043,-0.940922
0.4157303370786517,0.8202247191011236,1.0238324,-0.37859133,1.7926213,-0.9125456
0.4157303370786517,0.8314606741573034,0.9654257,-0.35503766,1.7270455,-0.8796759
0.4157303370786517,0.8426966292134831,0.90588284,-0.33105692,1.65285,-0.84273326
0.4157303370786517,0.8539325842696629,0.84523785,-0.30672204,1.5705686,-0.8021231
0.4157303370786517,0.8651685393258427,0.78357583,-0.2823954,1.4805777,-0.7579825
0.4157303370786517,0.8764044943820224,0.721017,-0.25847214,1.3831384,-0.7100951
0.4157303370786517,0.8876404494382022,0.6576813,-0.23510735,1.2785871,-0.65813464
0.4157303370786517,0.898876404494382,0.59365106,-0.21213482,1.1675076,-0.60213965
0.4157303370786517,0.9101123595505618,0.52897185,-0.18921009,1.0507544,-0.542768
0.4157303370786517,0.9213483146067416,0.4636854,-0.16603833,0.9292908,-0.48107502
0.4157303370786517,0.9325842696629213,0.39787307,-0.14252143,0.80395186,-0.41788378
0.4157303370786517,0.9438202247191011,0.3316792,-0.1187586,0.67529315,-0.35325217
0.4157303370786517,0.9550561797752809,0.26529282,-0.094941646,0.54364836,-0.2864977
0.4157303370786517,0.9662921348314606,0.19889249,-0.07122248,0.4093734,-0.2168723
0.4157303370786517,0.9775280898876404,0.132577,-0.04761853,0.27314717,-0.14453031
0.4157303370786517,0.9887640449438202,0.06632496,-0.023979232,0.13615187,-0.07118605
0.4157303370786517,1.0,-1.6451396e-07,6.014195e-08,-3.3469567e-07,1.7052653e-07
0.42696629213483145,0.0,-0.0,0.0,0.0,-0.0
0.42696629213483145,0.011235955056179775,0.06450471,-0.04273709,-0.13269944,0.06370477
0.42696629213483145,0.02247191011235955,0.12953699,-0.08579958,-0.2665632,0.12658912
0.42696629213483145,0.033707865168539325,0.1953362,-0.12905733,-0.39973694,0.18746884
0.42696629213483145,0.0449438202247191,0.2619845,-0.17254929,-0.53062963,0.24654216
0.42696629213483145,0.056179775280898875,0.329404,-0.21631628,-0.65813816,0.30456635
0.42696629213483145,0.06741573033707865,0.39738685,-0.26021436,-0.7816439,0.3620233
0.42696629213483145,0.07865168539325842,0.4656386,-0.30384135,-0.9008523,0.41869643
0.42696629213483145,0.0898876404494382,0.53382075,-0.3466301,-1.0155802,0.47381833
0.42696629213483145,0.10112359550561797,0.6015829,-0.3880401,-1.1255733,0.5265368
0.42696629213483145,0.11235955056179775,0.66858613,-0.4277255,-1.2303987,0.576306
0.42696629213483145,0.12359550561797752,0.73451996,-0.4656031,-1.3294275,0.6229878
0.42696629213483145,0.1348314606741573,0.79911697,-0.5018049,-1.4219025,0.66663456
0.42696629213483145,0.14606741573033707,0.8621699,-0.5365692,-1.5070597,0.7071775
0.42696629213483145,0.15730337078651685,0.9235473,-0.57012737,-1.5842357,0.7442155
0.42696629213483145,0.16853932584269662,0.9832037,-0.602644,-1.6529251,0.7771251
0.42696629213483145,0.1797752808988764,1.0411786,-0.6342088,-1.7127757,0.80533487
0.42696629213483145,0.19101123595505617,1.0975815,-0.66484374,-1.7635738,0.8286606
0.42696629213483145,0.20224719101123595,1.1525605,-0.6944897,-1.805228,0.8473303
0.42696629213483145,0.21348314606741572,1.2062702,-0.72298396,-1.8377404,0.86182994
0.42696629213483145,0.2247191011235955,1.2588316,-0.750068,-1.8611498,0.87259585
0.42696629213483145,0.23595505617977527,1.310298,-0.775467,-1.8754591,0.87981224
0.42696629213483145,0.24719101123595505,1.3606248,-0.7989939,-1.880585,0.8833848
0.42696629213483145,0.2584269662921348,1.4096597,-0.82064444,-1.8763733,0.88305205
0.42696629213483145,0.2696629213483146,1.457159,-0.84058076,-1.8626626,0.87852377
0.42696629213483145,0.2808988764044944,1.5028394,-0.8590125,-1.8393642,0.86958957
0.42696629213483145,0.29213483146067415,1.5464525,-0.87600964,-1.8065156,0.85612607
0.42696629213483145,0.3033707865168539,1.5878556,-0.89138544,-1.7642677,0.83805233
0.42696629213483145,0.3146067415730337,1.6270496,-0.90475774,-1.7128532,0.8153729
0.42696629213483145,0.3258426966292135,1.6641492,-0.91577286,-1.6525395,0.788197
0.42696629213483145,0.33707865168539325,1.6993023,-0.9243439,-1.5836197,0.75683326
0.42696629213483145,0.348314606741573,1.7325815,-0.93072504,-1.506441,0.7218139
0.42696629213483145,0.3595505617977528,1.7639139,-0.93538886,-1.4214245,0.6837407
0.42696629213483145,0.3707865168539326,1.7930892,-0.9387838,-1.3290526,0.64300233
0.42696629213483145,0.38202247191011235,1.8198397,-0.94116473,-1.2298303,0.59958637
0.42696629213483145,0.3932584269662921,1.8439479,-0.9425648,-1.1242806,0.55312777
0.42696629213483145,0.4044943820224719,1.8653315,-0.94287527,-1.0129727,0.50327027
0.42696629213483145,0.4157303370786517,1.884065,-0.94195795,-0.8965755,0.45004356
0.42696629213483145,0.42696629213483145,1.9003454,-0.93969053,-0.7757978,0.39400434
0.42696629213483145,0.4382022471910112,1.9144193,-0.9359534,-0.6512732,0.3359735
0.42696629213483145,0.449438202247191,1.926501,-0.93061,-0.52343583,0.27669233
0.42696629213483145,0.4606741573033708,1.9367071,-0.9235246,-0.3925257,0.21653897
0.42696629213483145,0.47191011235955055,1.9450197,-0.91463524,-0.2587581,0.15560327
0.42696629213483145,0.4831460674157303,1.9512852,-0.90400183,-0.122562364,0.09392455
0.42696629213483145,0.4943820224719101,1.955256,-0.8918096,0.015252149,0.031755164
0.42696629213483145,0.5056179775280899,1.9566551,-0.878322,0.153545,-0.03047487
0.42696629213483145,0.5168539325842696,1.9552506,-0.86381495,0.2910976,-0.092368126
0.42696629213483145,0.5280898876404494,1.9509108,-0.84851307,0.42691568,-0.15375437
0.42696629213483145,0.5393258426966292,1.9436324,-0.83251965,0.56037956,-0.21466662
0.42696629213483145,0.550561797752809,1.9335281,-0.8157604,0.6911333,-0.27514592
0.42696629213483145,0.5617977528089888,1.9207948,-0.79801565,0.8188395,-0.33486292
0.42696629213483145,0.5730337078651685,1.9056628,-0.7790525,0.9429586,-0.39308172
0.42696629213483145,0.5842696629213483,1.8883437,-0.75885236,1.0627191,-0.44886604
0.42696629213483145,0.5955056179775281,1.8689779,-0.7377495,1.1772686,-0.501599
0.42696629213483145,0.6067415730337078,1.847597,-0.7163731,1.2858695,-0.5512574
0.42696629213483145,0.6179775280898876,1.8241123,-0.69535595,1.3880001,-0.5982554
0.42696629213483145,0.6292134831460674,1.7983494,-0.6749745,1.4833599,-0.6430233
0.42696629213483145,0.6404494382022472,1.770119,-0.65499616,1.5717597,-0.68543637
0.42696629213483145,0.651685393258427,1.7393018,-0.63483953,1.6530256,-0.72475964
0.42696629213483145,0.6629213483146067,1.7058964,-0.6139626,1.7269169,-0.7599747
0.42696629213483145,0.6741573033707865,1.6700127,-0.5922124,1.7930781,-0.79041344
0.42696629213483145,0.6853932584269663,1.6318188,-0.56986743,1.8509961,-0.81604487
0.42696629213483145,0.696629213483146,1.5914829,-0.5474097,1.9000216,-0.83736736
0.42696629213483145,0.7078651685393258,1.5491391,-0.52521384,1.9395062,-0.8549142
0.42696629213483145,0.7191011235955056,1.5048776,-0.50334275,1.9689975,-0.86886626
0.42696629213483145,0.7303370786516854,1.4587636,-0.48158124,1.9884018,-0.87897676
0.42696629213483145,0.7415730337078652,1.4108558,-0.4596361,1.9979675,-0.88481
0.42696629213483145,0.7528089887640449,1.361225,-0.43735608,1.9980899,-0.886022
0.42696629213483145,0.7640449438202247,1.3099643,-0.414864,1.9890683,-0.88252854
0.42696629213483145,0.7752808988764045,1.2571896,-0.39251906,1.9709406,-0.87442726
0.42696629213483145,0.7865168539325842,1.2030238,-0.37074888,1.9434996,-0.86191463
0.42696629213483145,0.797752808988764,1.1475799,-0.34982952,1.9064531,-0.8451382
0.42696629213483145,0.8089887640449438,1.090939,-0.3297262,1.8596419,-0.8242079
0.42696629213483145,0.8202247191011236,1.0331402,-0.31009918,1.8031878,-0.7992579
0.42696629213483145,0.8314606741573034,0.97419226,-0.29049203,1.737492,-0.7705279
0.42696629213483145,0.8426966292134831,0.9141047,-0.27060428,1.6631011,-0.7383552
0.42696629213483145,0.8539325842696629,0.852919,-0.2504733,1.5805104,-0.70300263
0.42696629213483145,0.8651685393258427,0.79072636,-0.2304301,1.4900641,-0.6644636
0.42696629213483145,0.8764044943820224,0.7276484,-0.21083839,1.3920118,-0.6224219
0.42696629213483145,0.8876404494382022,0.66380006,-0.19183023,1.2867053,-0.57653826
0.42696629213483145,0.898876404494382,0.5992552,-0.17322265,1.1747692,-0.5269126
0.42696629213483145,0.9101123595505618,0.534048,-0.15466298,1.0571082,-0.4743139
0.42696629213483145,0.9213483146067416,0.46821025,-0.13585085,0.9347426,-0.41991
0.42696629213483145,0.9325842696629213,0.40181485,-0.11668583,0.80855286,-0.36460674
0.42696629213483145,0.9438202247191011,0.33500236,-0.09726412,0.67912376,-0.30847695
0.42696629213483145,0.9550561797752809,0.2679641,-0.077777766,0.5467876,-0.2507526
0.42696629213483145,0.9662921348314606,0.20088764,-0.0583798,0.41186512,-0.1904806
0.42696629213483145,0.9775280898876404,0.13388741,-0.039085094,0.27496496,-0.12749234
0.42696629213483145,0.9887640449438202,0.066962756,-0.019733258,0.1371741,-0.063092485
0.42696629213483145,1.0,-1.6603222e-07,4.9698002e-08,-3.3758988e-07,1.5187618e-07
0.4382022471910112,0.0,-0.0,0.0,0.0,-0.0
0.4382022471910112,0.011235955056179775,0.065226905,-0.03823734,-0.13445523,0.054422196
0.4382022471910112,0.02247191011235955,0.13094713,-0.0768076,-0.26991817,0.10801163
0.4382022471910112,0.033707865168539325,0.1973903,-0.11557693,-0.40454322,0.15969959
0.4382022471910112,0.0449438202247191,0.264635,-0.15458412,-0.536776,0.20979711
0.4382022471910112,0.056179775280898875,0.33260536,-0.19388017,-0.6655628,0.2591682
0.4382022471910112,0.06741573033707865,0.4011002,-0.233336,-0.7903287,0.3083631
0.4382022471910112,0.07865168539325842,0.46983427,-0.27255493,-0.9108027,0.35718548
0.4382022471910112,0.0898876404494382,0.53847915,-0.31095684,-1.0268005,0.40483403
0.4382022471910112,0.10112359550561797,0.6066945,-0.347979,-1.1380455,0.45038193
0.4382022471910112,0.11235955056179775,0.6741499,-0.38327056,-1.2440715,0.49322566
0.4382022471910112,0.12359550561797752,0.7405417,-0.41678092,-1.3442171,0.53322273
0.4382022471910112,0.1348314606741573,0.805608,-0.44871303,-1.4377058,0.5704957
0.4382022471910112,0.14606741573033707,0.8691433,-0.47938913,-1.5237625,0.6050933
0.4382022471910112,0.15730337078651685,0.931015,-0.50910914,-1.6017321,0.6367522
0.4382022471910112,0.16853932584269662,0.99117196,-0.53805685,-1.6711295,0.66495556
0.4382022471910112,0.1797752808988764,1.0496447,-0.5662868,-1.7316442,0.6892038
0.4382022471910112,0.19101123595505617,1.1065316,-0.5937377,-1.7831106,0.70928836
0.4382022471910112,0.20224719101123595,1.1619723,-0.6202426,-1.8254783,0.7253611
0.4382022471910112,0.21348314606741572,1.2161149,-0.6455416,-1.8587602,0.7377789
0.4382022471910112,0.2247191011235955,1.269081,-0.6693164,-1.8829699,0.7468551
0.4382022471910112,0.23595505617977527,1.3209263,-0.6912836,-1.8980424,0.75272137
0.4382022471910112,0.24719101123595505,1.3716097,-0.71130484,-1.9038086,0.7553134
0.4382022471910112,0.2584269662921348,1.4209795,-0.7294636,-1.9000432,0.7545224
0.4382022471910112,0.2696629213483146,1.4687886,-0.7460245,-1.8865412,0.75023156
0.4382022471910112,0.2808988764044944,1.5147461,-0.7612828,-1.863228,0.7423794
0.4382022471910112,0.29213483146067415,1.5585939,-0.77535266,-1.8301926,0.730886
0.4382022471910112,0.3033707865168539,1.600182,-0.7880357,-1.7876644,0.715603
0.4382022471910112,0.3146067415730337,1.6395091,-0.7989031,-1.7359582,0.6963952
0.4382022471910112,0.3258426966292135,1.6766986,-0.8075319,-1.6753881,0.6732189
0.4382022471910112,0.33707865168539325,1.7119175,-0.81378746,-1.6062531,0.6463083
0.4382022471910112,0.348314606741573,1.745265,-0.8179177,-1.52886,0.6161817
0.4382022471910112,0.3595505617977528,1.7766955,-0.8204265,-1.4435692,0.5834893
0.4382022471910112,0.3707865168539326,1.8060191,-0.8218209,-1.3508184,0.5486784
0.4382022471910112,0.38202247191011235,1.8329755,-0.8224011,-1.2511063,0.51175773
0.4382022471910112,0.3932584269662921,1.8573446,-0.8222087,-1.1449864,0.4723164
0.4382022471910112,0.4044943820224719,1.8790333,-0.8211098,-1.0330848,0.42987585
0.4382022471910112,0.4157303370786517,1.8981034,-0.81891865,-0.9161077,0.38433975
0.4382022471910112,0.42696629213483145,1.9147395,-0.81547576,-0.7947713,0.33615687
0.4382022471910112,0.4382022471910112,1.9291744,-0.81065285,-0.6696719,0.2861566
0.4382022471910112,0.449438202247191,1.941605,-0.80433184,-0.5411786,0.23514554
0.4382022471910112,0.4606741573033708,1.9521273,-0.79640955,-0.40945503,0.1835959
0.4382022471910112,0.47191011235955055,1.9607012,-0.78684485,-0.27465814,0.13165711
0.4382022471910112,0.4831460674157303,1.9671539,-0.7757076,-0.137201,0.07934543
0.4382022471910112,0.4943820224719101,1.9712263,-0.7631792,0.0020609694,0.026776496
0.4382022471910112,0.5056179775280899,1.9726366,-0.74952614,0.14190221,-0.025809359
0.4382022471910112,0.5168539325842696,1.9711584,-0.7350358,0.2809729,-0.07822214
0.4382022471910112,0.5280898876404494,1.9666682,-0.7199523,0.41817027,-0.13044167
0.4382022471910112,0.5393258426966292,1.9591722,-0.7043899,0.55279726,-0.18257461
0.4382022471910112,0.550561797752809,1.9487923,-0.6882699,0.6844958,-0.2345765
0.4382022471910112,0.5617977528089888,1.9357339,-0.6713378,0.8129875,-0.28601637
0.4382022471910112,0.5730337078651685,1.9202379,-0.6533153,0.93783647,-0.3360658
0.4382022471910112,0.5842696629213483,1.9025304,-0.6341349,1.0583706,-0.38378668
0.4382022471910112,0.5955056179775281,1.8827693,-0.6141065,1.1738026,-0.42864776
0.4382022471910112,0.6067415730337078,1.8610041,-0.59387463,1.2834055,-0.4707481
0.4382022471910112,0.6179775280898876,1.8371614,-0.57412124,1.3866311,-0.5106637
0.4382022471910112,0.6292134831460674,1.8110756,-0.55519783,1.4831203,-0.54890126
0.4382022471910112,0.6404494382022472,1.78256,-0.5369265,1.5726223,-0.58536875
0.4382022471910112,0.651685393258427,1.7514924,-0.5187525,1.6549096,-0.6192942
0.4382022471910112,0.6629213483146067,1.7178673,-0.50012434,1.729706,-0.6496022
0.4382022471910112,0.6741573033707865,1.6817892,-0.48083904,1.7966387,-0.67555714
0.4382022471910112,0.6853932584269663,1.6434216,-0.46112192,1.8551974,-0.6971271
0.4382022471910112,0.696629213483146,1.6029264,-0.44141477,1.9047605,-0.7148831
0.4382022471910112,0.7078651685393258,1.5604262,-0.42206216,1.9447119,-0.7294958
0.4382022471910112,0.7191011235955056,1.515998,-0.40310666,1.9746336,-0.74128795
0.4382022471910112,0.7303370786516854,1.4696921,-0.38431948,1.9944575,-0.75005615
0.4382022471910112,0.7415730337078652,1.4215564,-0.3653921,2.004427,-0.7553089
0.4382022471910112,0.7528089887640449,1.3716557,-0.3461775,2.0049183,-0.7565961
0.4382022471910112,0.7640449438202247,1.3200833,-0.32680818,1.9962025,-0.75368255
0.4382022471910112,0.7752808988764045,1.2669575,-0.3076699,1.9783044,-0.74663085
0.4382022471910112,0.7865168539325842,1.2124063,-0.28922018,1.9510179,-0.7356513
0.4382022471910112,0.797752808988764,1.1565464,-0.27176046,1.914073,-0.72097796
0.4382022471910112,0.8089887640449438,1.0994632,-0.25527418,1.8673329,-0.70281756
0.4382022471910112,0.8202247191011236,1.0412006,-0.23942415,1.8109318,-0.6813617
0.4382022471910112,0.8314606741573034,0.9817748,-0.22374538,1.7452644,-0.6568376
0.4382022471910112,0.8426966292134831,0.9212026,-0.20792013,1.6708512,-0.6295112
0.4382022471910112,0.8539325842696629,0.85953516,-0.19196996,1.5881487,-0.59953505
0.4382022471910112,0.8651685393258427,0.7968702,-0.17620674,1.4974644,-0.56678164
0.4382022471910112,0.8764044943820224,0.73333216,-0.1609769,1.3990324,-0.5308568
0.4382022471910112,0.8876404494382022,0.669033,-0.1463939,1.29321,-0.49139678
0.4382022471910112,0.898876404494382,0.6040399,-0.1322578,1.1806493,-0.44853005
0.4382022471910112,0.9101123595505618,0.5383784,-0.11820172,1.0622966,-0.4030847
0.4382022471910112,0.9213483146067416,0.4720704,-0.10391208,0.9392189,-0.35630578
0.4382022471910112,0.9325842696629213,0.4051804,-0.08927653,0.81234294,-0.30916676
0.4382022471910112,0.9438202247191011,0.33784306,-0.0743851,0.6822894,-0.26177448
0.4382022471910112,0.9550561797752809,0.2702493,-0.059431527,0.5493992,-0.21331161
0.4382022471910112,0.9662921348314606,0.20259371,-0.044579696,0.41396496,-0.16267139
0.4382022471910112,0.9775280898876404,0.13500519,-0.029857066,0.2765276,-0.10940443
0.4382022471910112,0.9887640449438202,0.06750398,-0.015108352,0.13807428,-0.05442208
0.4382022471910112,1.0,-1.6730995e-07,3.8234663e-08,-3.4020195e-07,1.3168581e-07
0.449438202247191,0.0,-0.0,0.0,0.0,-0.0
0.449438202247191,0.011235955056179775,0.06584605,-0.033494856,-0.13599549,0.044847123
0.449438202247191,0.02247191011235955,0.13215134,-0.06735305,-0.27286774,0.08892909
0.449438202247191,0.033707865168539325,0.19913618,-0.1014315,-0.40877414,0.13126412
0.449438202247191,0.0449438202247191,0.26687634,-0.13576081,-0.5421898,0.1722399
0.449438202247191,0.056179775280898875,0.33529913,-0.17039455,-0.6721047,0.21278076
0.449438202247191,0.06741573033707865,0.40421075,-0.20521617,-0.79798687,0.2534808
0.449438202247191,0.07865168539325842,0.4733361,-0.23983839,-0.91959345,0.29414976
0.449438202247191,0.0898876404494382,0.54235715,-0.27367958,-1.0367424,0.33395112
0.449438202247191,0.10112359550561797,0.6109436,-0.30616993,-1.1491369,0.37190408
0.449438202247191,0.11235955056179775,0.67877364,-0.33696678,-1.2562778,0.40737316
0.449438202247191,0.12359550561797752,0.7455501,-0.36605677,-1.357472,0.44024408
0.449438202247191,0.1348314606741573,0.8110149,-0.39370808,-1.4519192,0.47074237
0.449438202247191,0.14606741573033707,0.8749644,-0.42031395,-1.5388367,0.4990658
0.449438202247191,0.15730337078651685,0.93726385,-0.44621873,-1.6175772,0.52510196
0.449438202247191,0.16853932584269662,0.9978566,-0.47160882,-1.6876795,0.54845476
0.449438202247191,0.1797752808988764,1.056764,-0.49648792,-1.7488678,0.56867135
0.449438202247191,0.19101123595505617,1.114073,-0.5207051,-1.8010168,0.5855089
0.449438202247191,0.20224719101123595,1.1699136,-0.54398733,-1.8441063,0.59901625
0.449438202247191,0.21348314606741572,1.224427,-0.56598264,-1.878154,0.60939497
0.449438202247191,0.2247191011235955,1.2777328,-0.58631843,-1.9031359,0.61682284
0.449438202247191,0.23595505617977527,1.3298881,-0.604714,-1.9189208,0.6213746
0.449438202247191,0.24719101123595505,1.3808558,-0.6210875,-1.9252636,0.6230445
0.449438202247191,0.2584269662921348,1.4304864,-0.6356175,-1.9218736,0.6218619
0.449438202247191,0.2696629213483146,1.4785331,-0.6486817,-1.9085269,0.6179129
0.449438202247191,0.2808988764044944,1.5247023,-0.66066784,-1.8851701,0.61127293
0.449438202247191,0.29213483146067415,1.5687301,-0.671741,-1.851958,0.6019041
0.449438202247191,0.3033707865168539,1.6104612,-0.68170214,-1.8092066,0.58960915
0.449438202247191,0.3146067415730337,1.6498936,-0.6900679,-1.7573041,0.574088
0.449438202247191,0.3258426966292135,1.6871585,-0.6963423,-1.6966121,0.5551545
0.449438202247191,0.33707865168539325,1.7224394,-0.700325,-1.6274238,0.5329359
0.449438202247191,0.348314606741573,1.7558593,-0.7022334,-1.5499928,0.50790876
0.449438202247191,0.3595505617977528,1.787398,-0.7025827,-1.4646101,0.48075807
0.449438202247191,0.3707865168539326,1.816883,-0.7019126,-1.371658,0.4519972
0.449438202247191,0.38202247191011235,1.8440588,-0.7005606,-1.2716153,0.42166585
0.449438202247191,0.3932584269662921,1.8686978,-0.69859034,-1.1650711,0.38936156
0.449438202247191,0.4044943820224719,1.8906904,-0.6958629,-1.0526974,0.35453188
0.449438202247191,0.4157303370786517,1.910081,-0.6921795,-0.93523884,0.31695712
0.449438202247191,0.42696629213483145,1.9270355,-0.68737024,-0.8134185,0.2769851
0.449438202247191,0.4382022471910112,1.9417708,-0.68131745,-0.6877996,0.23539962
0.449438202247191,0.449438202247191,1.9544679,-0.6739324,-0.55869454,0.19303696
0.449438202247191,0.4606741573033708,1.965205,-0.66513765,-0.42620504,0.15042633
0.449438202247191,0.47191011235955055,1.9739276,-0.6549042,-0.29045147,0.10774402
0.449438202247191,0.4831460674157303,1.9804525,-0.64329296,-0.15185514,0.06497041
0.449438202247191,0.4943820224719101,1.9845169,-0.6304744,-0.011320013,0.0221074
0.449438202247191,0.5056179775280899,1.9858463,-0.6167124,0.12982056,-0.020791242
0.449438202247191,0.5168539325842696,1.9842241,-0.6023141,0.2701244,-0.0637148
0.449438202247191,0.5280898876404494,1.9795408,-0.58755124,0.40839452,-0.106722586
0.449438202247191,0.5393258426966292,1.9718117,-0.57255614,0.5439068,-0.14993237
0.449438202247191,0.550561797752809,1.9611655,-0.5572372,0.6763325,-0.19321944
0.449438202247191,0.5617977528089888,1.9478117,-0.54129195,0.8054724,-0.23605543
0.449438202247191,0.5730337078651685,1.9319967,-0.5243726,0.9309906,-0.2775426
0.449438202247191,0.5842696629213483,1.9139543,-0.50634646,1.052299,-0.31680968
0.449438202247191,0.5955056179775281,1.8938556,-0.4874917,1.168645,-0.35343978
0.449438202247191,0.6067415730337078,1.8717659,-0.46846628,1.2792838,-0.38768312
0.449438202247191,0.6179775280898876,1.8476257,-0.45001295,1.3836082,-0.4202447
0.449438202247191,0.6292134831460674,1.8212793,-0.43255422,1.4811845,-0.45169395
0.449438202247191,0.6404494382022472,1.7925429,-0.41598782,1.5716916,-0.4819564
0.449438202247191,0.651685393258427,1.7612921,-0.39979175,1.6548542,-0.5102306
0.449438202247191,0.6629213483146067,1.7275164,-0.38340908,1.730365,-0.5353975
0.449438202247191,0.6741573033707865,1.6913154,-0.36660463,1.7978543,-0.5566802
0.449438202247191,0.6853932584269663,1.6528457,-0.34955522,1.8568325,-0.57406515
0.449438202247191,0.696629213483146,1.6122625,-0.3326648,1.9067177,-0.588185
0.449438202247191,0.7078651685393258,1.5696784,-0.3162483,1.9469421,-0.59985167
0.449438202247191,0.7191011235955056,1.5251573,-0.30033097,1.977138,-0.60947865
0.449438202247191,0.7303370786516854,1.4787358,-0.28466362,1.9972643,-0.61694205
0.449438202247191,0.7415730337078652,1.4304503,-0.2689166,2.0075703,-0.62168735
0.449438202247191,0.7528089887640449,1.3803589,-0.2529306,2.0084107,-0.6231268
0.449438202247191,0.7640449438202247,1.3285536,-0.23684147,2.0000222,-0.6209131
0.449438202247191,0.7752808988764045,1.2751565,-0.22105278,1.9824011,-0.6150209
0.449438202247191,0.7865168539325842,1.2202985,-0.20604208,1.955339,-0.6056864
0.449438202247191,0.797752808988764,1.1641004,-0.19213387,1.9185756,-0.5932146
0.449438202247191,0.8089887640449438,1.1066511,-0.17932096,1.8720005,-0.57789505
0.449438202247191,0.8202247191011236,1.0479984,-0.16726907,1.8157644,-0.55997765
0.449438202247191,0.8314606741573034,0.98816407,-0.15550411,1.7502645,-0.5397024
0.449438202247191,0.8426966292134831,0.9271732,-0.14370492,1.675999,-0.5172869
0.449438202247191,0.8539325842696629,0.8650849,-0.13188949,1.593389,-0.4928022
0.449438202247191,0.8651685393258427,0.8020057,-0.12036949,1.5027038,-0.46603513
0.449438202247191,0.8764044943820224,0.7380632,-0.10948492,1.4041537,-0.43651748
0.449438202247191,0.8876404494382022,0.67337,-0.099337704,1.2980894,-0.40384156
0.449438202247191,0.898876404494382,0.6079896,-0.08971351,1.1851735,-0.3681109
0.449438202247191,0.9101123595505618,0.5419422,-0.08022882,1.0663742,-0.3301612
0.449438202247191,0.9213483146067416,0.47524178,-0.0705531,0.94279575,-0.29126838
0.449438202247191,0.9325842696629213,0.4079444,-0.06055716,0.81541044,-0.2524627
0.449438202247191,0.9438202247191011,0.34017715,-0.050323423,0.68487763,-0.21389917
0.449438202247191,0.9550561797752809,0.2721279,-0.04005148,0.5515582,-0.17476551
0.449438202247191,0.9662921348314606,0.2039953,-0.029924667,0.41572735,-0.13385974
0.449438202247191,0.9775280898876404,0.13592094,-0.019997135,0.27786538,-0.09050864
0.449438202247191,0.9887640449438202,0.0679448,-0.010133196,0.13886225,-0.045272473
0.449438202247191,1.0,-1.683407e-07,2.5814971e-08,-3.4253782e-07,1.10120105e-07
0.4606741573033708,0.0,-0.0,0.0,0.0,-0.0
0.4606741573033708,0.011235955056179775,0.06635443,-0.028567217,-0.13730584,0.03510569
0.4606741573033708,0.02247191011235955,0.13313685,-0.057547994,-0.27538982,0.069560245
0.4606741573033708,0.033707865168539325,0.200559,-0.08678398,-0.4124075,0.10244108
0.4606741573033708,0.0449438202247191,0.268694,-0.116289675,-0.54685503,0.13417706
0.4606741573033708,0.056179775280898875,0.33747253,-0.14611556,-0.67775893,0.1657263
0.4606741573033708,0.06741573033707865,0.4067079,-0.17615747,-0.8046242,0.1977082
0.4606741573033708,0.07865168539325842,0.47613475,-0.20604546,-0.927236,0.22994126
0.4606741573033708,0.0898876404494382,0.54544514,-0.2352093,-1.0454186,0.26156378
0.4606741573033708,0.10112359550561797,0.6143182,-0.2630866,-1.1588602,0.29155985
0.4606741573033708,0.11235955056179775,0.6824406,-0.28935075,-1.2670327,0.3192845
0.4606741573033708,0.12359550561797752,0.7495209,-0.3140238,-1.3692119,0.3446783
0.4606741573033708,0.1348314606741573,0.8153047,-0.33742338,-1.464576,0.36808404
0.4606741573033708,0.14606741573033707,0.8795897,-0.3599884,-1.5523359,0.38985792
0.4606741573033708,0.15730337078651685,0.94223905,-0.38208458,-1.6318471,0.4100475
0.4606741573033708,0.16853932584269662,1.0031904,-0.40388077,-1.7026638,0.42837858
0.4606741573033708,0.1797752808988764,1.0624565,-0.42532694,-1.7645377,0.44444486
0.4606741573033708,0.19101123595505617,1.1201143,-0.4461887,-1.8173724,0.45796666
0.4606741573033708,0.20224719101123595,1.1762824,-0.46610123,-1.8611658,0.46887007
0.4606741573033708,0.21348314606741572,1.2310956,-0.484637,-1.8959322,0.4772098
0.4606741573033708,0.2247191011235955,1.2846696,-0.5013872,-1.9216124,0.48303434
0.4606741573033708,0.23595505617977527,1.3370634,-0.5160818,-1.9380184,0.4863583
0.4606741573033708,0.24719101123595505,1.3882433,-0.5287005,-1.944841,0.48723382
0.4606741573033708,0.2584269662921348,1.4380652,-0.5395163,-1.9417443,0.48582914
0.4606741573033708,0.2696629213483146,1.486285,-0.5490104,-1.9285008,0.4823984
0.4606741573033708,0.2808988764044944,1.5326103,-0.557659,-1.9050922,0.47715557
0.4606741573033708,0.29213483146067415,1.5767763,-0.5656754,-1.8717405,0.47010195
0.4606741573033708,0.3033707865168539,1.6186247,-0.572861,-1.8288459,0.4609631
0.4606741573033708,0.3146067415730337,1.6581525,-0.5786889,-1.7768607,0.44931787
0.4606741573033708,0.3258426966292135,1.6954955,-0.5825955,-1.7161779,0.43481937
0.4606741573033708,0.33707865168539325,1.7308506,-0.584317,-1.6470739,0.41747534
0.4606741573033708,0.348314606741573,1.7643607,-0.584031,-1.5697451,0.3977179
0.4606741573033708,0.3595505617977528,1.7960271,-0.5822468,-1.4844048,0.37625185
0.4606741573033708,0.3707865168539326,1.8256907,-0.57952315,-1.3913764,0.3536483
0.4606741573033708,0.38202247191011235,1.8530977,-0.5762178,-1.2911257,0.33002114
0.4606741573033708,0.3932584269662921,1.8780086,-0.572407,-1.1842626,0.30498448
0.4606741573033708,0.4044943820224719,1.9002934,-0.567954,-1.0715054,0.2779421
0.4606741573033708,0.4157303370786517,1.919973,-0.56266487,-0.95363355,0.24856748
0.4606741573033708,0.42696629213483145,1.9371924,-0.55638427,-0.8313734,0.21710595
0.4606741573033708,0.4382022471910112,1.9521518,-0.5490229,-0.7052673,0.18424991
0.4606741573033708,0.449438202247191,1.9650179,-0.54052335,-0.5755766,0.15081647
0.4606741573033708,0.4606741573033708,1.9758599,-0.53083146,-0.44237313,0.117355034
0.4606741573033708,0.47191011235955055,1.9846154,-0.51991946,-0.30575743,0.08406406
0.4606741573033708,0.4831460674157303,1.9911025,-0.5078306,-0.16618295,0.05087022
0.4606741573033708,0.4943820224719101,1.9950657,-0.49471813,-0.024622578,0.017675435
0.4606741573033708,0.5056179775280899,1.9962449,-0.48085287,0.1175095,-0.015601032
0.4606741573033708,0.5168539325842696,1.9944392,-0.46657193,0.25868446,-0.04905376
0.4606741573033708,0.5280898876404494,1.9895533,-0.45218906,0.3976734,-0.082823165
0.4606741573033708,0.5393258426966292,1.9816109,-0.4378576,0.5337629,-0.11696641
0.4606741573033708,0.550561797752809,1.9707426,-0.42346594,0.66668725,-0.15129402
0.4606741573033708,0.5617977528089888,1.957154,-0.40864903,0.7963417,-0.1852083
0.4606741573033708,0.5730337078651685,1.941089,-0.3929698,0.9224739,-0.21780916
0.4606741573033708,0.5842696629213483,1.9227836,-0.3762153,1.044549,-0.24833801
0.4606741573033708,0.5955056179775281,1.9024178,-0.35862657,1.1618167,-0.27651712
0.4606741573033708,0.6067415730337078,1.8800693,-0.3408778,1.2734826,-0.30275574
0.4606741573033708,0.6179775280898876,1.8556931,-0.3237722,1.378864,-0.32784152
0.4606741573033708,0.6292134831460674,1.8291428,-0.3078135,1.477447,-0.3523776
0.4606741573033708,0.6404494382022472,1.8002397,-0.2929662,1.5688409,-0.37627807
0.4606741573033708,0.651685393258427,1.7688589,-0.27874392,1.6527264,-0.39872345
0.4606741573033708,0.6629213483146067,1.7349846,-0.26459056,1.7287863,-0.4185741
0.4606741573033708,0.6741573033707865,1.698709,-0.25024217,1.7966592,-0.4350448
0.4606741573033708,0.6853932584269663,1.6601843,-0.23583913,1.8558905,-0.44814503
0.4606741573033708,0.696629213483146,1.6195586,-0.22175677,1.905943,-0.45857418
0.4606741573033708,0.7078651685393258,1.576937,-0.2082986,1.9463017,-0.4672505
0.4606741573033708,0.7191011235955056,1.5323739,-0.19547959,1.9766501,-0.4747043
0.4606741573033708,0.7303370786516854,1.4858923,-0.18303302,1.9969858,-0.4808534
0.4606741573033708,0.7415730337078652,1.437518,-0.17060333,2.0075686,-0.4851045
0.4606741573033708,0.7528089887640449,1.3873024,-0.15800717,2.0087354,-0.4867584
0.4606741573033708,0.7640449438202247,1.3353359,-0.14537083,2.0006862,-0.48533517
0.4606741573033708,0.7752808988764045,1.2817415,-0.1330991,1.9833835,-0.48073226
0.4606741573033708,0.7865168539325842,1.2266543,-0.121683635,1.9565995,-0.47316855
0.4606741573033708,0.797752808988764,1.1701984,-0.11145881,1.9200834,-0.46300706
0.4606741573033708,0.8089887640449438,1.1124641,-0.102419324,1.8737468,-0.4506117
0.4606741573033708,0.8202247191011236,1.0535017,-0.0942241,1.8177643,-0.4362959
0.4606741573033708,0.8314606741573034,0.993336,-0.086393125,1.7525462,-0.42031994
0.4606741573033708,0.8426966292134831,0.93199867,-0.078605354,1.6785764,-0.40288344
0.4606741573033708,0.8539325842696629,0.8695569,-0.070889525,1.5962467,-0.38400954
0.4606741573033708,0.8651685393258427,0.8061246,-0.063569136,1.5057899,-0.36342716
0.4606741573033708,0.8764044943820224,0.7418357,-0.056989945,1.4073807,-0.34059012
0.4606741573033708,0.8876404494382022,0.67680544,-0.051248122,1.3013517,-0.31501278
0.4606741573033708,0.898876404494382,0.611098,-0.046120435,1.1883559,-0.28674105
0.4606741573033708,0.9101123595505618,0.54473114,-0.041209377,1.0693686,-0.25655493
0.4606741573033708,0.9213483146067416,0.4777139,-0.03616915,0.9455157,-0.22572765
0.4606741573033708,0.9325842696629213,0.41009444,-0.03085568,0.8178071,-0.19532731
0.4606741573033708,0.9438202247191011,0.34199134,-0.0253454,0.6869456,-0.16557752
0.4606741573033708,0.9550561797752809,0.27358738,-0.019848038,0.5533182,-0.13571459
0.4606741573033708,0.9662921348314606,0.20508255,-0.014573568,0.41719404,-0.104501285
0.4606741573033708,0.9775280898876404,0.1366284,-0.00961334,0.27900305,-0.07110229
0.4606741573033708,0.9887640449438202,0.06828259,-0.004862972,0.13954668,-0.0357817
0.4606741573033708,1.0,-1.6912034e-07,1.2578106e-08,-3.446042e-07,8.74755e-08
0.47191011235955055,0.0,-0.0,0.0,0.0,-0.0
0.47191011235955055,0.011235955056179775,0.06675056,-0.023522342,-0.13837188,0.025279494
0.47191011235955055,0.02247191011235955,0.13390197,-0.04752349,-0.27745816,0.05004784
0.47191011235955055,0.033707865168539325,0.20165797,-0.071822636,-0.4154104,0.073414445
0.47191011235955055,0.0449438202247191,0.27008942,-0.09641005,-0.5507376,0.09581786
0.47191011235955055,0.056179775280898875,0.33912948,-0.121329136,-0.68249065,0.118230715
0.47191011235955055,0.06741573033707865,0.40859783,-0.1464894,-0.8102059,0.14129892
0.47191011235955055,0.07865168539325842,0.47823727,-0.1715477,-0.93369246,0.16485566
0.47191011235955055,0.0898876404494382,0.5477491,-0.19595967,-1.0527838,0.18803775
0.47191011235955055,0.10112359550561797,0.61682135,-0.21918447,-1.1671598,0.20982005
0.47191011235955055,0.11235955056179775,0.6851475,-0.24091528,-1.2762684,0.22956398
0.47191011235955055,0.12359550561797752,0.7524427,-0.26119912,-1.3793621,0.24726796
0.47191011235955055,0.1348314606741573,0.8184557,-0.28037998,-1.4755989,0.263386
0.47191011235955055,0.14606741573033707,0.88298553,-0.29891282,-1.5641801,0.27842957
0.47191011235955055,0.15730337078651685,0.94589394,-0.31715995,-1.6444582,0.29260677
0.47191011235955055,0.16853932584269662,1.0071145,-0.33526275,-1.7159954,0.30575678
0.47191011235955055,0.1797752808988764,1.0666527,-0.35311952,-1.7785519,0.31753233
0.47191011235955055,0.19101123595505617,1.1245757,-0.37043378,-1.8320491,0.32762367
0.47191011235955055,0.20224719101123595,1.1809926,-0.38677675,-1.876495,0.3358504
0.47191011235955055,0.21348314606741572,1.2360302,-0.40167063,-1.9118984,0.34212503
0.47191011235955055,0.2247191011235955,1.2898009,-0.4146901,-1.938174,0.34637484
0.47191011235955055,0.23595505617977527,1.3423638,-0.42558676,-1.955089,0.34857515
0.47191011235955055,0.24719101123595505,1.3936899,-0.43439755,-1.9622898,0.34881428
0.47191011235955055,0.2584269662921348,1.443641,-0.4414734,-1.9594207,0.34738255
0.47191011235955055,0.2696629213483146,1.4919801,-0.44737935,-1.9462574,0.34466574
0.47191011235955055,0.2808988764044944,1.5384188,-0.45265985,-1.9228271,0.34098774
0.47191011235955055,0.29213483146067415,1.5826933,-0.45756498,-1.8894153,0.33636132
0.47191011235955055,0.3033707865168539,1.6246448,-0.4619004,-1.8464862,0.33046624
0.47191011235955055,0.3146067415730337,1.6642679,-0.46510926,-1.7945403,0.32275698
0.47191011235955055,0.3258426966292135,1.7017012,-0.46658304,-1.7339834,0.31276765
0.47191011235955055,0.33707865168539325,1.737149,-0.46601042,-1.665062,0.30038863
0.47191011235955055,0.348314606741573,1.7707708,-0.4635412,-1.5879152,0.28601173
0.47191011235955055,0.3595505617977528,1.8025838,-0.45967162,-1.5026857,0.27034554
0.47191011235955055,0.3707865168539326,1.8324391,-0.45496064,-1.4096473,0.25400767
0.47191011235955055,0.38202247191011235,1.8600819,-0.44976717,-1.3092539,0.237199
0.47191011235955055,0.3932584269662921,1.8852571,-0.44416106,-1.2021352,0.2195632
0.47191011235955055,0.4044943820224719,1.9078109,-0.43800512,-1.0890528,0.20047729
0.47191011235955055,0.4157303370786517,1.9277371,-0.4311087,-0.9708142,0.17952175
0.47191011235955055,0.42696629213483145,1.9451587,-0.42334288,-0.84815234,0.15680602
0.47191011235955055,0.4382022471910112,1.9602581,-0.41465604,-0.72158766,0.13292271
0.47191011235955055,0.449438202247191,1.9731934,-0.40502748,-0.59135824,0.1086299
0.47191011235955055,0.4606741573033708,1.984031,-0.39442247,-0.45751715,0.084450446
0.47191011235955055,0.47191011235955055,1.9927139,-0.38280627,-0.3201803,0.060580984
0.47191011235955055,0.4831460674157303,1.999071,-0.3702026,-0.17984931,0.036926378
0.47191011235955055,0.4943820224719101,2.0028644,-0.35675377,-0.03756704,0.013307811
0.47191011235955055,0.5056179775280899,2.0038543,-0.34274644,0.105180375,-0.010433707
0.47191011235955055,0.5168539325842696,2.0018606,-0.3285674,0.24682973,-0.034460433
0.47191011235955055,0.5280898876404494,1.9968007,-0.31458414,0.38615617,-0.058922254
0.47191011235955055,0.5393258426966292,1.9887022,-0.3009766,0.5225057,-0.08384515
0.47191011235955055,0.550561797752809,1.9776887,-0.2876061,0.65570205,-0.108966835
0.47191011235955055,0.5617977528089888,1.9639543,-0.27402815,0.7857291,-0.13367258
0.47191011235955055,0.5730337078651685,1.9477313,-0.25969985,0.9124017,-0.15716486
0.47191011235955055,0.5842696629213483,1.9292507,-0.24432112,1.0351979,-0.17878811
0.47191011235955055,0.5955056179775281,1.9086964,-0.22809388,1.1533403,-0.1984483
0.47191011235955055,0.6067415730337078,1.8861569,-0.21171477,1.265967,-0.21668233
0.47191011235955055,0.6179775280898876,1.8616008,-0.1960443,1.3723118,-0.23430745
0.47191011235955055,0.6292134831460674,1.8348936,-0.18166,1.4717779,-0.25192454
0.47191011235955055,0.6404494382022472,1.8058637,-0.16857982,1.5639237,-0.26942793
0.47191011235955055,0.651685393258427,1.7743859,-0.15634878,1.6483974,-0.28597355
0.47191011235955055,0.6629213483146067,1.7404413,-0.14440449,1.7248807,-0.30041394
0.47191011235955055,0.6741573033707865,1.7041162,-0.13245924,1.7930319,-0.31198868
0.47191011235955055,0.6853932584269663,1.6655562,-0.1206274,1.8524289,-0.32074207
0.47191011235955055,0.696629213483146,1.6249064,-0.10927652,1.9025766,-0.32743806
0.47191011235955055,0.7078651685393258,1.5822667,-0.09871553,1.9430082,-0.33308026
0.47191011235955055,0.7191011235955056,1.537686,-0.08897423,1.9734505,-0.3382882
0.47191011235955055,0.7303370786516854,1.4911777,-0.07977849,1.9939401,-0.34304112
0.47191011235955055,0.7415730337078652,1.4427578,-0.07075047,2.0047562,-0.34672728
0.47191011235955055,0.7528089887640449,1.3924695,-0.061672606,2.006227,-0.34856522
0.47191011235955055,0.7640449438202247,1.3404012,-0.0526455,1.9985205,-0.3479581
0.47191011235955055,0.7752808988764045,1.2866765,-0.044062596,1.9815598,-0.34472477
0.47191011235955055,0.7865168539325842,1.2314337,-0.036414668,1.9550909,-0.33904117
0.47191011235955055,0.797752808988764,1.1747984,-0.03003229,1.9188635,-0.33130518
0.47191011235955055,0.8089887640449438,1.1168616,-0.024900842,1.8728138,-0.32193998
0.47191011235955055,0.8202247191011236,1.0576733,-0.020663051,1.8171458,-0.31130204
0.47191011235955055,0.8314606741573034,0.9972595,-0.01682874,1.7522895,-0.2996917
0.47191011235955055,0.8426966292134831,0.9356553,-0.013080763,1.6787293,-0.28731304
0.47191011235955055,0.8539325842696629,0.8729346,-0.009464198,1.596832,-0.27417105
0.47191011235955055,0.8651685393258427,0.8092187,-0.0063199783,1.5067915,-0.2599317
0.47191011235955055,0.8764044943820224,0.7446482,-0.0040068375,1.4087486,-0.24398082
0.47191011235955055,0.8876404494382022,0.6793436,-0.0026241194,1.3030024,-0.22574225
0.47191011235955055,0.898876404494382,0.61337256,-0.0019438759,1.1901839,-0.20515527
0.47191011235955055,0.9101123595505618,0.5467537,-0.0015645867,1.0712593,-0.18292502
0.47191011235955055,0.9213483146067416,0.47949365,-0.001131731,0.94736236,-0.16028278
0.47191011235955055,0.9325842696629213,0.41163453,-0.00049491454,0.8195302,-0.13832338
0.47191011235955055,0.9438202247191011,0.34328687,0.00027169444,0.6885019,-0.11734022
0.47191011235955055,0.9550561797752809,0.27462673,0.00094536965,0.5546958,-0.096641615
0.47191011235955055,0.9662921348314606,0.20585342,0.0012851956,0.4183826,-0.07500345
0.47191011235955055,0.9775280898876404,0.1371258,0.0011574626,0.2799529,-0.05148189
0.47191011235955055,0.9887640449438202,0.068516724,0.0006278175,0.14013197,-0.026104234
0.47191011235955055,1.0,-1.6964846e-07,-1.278204e-09,-3.464026e-07,6.4130816e-08
0.4831460674157303,0.0,-0.0,0.0,0.0,-0.0
0.4831460674157303,0.011235955056179775,0.067038804,-0.018431814,-0.13918391,0.015396515
0.4831460674157303,0.02247191011235955,0.1344549,-0.03741655,-0.27905256,0.030442905
0.4831460674157303,0.033707865168539325,0.20244496,-0.056743633,-0.41775352,0.044256296
0.4831460674157303,0.0449438202247191,0.27107775,-0.076371536,-0.55380064,0.057259034
0.4831460674157303,0.056179775280898875,0.34028843,-0.09633137,-0.6862581,0.070423946
0.4831460674157303,0.06741573033707865,0.4099014,-0.11654813,-0.81468165,0.08442118
0.4831460674157303,0.07865168539325842,0.47966635,-0.13671474,-0.9388999,0.09912273
0.4831460674157303,0.0898876404494382,0.5492919,-0.15632685,-1.0587579,0.113691784
0.4831460674157303,0.10112359550561797,0.61847323,-0.17487685,-1.1739316,0.12711665
0.4831460674157303,0.11235955056179775,0.6869111,-0.19207926,-1.2838572,0.13877727
0.4831460674157303,0.12359550561797752,0.75432533,-0.20799221,-1.3877691,0.14872271
0.4831460674157303,0.1348314606741573,0.82046956,-0.22295871,-1.4848123,0.15750423
0.4831460674157303,0.14606741573033707,0.88514423,-0.23742047,-1.5741735,0.16575466
0.4831460674157303,0.15730337078651685,0.9482117,-0.25171447,-1.6551968,0.1738304
0.4831460674157303,0.16853932584269662,1.0096036,-0.26595107,-1.7274346,0.18168539
0.4831460674157303,0.1797752808988764,1.0693197,-0.2799969,-1.7906456,0.18904519
0.4831460674157303,0.19101123595505617,1.1274202,-0.29351932,-1.8447554,0.19557483
0.4831460674157303,0.20224719101123595,1.184005,-0.3060617,-1.8897767,0.20102565
0.4831460674157303,0.21348314606741572,1.2391934,-0.31712794,-1.9257169,0.20518112
0.4831460674157303,0.2247191011235955,1.2930936,-0.32629663,-1.9524741,0.2078804
0.4831460674157303,0.23595505617977527,1.3457642,-0.3333443,-1.9697912,0.20904563
0.4831460674157303,0.24719101123595505,1.3971807,-0.33835286,-1.9772938,0.20880082
0.4831460674157303,0.2584269662921348,1.4472115,-0.3417237,-1.9746149,0.20750357
0.4831460674157303,0.2696629213483146,1.4956276,-0.34407488,-1.9615556,0.20563763
0.4831460674157303,0.2808988764044944,1.5421475,-0.34598726,-1.9381824,0.20358191
0.4831460674157303,0.29213483146067415,1.5865104,-0.3477377,-1.9048282,0.20137943
0.4831460674157303,0.3033707865168539,1.6285573,-0.34913442,-1.8620019,0.19866745
0.4831460674157303,0.3146067415730337,1.6682795,-0.34961462,-1.8102242,0.1948321
0.4831460674157303,0.3258426966292135,1.7058141,-0.3485543,-1.7498883,0.18929103
0.4831460674157303,0.33707865168539325,1.74137,-0.34562322,-1.6812084,0.18186878
0.4831460674157303,0.348314606741573,1.7751158,-0.34095886,-1.6042633,0.17290655
0.4831460674157303,0.3595505617977528,1.8070823,-0.33504984,-1.5191494,0.16309978
0.4831460674157303,0.3707865168539326,1.8371285,-0.3284406,-1.4261036,0.15313612
0.4831460674157303,0.38202247191011235,1.8649966,-0.32147184,-1.3255786,0.14326052
0.4831460674157303,0.3932584269662921,1.8904144,-0.31418273,-1.2182366,0.13314883
0.4831460674157303,0.4044943820224719,1.9132019,-0.30641666,-1.1048708,0.122169025
0.4831460674157303,0.4157303370786517,1.9333253,-0.2979836,-0.9863126,0.10981246
0.4831460674157303,0.42696629213483145,1.950882,-0.28877947,-0.86330014,0.09604353
0.4831460674157303,0.4382022471910112,1.9660395,-0.27879483,-0.7363408,0.08133625
0.4831460674157303,0.449438202247191,1.9789516,-0.26804662,-0.60565895,0.06633538
0.4831460674157303,0.4606741573033708,1.9896905,-0.25651798,-0.47131175,0.051532745
0.4831460674157303,0.47191011235955055,1.9982138,-0.24416682,-0.33345383,0.037092257
0.4831460674157303,0.4831460674157303,2.004373,-0.2309975,-0.19264331,0.022909105
0.4831460674157303,0.4943820224719101,2.0079572,-0.21715385,-0.04999334,0.008776779
0.4831460674157303,0.5056179775280899,2.008753,-0.20295548,0.09297019,-0.0055007883
0.4831460674157303,0.5168539325842696,2.0066006,-0.18885076,0.2346827,-0.020109339
0.4831460674157303,0.5280898876404494,2.0014288,-0.17527294,0.37397847,-0.035167478
0.4831460674157303,0.5393258426966292,1.9932617,-0.16243006,0.510289,-0.05067025
0.4831460674157303,0.550561797752809,1.9822062,-0.15015008,0.64354366,-0.06635033
0.4831460674157303,0.5617977528089888,1.9684355,-0.13789342,0.7738015,-0.08163294
0.4831460674157303,0.5730337078651685,1.9521611,-0.12500528,0.90090907,-0.09583885
0.4831460674157303,0.5842696629213483,1.9336013,-0.11109608,1.024335,-0.10851183
0.4831460674157303,0.5955056179775281,1.9129393,-0.09633648,1.1432439,-0.11970273
0.4831460674157303,0.6067415730337078,1.8902731,-0.081443235,1.2566984,-0.13001171
0.4831460674157303,0.6179775280898876,1.8655852,-0.06733288,1.3638539,-0.14029264
0.4831460674157303,0.6292134831460674,1.8387554,-0.054640267,1.4640492,-0.15108195
0.4831460674157303,0.6404494382022472,1.8096216,-0.043421254,1.5567987,-0.16223206
0.4831460674157303,0.651685393258427,1.7780625,-0.033230312,1.6417418,-0.17287818
0.4831460674157303,0.6629213483146067,1.7440561,-0.023491899,1.7185653,-0.18189773
0.4831460674157303,0.6741573033707865,1.7076839,-0.0138903465,1.7869527,-0.18856084
0.4831460674157303,0.6853932584269663,1.6690869,-0.0045280713,1.8465085,-0.19295527
0.4831460674157303,0.696629213483146,1.6284084,0.0042185704,1.8967661,-0.1959
0.4831460674157303,0.7078651685393258,1.5857488,0.0120013,1.9372836,-0.19845729
0.4831460674157303,0.7191011235955056,1.5411538,0.01875664,1.9678254,-0.20132788
0.4831460674157303,0.7303370786516854,1.4946332,0.024742385,1.988458,-0.20453563
0.4831460674157303,0.7415730337078652,1.4461929,0.030352803,1.9994888,-0.20749536
0.4831460674157303,0.7528089887640449,1.39587,0.03584112,2.0012465,-0.20937458
0.4831460674157303,0.7640449438202247,1.3437474,0.04114573,1.9938767,-0.20951296
0.4831460674157303,0.7752808988764045,1.2899497,0.045898784,1.9772671,-0.20764264
0.4831460674157303,0.7865168539325842,1.2346166,0.049625672,1.9511343,-0.20390804
0.4831460674157303,0.797752808988764,1.1778753,0.0520121,1.9152231,-0.1986954
0.4831460674157303,0.8089887640449438,1.1198158,0.053092707,1.8694884,-0.19245835
0.4831460674157303,0.8202247191011236,1.0604856,0.053249467,1.8141713,-0.1855952
0.4831460674157303,0.8314606741573034,0.9999093,0.05298931,1.7497271,-0.17843375
0.4831460674157303,0.8426966292134831,0.93812376,0.05262794,1.6766473,-0.1711945
0.4831460674157303,0.8539325842696629,0.8752069,0.052105576,1.595282,-0.16386625
0.4831460674157303,0.8651685393258427,0.8112867,0.051059287,1.5057915,-0.15607344
0.4831460674157303,0.8764044943820224,0.74650985,0.04912113,1.4082801,-0.14712653
0.4831460674157303,0.8876404494382022,0.68100274,0.046182573,1.3030127,-0.1363569
0.4831460674157303,0.898876404494382,0.6148378,0.04246757,1.1905901,-0.12359364
0.4831460674157303,0.9101123595505618,0.5480372,0.038372967,1.0719604,-0.10945214
0.4831460674157303,0.9213483146067416,0.48060745,0.03424705,0.9482486,-0.09510532
0.4831460674157303,0.9325842696629213,0.41258734,0.030237604,0.82050425,-0.081649184
0.4831460674157303,0.9438202247191011,0.34408087,0.026265198,0.68949324,-0.069432914
0.4831460674157303,0.9550561797752809,0.27525783,0.022093114,0.555658,-0.05783439
0.4831460674157303,0.9662921348314606,0.20631535,0.017450498,0.41927508,-0.045655947
0.4831460674157303,0.9775280898876404,0.13741758,0.012162493,0.28070563,-0.031888433
0.4831460674157303,0.9887640449438202,0.068649225,0.0062528886,0.14061311,-0.016380392
0.4831460674157303,1.0,-1.699305e-07,-1.5517136e-08,-3.479159e-07,4.046524e-08
0.4943820224719101,0.0,-0.0,0.0,0.0,-0.0
0.4943820224719101,0.011235955056179775,0.067227185,-0.013365206,-0.13974407,0.005444105
0.4943820224719101,0.02247191011235955,0.13481,-0.027359204,-0.28017336,0.010728386
0.4943820224719101,0.033707865168539325,0.20293914,-0.04173555,-0.41943413,0.014960074
0.4943820224719101,0.0449438202247191,0.27168205,-0.05641435,-0.55603725,0.018519536
0.4943820224719101,0.056179775280898875,0.34097567,-0.07140904,-0.6890478,0.0223641
0.4943820224719101,0.06741573033707865,0.4106483,-0.08666015,-0.81802875,0.027190417
0.4943820224719101,0.07865168539325842,0.48045415,-0.10190274,-0.94281995,0.032928027
0.4943820224719101,0.0898876404494382,0.5501074,-0.116684355,-1.0632772,0.038796652
0.4943820224719101,0.10112359550561797,0.6193091,-0.13053945,-1.1790826,0.043823823
0.4943820224719101,0.11235955056179775,0.6877656,-0.1432032,-1.2896702,0.04741607
0.4943820224719101,0.12359550561797752,0.7552019,-0.15473011,-1.3942682,0.049662493
0.4943820224719101,0.1348314606741573,0.82137585,-0.16543782,-1.4920124,0.051173266
0.4943820224719101,0.14606741573033707,0.886092,-0.17572923,-1.5820785,0.052686445
0.4943820224719101,0.15730337078651685,0.9492149,-0.18590426,-1.6637903,0.054661922
0.4943820224719101,0.16853932584269662,1.0106767,-0.19604672,-1.7366797,0.057177525
0.4943820224719101,0.1797752808988764,1.070476,-0.20601389,-1.8004893,0.060022328
0.4943820224719101,0.19101123595505617,1.1286669,-0.21547544,-1.8551399,0.06287725
0.4943820224719101,0.20224719101123595,1.1853422,-0.22398242,-1.9006451,0.06543846
0.4943820224719101,0.21348314606741572,1.2406143,-0.23105346,-1.9370184,0.06740881
0.4943820224719101,0.2247191011235955,1.2945853,-0.23628712,-1.9641545,0.06854347
0.4943820224719101,0.23595505617977527,1.3473128,-0.23948242,-1.9817898,0.06872656
0.4943820224719101,0.24719101123595505,1.3987751,-0.24074472,-1.9895482,0.068091415
0.4943820224719101,0.2584269662921348,1.4488479,-0.24049565,-1.9870738,0.06702251
0.4943820224719101,0.2696629213483146,1.4973091,-0.23936239,-1.9741874,0.066053756
0.4943820224719101,0.2808988764044944,1.5438854,-0.23794034,-1.9509898,0.06558914
0.4943820224719101,0.29213483146067415,1.5883211,-0.23650989,-1.9178456,0.06569638
0.4943820224719101,0.3033707865168539,1.630456,-0.23489295,-1.875274,0.06598673
0.4943820224719101,0.3146067415730337,1.6702775,-0.23253983,-1.8237897,0.0658188
0.4943820224719101,0.3258426966292135,1.707917,-0.22884059,-1.7637577,0.06457651
0.4943820224719101,0.33707865168539325,1.7435827,-0.2234788,-1.6953433,0.06201995
0.4943820224719101,0.348314606741573,1.7774495,-0.21659619,-1.6185875,0.05844519
0.4943820224719101,0.3595505617977528,1.809557,-0.20867822,-1.5335469,0.054546546
0.4943820224719101,0.3707865168539326,1.8397721,-0.20024975,-1.4404564,0.05102241
0.4943820224719101,0.38202247191011235,1.8678334,-0.19161168,-1.339788,0.048156165
0.4943820224719101,0.3932584269662921,1.8934544,-0.18275706,-1.2322384,0.045671627
0.4943820224719101,0.4044943820224719,1.9164284,-0.1734906,-1.1186384,0.042906497
0.4943820224719101,0.4157303370786517,1.9366916,-0.16361013,-0.9998362,0.03926838
0.4943820224719101,0.42696629213483145,1.954318,-0.15303333,-0.87656516,0.034602076
0.4943820224719101,0.4382022471910112,1.9694601,-0.14179221,-0.7493231,0.029221099
0.4943820224719101,0.449438202247191,1.982272,-0.12994222,-0.61833185,0.023645027
0.4943820224719101,0.4606741573033708,1.9928387,-0.11748638,-0.48367238,0.018301552
0.4943820224719101,0.47191011235955055,2.0011415,-0.1043765,-0.34554756,0.013312423
0.4943820224719101,0.4831460674157303,2.0070636,-0.09060756,-0.2045766,0.008576012
0.4943820224719101,0.4943820224719101,2.0104287,-0.076332144,-0.061926402,0.0038828128
0.4943820224719101,0.5056179775280899,2.0110538,-0.06191469,0.08086039,-0.00094863423
0.4943820224719101,0.5168539325842696,2.008799,-0.04787839,0.22226526,-0.006073493
0.4943820224719101,0.5280898876404494,2.0035994,-0.034722995,0.36121055,-0.011606884
0.4943820224719101,0.5393258426966292,1.9954671,-0.022682171,0.49723732,-0.017498562
0.4943820224719101,0.550561797752809,1.9844849,-0.011537937,0.6303679,-0.023513226
0.4943820224719101,0.5617977528089888,1.9707934,-0.00065334444,0.76071835,-0.029196274
0.4943820224719101,0.5730337078651685,1.9545748,0.010738751,0.88813764,-0.034034267
0.4943820224719101,0.5842696629213483,1.9360299,0.023105357,1.0120525,-0.037753988
0.4943820224719101,0.5955056179775281,1.9153366,0.036301192,1.13156,-0.04055326
0.4943820224719101,0.6067415730337078,1.8926005,0.049585037,1.2456542,-0.043066256
0.4943820224719101,0.6179775280898876,1.8678195,0.061991714,1.353419,-0.0461162
0.4943820224719101,0.6292134831460674,1.8408905,0.07284907,1.4541553,-0.05017713
0.4943820224719101,0.6404494382022472,1.8116647,0.082080275,1.5473502,-0.055039257
0.4943820224719101,0.651685393258427,1.7800269,0.090147644,1.6326481,-0.059831135
0.4943820224719101,0.6629213483146067,1.7459546,0.09765417,1.7097579,-0.06345993
0.4943820224719101,0.6741573033707865,1.7095256,0.10494633,1.7783818,-0.06524881
0.4943820224719101,0.6853932584269663,1.6708784,0.111928105,1.8381444,-0.06532518
0.4943820224719101,0.696629213483146,1.6301557,0.11819547,1.8885821,-0.06454831
0.4943820224719101,0.7078651685393258,1.5874623,0.12334212,1.9292597,-0.063995115
0.4943820224719101,0.7191011235955056,1.5428458,0.12723726,1.9599531,-0.06443014
0.4943820224719101,0.7303370786516854,1.496315,0.13010234,1.9807566,-0.065926865
0.4943820224719101,0.7415730337078652,1.4478693,0.132334,1.9920058,-0.06794364
0.4943820224719101,0.7528089887640449,1.3975383,0.13422461,1.9940443,-0.069662504
0.4943820224719101,0.7640449438202247,1.3454,0.135754,1.9870062,-0.07038475
0.4943820224719101,0.7752808988764045,1.2915767,0.13659525,1.9707522,-0.06980449
0.4943820224719101,0.7865168539325842,1.2362107,0.13629793,1.9449699,-0.0680243
0.4943820224719101,0.797752808988764,1.1794288,0.1345742,1.9093955,-0.06540249
0.4943820224719101,0.8089887640449438,1.1213194,0.13148737,1.8640022,-0.062397867
0.4943820224719101,0.8202247191011236,1.0619279,0.12744993,1.8090597,-0.059410136
0.4943820224719101,0.8314606741573034,1.0012752,0.12298581,1.7450545,-0.05678667
0.4943820224719101,0.8426966292134831,0.9393969,0.11841925,1.6724911,-0.05475377
0.4943820224719101,0.8539325842696629,0.8763741,0.113679096,1.5917069,-0.053285934
0.4943820224719101,0.8651685393258427,0.8123382,0.10839278,1.5028396,-0.05196668
0.4943820224719101,0.8764044943820224,0.747441,0.10218154,1.4059595,-0.0500405
0.4943820224719101,0.8876404494382022,0.6818132,0.09493316,1.301306,-0.046762742
0.4943820224719101,0.898876404494382,0.6155321,0.08686078,1.189453,-0.04187715
0.4943820224719101,0.9101123595505618,0.54862344,0.07834249,1.0713212,-0.035918638
0.4943820224719101,0.9213483146067416,0.48109707,0.069706455,0.9480185,-0.02999725
0.4943820224719101,0.9325842696629213,0.41299054,0.06108454,0.8205876,-0.025182446
0.4943820224719101,0.9438202247191011,0.34440473,0.052386526,0.6898017,-0.021833843
0.4943820224719101,0.9550561797752809,0.27550453,0.043362077,0.55611676,-0.019367568
0.4943820224719101,0.9662921348314606,0.20648529,0.033717487,0.41981044,-0.016599506
0.4943820224719101,0.9775280898876404,0.13751423,0.023242367,0.28122315,-0.012473592
0.4943820224719101,0.9887640449438202,0.068685174,0.011920641,0.14097159,-0.0067124357
0.4943820224719101,1.0,-1.6997888e-07,-2.988297e-08,-3.4909624e-07,1.6785659e-08
0.5056179775280899,0.0,-0.0,0.0,0.0,-0.0
0.5056179775280899,0.011235955056179775,0.067324184,-0.008384581,-0.14007077,-0.004599933
0.5056179775280899,0.02247191011235955,0.134982,-0.017466363,-0.28085122,-0.009130072
0.5056179775280899,0.033707865168539325,0.20315972,-0.026960645,-0.42049065,-0.014503988
0.5056179775280899,0.0449438202247191,0.27192476,-0.036745258,-0.5574907,-0.020402303
0.5056179775280899,0.056179775280898875,0.34121642,-0.04681226,-0.690904,-0.02590425
0.5056179775280899,0.06741573033707865,0.41086623,-0.057115372,-0.820286,-0.030288931
0.5056179775280899,0.07865168539325842,0.4806318,-0.067433774,-0.94547856,-0.033555064
0.5056179775280899,0.0898876404494382,0.550231,-0.07737266,-1.0663476,-0.03639616
0.5056179775280899,0.10112359550561797,0.61936826,-0.086512655,-1.1825876,-0.03972437
0.5056179775280899,0.11235955056179775,0.68775433,-0.09460861,-1.2936443,-0.04409285
0.5056179775280899,0.12359550561797752,0.75511897,-0.1016991,-1.3987551,-0.049393762
0.5056179775280899,0.1348314606741573,0.8212249,-0.108056635,-1.4970545,-0.054987542
0.5056179775280899,0.14606741573033707,0.8858815,-0.114030115,-1.5877072,-0.060078744
0.5056179775280899,0.15730337078651685,0.94895923,-0.11987661,-1.6700127,-0.064114034
0.5056179775280899,0.16853932584269662,1.0103942,-0.12566891,-1.7434692,-0.06692555
0.5056179775280899,0.1797752808988764,1.0701858,-0.13128102,-1.8077947,-0.06864365
0.5056179775280899,0.19101123595505617,1.1283863,-0.13641766,-1.8628947,-0.069558546
0.5056179775280899,0.20224719101123595,1.1850822,-0.14067706,-1.9087896,-0.06999887
0.5056179775280899,0.21348314606741572,1.240378,-0.14361896,-1.9455,-0.07030946
0.5056179775280899,0.2247191011235955,1.2943703,-0.14487274,-1.972935,-0.070787765
0.5056179775280899,0.23595505617977527,1.3471134,-0.14425363,-1.9908378,-0.07158318
0.5056179775280899,0.24719101123595505,1.398586,-0.14186475,-1.9988471,-0.07257299
0.5056179775280899,0.2584269662921348,1.4486686,-0.1381111,-1.996622,-0.07338282
0.5056179775280899,0.2696629213483146,1.4971483,-0.13360003,-1.9840114,-0.07347704
0.5056179775280899,0.2808988764044944,1.5437591,-0.12890528,-1.9611342,-0.07244817
0.5056179775280899,0.29213483146067415,1.5882505,-0.124304906,-1.9283628,-0.070232585
0.5056179775280899,0.3033707865168539,1.6304611,-0.11963663,-1.8862056,-0.067175776
0.5056179775280899,0.3146067415730337,1.6703727,-0.11438262,-1.8351396,-0.06391337
0.5056179775280899,0.3258426966292135,1.7081072,-0.10797312,-1.7754834,-0.061051518
0.5056179775280899,0.33707865168539325,1.7438681,-0.10012576,-1.7073545,-0.058861475
0.5056179775280899,0.348314606741573,1.7778318,-0.09100324,-1.6307569,-0.057082847
0.5056179775280899,0.3595505617977528,1.8100451,-0.081091866,-1.5457449,-0.055058762
0.5056179775280899,0.3707865168539326,1.8403835,-0.07089201,-1.4525716,-0.052097596
0.5056179775280899,0.38202247191011235,1.8685852,-0.060654353,-1.3517544,-0.047908593
0.5056179775280899,0.3932584269662921,1.8943511,-0.050314706,-1.2440388,-0.04274873
0.5056179775280899,0.4044943820224719,1.9174513,-0.039621543,-1.1302875,-0.037281852
0.5056179775280899,0.4157303370786517,1.9377943,-0.028357117,-1.0113592,-0.032159273
0.5056179775280899,0.42696629213483145,1.9554291,-0.016455809,-0.8879803,-0.027657205
0.5056179775280899,0.4382022471910112,1.9704958,-0.003990369,-0.76062804,-0.023620635
0.5056179775280899,0.449438202247191,1.9831499,0.008940907,-0.6295328,-0.019658895
0.5056179775280899,0.4606741573033708,1.9934949,0.022317685,-0.49480262,-0.015463459
0.5056179775280899,0.47191011235955055,2.0015423,0.036184102,-0.3566988,-0.010938513
0.5056179775280899,0.4831460674157303,2.0072153,0.050549325,-0.21589792,-0.0061987876
0.5056179775280899,0.4943820224719101,2.0103745,0.065245256,-0.073595725,-0.0014292971
0.5056179775280899,0.5056179775280899,2.0108705,0.07985606,0.06868156,0.0032255233
0.5056179775280899,0.5168539325842696,2.0085816,0.09379003,0.20948811,0.007658298
0.5056179775280899,0.5280898876404494,2.0034428,0.106486164,0.3478515,0.011805226
0.5056179775280899,0.5393258426966292,1.9954473,0.11769851,0.48343152,0.015695777
0.5056179775280899,0.550561797752809,1.9846447,0.1276967,0.61631787,0.019509954
0.5056179775280899,0.5617977528089888,1.9711365,0.13721208,0.74664605,0.023556989
0.5056179775280899,0.5730337078651685,1.9550697,0.14711201,0.87423825,0.028142862
0.5056179775280899,0.5842696629213483,1.9366213,0.1579193,0.99846506,0.03336311
0.5056179775280899,0.5955056179775281,1.9159622,0.1694978,1.1183593,0.03890771
0.5056179775280899,0.6067415730337078,1.8932045,0.18107736,1.232854,0.04411167
0.5056179775280899,0.6179775280898876,1.8683624,0.19165191,1.3409933,0.04822568
0.5056179775280899,0.6292134831460674,1.8413521,0.20052907,1.442049,0.050852787
0.5056179775280899,0.6404494382022472,1.8120409,0.20764205,1.5355142,0.052246656
0.5056179775280899,0.651685393258427,1.7803237,0.21348013,1.6210492,0.05328102
0.5056179775280899,0.6629213483146067,1.74618,0.2186949,1.698391,0.05499141
0.5056179775280899,0.6741573033707865,1.7096856,0.22366649,1.7672648,0.058014613
0.5056179775280899,0.6853932584269663,1.6709758,0.22830825,1.8272971,0.06217495
0.5056179775280899,0.696629213483146,1.6301966,0.23217647,1.8780073,0.06661206
0.5056179775280899,0.7078651685393258,1.587458,0.23478772,1.9189391,0.07023515
0.5056179775280899,0.7191011235955056,1.5428143,0.23593009,1.9498625,0.07228019
0.5056179775280899,0.7303370786516854,1.496275,0.2357673,1.970885,0.07261972
0.5056179775280899,0.7415730337078652,1.4478364,0.23468822,1.9823722,0.07174041
0.5056179775280899,0.7528089887640449,1.3975201,0.23301633,1.9846951,0.07040377
0.5056179775280899,0.7640449438202247,1.3453984,0.23077913,1.9779927,0.06927473
0.5056179775280899,0.7752808988764045,1.2915919,0.22769101,1.9621043,0.06867764
0.5056179775280899,0.7865168539325842,1.2362419,0.22333786,1.936696,0.068527356
0.5056179775280899,0.797752808988764,1.1794772,0.21745712,1.9014906,0.06850388
0.5056179775280899,0.8089887640449438,1.1213849,0.21014182,1.8564684,0.068194054
0.5056179775280899,0.8202247191011236,1.0620066,0.20183091,1.8019273,0.06720241
0.5056179775280899,0.8314606741573034,1.0013605,0.19307342,1.7383807,0.06520004
0.5056179775280899,0.8426966292134831,0.93948,0.18420152,1.6663448,0.061977595
0.5056179775280899,0.8539325842696629,0.8764457,0.17514792,1.5861537,0.05758719
0.5056179775280899,0.8651685393258427,0.81239027,0.16554204,1.4979314,0.052477736
0.5056179775280899,0.8764044943820224,0.7474676,0.15500934,1.40173,0.04745674
0.5056179775280899,0.8876404494382022,0.68181,0.1434377,1.2977724,0.043314576
0.5056179775280899,0.898876404494382,0.61549705,0.13102388,1.186618,0.04033595
0.5056179775280899,0.9101123595505618,0.54855865,0.11811628,1.0691615,0.03804583
0.5056179775280899,0.9213483146067416,0.48100877,0.10500768,0.9464832,0.03538753
0.5056179775280899,0.9325842696629213,0.412888,0.09180212,0.8195989,0.031356897
0.5056179775280899,0.9438202247191011,0.3442967,0.07839369,0.68926793,0.025634672
0.5056179775280899,0.9550561797752809,0.2753982,0.06452356,0.5559408,0.018834088
0.5056179775280899,0.9662921348314606,0.20638649,0.04988448,0.4198903,0.0121592255
0.5056179775280899,0.9775280898876404,0.13743113,0.034240853,0.28143966,0.006711484
0.5056179775280899,0.9887640449438202,0.06863218,0.017541429,0.14117411,0.0028507567
0.5056179775280899,1.0,-1.6981242e-07,-4.4125418e-08,-3.498591e-07,-6.735205e-09
0.5168539325842696,0.0,-0.0,0.0,0.0,-0.0
0.5168539325842696,0.011235955056179775,0.06733568,-0.0035389385,-0.1401964,-0.014736932
0.5168539325842696,0.02247191011235955,0.13498093,-0.007823864,-0.28114334,-0.029132636
0.5168539325842696,0.033707865168539325,0.20311911,-0.012535044,-0.42099863,-0.04412206
0.5168539325842696,0.0449438202247191,0.27181956,-0.017510554,-0.5582505,-0.059463196
0.5168539325842696,0.056179775280898875,0.3410254,-0.022720674,-0.6919256,-0.07429142
0.5168539325842696,0.06741573033707865,0.41057178,-0.028129667,-0.821557,-0.08786816
0.5168539325842696,0.07865168539325842,0.48021874,-0.033558745,-0.9469772,-0.10011008
0.5168539325842696,0.0898876404494382,0.54968584,-0.038668454,-1.0680588,-0.11160686
0.5168539325842696,0.10112359550561797,0.6186796,-0.04308559,-1.184516,-0.12318484
0.5168539325842696,0.11235955056179775,0.68691313,-0.046579886,-1.2958214,-0.13535117
0.5168539325842696,0.12359550561797752,0.7541198,-0.049164932,-1.4012353,-0.14799309
0.5168539325842696,0.1348314606741573,0.8200674,-0.051058393,-1.4999056,-0.16046657
0.5168539325842696,0.14606741573033707,0.88457257,-0.052548073,-1.5909876,-0.17195803
0.5168539325842696,0.15730337078651685,0.9475132,-0.053855147,-1.6737517,-0.18185927
0.5168539325842696,0.16853932584269662,1.008833,-0.055054143,-1.7476585,-0.18992393
0.5168539325842696,0.1797752808988764,1.0685358,-0.056062914,-1.8123903,-0.19621041
0.5168539325842696,0.19101123595505617,1.1266729,-0.056656633,-1.867838,-0.20096433
0.5168539325842696,0.20224719101123595,1.1833267,-0.05650397,-1.9140248,-0.2045163
0.5168539325842696,0.21348314606741572,1.2385947,-0.055229746,-1.9509903,-0.20722285
0.5168539325842696,0.2247191011235955,1.2925647,-0.05249793,-1.9786643,-0.20940247
0.5168539325842696,0.23595505617977527,1.3452863,-0.048134126,-1.9968151,-0.21121442
0.5168539325842696,0.24719101123595505,1.396736,-0.042209946,-2.0050974,-0.21257265
0.5168539325842696,0.2584269662921348,1.4467984,-0.035087835,-2.0031958,-0.2131281
0.5168539325842696,0.2696629213483146,1.4952674,-0.02732176,-1.9909743,-0.21239892
0.5168539325842696,0.2808988764044944,1.541886,-0.019447869,-1.9685625,-0.20999466
0.5168539325842696,0.29213483146067415,1.5864084,-0.011731556,-1.9363215,-0.20584495
0.5168539325842696,0.3033707865168539,1.6286721,-0.004030933,-1.8947241,-0.20024143
0.5168539325842696,0.3146067415730337,1.6686509,0.0041302047,-1.8441929,-0.19375657
0.5168539325842696,0.3258426966292135,1.7064553,0.0132673,-1.7849845,-0.18695119
0.5168539325842696,0.33707865168539325,1.7422789,0.023615427,-1.7171679,-0.18009269
0.5168539325842696,0.348314606741573,1.7762955,0.03498357,-1.6407256,-0.172968
0.5168539325842696,0.3595505617977528,1.8085598,0.046885096,-1.5557253,-0.1649936
0.5168539325842696,0.3707865168539326,1.8389549,0.05884357,-1.4624686,-0.15553309
0.5168539325842696,0.38202247191011235,1.8672241,0.07066334,-1.3615391,-0.14431015
0.5168539325842696,0.3932584269662921,1.8930618,0.082469605,-1.2537467,-0.13157035
0.5168539325842696,0.4044943820224719,1.9162196,0.09456467,-1.1399866,-0.11796941
0.5168539325842696,0.4157303370786517,1.9365811,0.10719013,-1.0211184,-0.104177974
0.5168539325842696,0.42696629213483145,1.9541715,0.12039649,-0.89783895,-0.09056423
0.5168539325842696,0.4382022471910112,1.9691175,0.1340667,-0.77060884,-0.0771062
0.5168539325842696,0.449438202247191,1.9815779,0.14806181,-0.6396587,-0.06356196
0.5168539325842696,0.4606741573033708,1.9916754,0.16233014,-0.5051324,-0.049743023
0.5168539325842696,0.47191011235955055,1.9994571,0.17691359,-0.3673401,-0.035629947
0.5168539325842696,0.4831460674157303,2.0048864,0.19181871,-0.22700873,-0.021348648
0.5168539325842696,0.4943820224719101,2.0078669,0.20686248,-0.08534002,-0.0070524486
0.5168539325842696,0.5056179775280899,2.0082803,0.22158651,0.056185644,0.0071624257
0.5168539325842696,0.5168539325842696,2.0060205,0.23534483,0.19621493,0.021242976
0.5168539325842696,0.5280898876404494,2.0010166,0.24753745,0.3338887,0.035178136
0.5168539325842696,0.5393258426966292,1.9932384,0.25792512,0.46895447,0.048968922
0.5168539325842696,0.550561797752809,1.9826964,0.2668291,0.60153985,0.062713325
0.5168539325842696,0.5617977528089888,1.969449,0.275063,0.7317662,0.076544054
0.5168539325842696,0.5730337078651685,1.9536045,0.2835641,0.8593959,0.09057954
0.5168539325842696,0.5842696629213483,1.9353151,0.29288536,0.98374087,0.10473094
0.5168539325842696,0.5955056179775281,1.9147416,0.30287102,1.1037802,0.11860979
0.5168539325842696,0.6067415730337078,1.892003,0.31271312,1.2184075,0.13154683
0.5168539325842696,0.6179775280898876,1.8671293,0.3213805,1.326651,0.14285932
0.5168539325842696,0.6292134831460674,1.8400567,0.32817486,1.4277861,0.15221341
0.5168539325842696,0.6404494382022472,1.8106718,0.3330573,1.5213226,0.15990824
0.5168539325842696,0.651685393258427,1.7788812,0.33656517,1.6069561,0.16678002
0.5168539325842696,0.6629213483146067,1.74467,0.3394057,1.6844611,0.17382391
0.5168539325842696,0.6741573033707865,1.7081125,0.34199977,1.7535802,0.18158583
0.5168539325842696,0.6853932584269663,1.6693434,0.34427047,1.813927,0.18988702
0.5168539325842696,0.696629213483146,1.6285104,0.3457353,1.864986,0.19786021
0.5168539325842696,0.7078651685393258,1.5857311,0.34583205,1.9062548,0.20446214
0.5168539325842696,0.7191011235955056,1.5410674,0.3442613,1.9374763,0.2089444
0.5168539325842696,0.7303370786516854,1.4945322,0.34112203,1.9587656,0.21115904
0.5168539325842696,0.7415730337078652,1.4461192,0.33678827,1.9705205,0.2115286
0.5168539325842696,0.7528089887640449,1.3958443,0.3316062,1.9731408,0.21072483
0.5168539325842696,0.7640449438202247,1.3437734,0.3256495,1.9667858,0.20933563
0.5168539325842696,0.7752808988764045,1.2900234,0.31867513,1.9512862,0.207644
0.5168539325842696,0.7865168539325842,1.2347366,0.3103015,1.9262865,0.20559046
0.5168539325842696,0.797752808988764,1.1780418,0.3002899,1.8914963,0.20288217
0.5168539325842696,0.8089887640449438,1.1200279,0.28875235,1.8468943,0.19916463
0.5168539325842696,0.8202247191011236,1.0607338,0.2761489,1.7927939,0.19410175
0.5168539325842696,0.8314606741573034,1.0001745,0.26304525,1.7297277,0.18740344
0.5168539325842696,0.8426966292134831,0.93838125,0.24979088,1.6582236,0.17890568
0.5168539325842696,0.8539325842696629,0.8754319,0.23633406,1.5786202,0.16869311
0.5168539325842696,0.8651685393258427,0.81145763,0.22232741,1.4910369,0.15726188
0.5168539325842696,0.8764044943820224,0.74660975,0.2074162,1.3955263,0.14543876
0.5168539325842696,0.8876404494382022,0.68101865,0.19149595,1.292314,0.13400777
0.5168539325842696,0.898876404494382,0.61476403,0.174745,1.1819549,0.123246826
0.5168539325842696,0.9101123595505618,0.5478785,0.15747002,1.0653268,0.11267548
0.5168539325842696,0.9213483146067416,0.48038092,0.13991682,0.9434723,0.10129396
0.5168539325842696,0.9325842696629213,0.4123175,0.12215195,0.81736505,0.08818944
0.5168539325842696,0.9438202247191011,0.3437923,0.10405307,0.68772644,0.07315587
0.5168539325842696,0.9550561797752809,0.2749696,0.08535997,0.5549844,0.056897823
0.5168539325842696,0.9662921348314606,0.20604369,0.06576386,0.419396,0.040692937
0.5168539325842696,0.9775280898876404,0.13718553,0.045015585,0.28127098,0.025695765
0.5168539325842696,0.9887640449438202,0.06849914,0.023035085,0.14117631,0.012311683
0.5168539325842696,1.0,-1.6945373e-07,-5.80226e-08,-3.5008995e-07,-3.00708e-08
0.5280898876404494,0.0,-0.0,0.0,0.0,-0.0
0.5280898876404494,0.011235955056179775,0.067263484,0.001139974,-0.14016019,-0.024925161
0.5280898876404494,0.02247191011235955,0.13480943,0.0015194889,-0.2811181,-0.049208473
0.5280898876404494,0.033707865168539325,0.2028198,0.001483166,-0.42104915,-0.07379718
0.5280898876404494,0.0449438202247191,0.27136785,0.0012215679,-0.5584252,-0.098533645
0.5280898876404494,0.056179775280898875,0.34040272,0.000780358,-0.6922363,-0.12262294
0.5280898876404494,0.06741573033707865,0.40976423,0.00018527906,-0.82197815,-0.14532045
0.5280898876404494,0.07865168539325842,0.47921482,-0.0004208722,-0.9474605,-0.16645837
0.5280898876404494,0.0898876404494382,0.5484746,-0.0007477084,-1.0685589,-0.18650423
0.5280898876404494,0.10112359550561797,0.61725014,-0.00046055357,-1.1850128,-0.20618075
0.5280898876404494,0.11235955056179775,0.68525505,0.00066331076,-1.2963345,-0.22595105
0.5280898876404494,0.12359550561797752,0.7522259,0.002640212,-1.401825,-0.24569823
0.5280898876404494,0.1348314606741573,0.81793517,0.0053090407,-1.5006558,-0.2647994
0.5280898876404494,0.14606741573033707,0.882208,0.008440173,-1.5919794,-0.28245527
0.5280898876404494,0.15730337078651685,0.94493204,0.011839989,-1.6750379,-0.2980306
0.5280898876404494,0.16853932584269662,1.0060604,0.015413246,-1.7492476,-0.3112318
0.5280898876404494,0.1797752808988764,1.0656031,0.019180173,-1.8142555,-0.3220542
0.5280898876404494,0.19101123595505617,1.1236134,0.02327444,-1.8699354,-0.3306992
0.5280898876404494,0.20224719101123595,1.1801695,0.027932018,-1.9163187,-0.3374647
0.5280898876404494,0.21348314606741572,1.235361,0.03345247,-1.9534682,-0.3426876
0.5280898876404494,0.2247191011235955,1.2892667,0.04013096,-1.9813427,-0.3466692
0.5280898876404494,0.23595505617977527,1.3419281,0.048151303,-1.9997374,-0.3495722
0.5280898876404494,0.24719101123595505,1.3933184,0.057484053,-2.0083308,-0.35133418
0.5280898876404494,0.2584269662921348,1.4433235,0.067836925,-2.006827,-0.35166276
0.5280898876404494,0.2696629213483146,1.491744,0.078725934,-1.9951001,-0.35014325
0.5280898876404494,0.2808988764044944,1.5383328,0.08966211,-1.973276,-0.34644073
0.5280898876404494,0.29213483146067415,1.582849,0.1003982,-1.9416916,-0.34046876
0.5280898876404494,0.3033707865168539,1.6251296,0.11105753,-1.9007708,-0.33244857
0.5280898876404494,0.3146067415730337,1.6651373,0.1220694,-1.8508735,-0.3228551
0.5280898876404494,0.3258426966292135,1.7029697,0.13389368,-1.7921894,-0.31217384
0.5280898876404494,0.33707865168539325,1.7388064,0.14671628,-1.724738,-0.3006476
0.5280898876404494,0.348314606741573,1.7728168,0.16032057,-1.6484889,-0.28814194
0.5280898876404494,0.3595505617977528,1.8050597,0.17421721,-1.5635403,-0.27417254
0.5280898876404494,0.3707865168539326,1.8354306,0.18795753,-1.4702632,-0.25820357
0.5280898876404494,0.38202247191011235,1.8636827,0.20138851,-1.3693291,-0.2400195
0.5280898876404494,0.3932584269662921,1.8895102,0.2146912,-1.2616128,-0.21985869
0.5280898876404494,0.4044943820224719,1.9126534,0.22821115,-1.148048,-0.19833986
0.5280898876404494,0.4157303370786517,1.9329741,0.24220902,-1.0294797,-0.17611547
0.5280898876404494,0.42696629213483145,1.9504765,0.25671306,-0.906566,-0.15358827
0.5280898876404494,0.4382022471910112,1.9652729,0.27156904,-0.7797326,-0.13082533
0.5280898876404494,0.449438202247191,1.9775226,0.28658667,-0.64920247,-0.10773655
0.5280898876404494,0.4606741573033708,1.9873681,0.30168656,-0.5151514,-0.08426317
0.5280898876404494,0.47191011235955055,1.9948896,0.31690037,-0.37793463,-0.06049209
0.5280898876404494,0.4831460674157303,2.0000935,0.3322344,-0.238309,-0.036599487
0.5280898876404494,0.4943820224719101,2.0029244,0.34749624,-0.097467884,-0.012710714
0.5280898876404494,0.5056179775280899,2.0032926,0.36220983,0.0431774,0.011118226
0.5280898876404494,0.5168539325842696,2.0011055,0.37570244,0.1823697,0.03489766
0.5280898876404494,0.5280898876404494,1.9962838,0.3873643,0.31935507,0.0586456
0.5280898876404494,0.5393258426966292,1.9887686,0.39698136,0.45393127,0.0823471
0.5280898876404494,0.550561797752809,1.9785309,0.40492827,0.5862243,0.1059999
0.5280898876404494,0.5617977528089888,1.965585,0.41207469,0.7162945,0.12957872
0.5280898876404494,0.5730337078651685,1.9500037,0.41938254,0.84383553,0.15302207
0.5280898876404494,0.5842696629213483,1.9319125,0.4273895,0.9680987,0.17609142
0.5280898876404494,0.5955056179775281,1.9114641,0.43589947,1.0880278,0.19832839
0.5280898876404494,0.6067415730337078,1.88878,0.44405773,1.2025061,0.21907209
0.5280898876404494,0.6179775280898876,1.8639055,0.45081753,1.3105751,0.23768948
0.5280898876404494,0.6292134831460674,1.8367974,0.4554897,1.4115306,0.2539028
0.5280898876404494,0.6404494382022472,1.8073616,0.4580819,1.504926,0.26799944
0.5280898876404494,0.651685393258427,1.7755193,0.45919037,1.5905007,0.2807955
0.5280898876404494,0.6629213483146067,1.7412616,0.45957556,1.6680733,0.2931766
0.5280898876404494,0.6741573033707865,1.7046638,0.4597067,1.7373972,0.30564895
0.5280898876404494,0.6853932584269663,1.66586,0.4595118,1.7980645,0.31798214
0.5280898876404494,0.696629213483146,1.6250005,0.45848218,1.8495028,0.32936049
0.5280898876404494,0.7078651685393258,1.582208,0.45598954,1.8911504,0.33878496
0.5280898876404494,0.7191011235955056,1.5375531,0.45165616,1.9227115,0.3455752
0.5280898876404494,0.7303370786516854,1.4910523,0.44552407,1.9442998,0.34960234
0.5280898876404494,0.7415730337078652,1.4426982,0.43795043,1.9563417,0.35121015
0.5280898876404494,0.7528089887640449,1.3925011,0.42930126,1.9592797,0.35097194
0.5280898876404494,0.7640449438202247,1.3405216,0.4196889,1.9532896,0.34937966
0.5280898876404494,0.7752808988764045,1.2868727,0.40891048,1.9382095,0.34664142
0.5280898876404494,0.7865168539325842,1.2316974,0.39660612,1.9136676,0.3426787
0.5280898876404494,0.797752808988764,1.1751269,0.3825519,1.8793526,0.33724505
0.5280898876404494,0.8089887640449438,1.1172514,0.36686394,1.8352323,0.33005634
0.5280898876404494,0.8202247191011236,1.0581107,0.35000616,1.7816249,0.32085022
0.5280898876404494,0.8314606741573034,0.9977178,0.33255678,1.7190716,0.30941594
0.5280898876404494,0.8426966292134831,0.93610066,0.31488124,1.648112,0.29564658
0.5280898876404494,0.8539325842696629,0.8733331,0.29696435,1.56909,0.2796911
0.5280898876404494,0.8651685393258427,0.80954117,0.27849957,1.4821364,0.2620829
0.5280898876404494,0.8764044943820224,0.74487007,0.25917107,1.3873217,0.24364166
0.5280898876404494,0.8876404494382022,0.6794448,0.2388869,1.2848915,0.22510535
0.5280898876404494,0.898876404494382,0.61334205,0.21780513,1.17541,0.2066811
0.5280898876404494,0.9101123595505618,0.546596,0.1961827,1.0597417,0.18785192
0.5280898876404494,0.9213483146067416,0.47923097,0.1742078,0.93888843,0.16765772
0.5280898876404494,0.9325842696629213,0.41130063,0.15190792,0.81376827,0.14531027
0.5280898876404494,0.9438202247191011,0.3429151,0.12914787,0.6850486,0.12076775
0.5280898876404494,0.9550561797752809,0.2742423,0.10567485,0.5531177,0.09489471
0.5280898876404494,0.9662921348314606,0.2054777,0.08119165,0.4182117,0.06908283
0.5280898876404494,0.9775280898876404,0.13679324,0.055446085,0.28062865,0.044546615
0.5280898876404494,0.9887640449438202,0.06829473,0.028335689,0.14092955,0.021707091
0.5280898876404494,1.0,-1.6892541e-07,-7.139679e-08,-3.4966052e-07,-5.3306078e-08
0.5393258426966292,0.0,-0.0,0.0,0.0,-0.0
0.5393258426966292,0.011235955056179775,0.06710554,0.0056379666,-0.13999708,-0.03507588
0.5393258426966292,0.02247191011235955,0.13446373,0.010551178,-0.28083465,-0.06920825
0.5393258426966292,0.033707865168539325,0.20225571,0.015091719,-0.4207172,-0.103339106
0.5393258426966292,0.0449438202247191,0.2705607,0.019459505,-0.5581021,-0.13738932
0.5393258426966292,0.056179775280898875,0.33933595,0.023702333,-0.69193566,-0.17063902
0.5393258426966292,0.06741573033707865,0.40842766,0.027831618,-0.8216625,-0.20234583
0.5393258426966292,0.07865168539325842,0.47760153,0.031959068,-0.9470587,-0.23225628
0.5393258426966292,0.0898876404494382,0.5465777,0.0363382,-1.067995,-0.26070973
0.5393258426966292,0.10112359550561797,0.6150614,0.041277092,-1.1842399,-0.28831834
0.5393258426966292,0.11235955056179775,0.6827657,0.046997476,-1.2953572,-0.31548545
0.5393258426966292,0.12359550561797752,0.7494289,0.053549405,-1.4007012,-0.3421013
0.5393258426966292,0.1348314606741573,0.81482905,0.060825408,-1.4994793,-0.36758226
0.5393258426966292,0.14606741573033707,0.8787995,0.06864299,-1.5908465,-0.3911595
0.5393258426966292,0.15730337078651685,0.94123936,0.07682529,-1.6740175,-0.41220862
0.5393258426966292,0.16853932584269662,1.0021113,0.085246645,-1.748366,-0.43040165
0.5393258426966292,0.1797752808988764,1.0614331,0.093852066,-1.8135053,-0.44569802
0.5393258426966292,0.19101123595505617,1.1192602,0.1026732,-1.8692966,-0.4582535
0.5393258426966292,0.20224719101123595,1.1756662,0.11183868,-1.9157834,-0.46831143
0.5393258426966292,0.21348314606741572,1.2307335,0.12156868,-1.9530545,-0.47615975
0.5393258426966292,0.2247191011235955,1.2845291,0.13211852,-1.9811028,-0.4820541
0.5393258426966292,0.23595505617977527,1.3370851,0.14368796,-1.9997486,-0.48612824
0.5393258426966292,0.24719101123595505,1.3883686,0.15630601,-2.0086913,-0.48833737
0.5393258426966292,0.2584269662921348,1.4382676,0.16976076,-2.0076451,-0.4884588
0.5393258426966292,0.2696629213483146,1.4865903,0.18364133,-1.9964883,-0.48616183
0.5393258426966292,0.2808988764044944,1.5330974,0.19751507,-1.9753314,-0.4811762
0.5393258426966292,0.29213483146067415,1.5775557,0.21114822,-1.9444822,-0.4734038
0.5393258426966292,0.3033707865168539,1.6198,0.22465084,-1.9043149,-0.46299663
0.5393258426966292,0.3146067415730337,1.6597832,0.23841144,-1.8551248,-0.45029122
0.5393258426966292,0.3258426966292135,1.6975857,0.25284183,-1.7970377,-0.43569413
0.5393258426966292,0.33707865168539325,1.7333719,0.2680872,-1.7300291,-0.41943523
0.5393258426966292,0.348314606741573,1.7673037,0.28391013,-1.6540602,-0.40145177
0.5393258426966292,0.3595505617977528,1.7994444,0.29982203,-1.5692712,-0.38141292
0.5393258426966292,0.3707865168539326,1.8297032,0.3153934,-1.4761097,-0.3589439
0.5393258426966292,0.38202247191011235,1.8578482,0.3305014,-1.3753427,-0.33389902
0.5393258426966292,0.3932584269662921,1.8835806,0.34536606,-1.2679209,-0.30654126
0.5393258426966292,0.4044943820224719,1.9066374,0.36035967,-1.1548066,-0.27741316
0.5393258426966292,0.4157303370786517,1.926864,0.3757466,-1.0368187,-0.24709474
0.5393258426966292,0.42696629213483145,1.9442438,0.3915366,-0.9145616,-0.2159617
0.5393258426966292,0.4382022471910112,1.9588746,0.40753007,-0.7884076,-0.18413167
0.5393258426966292,0.449438202247191,1.9709134,0.42349535,-0.65856564,-0.15163237
0.5393258426966292,0.4606741573033708,1.9805167,0.43932125,-0.52522945,-0.11855626
0.5393258426966292,0.47191011235955055,1.9877962,0.45503214,-0.38879484,-0.085122876
0.5393258426966292,0.4831460674157303,1.9927962,0.47063497,-0.25003687,-0.051585488
0.5393258426966292,0.4943820224719101,1.9955,0.4859494,-0.11012035,-0.01808138
0.5393258426966292,0.5056179775280899,1.9958454,0.5005052,0.029614143,0.015365914
0.5393258426966292,0.5168539325842696,1.993749,0.51364213,0.16801557,0.048805814
0.5393258426966292,0.5280898876404494,1.989121,0.5247794,0.30439168,0.08227612
0.5393258426966292,0.5393258426966292,1.9818752,0.5337441,0.43856263,0.115759365
0.5393258426966292,0.550561797752809,1.9719453,0.5409562,0.570597,0.14915289
0.5393258426966292,0.5617977528089888,1.9593076,0.54729646,0.7004732,0.18230703
0.5393258426966292,0.5730337078651685,1.9440002,0.553704,0.8278032,0.21500735
0.5393258426966292,0.5842696629213483,1.9261279,0.56065357,0.9517839,0.24691
0.5393258426966292,0.5955056179775281,1.9058325,0.56787777,1.0713496,0.277497
0.5393258426966292,0.6067415730337078,1.8832378,0.5744762,1.1854043,0.3061227
0.5393258426966292,0.6179775280898876,1.858401,0.5793955,1.2930212,0.33217236
0.5393258426966292,0.6292134831460674,1.8312957,0.5819802,1.3935459,0.35538232
0.5393258426966292,0.6404494382022472,1.8018475,0.5822924,1.486583,0.3760281
0.5393258426966292,0.651685393258427,1.7699924,0.5809837,1.5719355,0.39482906
0.5393258426966292,0.6629213483146067,1.7357296,0.5788704,1.6494572,0.41261187
0.5393258426966292,0.6741573033707865,1.6991364,0.5764501,1.7189119,0.42978114
0.5393258426966292,0.6853932584269663,1.6603467,0.573669,1.7798544,0.44607976
0.5393258426966292,0.696629213483146,1.619512,0.56999886,1.8316469,0.46072397
0.5393258426966292,0.7078651685393258,1.57676,0.5647678,1.873661,0.47280094
0.5393258426966292,0.7191011235955056,1.5321659,0.5575477,1.9055599,0.48171595
0.5393258426966292,0.7303370786516854,1.4857503,0.54834574,1.9274542,0.4873736
0.5393258426966292,0.7415730337078652,1.4375046,0.5375051,1.9397945,0.49010026
0.5393258426966292,0.7528089887640449,1.3874358,0.52541405,1.9430602,0.49036428
0.5393258426966292,0.7640449438202247,1.3355982,0.51221585,1.9374586,0.488534
0.5393258426966292,0.7752808988764045,1.282104,0.49773338,1.9228314,0.48473284
0.5393258426966292,0.7865168539325842,1.227096,0.48162332,1.8987947,0.47884533
0.5393258426966292,0.797752808988764,1.1707091,0.46365654,1.865014,0.47066635
0.5393258426966292,0.8089887640449438,1.1130371,0.44393834,1.821443,0.45997572
0.5393258426966292,0.8202247191011236,1.0541216,0.42291898,1.7683874,0.44661444
0.5393258426966292,0.8314606741573034,0.9939758,0.40117416,1.7063907,0.43045697
0.5393258426966292,0.8426966292134831,0.9326238,0.37909392,1.6359972,0.4114802
0.5393258426966292,0.8539325842696629,0.87013406,0.35670793,1.5575665,0.3899013
0.5393258426966292,0.8651685393258427,0.8066241,0.3337714,1.471251,0.3662844
0.5393258426966292,0.8764044943820224,0.74223083,0.3100212,1.3771524,0.3414302
0.5393258426966292,0.8876404494382022,0.6770702,0.28538364,1.2755495,0.3159857
0.5393258426966292,0.898876404494382,0.6112147,0.25999093,1.1670251,0.29004905
0.5393258426966292,0.9101123595505618,0.54469883,0.23404333,1.0524306,0.263045
0.5393258426966292,0.9213483146067416,0.47755283,0.20767082,0.9327278,0.2340434
0.5393258426966292,0.9325842696629213,0.40983826,0.18086424,0.80877036,0.20240524
0.5393258426966292,0.9438202247191011,0.34167278,0.15348433,0.6811635,0.1682934
0.5393258426966292,0.9550561797752809,0.27322856,0.12529786,0.55025,0.13276736
0.5393258426966292,0.9662921348314606,0.20470239,0.09603021,0.41624317,0.097352006
0.5393258426966292,0.9775280898876404,0.13626628,0.06543572,0.27943435,0.06332175
0.5393258426966292,0.9887640449438202,0.06802603,0.033392668,0.14038835,0.031081926
0.5393258426966292,1.0,-1.6824688e-07,-8.4116685e-08,-3.4844817e-07,-7.6574025e-08
0.550561797752809,0.0,-0.0,0.0,0.0,-0.0
0.550561797752809,0.011235955056179775,0.066857755,0.009955507,-0.13972859,-0.045064736
0.550561797752809,0.02247191011235955,0.13393661,0.019285772,-0.28032488,-0.088921525
0.550561797752809,0.033707865168539325,0.20141692,0.028327554,-0.42003697,-0.1324803
0.550561797752809,0.0449438202247191,0.26938456,0.03726457,-0.55731475,-0.17572424
0.550561797752809,0.056179775280898875,0.33780667,0.0461255,-0.6910584,-0.21800235
0.550561797752809,0.06741573033707865,0.406538,0.05489804,-0.8206532,-0.25857612
0.550561797752809,0.07865168539325842,0.47534913,0.06366537,-0.94582945,-0.29711083
0.550561797752809,0.0898876404494382,0.5439605,0.07265467,-1.0664485,-0.33381525
0.550561797752809,0.10112359550561797,0.61207587,0.08215939,-1.182308,-0.3691841
0.550561797752809,0.11235955056179775,0.67940706,0.09241111,-1.2930301,-0.40356272
0.550561797752809,0.12359550561797752,0.74569356,0.103491604,-1.3980321,-0.43684417
0.550561797752809,0.1348314606741573,0.8107189,0.11533921,-1.4965636,-0.46848777
0.550561797752809,0.14606741573033707,0.8743249,0.12781024,-1.5877877,-0.4977748
0.550561797752809,0.15730337078651685,0.9364214,0.14073408,-1.6708946,-0.52409893
0.550561797752809,0.16853932584269662,0.9969811,0.1539513,-1.7452215,-0.54714084
0.550561797752809,0.1797752808988764,1.0560281,0.16732971,-1.8103514,-0.56682885
0.550561797752809,0.19101123595505617,1.1136189,0.18079846,-1.8661404,-0.5832786
0.550561797752809,0.20224719101123595,1.1698238,0.19438028,-1.9126453,-0.5966749
0.550561797752809,0.21348314606741572,1.2247149,0.20821227,-1.9499886,-0.60722524
0.550561797752809,0.2247191011235955,1.2783478,0.22251923,-1.9781901,-0.61511594
0.550561797752809,0.23595505617977527,1.330743,0.2375207,-1.9970942,-0.6204349
0.550561797752809,0.24719101123595505,1.3818624,0.2533072,-2.0064101,-0.623142
0.550561797752809,0.2584269662921348,1.4315943,0.26974756,-2.005855,-0.6230671
0.550561797752809,0.2696629213483146,1.4797547,0.28650543,-1.995297,-0.6199776
0.550561797752809,0.2808988764044944,1.5261155,0.30319336,-1.974832,-0.6136735
0.550561797752809,0.29213483146067415,1.5704498,0.31959584,-1.9447365,-0.6040479
0.550561797752809,0.3033707865168539,1.6125913,0.33581176,-1.9053462,-0.5911698
0.550561797752809,0.3146067415730337,1.6524818,0.3522009,-1.8569034,-0.57527244
0.550561797752809,0.3258426966292135,1.6901839,0.36914128,-1.7994814,-0.55665296
0.550561797752809,0.33707865168539325,1.7258451,0.38675177,-1.7330132,-0.53554124
0.550561797752809,0.348314606741573,1.7596189,0.40478155,-1.6574575,-0.5119831
0.550561797752809,0.3595505617977528,1.7915722,0.42274156,-1.5729929,-0.48581702
0.550561797752809,0.3707865168539326,1.8216299,0.44021493,-1.4801466,-0.45685264
0.550561797752809,0.38202247191011235,1.8495787,0.457092,-1.3797756,-0.42507002
0.550561797752809,0.3932584269662921,1.8751357,0.47360283,-1.2729052,-0.39074638
0.550561797752809,0.4044943820224719,1.8980384,0.4901258,-1.1605173,-0.35434106
0.550561797752809,0.4157303370786517,1.9181229,0.5069125,-1.0433972,-0.3163171
0.550561797752809,0.42696629213483145,1.9353541,0.52394915,-0.9220749,-0.2769572
0.550561797752809,0.4382022471910112,1.9498135,0.540997,-0.7968604,-0.23637377
0.550561797752809,0.449438202247191,1.9616504,0.55778754,-0.66793084,-0.19468957
0.550561797752809,0.4606741573033708,1.9710308,0.5741907,-0.53549516,-0.1521524
0.550561797752809,0.47191011235955055,1.9780903,0.59022254,-0.39998263,-0.10911976
0.550561797752809,0.4831460674157303,1.9829072,0.60590774,-0.26217762,-0.06595903
0.550561797752809,0.4943820224719101,1.9854981,0.6210911,-0.123211294,-0.022879977
0.550561797752809,0.5056179775280899,1.985825,0.6353413,0.015654778,0.020094248
0.550561797752809,0.5168539325842696,1.9838123,0.64805084,0.15334627,0.06304621
0.550561797752809,0.5280898876404494,1.9793596,0.65870035,0.28922245,0.10603251
0.550561797752809,0.5393258426966292,1.972357,0.66717124,0.42306957,0.14900097
0.550561797752809,0.550561797752809,1.9627081,0.67390645,0.5548745,0.19180143
0.550561797752809,0.5617977528089888,1.9503564,0.67976135,0.68450606,0.23418406
0.550561797752809,0.5730337078651685,1.9353143,0.6855874,0.811494,0.27584347
0.550561797752809,0.5842696629213483,1.9176674,0.69175327,0.93499935,0.3163586
0.550561797752809,0.5955056179775281,1.8975487,0.6979011,1.0539664,0.35519916
0.550561797752809,0.6067415730337078,1.8750813,0.7030891,1.1673449,0.39169702
0.550561797752809,0.6179775280898876,1.8503284,0.7062735,1.2742615,0.42525023
0.550561797752809,0.6292134831460674,1.8232778,0.7068584,1.3741263,0.4555643
0.550561797752809,0.6404494382022472,1.793871,0.7049625,1.466614,0.4828472
0.550561797752809,0.651685393258427,1.7620589,0.7012916,1.5515841,0.5077509
0.550561797752809,0.6629213483146067,1.7278496,0.6966914,1.6289303,0.5309802
0.550561797752809,0.6741573033707865,1.6913247,0.691679,1.6984104,0.5528517
0.550561797752809,0.6853932584269663,1.6526173,0.68620974,1.7595364,0.57307047
0.550561797752809,0.696629213483146,1.6118791,0.67974913,1.8116033,0.5908704
0.550561797752809,0.7078651685393258,1.5692399,0.6716166,1.8539187,0.60543704
0.550561797752809,0.7191011235955056,1.5247773,0.6613656,1.8861111,0.6162745
0.550561797752809,0.7303370786516854,1.4785142,0.64899325,1.9082881,0.6233635
0.550561797752809,0.7415730337078652,1.4304417,0.6348498,1.920921,0.6270204
0.550561797752809,0.7528089887640449,1.3805628,0.6193385,1.9245229,0.6276365
0.550561797752809,0.7640449438202247,1.3289301,0.6026279,1.9193256,0.62547755
0.550561797752809,0.7752808988764045,1.2756541,0.5845563,1.9051758,0.6205646
0.550561797752809,0.7865168539325842,1.220879,0.5647817,1.8816819,0.6127511
0.550561797752809,0.797752808988764,1.1647445,0.54305774,1.8484857,0.6018488
0.550561797752809,0.8089887640449438,1.1073486,0.5194603,1.805519,0.58771646
0.550561797752809,0.8202247191011236,1.0487366,0.49440962,1.7530695,0.57027715
0.550561797752809,0.8314606741573034,0.9889219,0.46846834,1.6916746,0.5495032
0.550561797752809,0.8426966292134831,0.92792547,0.44204962,1.6218854,0.52545214
0.550561797752809,0.8539325842696629,0.865808,0.41523966,1.5440784,0.49841106
0.550561797752809,0.8651685393258427,0.8026778,0.3878687,1.4584371,0.46897513
0.550561797752809,0.8764044943820224,0.73865944,0.3597338,1.3651038,0.4379024
0.550561797752809,0.8876404494382022,0.6738607,0.33078074,1.2643952,0.40573928
0.550561797752809,0.898876404494382,0.60834813,0.30111092,1.1569116,0.37246013
0.550561797752809,0.9101123595505618,0.5421572,0.27086532,1.0434939,0.33741778
0.550561797752809,0.9213483146067416,0.47532335,0.24011984,0.92505896,0.2997305
0.550561797752809,0.9325842696629213,0.40791625,0.20883898,0.80239785,0.2589178
0.550561797752809,0.9438202247191011,0.34006017,0.17689371,0.67605525,0.21536022
0.550561797752809,0.9550561797752809,0.27193058,0.14408419,0.546333,0.17031638
0.550561797752809,0.9662921348314606,0.20372432,0.11016752,0.41342616,0.12543882
0.550561797752809,0.9775280898876404,0.135612,0.07490919,0.2776287,0.08203424
0.550561797752809,0.9887640449438202,0.06769791,0.03816893,0.13951692,0.04046487
0.550561797752809,1.0,-1.674319e-07,-9.6092926e-08,-3.463559e-07,-9.997988e-08
0.5617977528089888,0.0,-0.0,0.0,0.0,-0.0
0.5617977528089888,0.011235955056179775,0.06651625,0.014103076,-0.13935767,-0.054754946
0.5617977528089888,0.02247191011235955,0.13322185,0.027751204,-0.27958527,-0.108109005
0.5617977528089888,0.033707865168539325,0.200295,0.04124235,-0.41899082,-0.16091533
0.5617977528089888,0.0449438202247191,0.2678281,0.054715384,-0.5560281,-0.21319105
0.5617977528089888,0.056179775280898875,0.33579916,0.0681552,-0.68955547,-0.26433536
0.5617977528089888,0.06741573033707865,0.4040736,0.08151109,-0.81889534,-0.3136087
0.5617977528089888,0.07865168539325842,0.47242844,0.094835706,-0.9437263,-0.36059943
0.5617977528089888,0.0898876404494382,0.54058653,0.10833585,-1.0638933,-0.40539193
0.5617977528089888,0.10112359550561797,0.60825056,0.12230242,-1.1792231,-0.44836393
0.5617977528089888,0.11235955056179775,0.67513174,0.13698104,-1.2893984,-0.4897998
0.5617977528089888,0.12359550561797752,0.7409709,0.15248461,-1.393903,-0.52959436
0.5617977528089888,0.1348314606741573,0.8055563,0.16878855,-1.492032,-0.56724256
0.5617977528089888,0.14606741573033707,0.86873883,0.18577744,-1.5829598,-0.6020807
0.5617977528089888,0.15730337078651685,0.93043673,0.20328589,-1.6658554,-0.63353145
0.5617977528089888,0.16853932584269662,0.99063194,0.22112149,-1.7400258,-0.6612843
0.5617977528089888,0.1797752808988764,1.0493528,0.2390856,-1.8050301,-0.6852682
0.5617977528089888,0.19101123595505617,1.1066552,0.2570135,-1.8607231,-0.7055609
0.5617977528089888,0.20224719101123595,1.1626049,0.27482983,-1.907185,-0.72228706
0.5617977528089888,0.21348314606741572,1.2172631,0.29259792,-1.9445632,-0.73557425
0.5617977528089888,0.2247191011235955,1.270673,0.31051296,-1.9729035,-0.74551
0.5617977528089888,0.23595505617977527,1.3228437,0.3288182,-1.9920638,-0.7521208
0.5617977528089888,0.24719101123595505,1.3737309,0.34766465,-2.0017548,-0.75534946
0.5617977528089888,0.2584269662921348,1.4232247,0.36699322,-2.0016818,-0.7550865
0.5617977528089888,0.2696629213483146,1.4711498,0.38652965,-1.9917004,-0.75117457
0.5617977528089888,0.2808988764044944,1.5172887,0.40592813,-1.9718899,-0.7434758
0.5617977528089888,0.29213483146067415,1.5614226,0.4249868,-1.9425092,-0.7318927
0.5617977528089888,0.3033707865168539,1.6033833,0.44379723,-1.9038697,-0.71643126
0.5617977528089888,0.3146067415730337,1.643103,0.46270472,-1.8561796,-0.6972125
0.5617977528089888,0.3258426966292135,1.6806254,0.4820669,-1.7994761,-0.67445487
0.5617977528089888,0.33707865168539325,1.7160822,0.50199145,-1.7336603,-0.64841104
0.5617977528089888,0.348314606741573,1.7496166,0.5222224,-1.6586834,-0.61922115
0.5617977528089888,0.3595505617977528,1.7812995,0.54227436,-1.5747542,-0.58691514
0.5617977528089888,0.3707865168539326,1.8110723,0.5617266,-1.4824657,-0.55150646
0.5617977528089888,0.38202247191011235,1.8387448,0.5804673,-1.3827565,-0.5131262
0.5617977528089888,0.3932584269662921,1.8640525,0.598713,-1.2767078,-0.4720599
0.5617977528089888,0.4044943820224719,1.8867416,0.61681706,-1.1653131,-0.42868817
0.5617977528089888,0.4157303370786517,1.9066422,0.63500595,-1.0493115,-0.38331547
0.5617977528089888,0.42696629213483145,1.9237043,0.6532291,-0.92915565,-0.33608893
0.5617977528089888,0.4382022471910112,1.9379903,0.6712188,-0.8050788,-0.2870867
0.5617977528089888,0.449438202247191,1.9496396,0.688685,-0.67722565,-0.23648816
0.5617977528089888,0.4606741573033708,1.9588197,0.70548534,-0.54581535,-0.18467793
0.5617977528089888,0.47191011235955055,1.9656831,0.72164685,-0.41130334,-0.13219342
0.5617977528089888,0.4831460674157303,1.9703344,0.7372225,-0.27448684,-0.079532534
0.5617977528089888,0.4943820224719101,1.9728184,0.75209886,-0.13646057,-0.026992207
0.5617977528089888,0.5056179775280899,1.9731177,0.7659128,0.0015836809,0.025352746
0.5617977528089888,0.5168539325842696,1.9711637,0.7781397,0.13863951,0.07758226
0.5617977528089888,0.5280898876404494,1.9668481,0.788346,0.27407667,0.12974519
0.5617977528089888,0.5393258426966292,1.960044,0.7964736,0.40762988,0.18178537
0.5617977528089888,0.550561797752809,1.9506305,0.80296415,0.539179,0.23351237
0.5617977528089888,0.5617977528089888,1.9385291,0.8085985,0.66847956,0.2846336
0.5617977528089888,0.5730337078651685,1.9237331,0.81409687,0.79498154,0.33479372
0.5617977528089888,0.5842696629213483,1.906315,0.8196882,0.91782755,0.38356635
0.5617977528089888,0.5955056179775281,1.886397,0.8249126,1.0359906,0.43039665
0.5617977528089888,0.6067415730337078,1.8640983,0.8288022,1.1484783,0.47462818
0.5617977528089888,0.6179775280898876,1.839484,0.8303569,1.2544924,0.5156161
0.5617977528089888,0.6292134831460674,1.8125501,0.8290468,1.3535196,0.55301625
0.5617977528089888,0.6404494382022472,1.7832496,0.82506424,1.4453058,0.5869525
0.5617977528089888,0.651685393258427,1.7515477,0.8191446,1.5297618,0.6179714
0.5617977528089888,0.6629213483146067,1.7174625,0.81214195,1.6068093,0.6466664
0.5617977528089888,0.6741573033707865,1.6810797,0.8045682,1.6761941,0.67324454
0.5617977528089888,0.6853932584269663,1.6425332,0.79637563,1.737377,0.6973508
0.5617977528089888,0.696629213483146,1.6019734,0.78704226,1.7895947,0.71823937
0.5617977528089888,0.7078651685393258,1.5595295,0.7758993,1.8321017,0.7351676
0.5617977528089888,0.7191011235955056,1.5152792,0.7625179,1.8645061,0.7477615
0.5617977528089888,0.7303370786516854,1.4692457,0.7469152,1.8869163,0.75608927
0.5617977528089888,0.7415730337078652,1.4214191,0.7294608,1.8998228,0.760479
0.5617977528089888,0.7528089887640449,1.3718017,0.7105784,1.9037576,0.761294
0.5617977528089888,0.7640449438202247,1.3204451,0.6904498,1.8989688,0.7587003
0.5617977528089888,0.7752808988764045,1.2674598,0.668919,1.8853091,0.7526459
0.5617977528089888,0.7865168539325842,1.2129929,0.6456338,1.862375,0.7429421
0.5617977528089888,0.797752808988764,1.1571887,0.62032074,1.8297914,0.729421
0.5617977528089888,0.8089887640449438,1.1001499,0.5930125,1.787464,0.7119953
0.5617977528089888,0.8202247191011236,1.0419263,0.5640845,1.735664,0.69066745
0.5617977528089888,0.8314606741573034,0.9825315,0.5340821,1.6749177,0.6654832
0.5617977528089888,0.8426966292134831,0.9219818,0.50343543,1.6057822,0.63657814
0.5617977528089888,0.8539325842696629,0.8603303,0.47229362,1.5286559,0.6042882
0.5617977528089888,0.8651685393258427,0.7976733,0.4405687,1.4437582,0.5692316
0.5617977528089888,0.8764044943820224,0.73412395,0.40811977,1.3512734,0.5321187
0.5617977528089888,0.8876404494382022,0.66978097,0.37490854,1.2515507,0.49339995
0.5617977528089888,0.898876404494382,0.6047066,0.34100127,1.1452034,0.45293838
0.5617977528089888,0.9101123595505618,0.5389378,0.30648535,1.033056,0.41004026
0.5617977528089888,0.9213483146067416,0.47251523,0.27139068,0.9159794,0.36389375
0.5617977528089888,0.9325842696629213,0.40551522,0.2356743,0.79470974,0.3141817
0.5617977528089888,0.9438202247191011,0.33806628,0.19923411,0.6697427,0.26149106
0.5617977528089888,0.9550561797752809,0.27034467,0.16191575,0.5413514,0.20725097
0.5617977528089888,0.9662921348314606,0.20254481,0.12351566,0.40972766,0.15319985
0.5617977528089888,0.9775280898876404,0.13483351,0.083811395,0.27517754,0.10063823
0.5617977528089888,0.9887640449438202,0.06731278,0.042639643,0.13829419,0.04985254
0.5617977528089888,1.0,-1.6648721e-07,-1.0727128e-07,-3.4332814e-07,-1.2353992e-07
0.5730337078651685,0.0,-0.0,0.0,0.0,-0.0
0.5730337078651685,0.011235955056179775,0.06607904,0.018097725,-0.13886891,-0.06402144
0.5730337078651685,0.02247191011235955,0.13231663,0.035978775,-0.27857903,-0.12654473
0.5730337078651685,0.033707865168539325,0.19888689,0.053882293,-0.41751432,-0.1883444
0.5730337078651685,0.0449438202247191,0.26588726,0.071876034,-0.5541475,-0.24943635
0.5730337078651685,0.056179775280898875,0.3333067,0.089877315,-0.6873038,-0.30924737
0.5730337078651685,0.06741573033707865,0.4010227,0.107779376,-0.8162462,-0.36702433
0.5730337078651685,0.07865168539325842,0.4688213,0.12559693,-0.94059944,-0.42228258
0.5730337078651685,0.0898876404494382,0.53642994,0.14351965,-1.0601892,-0.47499016
0.5730337078651685,0.10112359550561797,0.60355246,0.16183902,-1.1748686,-0.5254233
0.5730337078651685,0.11235955056179775,0.6699001,0.18081662,-1.2843797,-0.5737992
0.5730337078651685,0.12359550561797752,0.7352158,0.200593,-1.3882724,-0.6200039
0.5730337078651685,0.1348314606741573,0.7992932,0.22117315,-1.4858878,-0.6635657
0.5730337078651685,0.14606741573033707,0.86199033,0.2424642,-1.5764096,-0.70384765
0.5730337078651685,0.15730337078651685,0.9232336,0.26430738,-1.6589913,-0.7403137
0.5730337078651685,0.16853932584269662,0.9830102,0.2864901,-1.7329122,-0.77266747
0.5730337078651685,0.1797752808988764,1.041351,0.30876145,-1.7977161,-0.8008389
0.5730337078651685,0.19101123595505617,1.0983096,0.33087924,-1.8532614,-0.82488567
0.5730337078651685,0.20224719101123595,1.1539454,0.35268477,-1.8996446,-0.8448858
0.5730337078651685,0.21348314606741572,1.2083083,0.3741785,-1.937038,-0.8608809
0.5730337078651685,0.2247191011235955,1.2614294,0.39553115,-1.9655046,-0.87286067
0.5730337078651685,0.23595505617977527,1.3133061,0.41700602,-1.9849061,-0.8807722
0.5730337078651685,0.24719101123595505,1.3638884,0.438809,-1.9949399,-0.8845429
0.5730337078651685,0.2584269662921348,1.4130684,0.46094286,-1.9952952,-0.88408303
0.5730337078651685,0.2696629213483146,1.4606801,0.48318398,-1.9858136,-0.87930304
0.5730337078651685,0.2808988764044944,1.506517,0.5052157,-1.9665638,-0.8701264
0.5730337078651685,0.29213483146067415,1.550368,0.5268449,-1.9378077,-0.8564704
0.5730337078651685,0.3033707865168539,1.592065,0.54816365,-1.8998513,-0.8382909
0.5730337078651685,0.3146067415730337,1.6315304,0.56950474,-1.8528978,-0.81565005
0.5730337078651685,0.3258426966292135,1.6687922,0.59121954,-1.7969581,-0.78870964
0.5730337078651685,0.33707865168539325,1.7039647,0.6134142,-1.7319139,-0.7577304
0.5730337078651685,0.348314606741573,1.7371827,0.6358363,-1.6577004,-0.72295904
0.5730337078651685,0.3595505617977528,1.7685217,0.65800565,-1.5745441,-0.6846139
0.5730337078651685,0.3707865168539326,1.7979391,0.67949826,-1.4830807,-0.6428983
0.5730337078651685,0.38202247191011235,1.8252686,0.70017636,-1.3843052,-0.59808195
0.5730337078651685,0.3932584269662921,1.8502675,0.720224,-1.2793368,-0.55048776
0.5730337078651685,0.4044943820224719,1.8726943,0.7399482,-1.1691657,-0.5003998
0.5730337078651685,0.4157303370786517,1.892377,0.75952893,-1.0544782,-0.4479586
0.5730337078651685,0.42696629213483145,1.9092529,0.7788765,-0.93564713,-0.39316803
0.5730337078651685,0.4382022471910112,1.923366,0.7976951,-0.81283534,-0.33603808
0.5730337078651685,0.449438202247191,1.9348419,0.8156863,-0.6861553,-0.2768047
0.5730337078651685,0.4606741573033708,1.9438434,0.83271754,-0.55584115,-0.21596487
0.5730337078651685,0.47191011235955055,1.9505322,0.8488368,-0.4223774,-0.1542365
0.5730337078651685,0.4831460674157303,1.9550323,0.8641348,-0.2865725,-0.09226588
0.5730337078651685,0.4943820224719101,1.95741,0.8785638,-0.1494946,-0.030467065
0.5730337078651685,0.5056179775280899,1.9576656,0.89184076,-0.012270706,0.031020079
0.5730337078651685,0.5168539325842696,1.9557376,0.90354216,0.124138884,0.092226006
0.5730337078651685,0.5280898876404494,1.9515146,0.9133301,0.2591096,0.15318567
0.5730337078651685,0.5393258426966292,1.9448576,0.9212038,0.39230338,0.21382181
0.5730337078651685,0.550561797752809,1.935631,0.9275799,0.5234913,0.27392057
0.5730337078651685,0.5617977528089888,1.9237432,0.9331295,0.65231746,0.33319902
0.5730337078651685,0.5730337078651685,1.9091759,0.9384101,0.7781678,0.3913093
0.5730337078651685,0.5842696629213483,1.8919902,0.9434961,0.90017897,0.4478477
0.5730337078651685,0.5955056179775281,1.8722999,0.94783473,1.0173658,0.5022873
0.5730337078651685,0.6067415730337078,1.8502151,0.950458,1.1288062,0.55394703
0.5730337078651685,0.6179775280898876,1.8257978,0.95043516,1.2337809,0.60215235
0.5730337078651685,0.6292134831460674,1.7990452,0.94733256,1.331852,0.6464736
0.5730337078651685,0.6404494382022472,1.7699205,0.9414004,1.4228332,0.6869457
0.5730337078651685,0.651685393258427,1.7383995,0.93339497,1.5066786,0.7240032
0.5730337078651685,0.6629213483146067,1.7045109,0.92413914,1.5833217,0.7580982
0.5730337078651685,0.6741573033707865,1.6683463,0.91411847,1.6524808,0.7893397
0.5730337078651685,0.6853932584269663,1.6300398,0.90326935,1.7135742,0.8172963
0.5730337078651685,0.696629213483146,1.5897404,0.8910824,1.7657878,0.8412134
0.5730337078651685,0.7078651685393258,1.5475745,0.8769257,1.808352,0.8604325
0.5730337078651685,0.7191011235955056,1.5036185,0.8604141,1.8408645,0.87468386
0.5730337078651685,0.7303370786516854,1.4578936,0.8416059,1.863443,0.8841136
0.5730337078651685,0.7415730337078652,1.4103897,0.8209046,1.876586,0.88911396
0.5730337078651685,0.7528089887640449,1.3611097,0.7987524,1.8808388,0.89000946
0.5730337078651685,0.7640449438202247,1.3101052,0.77533877,1.876451,0.88691723
0.5730337078651685,0.7752808988764045,1.2574892,0.7505014,1.8632736,0.879721
0.5730337078651685,0.7865168539325842,1.2034122,0.7238708,1.8408972,0.86821455
0.5730337078651685,0.797752808988764,1.1480229,0.6951406,1.80893,0.8522401
0.5730337078651685,0.8089887640449438,1.0914289,0.66429406,1.7672595,0.8317607
0.5730337078651685,0.8202247191011236,1.0336826,0.63166106,1.7161399,0.80682504
0.5730337078651685,0.8314606741573034,0.9747976,0.5977561,1.6560878,0.7775322
0.5730337078651685,0.8426966292134831,0.91478616,0.5630266,1.5876696,0.74405473
0.5730337078651685,0.8539325842696629,0.8536911,0.5276814,1.5113055,0.7067677
0.5730337078651685,0.8651685393258427,0.7915969,0.4917127,1.4272527,0.66628444
0.5730337078651685,0.8764044943820224,0.72860605,0.45503852,1.3357295,0.62328404
0.5730337078651685,0.8876404494382022,0.664809,0.41763297,1.2371097,0.578134
0.5730337078651685,0.898876404494382,0.6002664,0.3795303,1.1320065,0.5306366
0.5730337078651685,0.9101123595505618,0.5350176,0.3407695,1.021218,0.4800981
0.5730337078651685,0.9213483146067416,0.4691087,0.3013532,0.9055742,0.42580014
0.5730337078651685,0.9325842696629213,0.40261996,0.26124975,0.78576607,0.36759037
0.5730337078651685,0.9438202247191011,0.33568126,0.22040243,0.6622581,0.3062304
0.5730337078651685,0.9550561797752809,0.26846555,0.17871353,0.5353164,0.2432628
0.5730337078651685,0.9662921348314606,0.20116153,0.13602166,0.40514582,0.18045112
0.5730337078651685,0.9775280898876404,0.13393024,0.0921132,0.27207533,0.119037874
0.5730337078651685,0.9887640449438202,0.06687035,0.04679426,0.1367173,0.059205104
0.5730337078651685,1.0,-1.654115e-07,-1.1763654e-07,-3.393634e-07,-1.4716113e-07
0.5842696629213483,0.0,-0.0,0.0,0.0,-0.0
0.5842696629213483,0.011235955056179775,0.06554679,0.02196163,-0.1382323,-0.07277262
0.5842696629213483,0.02247191011235955,0.13122305,0.043999255,-0.27724612,-0.14405258
0.5842696629213483,0.033707865168539325,0.19719635,0.06627927,-0.41551444,-0.21451811
0.5842696629213483,0.0449438202247191,0.26356718,0.088779874,-0.55154306,-0.28415495
0.5842696629213483,0.056179775280898875,0.33033445,0.111330226,-0.6841373,-0.35238388
0.5842696629213483,0.06741573033707865,0.3973886,0.13375196,-0.8125084,-0.41842544
0.5842696629213483,0.07865168539325842,0.46452707,0.15601285,-0.936231,-0.48172793
0.5842696629213483,0.0898876404494382,0.53148454,0.17828034,-1.0551116,-0.54215926
0.5842696629213483,0.10112359550561797,0.5979686,0.20084576,-1.169027,-0.5998994
0.5842696629213483,0.11235955056179775,0.66369283,0.22398391,-1.2777764,-0.65510523
0.5842696629213483,0.12359550561797752,0.72840303,0.24785553,-1.3809714,-0.70764554
0.5842696629213483,0.1348314606741573,0.7918984,0.2724902,-1.4779949,-0.7570506
0.5842696629213483,0.14606741573033707,0.8540431,0.29781812,-1.5680431,-0.8027092
0.5842696629213483,0.15730337078651685,0.9147691,0.32369462,-1.6502522,-0.84410274
0.5842696629213483,0.16853932584269662,0.9740671,0.3499016,-1.7238805,-0.88095134
0.5842696629213483,0.1797752808988764,1.0319675,0.3761547,-1.7884569,-0.9131969
0.5842696629213483,0.19101123595505617,1.088521,0.40215516,-1.843841,-0.9408851
0.5842696629213483,0.20224719101123595,1.1437778,0.42767882,-1.8901428,-0.96405417
0.5842696629213483,0.21348314606741572,1.1977788,0.45267096,-1.9275476,-0.9826759
0.5842696629213483,0.2247191011235955,1.2505412,0.47728246,-1.9561248,-0.9966426
0.5842696629213483,0.23595505617977527,1.3020521,0.5017945,-1.9757284,-1.0058291
0.5842696629213483,0.24719101123595505,1.3522558,0.5264567,-1.9860392,-1.0101099
0.5842696629213483,0.2584269662921348,1.4010472,0.551325,-1.9867288,-1.0094236
0.5842696629213483,0.2696629213483146,1.4482678,0.5762174,-1.9776256,-1.0037311
0.5842696629213483,0.2808988764044944,1.4937223,0.6008362,-1.9588076,-0.99299514
0.5842696629213483,0.29213483146067415,1.5372078,0.6249944,-1.9305553,-0.9771615
0.5842696629213483,0.3033707865168539,1.5785578,0.64877194,-1.8931966,-0.9561855
0.5842696629213483,0.3146067415730337,1.6176865,0.6724957,-1.8469496,-0.9300905
0.5842696629213483,0.3258426966292135,1.6546088,0.69651216,-1.7918189,-0.899021
0.5842696629213483,0.33707865168539325,1.6894251,0.7209303,-1.7276638,-0.86324036
0.5842696629213483,0.348314606741573,1.7222624,0.74551016,-1.6544032,-0.8231052
0.5842696629213483,0.3595505617977528,1.7531998,0.7697792,-1.5722564,-0.77895916
0.5842696629213483,0.3707865168539326,1.7822105,0.79331005,-1.481883,-0.7311808
0.5842696629213483,0.38202247191011235,1.8091509,0.81593883,-1.3842975,-0.6801622
0.5842696629213483,0.3932584269662921,1.8338008,0.83780384,-1.2806388,-0.62624514
0.5842696629213483,0.4044943820224719,1.855932,0.8591506,-1.1718735,-0.5696324
0.5842696629213483,0.4157303370786517,1.8753738,0.8800993,-1.0586333,-0.5103218
0.5842696629213483,0.42696629213483145,1.8920519,0.9005112,-0.9412169,-0.44818407
0.5842696629213483,0.4382022471910112,1.9059936,0.92006975,-0.81973124,-0.38317442
0.5842696629213483,0.449438202247191,1.9173084,0.93847424,-0.69427407,-0.31556156
0.5842696629213483,0.4606741573033708,1.9261513,0.95561385,-0.5651003,-0.24597439
0.5842696629213483,0.47191011235955055,1.9326855,0.97157294,-0.43273643,-0.17527467
0.5842696629213483,0.4831460674157303,1.9370465,0.9864938,-0.29800504,-0.10426314
0.5842696629213483,0.4943820224719101,1.9393171,1.0003946,-0.16194622,-0.033478074
0.5842696629213483,0.5056179775280899,1.9395123,1.0130795,-0.02563987,0.036864713
0.5842696629213483,0.5168539325842696,1.9375783,1.0242286,0.11000403,0.10673651
0.5842696629213483,0.5280898876404494,1.9334043,1.0335958,0.24435428,0.17611404
0.5842696629213483,0.5393258426966292,1.9268476,1.0412198,0.37700894,0.2448881
0.5842696629213483,0.550561797752809,1.9177663,1.0474756,0.50763655,0.31284308
0.5842696629213483,0.5617977528089888,1.9060618,1.0529087,0.635791,0.37970766
0.5842696629213483,0.5730337078651685,1.8917097,1.0579056,0.7608052,0.4452012
0.5842696629213483,0.5842696629213483,1.8747646,1.0623893,0.8818171,0.5089759
0.5842696629213483,0.5955056179775281,1.855329,1.0657464,0.9978948,0.57054406
0.5842696629213483,0.6067415730337078,1.8335024,1.0670367,1.1081815,0.6292238
0.5842696629213483,0.6179775280898876,1.8093364,1.0654321,1.212039,0.68429244
0.5842696629213483,0.6292134831460674,1.7828271,1.0606046,1.3090973,0.73523945
0.5842696629213483,0.6404494382022472,1.7539426,1.0528628,1.3992199,0.7819996
0.5842696629213483,0.651685393258427,1.722669,1.042949,1.4823878,0.82488465
0.5842696629213483,0.6629213483146067,1.6890454,1.0316374,1.5585299,0.86423117
0.5842696629213483,0.6741573033707865,1.6531686,1.019352,1.6273378,0.9000141
0.5842696629213483,0.6853932584269663,1.6151748,1.0060043,1.6881902,0.9317345
0.5842696629213483,0.696629213483146,1.5752101,0.99109685,1.7402455,0.9586304
0.5842696629213483,0.7078651685393258,1.5333984,0.9740421,1.7827266,0.98009855
0.5842696629213483,0.7191011235955056,1.4898126,0.9545163,1.8152388,0.9959662
0.5842696629213483,0.7303370786516854,1.4444726,0.9326324,1.8379103,1.0064646
0.5842696629213483,0.7415730337078652,1.3973675,0.908831,1.8512472,1.0120223
0.5842696629213483,0.7528089887640449,1.348501,0.88357335,1.8557843,1.0129634
0.5842696629213483,0.7640449438202247,1.2979275,0.8570448,1.851771,1.0093651
0.5842696629213483,0.7752808988764045,1.2457626,0.82907444,1.8390517,1.0010775
0.5842696629213483,0.7865168539325842,1.1921601,0.7992712,1.8172094,0.98788726
0.5842696629213483,0.797752808988764,1.1372727,0.76729566,1.7858468,0.9696632
0.5842696629213483,0.8089887640449438,1.0812119,0.73308855,1.7448378,0.94639796
0.5842696629213483,0.8202247191011236,1.0240319,0.69692904,1.6944243,0.9181761
0.5842696629213483,0.8314606741573034,0.96574545,0.6593006,1.6351211,0.8851022
0.5842696629213483,0.8426966292134831,0.9063588,0.6206587,1.5675002,0.8473622
0.5842696629213483,0.8539325842696629,0.8459055,0.58126533,1.4920055,0.80533
0.5842696629213483,0.8651685393258427,0.78445816,0.5411825,1.4089242,0.75960827
0.5842696629213483,0.8764044943820224,0.72210926,0.5003845,1.318502,0.7108403
0.5842696629213483,0.8876404494382022,0.658944,0.45885485,1.2211205,0.6593676
0.5842696629213483,0.898876404494382,0.59502363,0.4166008,1.1173788,0.60498005
0.5842696629213483,0.9101123595505618,0.53039104,0.37362793,1.008043,0.5470387
0.5842696629213483,0.9213483146067416,0.46509716,0.32993072,0.89390254,0.48495272
0.5842696629213483,0.9325842696629213,0.39922407,0.28550813,0.7756187,0.41872525
0.5842696629213483,0.9438202247191011,0.33289877,0.24036312,0.6536463,0.34924403
0.5842696629213483,0.9550561797752809,0.26628736,0.19446221,0.5282665,0.27809948
0.5842696629213483,0.9662921348314606,0.19956923,0.14768606,0.39971378,0.20701046
0.5842696629213483,0.9775280898876404,0.13289756,0.09982414,0.26835003,0.13710998
0.5842696629213483,0.9887640449438202,0.06636765,0.05064176,0.13480435,0.06845574
0.5842696629213483,1.0,-1.6419501e-07,-1.2722141e-07,-3.3452008e-07,-1.7065018e-07
0.5955056179775281,0.0,-0.0,0.0,0.0,-0.0
0.5955056179775281,0.011235955056179775,0.06492267,0.025721528,-0.13740985,-0.08096565
0.5955056179775281,0.02247191011235955,0.12994768,0.05184165,-0.2755174,-0.16053432
0.5955056179775281,0.033707865168539325,0.19523355,0.07844913,-0.4128909,-0.23927864
0.5955056179775281,0.0449438202247191,0.26088136,0.10542276,-0.5480815,-0.3171261
0.5955056179775281,0.056179775280898875,0.3268988,0.13249214,-0.679887,-0.3934637
0.5955056179775281,0.06741573033707865,0.3931894,0.15939598,-0.80747896,-0.467477
0.5955056179775281,0.07865168539325842,0.45956385,0.1860448,-0.9303905,-0.5385442
0.5955056179775281,0.0898876404494382,0.5257669,0.21257734,-1.0484116,-0.6064554
0.5955056179775281,0.10112359550561797,0.5915128,0.23927736,-1.1614417,-0.6713084
0.5955056179775281,0.11235955056179775,0.65651923,0.26642564,-1.2693318,-0.73319936
0.5955056179775281,0.12359550561797752,0.7205369,0.29419687,-1.371752,-0.7919639
0.5955056179775281,0.1348314606741573,0.7833701,0.3226435,-1.4681234,-0.84712535
0.5955056179775281,0.14606741573033707,0.84488785,0.35172358,-1.5576516,-0.8980704
0.5955056179775281,0.15730337078651685,0.90502614,0.38131666,-1.6394607,-0.9442935
0.5955056179775281,0.16853932584269662,0.9637762,0.4112171,-1.7127866,-0.98551935
0.5955056179775281,0.1797752808988764,1.0211673,0.44112775,-1.7771449,-1.0217015
0.5955056179775281,0.19101123595505617,1.0772451,0.47071138,-1.832389,-1.0528909
0.5955056179775281,0.20224719101123595,1.1320527,0.49969035,-1.8786285,-1.0790973
0.5955056179775281,0.21348314606741572,1.1856192,0.52796507,-1.9160496,-1.1002157
0.5955056179775281,0.2247191011235955,1.2379516,0.55566704,-1.944715,-1.1160676
0.5955056179775281,0.23595505617977527,1.2890257,0.5830909,-1.9644628,-1.1264445
0.5955056179775281,0.24719101123595505,1.3387805,0.6105251,-1.9749571,-1.131191
0.5955056179775281,0.2584269662921348,1.3871108,0.63807154,-1.9758554,-1.130228
0.5955056179775281,0.2696629213483146,1.4338661,0.6655826,-1.9669889,-1.1235632
0.5955056179775281,0.2808988764044944,1.4788616,0.6927755,-1.9484593,-1.1112039
0.5955056179775281,0.29213483146067415,1.5219028,0.71945673,-1.9205861,-1.0931517
0.5955056179775281,0.3033707865168539,1.5628262,0.7456876,-1.8837456,-1.0693771
0.5955056179775281,0.3146067415730337,1.601542,0.77177465,-1.8381804,-1.0399052
0.5955056179775281,0.3258426966292135,1.6380558,0.79805005,-1.7839,-1.0048862
0.5955056179775281,0.33707865168539325,1.6724573,0.8246283,-1.720747,-0.9646042
0.5955056179775281,0.348314606741573,1.7048668,0.85128236,-1.6486105,-0.91945046
0.5955056179775281,0.3595505617977528,1.735367,0.8775595,-1.5676891,-0.86988455
0.5955056179775281,0.3707865168539326,1.7639438,0.903036,-1.4786339,-0.8164019
0.5955056179775281,0.38202247191011235,1.7904744,0.92753386,-1.3824633,-0.7594647
0.5955056179775281,0.3932584269662921,1.8147583,0.9511423,-1.2802981,-0.6994419
0.5955056179775281,0.4044943820224719,1.8365799,0.97404915,-1.1730707,-0.6364752
0.5955056179775281,0.4157303370786517,1.8557707,0.996306,-1.0613565,-0.5704335
0.5955056179775281,0.42696629213483145,1.8722483,1.017722,-0.9453954,-0.50110775
0.5955056179775281,0.4382022471910112,1.8860246,1.0379571,-0.8252621,-0.4284215
0.5955056179775281,0.449438202247191,1.8971926,1.056714,-0.70105946,-0.35269865
0.5955056179775281,0.4606741573033708,1.905896,1.0739113,-0.57308525,-0.27468714
0.5955056179775281,0.47191011235955055,1.9122947,1.0896761,-0.4419118,-0.19537717
0.5955056179775281,0.4831460674157303,1.9165295,1.1042047,-0.3083826,-0.11569302
0.5955056179775281,0.4943820224719101,1.918694,1.1175807,-0.17351392,-0.03626373
0.5955056179775281,0.5056179775280899,1.9188143,1.1296883,-0.038330894,0.042614892
0.5955056179775281,0.5168539325842696,1.9168465,1.1402941,0.09630366,0.120816976
0.5955056179775281,0.5280898876404494,1.9126858,1.1492232,0.22975917,0.19827394
0.5955056179775281,0.5393258426966292,1.9061903,1.1565368,0.36158687,0.27482584
0.5955056179775281,0.550561797752809,1.8972191,1.1625584,0.49137887,0.3502271
0.5955056179775281,0.5617977528089888,1.8856746,1.1677037,0.618611,0.4242404
0.5955056179775281,0.5730337078651685,1.8715304,1.1722041,0.74258053,0.4966393
0.5955056179775281,0.5842696629213483,1.8548338,1.1758634,0.86244255,0.5671649
0.5955056179775281,0.5955056179775281,1.8356771,1.1780363,0.9773033,0.63538635
0.5955056179775281,0.6067415730337078,1.814144,1.177854,1.0863757,0.70063055
0.5955056179775281,0.6179775280898876,1.7902752,1.1746126,1.1890843,0.762139
0.5955056179775281,0.6292134831460674,1.7640597,1.1680973,1.2851112,0.8193208
0.5955056179775281,0.6404494382022472,1.7354695,1.1586617,1.3743477,0.8720188
0.5955056179775281,0.651685393258427,1.7044996,1.1470156,1.4567891,0.92042756
0.5955056179775281,0.6629213483146067,1.6711987,1.1338534,1.532346,0.96475524
0.5955056179775281,0.6741573033707865,1.6356692,1.1195205,1.6006844,1.0048729
0.5955056179775281,0.6853932584269663,1.5980494,1.1038891,1.6611581,1.0402063
0.5955056179775281,0.696629213483146,1.5584834,1.086471,1.7129155,1.0699987
0.5955056179775281,0.7078651685393258,1.5170922,1.066723,1.7551919,1.0936948
0.5955056179775281,0.7191011235955056,1.4739455,1.044388,1.7876087,1.111192
0.5955056179775281,0.7303370786516854,1.4290606,1.0196364,1.8103044,1.1227888
0.5955056179775281,0.7415730337078652,1.3824275,0.9929472,1.8237782,1.1289436
0.5955056179775281,0.7528089887640449,1.3340505,0.96479106,1.8285571,1.1299676
0.5955056179775281,0.7640449438202247,1.2839868,0.9353482,1.8248755,1.1259053
0.5955056179775281,0.7752808988764045,1.232355,0.90442973,1.8125695,1.1166049
0.5955056179775281,0.7865168539325842,1.1793116,0.8716264,1.7912254,1.1018505
0.5955056179775281,0.797752808988764,1.1250118,0.83657694,1.7604457,1.0815544
0.5955056179775281,0.8089887640449438,1.069569,0.7991844,1.7201011,1.0557411
0.5955056179775281,0.8202247191011236,1.0130391,0.7596849,1.6704296,1.0245111
0.5955056179775281,0.8314606741573034,0.9554326,0.7185285,1.6119432,0.9879559
0.5955056179775281,0.8426966292134831,0.8967497,0.6761692,1.5452209,0.9462306
0.5955056179775281,0.8539325842696629,0.83701485,0.632907,1.4707261,0.8996792
0.5955056179775281,0.8651685393258427,0.77628994,0.5888654,1.3887677,0.84887844
0.5955056179775281,0.8764044943820224,0.7146596,0.5440639,1.2996042,0.79446006
0.5955056179775281,0.8876404494382022,0.65220594,0.4984985,1.2036107,0.73677194
0.5955056179775281,0.898876404494382,0.58899266,0.4521597,1.1013588,0.6756587
0.5955056179775281,0.9101123595505618,0.5250675,0.40503472,0.99357593,0.6105905
0.5955056179775281,0.9213483146067416,0.4604854,0.3571276,0.88101774,0.5411199
0.5955056179775281,0.9325842696629213,0.39532763,0.3084832,0.7643297,0.46738902
0.5955056179775281,0.9438202247191011,0.32971513,0.25917366,0.6439781,0.39035898
0.5955056179775281,0.9550561797752809,0.26380318,0.20923205,0.52027667,0.31160095
0.5955056179775281,0.9662921348314606,0.19775912,0.15857896,0.39350605,0.23272882
0.5955056179775281,0.9775280898876404,0.13172701,0.10700027,0.26406446,0.15472649
0.5955056179775281,0.9887640449438202,0.065799035,0.05421426,0.13259438,0.07752187
0.5955056179775281,1.0,-1.6282033e-07,-1.3611154e-07,-3.2891384e-07,-1.9374976e-07
0.6067415730337078,0.0,-0.0,0.0,0.0,-0.0
0.6067415730337078,0.011235955056179775,0.06421154,0.029405057,-0.13636255,-0.088607274
0.6067415730337078,0.02247191011235955,0.12849987,0.059529383,-0.2733274,-0.1759768
0.6067415730337078,0.033707865168539325,0.19301265,0.090387546,-0.40955696,-0.2625716
0.6067415730337078,0.0449438202247191,0.25784916,0.121759824,-0.5436536,-0.34823897
0.6067415730337078,0.056179775280898875,0.32302433,0.1532749,-0.6744198,-0.43231294
0.6067415730337078,0.06741573033707865,0.38845462,0.1845833,-0.801,-0.5139311
0.6067415730337078,0.07865168539325842,0.45396486,0.21553269,-0.92289495,-0.59241503
0.6067415730337078,0.0898876404494382,0.51931256,0.24622445,-1.0398855,-0.667487
0.6067415730337078,0.10112359550561797,0.5842208,0.27692458,-1.1518925,-0.7391752
0.6067415730337078,0.11235955056179775,0.6484146,0.3079111,-1.2588146,-0.80752075
0.6067415730337078,0.12359550561797752,0.7116502,0.3393691,-1.360373,-0.87231886
0.6067415730337078,0.1348314606741573,0.7737367,0.37137353,-1.456025,-0.93306917
0.6067415730337078,0.14606741573033707,0.8345471,0.40391925,-1.5449854,-0.98914593
0.6067415730337078,0.15730337078651685,0.89401877,0.43692476,-1.62637,-1.0400342
0.6067415730337078,0.16853932584269662,0.9521431,0.47021222,-1.6993964,-1.0854762
0.6067415730337078,0.1797752808988764,1.0089465,0.50348884,-1.7635597,-1.1254319
0.6067415730337078,0.19101123595505617,1.06447,0.53639114,-1.818697,-1.1599523
0.6067415730337078,0.20224719101123595,1.1187503,0.56860024,-1.8649023,-1.189024
0.6067415730337078,0.21348314606741572,1.1718068,0.59997314,-1.9023453,-1.2124912
0.6067415730337078,0.2247191011235955,1.2236358,0.63062036,-1.9310676,-1.2301018
0.6067415730337078,0.23595505617977527,1.2742028,0.66084665,-1.950889,-1.2415693
0.6067415730337078,0.24719101123595505,1.32344,0.6909761,-1.9614594,-1.2466923
0.6067415730337078,0.2584269662921348,1.371242,0.7211538,-1.9624346,-1.2453965
0.6067415730337078,0.2696629213483146,1.417463,0.7512689,-1.9536668,-1.2377144
0.6067415730337078,0.2808988764044944,1.4619278,0.781046,-1.9352988,-1.2237166
0.6067415730337078,0.29213483146067415,1.5044504,0.810276,-1.9077082,-1.2034637
0.6067415730337078,0.3033707865168539,1.544875,0.83898544,-1.8713263,-1.1769887
0.6067415730337078,0.3146067415730337,1.5831114,0.8674346,-1.8264338,-1.144344
0.6067415730337078,0.3258426966292135,1.6191609,0.8959287,-1.7730479,-1.1056901
0.6067415730337078,0.33707865168539325,1.6531056,0.9245711,-1.7109859,-1.061322
0.6067415730337078,0.348314606741573,1.6850613,0.95315284,-1.6401051,-1.0116289
0.6067415730337078,0.3595505617977528,1.7151119,0.98125345,-1.5605712,-0.95712435
0.6067415730337078,0.3707865168539326,1.743254,1.008474,-1.4730121,-0.89835006
0.6067415730337078,0.38202247191011235,1.7693789,1.0346406,-1.3784201,-0.83583647
0.6067415730337078,0.3932584269662921,1.7933029,1.0598164,-1.2778832,-0.76994646
0.6067415730337078,0.4044943820224719,1.8148202,1.0841364,-1.1722817,-0.70077676
0.6067415730337078,0.4157303370786517,1.8337657,1.1075886,-1.062139,-0.6281406
0.6067415730337078,0.42696629213483145,1.8500504,1.1299313,-0.9476519,-0.5517699
0.6067415730337078,0.4382022471910112,1.8636736,1.1507959,-0.82889044,-0.47162387
0.6067415730337078,0.449438202247191,1.8747131,1.1698916,-0.7059936,-0.38810545
0.6067415730337078,0.4606741573033708,1.8832992,1.1871645,-0.5793201,-0.3020631
0.6067415730337078,0.47191011235955055,1.8895848,1.2027849,-0.44949377,-0.2146021
0.6067415730337078,0.4831460674157303,1.8937099,1.216999,-0.3173797,-0.12671089
0.6067415730337078,0.4943820224719101,1.895773,1.2299445,-0.18396267,-0.039090592
0.6067415730337078,0.5056179775280899,1.8958107,1.2415683,-0.050210986,0.047913324
0.6067415730337078,0.5168539325842696,1.8937883,1.2516942,0.08306759,0.13412382
0.6067415730337078,0.5280898876404494,1.8896099,1.2601935,0.21526574,0.2193807
0.6067415730337078,0.5393258426966292,1.8831434,1.2671254,0.34590757,0.30344728
0.6067415730337078,0.550561797752809,1.8742553,1.272753,0.47452608,0.38604206
0.6067415730337078,0.5617977528089888,1.8628511,1.2773811,0.600552,0.4669245
0.6067415730337078,0.5730337078651685,1.8489064,1.2811118,0.7232597,0.5459276
0.6067415730337078,0.5842696629213483,1.8324625,1.2836721,0.84181255,0.62285835
0.6067415730337078,0.5955056179775281,1.813598,1.2844269,0.95536464,0.6973406
0.6067415730337078,0.6067415730337078,1.7923821,1.2826111,1.0631765,0.7687357
0.6067415730337078,0.6179775280898876,1.76884,1.2776594,1.1647182,0.83625454
0.6067415730337078,0.6292134831460674,1.7429541,1.2694697,1.2597004,0.8992536
0.6067415730337078,0.6404494382022472,1.7146988,1.2584263,1.3480288,0.95747674
0.6067415730337078,0.651685393258427,1.6840765,1.245189,1.4296887,1.011016
0.6067415730337078,0.6629213483146067,1.6511446,1.2303524,1.5045764,1.0599775
0.6067415730337078,0.6741573033707865,1.6160116,1.2141746,1.5723385,1.1041397
0.6067415730337078,0.6853932584269663,1.5788169,1.1964778,1.6323183,1.1428803
0.6067415730337078,0.696629213483146,1.5397042,1.1767753,1.6836758,1.1754491
0.6067415730337078,0.7078651685393258,1.4987909,1.1545724,1.7256613,1.201335
0.6067415730337078,0.7191011235955056,1.4561441,1.1296704,1.7579149,1.2204936
0.6067415730337078,0.7303370786516854,1.4117806,1.1022949,1.7805763,1.2332646
0.6067415730337078,0.7415730337078652,1.3656895,1.0729544,1.7941349,1.2400957
0.6067415730337078,0.7528089887640449,1.3178766,1.0421222,1.7990977,1.241276
0.6067415730337078,0.7640449438202247,1.268401,1.0099647,1.7956864,1.2368318
0.6067415730337078,0.7752808988764045,1.2173829,0.97627854,1.783741,1.2265768
0.6067415730337078,0.7865168539325842,1.1649798,0.9406421,1.7628523,1.2103417
0.6067415730337078,0.797752808988764,1.1113482,0.90268105,1.7326361,1.1880788
0.6067415730337078,0.8089887640449438,1.0566019,0.8622801,1.6929696,1.1598715
0.6067415730337078,0.8202247191011236,1.0007966,0.819638,1.64409,1.1258167
0.6067415730337078,0.8314606741573034,0.9439405,0.77517045,1.5865105,1.0859888
0.6067415730337078,0.8426966292134831,0.8860291,0.72931904,1.5208123,1.0404869
0.6067415730337078,0.8539325842696629,0.8270784,0.68240607,1.4474702,0.98959655
0.6067415730337078,0.8651685393258427,0.7671414,0.6345984,1.3668041,0.9338627
0.6067415730337078,0.8764044943820224,0.70629686,0.5859561,1.2790703,0.87392
0.6067415730337078,0.8876404494382022,0.64462686,0.5364896,1.1846232,0.8101668
0.6067415730337078,0.898876404494382,0.5821982,0.48618197,1.0839982,0.74254835
0.6067415730337078,0.9101123595505618,0.5190644,0.4350174,0.97788095,0.6706757
0.6067415730337078,0.9213483146067416,0.455283,0.38302192,0.8669991,0.59425837
0.6067415730337078,0.9325842696629213,0.39093268,0.33029428,0.75199604,0.5135442
0.6067415730337078,0.9438202247191011,0.32612532,0.27697697,0.63336396,0.42951834
0.6067415730337078,0.9550561797752809,0.26100275,0.22316986,0.51146656,0.3436782
0.6067415730337078,0.9662921348314606,0.19571845,0.16882977,0.38663745,0.25748506
0.6067415730337078,0.9775280898876404,0.13040659,0.113737434,0.2593134,0.17176037
0.6067415730337078,0.9887640449438202,0.06515682,0.05756197,0.13014351,0.08631274
0.6067415730337078,1.0,-1.6126475e-07,-1.4443192e-07,-3.227036e-07,-2.1616735e-07
0.6179775280898876,0.0,-0.0,0.0,0.0,-0.0
0.6179775280898876,0.011235955056179775,0.063418716,0.033032764,-0.13505791,-0.09574005
0.6179775280898876,0.02247191011235955,0.1268901,0.06706878,-0.27062765,-0.19043241
0.6179775280898876,0.033707865168539325,0.19054933,0.10205906,-0.40545684,-0.28442574
0.6179775280898876,0.0449438202247191,0.25449222,0.13769695,-0.53819895,-0.37747672
0.6179775280898876,0.056179775280898875,0.31873927,0.17351773,-0.667669,-0.46884957
0.6179775280898876,0.06741573033707865,0.38321903,0.20908886,-0.7929959,-0.55763257
0.6179775280898876,0.07865168539325842,0.4477715,0.24419352,-0.91366035,-0.643103
0.6179775280898876,0.0898876404494382,0.51216817,0.27888846,-1.0294381,-0.72492844
0.6179775280898876,0.10112359550561797,0.57614386,0.31341317,-1.1402715,-0.80307937
0.6179775280898876,0.11235955056179775,0.6394326,0.34803382,-1.2461008,-0.8775438
0.6179775280898876,0.12359550561797752,0.70179695,0.38294205,-1.3466915,-0.9480687
0.6179775280898876,0.1348314606741573,0.76305085,0.4182414,-1.4415344,-1.0141244
0.6179775280898876,0.14606741573033707,0.8230697,0.45397422,-1.5298578,-1.0750679
0.6179775280898876,0.15730337078651685,0.88179106,0.49011236,-1.6107727,-1.1303796
0.6179775280898876,0.16853932584269662,0.93920475,0.5265196,-1.6834807,-1.1798058
0.6179775280898876,0.1797752808988764,0.9953345,0.5629163,-1.7474554,-1.2233227
0.6179775280898876,0.19101123595505617,1.0502183,0.5989218,-1.8025063,-1.2609756
0.6179775280898876,0.20224719101123595,1.1038876,0.63417804,-1.8486952,-1.2927307
0.6179775280898876,0.21348314606741572,1.1563543,0.66849834,-1.8861545,-1.318385
0.6179775280898876,0.2247191011235955,1.2076045,0.70196915,-1.9148978,-1.3376031
0.6179775280898876,0.23595505617977527,1.257594,0.7349004,-1.9347205,-1.3500437
0.6179775280898876,0.24719101123595505,1.3062471,0.76765215,-1.945268,-1.3554621
0.6179775280898876,0.2584269662921348,1.3534554,0.80041534,-1.9462103,-1.3537813
0.6179775280898876,0.2696629213483146,1.3990767,0.8331167,-1.9374357,-1.345078
0.6179775280898876,0.2808988764044944,1.4429431,0.8654955,-1.9191456,-1.3294874
0.6179775280898876,0.29213483146067415,1.4848804,0.8973099,-1.8917843,-1.307154
0.6179775280898876,0.3033707865168539,1.5247412,0.92852926,-1.8558412,-1.2781844
0.6179775280898876,0.3146067415730337,1.5624424,0.95934385,-1.8116306,-1.2426844
0.6179775280898876,0.3258426966292135,1.5979847,0.989997,-1.7591711,-1.2008146
0.6179775280898876,0.33707865168539325,1.6314471,1.020572,-1.6982559,-1.1528416
0.6179775280898876,0.348314606741573,1.6629419,1.0508744,-1.6287078,-1.0991347
0.6179775280898876,0.3595505617977528,1.6925524,1.0805291,-1.5506564,-1.0401845
0.6179775280898876,0.3707865168539326,1.7202792,1.1091906,-1.4646964,-0.9765595
0.6179775280898876,0.38202247191011235,1.7460232,1.1367228,-1.3717844,-0.90880513
0.6179775280898876,0.3932584269662921,1.7696104,1.1631919,-1.2729582,-0.8373024
0.6179775280898876,0.4044943820224719,1.7908447,1.1886997,-1.1690396,-0.76211303
0.6179775280898876,0.4157303370786517,1.8095627,1.2131828,-1.0604961,-0.6830477
0.6179775280898876,0.42696629213483145,1.8256719,1.2363491,-0.9475049,-0.5998416
0.6179775280898876,0.4382022471910112,1.8391619,1.2578036,-0.8301606,-0.51252776
0.6179775280898876,0.449438202247191,1.8500965,1.2772558,-0.7086614,-0.42160773
0.6179775280898876,0.4606741573033708,1.8585932,1.2946732,-0.5834441,-0.32804272
0.6179775280898876,0.47191011235955055,1.8647935,1.3102618,-0.4551897,-0.23299682
0.6179775280898876,0.4831460674157303,1.8688319,1.3243091,-0.32476968,-0.1374958
0.6179775280898876,0.4943820224719101,1.8708068,1.3369915,-0.19313797,-0.042233944
0.6179775280898876,0.5056179775280899,1.8707609,1.3482945,-0.061186276,0.05242299
0.6179775280898876,0.5168539325842696,1.8686702,1.3580722,0.07034528,0.14626108
0.6179775280898876,0.5280898876404494,1.8644525,1.3661997,0.20088357,0.23904549
0.6179775280898876,0.5393258426966292,1.8579884,1.3727186,0.3299507,0.33044618
0.6179775280898876,0.550561797752809,1.8491575,1.3778253,0.4570477,0.42010587
0.6179775280898876,0.5617977528089888,1.8378748,1.3817331,0.5815712,0.5077379
0.6179775280898876,0.5730337078651685,1.8241166,1.384456,0.7027854,0.5932013
0.6179775280898876,0.5842696629213483,1.8079197,1.385684,0.81986773,0.6763444
0.6179775280898876,0.5955056179775281,1.78935,1.3848326,0.9320011,0.7568446
0.6179775280898876,0.6067415730337078,1.7684588,1.3812566,1.0384862,0.8340785
0.6179775280898876,0.6179775280898876,1.7452575,1.3745381,1.1388202,0.907237
0.6179775280898876,0.6292134831460674,1.7197224,1.3646804,1.2327192,0.97563964
0.6179775280898876,0.6404494382022472,1.6918284,1.3520862,1.3200849,1.0389661
0.6179775280898876,0.651685393258427,1.6615864,1.337348,1.4008895,1.0972089
0.6179775280898876,0.6629213483146067,1.6290609,1.32096,1.4750164,1.150404
0.6179775280898876,0.6741573033707865,1.5943646,1.3030823,1.5421051,1.1982652
0.6179775280898876,0.6853932584269663,1.5576391,1.2834874,1.6015096,1.2401565
0.6179775280898876,0.696629213483146,1.5190268,1.2616935,1.652402,1.275348
0.6179775280898876,0.7078651685393258,1.4786426,1.2372471,1.6940534,1.3033713
0.6179775280898876,0.7191011235955056,1.4365529,1.2100022,1.7261077,1.3242141
0.6179775280898876,0.7303370786516854,1.3927727,1.1802326,1.7486973,1.3382221
0.6179775280898876,0.7415730337078652,1.3472909,1.1484637,1.762292,1.3458202
0.6179775280898876,0.7528089887640449,1.3001149,1.1151618,1.7673782,1.3472377
0.6179775280898876,0.7640449438202247,1.2513031,1.0804735,1.7641741,1.3424487
0.6179775280898876,0.7752808988764045,1.2009765,1.0441816,1.7525282,1.3312709
0.6179775280898876,0.7865168539325842,1.149291,1.0058644,1.732054,1.3135723
0.6179775280898876,0.797752808988764,1.0964018,0.9651544,1.7023904,1.2893738
0.6179775280898876,0.8089887640449438,1.0424217,0.92192763,1.6634314,1.2588165
0.6179775280898876,0.8202247191011236,0.98740566,0.8763577,1.6154165,1.2220246
0.6179775280898876,0.8314606741573034,0.93135965,0.8288234,1.5588546,1.1790348
0.6179775280898876,0.8426966292134831,0.8742752,0.77974266,1.4943259,1.1298808
0.6179775280898876,0.8539325842696629,0.8161623,0.72944283,1.422306,1.074789
0.6179775280898876,0.8651685393258427,0.7570679,0.6781198,1.3431106,1.0142689
0.6179775280898876,0.8764044943820224,0.69706744,0.62586486,1.2569834,0.9489703
0.6179775280898876,0.8876404494382022,0.63624346,0.57270294,1.164247,0.87937045
0.6179775280898876,0.898876404494382,0.5746681,0.51862067,1.0653923,0.8055449
0.6179775280898876,0.9101123595505618,0.51240045,0.46360585,0.9610651,0.7272635
0.6179775280898876,0.9213483146067416,0.44949946,0.4077115,0.85196966,0.6443723
0.6179775280898876,0.9325842696629213,0.38603956,0.35108864,0.7387575,0.5571942
0.6179775280898876,0.9438202247191011,0.3221218,0.29394785,0.6219585,0.46669143
0.6179775280898876,0.9550561797752809,0.25787303,0.23645005,0.50199336,0.37424642
0.6179775280898876,0.9662921348314606,0.19343194,0.17858864,0.37925327,0.2811538
0.6179775280898876,0.9775280898876404,0.12892245,0.12014228,0.25421217,0.1880736
0.6179775280898876,0.9887640449438202,0.064432435,0.060738727,0.12751755,0.094731264
0.6179775280898876,1.0,-1.5950368e-07,-1.5231096e-07,-3.1606956e-07,-2.3759138e-07
0.6292134831460674,0.0,-0.0,0.0,0.0,-0.0
0.6292134831460674,0.011235955056179775,0.062549144,0.036607083,-0.13347644,-0.10241819
0.6292134831460674,0.02247191011235955,0.12512791,0.07443293,-0.26739693,-0.20397642
0.6292134831460674,0.033707865168539325,0.18785822,0.113381594,-0.4005785,-0.3049058
0.6292134831460674,0.0449438202247191,0.2508309,0.15307876,-0.5317202,-0.40486333
0.6292134831460674,0.056179775280898875,0.31407046,0.19298476,-0.6596534,-0.50304323
0.6292134831460674,0.06741573033707865,0.37751696,0.23259671,-0.7835008,-0.5984894
0.6292134831460674,0.07865168539325842,0.4410252,0.27163878,-0.90273255,-0.690443
0.6292134831460674,0.0898876404494382,0.5043822,0.31012055,-1.0171237,-0.77853787
0.6292134831460674,0.10112359550561797,0.56733626,0.34824556,-1.1266342,-0.8626931
0.6292134831460674,0.11235955056179775,0.6296318,0.38626114,-1.2312369,-0.94283915
0.6292134831460674,0.12359550561797752,0.6910393,0.424363,-1.3307357,-1.0186787
0.6292134831460674,0.1348314606741573,0.7513763,0.4626913,-1.4246509,-1.0896475
0.6292134831460674,0.14606741573033707,0.81051946,0.50134605,-1.5122291,-1.155094
0.6292134831460674,0.15730337078651685,0.86840475,0.5403661,-1.592586,-1.2144942
0.6292134831460674,0.16853932584269662,0.92501974,0.5796633,-1.6649133,-1.2676102
0.6292134831460674,0.1797752808988764,0.98038673,0.6189776,-1.7286638,-1.3144244
0.6292134831460674,0.19101123595505617,1.0345414,0.65791094,-1.7836105,-1.3549806
0.6292134831460674,0.20224719101123595,1.0875118,0.6960624,-1.8297696,-1.3892179
0.6292134831460674,0.21348314606741572,1.1393055,0.7331978,-1.8672253,-1.4168748
0.6292134831460674,0.2247191011235955,1.1898994,0.7693755,-1.8959473,-1.437559
0.6292134831460674,0.23595505617977527,1.2392399,0.80490863,-1.9157127,-1.4508582
0.6292134831460674,0.24719101123595505,1.287242,0.84019184,-1.9261656,-1.4565022
0.6292134831460674,0.2584269662921348,1.3337929,0.875472,-1.9270066,-1.4544269
0.6292134831460674,0.2696629213483146,1.3787504,0.91072017,-1.9181762,-1.4447474
0.6292134831460674,0.2808988764044944,1.421955,0.9456883,-1.8999394,-1.4276907
0.6292134831460674,0.29213483146067415,1.4632441,0.9800983,-1.872808,-1.4034877
0.6292134831460674,0.3033707865168539,1.502484,1.0138386,-1.8373219,-1.3723294
0.6292134831460674,0.3146067415730337,1.5396016,1.0469953,-1.7938182,-1.3343669
0.6292134831460674,0.3258426966292135,1.5746039,1.0797254,-1.7423073,-1.2897431
0.6292134831460674,0.33707865168539325,1.6075705,1.1120633,-1.6825567,-1.2386655
0.6292134831460674,0.348314606741573,1.6386098,1.1438298,-1.6143569,-1.1814337
0.6292134831460674,0.3595505617977528,1.6678009,1.1747098,-1.5378107,-1.118493
0.6292134831460674,0.3707865168539326,1.6951437,1.2044472,-1.4534842,-1.0504017
0.6292134831460674,0.38202247191011235,1.7205414,1.2329816,-1.3622972,-0.9777313
0.6292134831460674,0.3932584269662921,1.7438246,1.2604163,-1.2652252,-0.90086657
0.6292134831460674,0.4044943820224719,1.7648028,1.2868468,-1.1630261,-0.81989557
0.6292134831460674,0.4157303370786517,1.7833165,1.3121686,-1.0561161,-0.73463756
0.6292134831460674,0.42696629213483145,1.7992722,1.3360456,-0.94466805,-0.6449006
0.6292134831460674,0.4382022471910112,1.8126523,1.3580539,-0.8288205,-0.55081826
0.6292134831460674,0.449438202247191,1.8235114,1.3778957,-0.7088568,-0.45301697
0.6292134831460674,0.4606741573033708,1.8319508,1.3955528,-0.5852967,-0.3525433
0.6292134831460674,0.47191011235955055,1.8380997,1.4112554,-0.4588745,-0.25059763
0.6292134831460674,0.4831460674157303,1.8420812,1.4253155,-0.3304622,-0.14817348
0.6292134831460674,0.4943820224719101,1.8439906,1.4379346,-0.20096256,-0.045928642
0.6292134831460674,0.5056179775280899,1.8438718,1.449116,-0.07117998,0.055815767
0.6292134831460674,0.5168539325842696,1.8417108,1.4587106,0.058223486,0.15683626
0.6292134831460674,0.5280898876404494,1.83744,1.4665781,0.18672422,0.2568328
0.6292134831460674,0.5393258426966292,1.830959,1.4727123,0.31385615,0.3553792
0.6292134831460674,0.550561797752809,1.8221636,1.4772477,0.43910596,0.45200717
0.6292134831460674,0.5617977528089888,1.8109813,1.4803222,0.5618478,0.54636294
0.6292134831460674,0.5730337078651685,1.7973928,1.4819003,0.681337,0.6382619
0.6292134831460674,0.5842696629213483,1.7814289,1.4816726,0.7967698,0.72754794
0.6292134831460674,0.5955056179775281,1.7631433,1.4791245,0.9073495,0.81392395
0.6292134831460674,0.6067415730337078,1.7425712,1.4737436,1.0124037,0.8967689
0.6292134831460674,0.6179775280898876,1.7197117,1.4652541,1.1114362,0.97526574
0.6292134831460674,0.6292134831460674,1.6945353,1.453749,1.2041581,1.0487075
0.6292134831460674,0.6404494382022472,1.6670202,1.4396386,1.2904584,1.1167176
0.6292134831460674,0.651685393258427,1.6371827,1.4234449,1.3702961,1.1792428
0.6292134831460674,0.6629213483146067,1.6050949,1.4055575,1.4435521,1.2362634
0.6292134831460674,0.6741573033707865,1.5708722,1.3860489,1.509878,1.287466
0.6292134831460674,0.6853932584269663,1.5346564,1.3646512,1.5686438,1.3322359
0.6292134831460674,0.696629213483146,1.4965885,1.3408904,1.6190425,1.3698766
0.6292134831460674,0.7078651685393258,1.4567828,1.314352,1.6603477,1.399962
0.6292134831460674,0.7191011235955056,1.4153037,1.2849435,1.6921972,1.4224902
0.6292134831460674,0.7303370786516854,1.3721656,1.2529662,1.7146968,1.4377763
0.6292134831460674,0.7415730337078652,1.3273581,1.2189538,1.7282887,1.446182
0.6292134831460674,0.7528089887640449,1.2808881,1.1833545,1.7334434,1.447867
0.6292134831460674,0.7640449438202247,1.2328135,1.146293,1.7303824,1.4427452
0.6292134831460674,0.7752808988764045,1.1832519,1.1075425,1.7189816,1.4306288
0.6292134831460674,0.7865168539325842,1.1323565,1.0666928,1.6988912,1.411432
0.6292134831460674,0.797752808988764,1.0802782,1.0233968,1.6697845,1.3852634
0.6292134831460674,0.8089887640449438,1.0271269,0.9775395,1.6315764,1.35234
0.6292134831460674,0.8202247191011236,0.97295576,0.9292771,1.5845134,1.3128176
0.6292134831460674,0.8314606741573034,0.91776997,0.8789497,1.529095,1.2667065
0.6292134831460674,0.8426966292134831,0.86155844,0.8269418,1.4658917,1.2139856
0.6292134831460674,0.8539325842696629,0.80432785,0.77356905,1.3953679,1.1548107
0.6292134831460674,0.8651685393258427,0.7461216,0.7190431,1.3178244,1.0896678
0.6292134831460674,0.8764044943820224,0.687014,0.6634769,1.2334794,1.0192403
0.6292134831460674,0.8876404494382022,0.6270908,0.6069114,1.1426152,0.94409764
0.6292134831460674,0.898876404494382,0.5664291,0.5493368,1.0456777,0.86445487
0.6292134831460674,0.9101123595505618,0.505093,0.4907488,0.9432715,0.7802281
0.6292134831460674,0.9213483146067416,0.44314286,0.4312221,0.8360851,0.69137573
0.6292134831460674,0.9325842696629213,0.3806475,0.37095082,0.7247824,0.5982528
0.6292134831460674,0.9438202247191011,0.31769633,0.3102035,0.6099375,0.5017649
0.6292134831460674,0.9550561797752809,0.25440076,0.24919675,0.4920299,0.4031557
0.6292134831460674,0.9662921348314606,0.19088453,0.18796363,0.3715084,0.3035575
0.6292134831460674,0.9775280898876404,0.1272615,0.12629153,0.24887872,0.20350085
0.6292134831460674,0.9887640449438202,0.06361807,0.06378212,0.12478201,0.10266929
0.6292134831460674,1.0,-1.5751559e-07,-1.5983298e-07,-3.0918505e-07,-2.5769765e-07
0.6404494382022472,0.0,-0.0,0.0,0.0,-0.0
0.6404494382022472,0.011235955056179775,0.061606552,0.040103514,-0.13161649,-0.108679816
0.6404494382022472,0.02247191011235955,0.12322068,0.081549875,-0.26364714,-0.21665964
0.6404494382022472,0.033707865168539325,0.18495081,0.12421628,-0.39495912,-0.32404914
0.6404494382022472,0.0449438202247191,0.24688166,0.16768698,-0.5242879,-0.43040368
0.6404494382022472,0.056179775280898875,0.30904028,0.21137424,-0.65048057,-0.53485477
0.6404494382022472,0.06741573033707865,0.3713767,0.25472686,-0.77265996,-0.6364139
0.6404494382022472,0.07865168539325842,0.43376076,0.2974213,-0.89029133,-0.73430884
0.6404494382022472,0.0898876404494382,0.49599525,0.3394196,-1.0031492,-0.8281443
0.6404494382022472,0.10112359550561797,0.557844,0.38088283,-1.1112046,-0.9177915
0.6404494382022472,0.11235955056179775,0.6190636,0.42203125,-1.2144518,-1.0031278
0.6404494382022472,0.12359550561797752,0.6794327,0.46306503,-1.3127215,-1.083806
0.6404494382022472,0.1348314606741573,0.7387726,0.5041653,-1.4055625,-1.1592331
0.6404494382022472,0.14606741573033707,0.79695886,0.54549915,-1.4922465,-1.2287519
0.6404494382022472,0.15730337078651685,0.85392493,0.5871798,-1.5719032,-1.2918532
0.6404494382022472,0.16853932584269662,0.90965515,0.6291716,-1.643729,-1.3483114
0.6404494382022472,0.1797752808988764,0.9641704,0.67122936,-1.7071593,-1.39812
0.6404494382022472,0.19101123595505617,1.0175061,0.7129345,-1.761931,-1.4413241
0.6404494382022472,0.20224719101123595,1.0696902,0.75383496,-1.8080058,-1.4778192
0.6404494382022472,0.21348314606741572,1.1207266,0.7936471,-1.8454108,-1.5073005
0.6404494382022472,0.2247191011235955,1.1705856,0.83239275,-1.8740687,-1.5292957
0.6404494382022472,0.23595505617977527,1.2192038,0.87038887,-1.8937342,-1.5433555
0.6404494382022472,0.24719101123595505,1.2664871,0.90806973,-1.904063,-1.5491829
0.6404494382022472,0.2584269662921348,1.3123152,0.94574404,-1.9047923,-1.5467352
0.6404494382022472,0.2696629213483146,1.3565463,0.98343813,-1.8959188,-1.5361927
0.6404494382022472,0.2808988764044944,1.3990268,1.0209209,-1.8777773,-1.5178682
0.6404494382022472,0.29213483146067415,1.4396081,1.0578752,-1.8509334,-1.4920791
0.6404494382022472,0.3033707865168539,1.4781724,1.0940887,-1.8159595,-1.4590955
0.6404494382022472,0.3146067415730337,1.5146627,1.1295178,-1.7732009,-1.4190774
0.6404494382022472,0.3258426966292135,1.5490966,1.1641982,-1.7226478,-1.3721375
0.6404494382022472,0.33707865168539325,1.581556,1.1980987,-1.6640457,-1.3183888
0.6404494382022472,0.348314606741573,1.6121466,1.2310472,-1.5971628,-1.2580363
0.6404494382022472,0.3595505617977528,1.6409403,1.2628111,-1.5220965,-1.1914601
0.6404494382022472,0.3707865168539326,1.6679292,1.2932538,-1.439395,-1.1192193
0.6404494382022472,0.38202247191011235,1.6930114,1.3224291,-1.3499402,-1.0419048
0.6404494382022472,0.3932584269662921,1.7160186,1.3505135,-1.2546496,-0.95995647
0.6404494382022472,0.4044943820224719,1.7367638,1.3776153,-1.154207,-0.8734949
0.6404494382022472,0.4157303370786517,1.7550927,1.4036031,-1.0489833,-0.7823952
0.6404494382022472,0.42696629213483145,1.7709138,1.4280969,-0.9391558,-0.6865594
0.6404494382022472,0.4382022471910112,1.7842073,1.4506372,-0.82492095,-0.58623433
0.6404494382022472,0.449438202247191,1.7950177,1.4709142,-0.70666015,-0.48216304
0.6404494382022472,0.4606741573033708,1.8034344,1.4889106,-0.5849783,-0.37547472
0.6404494382022472,0.47191011235955055,1.8095691,1.5048662,-0.46065536,-0.26735854
0.6404494382022472,0.4831460674157303,1.8135324,1.5191051,-0.3345475,-0.15876105
0.6404494382022472,0.4943820224719101,1.8154086,1.5318439,-0.20748629,-0.05023542
0.6404494382022472,0.5056179775280899,1.8152404,1.5430807,-0.080182776,0.057956543
0.6404494382022472,0.5168539325842696,1.8130208,1.5526538,0.04678753,0.16562267
0.6404494382022472,0.5280898876404494,1.8086978,1.5603812,0.17295815,0.2724222
0.6404494382022472,0.5393258426966292,1.8021905,1.5661997,0.2978758,0.37783396
0.6404494382022472,0.550561797752809,1.793416,1.5701835,0.42101946,0.48126885
0.6404494382022472,0.5617977528089888,1.7823162,1.5724138,0.5417417,0.582267
0.6404494382022472,0.5730337078651685,1.7688781,1.5728306,0.659299,0.68055534
0.6404494382022472,0.5842696629213483,1.7531288,1.571145,0.77289057,0.7759331
0.6404494382022472,0.5955056179775281,1.7351099,1.5669334,0.88174933,0.8680757
0.6404494382022472,0.6067415730337078,1.7148438,1.5598036,0.9852143,0.95634705
0.6404494382022472,0.6179775280898876,1.6923189,1.5496069,1.0827909,1.0399173
0.6404494382022472,0.6292134831460674,1.6675029,1.5365111,1.1741841,1.1180499
0.6404494382022472,0.6404494382022472,1.6403781,1.5209185,1.2592597,1.1903551
0.6404494382022472,0.651685393258427,1.6109669,1.5032834,1.3379792,1.2567414
0.6404494382022472,0.6629213483146067,1.5793458,1.4838985,1.4102316,1.3171821
0.6404494382022472,0.6741573033707865,1.5456324,1.4627688,1.4756964,1.3713925
0.6404494382022472,0.6853932584269663,1.509967,1.4395964,1.5337708,1.4187799
0.6404494382022472,0.696629213483146,1.4724884,1.4139291,1.5836593,1.4587121
0.6404494382022472,0.7078651685393258,1.4333087,1.3853985,1.624627,1.4907714
0.6404494382022472,0.7191011235955056,1.3924919,1.353951,1.6562799,1.5149552
0.6404494382022472,0.7303370786516854,1.3500525,1.3199155,1.6786817,1.531518
0.6404494382022472,0.7415730337078652,1.3059806,1.2838119,1.6922425,1.5407332
0.6404494382022472,0.7528089887640449,1.2602824,1.2460622,1.6974198,1.542669
0.6404494382022472,0.7640449438202247,1.2130134,1.2067657,1.6944512,1.5371794
0.6404494382022472,0.7752808988764045,1.1642867,1.1656936,1.6832544,1.5240817
0.6404494382022472,0.7865168539325842,1.1142493,1.1224607,1.6635312,1.5033444
0.6404494382022472,0.797752808988764,1.0630456,1.0767533,1.6349982,1.4751673
0.6404494382022472,0.8089887640449438,1.0107812,1.0284758,1.5975974,1.4398535
0.6404494382022472,0.8202247191011236,0.9575066,0.97777313,1.5515789,1.3975985
0.6404494382022472,0.8314606741573034,0.90322685,0.92494684,1.4974295,1.3484055
0.6404494382022472,0.8426966292134831,0.8479299,0.87034017,1.435702,1.2921957
0.6404494382022472,0.8539325842696629,0.7916214,0.81424534,1.3668375,1.2290788
0.6404494382022472,0.8651685393258427,0.7343443,0.7568763,1.2911135,1.1595237
0.6404494382022472,0.8764044943820224,0.6761741,0.69836164,1.2087126,1.0842597
0.6404494382022472,0.8876404494382022,0.6172,0.63875455,1.119874,1.003952
0.6404494382022472,0.898876404494382,0.55750567,0.57804996,1.0249959,0.91895187
0.6404494382022472,0.9101123595505618,0.49715957,0.5162449,0.9246452,0.829299
0.6404494382022472,0.9213483146067416,0.43622273,0.45342478,0.8194963,0.7350249
0.6404494382022472,0.9325842696629213,0.3747585,0.38981214,0.7102297,0.63648343
0.6404494382022472,0.9438202247191011,0.31284466,0.3257183,0.5974615,0.534491
0.6404494382022472,0.9550561797752809,0.25057748,0.26141033,0.4817299,0.43015236
0.6404494382022472,0.9662921348314606,0.1880661,0.19696476,0.3635358,0.32445446
0.6404494382022472,0.9775280898876404,0.1254148,0.13219367,0.24341275,0.21784265
0.6404494382022472,0.9887640449438202,0.06270843,0.06669514,0.121990636,0.11000983
0.6404494382022472,1.0,-1.552861e-07,-1.6699732e-07,-3.0218897e-07,-2.7616022e-07
0.651685393258427,0.0,-0.0,0.0,0.0,-0.0
0.651685393258427,0.011235955056179775,0.060593262,0.04347033,-0.12949385,-0.11452923
0.651685393258427,0.02247191011235955,0.121173255,0.088305555,-0.25942087,-0.22847742
0.651685393258427,0.033707865168539325,0.18183483,0.13437822,-0.38867834,-0.3418268
0.651685393258427,0.0449438202247191,0.24265549,0.18126246,-0.5160261,-0.4540383
0.651685393258427,0.056179775280898875,0.30366337,0.22835621,-0.64032453,-0.5641939
0.651685393258427,0.06741573033707865,0.36481726,0.27508768,-0.7606997,-0.6712974
0.651685393258427,0.07865168539325842,0.42600095,0.32110184,-0.87661254,-0.77457726
0.651685393258427,0.0898876404494382,0.4870345,0.36631647,-0.98783356,-0.87362146
0.651685393258427,0.10112359550561797,0.5476983,0.41084296,-1.0943323,-0.9682529
0.651685393258427,0.11235955056179775,0.6077632,0.45486704,-1.1961085,-1.0582868
0.651685393258427,0.12359550561797752,0.667017,0.49858853,-1.2930098,-1.1433196
0.651685393258427,0.1348314606741573,0.7252838,0.54222995,-1.3846097,-1.2227391
0.651685393258427,0.14606741573033707,0.7824372,0.5860321,-1.4702115,-1.2958907
0.651685393258427,0.15730337078651685,0.83840585,0.63018245,-1.5489757,-1.3622926
0.651685393258427,0.16853932584269662,0.8931707,0.67469627,-1.6201166,-1.4217359
0.651685393258427,0.1797752808988764,0.9467505,0.71933866,-1.683065,-1.4742317
0.651685393258427,0.19101123595505617,0.9991824,0.76365745,-1.7375289,-1.5198087
0.651685393258427,0.20224719101123595,1.0504953,0.8071469,-1.7834166,-1.5583332
0.651685393258427,0.21348314606741572,1.100692,0.84946233,-1.8206953,-1.589439
0.651685393258427,0.2247191011235955,1.149738,0.890592,-1.8492408,-1.6126025
0.651685393258427,0.23595505617977527,1.1975611,0.9308548,-1.8687866,-1.6273296
0.651685393258427,0.24719101123595505,1.2440562,0.97073084,-1.8789991,-1.63332
0.651685393258427,0.2584269662921348,1.289096,1.0105976,-1.879659,-1.6305661
0.651685393258427,0.2696629213483146,1.3325367,1.050547,-1.8708224,-1.6193098
0.651685393258427,0.2808988764044944,1.3742312,1.090377,-1.8528748,-1.5999513
0.651685393258427,0.29213483146067415,1.4140449,1.1297274,-1.8264227,-1.5728871
0.651685393258427,0.3033707865168539,1.4518794,1.1682788,-1.7920504,-1.5384287
0.651685393258427,0.3146067415730337,1.4876976,1.205837,-1.7500875,-1.4967308
0.651685393258427,0.3258426966292135,1.5215304,1.2422945,-1.7005022,-1.4478271
0.651685393258427,0.33707865168539325,1.5534657,1.2775337,-1.64302,-1.3917207
0.651685393258427,0.348314606741573,1.5836054,1.3113921,-1.5774107,-1.3285133
0.651685393258427,0.3595505617977528,1.61201,1.3437318,-1.5037818,-1.2585475
0.651685393258427,0.3707865168539326,1.6386584,1.3745677,-1.4226836,-1.1823903
0.651685393258427,0.38202247191011235,1.6634398,1.4040974,-1.3349721,-1.100705
0.651685393258427,0.3932584269662921,1.6861826,1.432594,-1.2415001,-1.0139914
0.651685393258427,0.4044943820224719,1.7067039,1.4601923,-1.1428748,-0.9224168
0.651685393258427,0.4157303370786517,1.7248558,1.4867339,-1.039419,-0.8259292
0.651685393258427,0.42696629213483145,1.7405521,1.5117925,-0.93131655,-0.72452664
0.651685393258427,0.4382022471910112,1.7537738,1.5348701,-0.8188363,-0.61856276
0.651685393258427,0.449438202247191,1.7645582,1.5556302,-0.7024545,-0.508898
0.651685393258427,0.4606741573033708,1.7729824,1.5740488,-0.5828572,-0.39671233
0.651685393258427,0.47191011235955055,1.7791408,1.5903617,-0.46086168,-0.28315988
0.651685393258427,0.4831460674157303,1.7831267,1.6048971,-0.33729148,-0.16910785
0.651685393258427,0.4943820224719101,1.7850109,1.6178693,-0.21289143,-0.05500112
0.651685393258427,0.5056179775280899,1.7848299,1.6292722,-0.08827554,0.05899716
0.651685393258427,0.5168539325842696,1.7825793,1.6389177,0.036072947,0.17272383
0.651685393258427,0.5280898876404494,1.7782217,1.6465824,0.15973547,0.28581372
0.651685393258427,0.5393258426966292,1.7716959,1.6521447,0.28227192,0.39766484
0.651685393258427,0.550561797752809,1.76294,1.6556206,0.4031423,0.5075813
0.651685393258427,0.5617977528089888,1.7519143,1.6570557,0.521681,0.6149778
0.651685393258427,0.5730337078651685,1.7386127,1.6563816,0.6371315,0.71946466
0.651685393258427,0.5842696629213483,1.7230605,1.6533483,0.7487073,0.82075894
0.651685393258427,0.5955056179775281,1.7052914,1.6476066,0.85565746,0.9184636
0.651685393258427,0.6067415730337078,1.6853164,1.6388779,0.95733815,1.0119113
0.651685393258427,0.6179775280898876,1.6631174,1.6271124,1.0532597,1.10024
0.651685393258427,0.6292134831460674,1.6386632,1.6125275,1.1431148,1.1827004
0.651685393258427,0.6404494382022472,1.6119392,1.5955122,1.2267698,1.2588844
0.651685393258427,0.651685393258427,1.5829757,1.5764518,1.3041848,1.3287307
0.651685393258427,0.6629213483146067,1.5518523,1.5555612,1.3752788,1.3922212
0.651685393258427,0.6741573033707865,1.5186862,1.5327934,1.4397728,1.4491218
0.651685393258427,0.6853932584269663,1.483614,1.5078481,1.4970912,1.498913
0.651685393258427,0.696629213483146,1.4467707,1.4803097,1.5464467,1.5409924
0.651685393258427,0.7078651685393258,1.4082651,1.4498609,1.5870792,1.5749569
0.651685393258427,0.7191011235955056,1.3681608,1.4164888,1.6185399,1.6007493
0.651685393258427,0.7303370786516854,1.3264737,1.3805254,1.6408411,1.6185489
0.651685393258427,0.7415730337078652,1.2831945,1.3424721,1.6543475,1.6285311
0.651685393258427,0.7528089887640449,1.2383292,1.3027103,1.6595129,1.6306696
0.651685393258427,0.7640449438202247,1.1919304,1.261315,1.6566038,1.6247758
0.651685393258427,0.7752808988764045,1.1441048,1.2180623,1.6455878,1.6106683
0.651685393258427,0.7865168539325842,1.0949907,1.1726028,1.6262293,1.5883882
0.651685393258427,0.797752808988764,1.0447242,1.1246681,1.5982975,1.5582196
0.651685393258427,0.8089887640449438,0.9934045,1.0741919,1.5617594,1.5205556
0.651685393258427,0.8202247191011236,0.9410793,1.0213093,1.5168692,1.4756349
0.651685393258427,0.8314606741573034,0.88775265,0.96628267,1.4640977,1.4234496
0.651685393258427,0.8426966292134831,0.8334137,0.90940696,1.4039724,1.3638834
0.651685393258427,0.8539325842696629,0.77806944,0.8509468,1.3369043,1.2970169
0.651685393258427,0.8651685393258427,0.721764,0.7911092,1.2631379,1.2233186
0.651685393258427,0.8764044943820224,0.6645756,0.7300343,1.1828184,1.1435655
0.651685393258427,0.8876404494382022,0.6065987,0.6677843,1.0961392,1.0585221
0.651685393258427,0.898876404494382,0.5479224,0.6043563,1.0034504,0.9686611
0.651685393258427,0.9101123595505618,0.48862034,0.5397405,0.9052852,0.8741232
0.651685393258427,0.9213483146067416,0.42875418,0.4740198,0.8023044,0.77497804
0.651685393258427,0.9325842696629213,0.3683821,0.40742537,0.69520295,0.67154324
0.651685393258427,0.9438202247191011,0.3075711,0.34029514,0.58463615,0.5645312
0.651685393258427,0.9550561797752809,0.24640357,0.27293858,0.4711932,0.45491236
0.651685393258427,0.9662921348314606,0.18497479,0.20548058,0.35542142,0.34356433
0.651685393258427,0.9775280898876404,0.12337996,0.1377748,0.23787715,0.23089108
0.651685393258427,0.9887640449438202,0.061701976,0.06944009,0.11917629,0.11664069
0.651685393258427,1.0,-1.5281134e-07,-1.7370573e-07,-2.9516252e-07,-2.9269214e-07
0.6629213483146067,0.0,-0.0,0.0,0.0,-0.0
0.6629213483146067,0.011235955056179775,0.059510496,0.04663914,-0.12713546,-0.11993513
0.6629213483146067,0.02247191011235955,0.11898815,0.09456525,-0.2547772,-0.2393634
0.6629213483146067,0.033707865168539325,0.17851439,0.14366981,-0.38183385,-0.35813838
0.6629213483146067,0.0449438202247191,0.23815845,0.19355163,-0.50707865,-0.47563618
0.6629213483146067,0.056179775280898875,0.29794788,0.24363033,-0.62938076,-0.5909119
0.6629213483146067,0.06741573033707865,0.35784858,0.293345,-0.74786854,-0.7029851
0.6629213483146067,0.07865168539325842,0.41775787,0.3423278,-0.8619959,-0.8111066
0.6629213483146067,0.0898876404494382,0.47751352,0.39045578,-0.97151893,-0.91485244
0.6629213483146067,0.10112359550561797,0.5369149,0.43778425,-1.0763909,-1.013994
0.6629213483146067,0.11235955056179775,0.5957489,0.48445293,-1.1765999,-1.1082686
0.6629213483146067,0.12359550561797752,0.65381366,0.53065455,-1.2719964,-1.1972183
0.6629213483146067,0.1348314606741573,0.71093607,0.5766476,-1.3621771,-1.2802052
0.6629213483146067,0.14606741573033707,0.7669863,0.6227429,-1.4464833,-1.356588
0.6629213483146067,0.15730337078651685,0.8218869,0.6691988,-1.5241227,-1.4259166
0.6629213483146067,0.16853932584269662,0.8756131,0.71607727,-1.5943444,-1.4880139
0.6629213483146067,0.1797752808988764,0.9281824,0.76314217,-1.6565939,-1.5428957
0.6629213483146067,0.19101123595505617,0.9796329,0.8099037,-1.7105607,-1.590586
0.6629213483146067,0.20224719101123595,1.0299963,0.85578877,-1.756111,-1.6309072
0.6629213483146067,0.21348314606741572,1.0792761,0.90039396,-1.7931582,-1.6634474
0.6629213483146067,0.2247191011235955,1.1274341,0.9436707,-1.8215326,-1.6876367
0.6629213483146067,0.23595505617977527,1.1743894,0.9859433,-1.8409481,-1.7029529
0.6629213483146067,0.24719101123595505,1.2200278,1.0277389,-1.851086,-1.7091041
0.6629213483146067,0.2584269662921348,1.2642131,1.0695137,-1.8517643,-1.7061223
0.6629213483146067,0.2696629213483146,1.306799,1.1114358,-1.8430865,-1.6943134
0.6629213483146067,0.2808988764044944,1.3476443,1.1533366,-1.8254762,-1.6741447
0.6629213483146067,0.29213483146067415,1.3866299,1.1948295,-1.7995539,-1.6460843
0.6629213483146067,0.3033707865168539,1.4236782,1.2354832,-1.7658957,-1.6104449
0.6629213483146067,0.3146067415730337,1.4587731,1.2749482,-1.7248006,-1.5673357
0.6629213483146067,0.3258426966292135,1.4919635,1.312961,-1.6762079,-1.5166949
0.6629213483146067,0.33707865168539325,1.5233433,1.3493131,-1.6198368,-1.4584063
0.6629213483146067,0.348314606741573,1.5530096,1.38385,-1.5554751,-1.3924978
0.6629213483146067,0.3595505617977528,1.5810094,1.416543,-1.4832683,-1.3192965
0.6629213483146067,0.3707865168539326,1.6073049,1.4475726,-1.4037865,-1.2394338
0.6629213483146067,0.38202247191011235,1.6317736,1.4772983,-1.3178626,-1.1536628
0.6629213483146067,0.3932584269662921,1.6542395,1.506094,-1.2262838,-1.0625576
0.6629213483146067,0.4044943820224719,1.6745245,1.5341171,-1.1295723,-0.9663508
0.6629213483146067,0.4157303370786517,1.6924896,1.5611784,-1.0279952,-0.8650353
0.6629213483146067,0.42696629213483145,1.7080572,1.586797,-0.92174923,-0.7586715
0.6629213483146067,0.4382022471910112,1.7212106,1.6104286,-0.8111682,-0.64772516
0.6629213483146067,0.449438202247191,1.7319826,1.6317103,-0.69682485,-0.53312254
0.6629213483146067,0.4606741573033708,1.7404373,1.6505975,-0.57948595,-0.4160939
0.6629213483146067,0.47191011235955055,1.7466522,1.6673157,-0.45998296,-0.2977589
0.6629213483146067,0.4831460674157303,1.750701,1.6821871,-0.3390972,-0.1788776
0.6629213483146067,0.4943820224719101,1.7526377,1.6954197,-0.21748282,-0.059798107
0.6629213483146067,0.5056179775280899,1.7524891,1.7069988,-0.09564414,0.05940132
0.6629213483146067,0.5168539325842696,1.7502506,1.716714,0.026014047,0.17859213
0.6629213483146067,0.5280898876404494,1.7458931,1.7243063,0.14711231,0.29738817
0.6629213483146067,0.5393258426966292,1.7393745,1.7296098,0.26720992,0.41511834
0.6629213483146067,0.550561797752809,1.7306529,1.7325976,0.38573843,0.53098583
0.6629213483146067,0.5617977528089888,1.7197069,1.7332911,0.50200146,0.6442966
0.6629213483146067,0.5730337078651685,1.7065398,1.7316307,0.6152262,0.75454587
0.6629213483146067,0.5842696629213483,1.6911777,1.7274041,0.72463304,0.86135393
0.6629213483146067,0.5955056179775281,1.6736478,1.7203311,0.8294955,0.9642247
0.6629213483146067,0.6067415730337078,1.6539551,1.7102165,0.92919326,1.0624361
0.6629213483146067,0.6179775280898876,1.6320784,1.6970795,1.0232459,1.1550882
0.6629213483146067,0.6292134831460674,1.6079895,1.6811641,1.1113478,1.2414274
0.6629213483146067,0.6404494382022472,1.5816814,1.6628321,1.1933657,1.3210543
0.6629213483146067,0.651685393258427,1.5531908,1.6424037,1.2692802,1.3939381
0.6629213483146067,0.6629213483146067,1.5225992,1.6200311,1.3390508,1.4601231
0.6629213483146067,0.6741573033707865,1.4900211,1.5956396,1.4024459,1.5194521
0.6629213483146067,0.6853932584269663,1.4555874,1.5689507,1.4589256,1.5714625
0.6629213483146067,0.696629213483146,1.419426,1.5396017,1.5077024,1.6155822
0.6629213483146067,0.7078651685393258,1.3816426,1.5073352,1.547976,1.6513819
0.6629213483146067,0.7191011235955056,1.3422996,1.4721705,1.5792316,1.6787355
0.6629213483146067,0.7303370786516854,1.3014148,1.4344333,1.6014136,1.6977146
0.6629213483146067,0.7415730337078652,1.2589815,1.3945848,1.6148472,1.7083958
0.6629213483146067,0.7528089887640449,1.2150067,1.3529603,1.6199818,1.7106885
0.6629213483146067,0.7640449438202247,1.1695396,1.3096102,1.617116,1.704366
0.6629213483146067,0.7752808988764045,1.1226791,1.2643244,1.6062787,1.6892794
0.6629213483146067,0.7865168539325842,1.0745538,1.2168028,1.587298,1.665531
0.6629213483146067,0.797752808988764,1.0252885,1.1668316,1.559994,1.633502
0.6629213483146067,0.8089887640449438,0.97497505,1.1143752,1.5243652,1.5936382
0.6629213483146067,0.8202247191011236,0.92365664,1.0595621,1.4806665,1.5462197
0.6629213483146067,0.8314606741573034,0.87133706,1.0026143,1.4293491,1.4912354
0.6629213483146067,0.8426966292134831,0.81800765,0.9437791,1.3709103,1.4285451
0.6629213483146067,0.8539325842696629,0.7636771,0.8832857,1.3057303,1.3582073
0.6629213483146067,0.8651685393258427,0.70839316,0.82133305,1.2340181,1.2807007
0.6629213483146067,0.8764044943820224,0.652237,0.7580676,1.1558797,1.1968522
0.6629213483146067,0.8876404494382022,0.5953089,0.69356316,1.0714632,1.107529
0.6629213483146067,0.898876404494382,0.53770393,0.62781495,0.98107487,1.013307
0.6629213483146067,0.9101123595505618,0.4795001,0.5608035,0.8852149,0.91440725
0.6629213483146067,0.9213483146067416,0.42075998,0.4925949,0.7845299,0.81091547
0.6629213483146067,0.9325842696629213,0.36153778,0.4234121,0.67972475,0.7030949
0.6629213483146067,0.9438202247191011,0.30189133,0.3536025,0.5714865,0.5915476
0.6629213483146067,0.9550561797752809,0.24189071,0.28350732,0.46044618,0.47712845
0.6629213483146067,0.9662921348314606,0.1816188,0.2133019,0.34718913,0.3606337
0.6629213483146067,0.9775280898876404,0.12116227,0.14289428,0.23228835,0.24247052
0.6629213483146067,0.9887640449438202,0.06060146,0.071946405,0.1163468,0.12247577
0.6629213483146067,1.0,-1.5009893e-07,-1.7978316e-07,-2.8812056e-07,-3.070959e-07
0.6741573033707865,0.0,-0.0,0.0,0.0,-0.0
0.6741573033707865,0.011235955056179775,0.058358625,0.049543764,-0.1245689,-0.12484275
0.6741573033707865,0.02247191011235955,0.11666645,0.10020963,-0.24976937,-0.24921435
0.6741573033707865,0.033707865168539325,0.17499131,0.15193169,-0.37450722,-0.37283906
0.6741573033707865,0.0449438202247191,0.23339315,0.20436604,-0.49755925,-0.49502322
0.6741573033707865,0.056179775280898875,0.29189712,0.25699142,-0.61779857,-0.6148198
0.6741573033707865,0.06741573033707865,0.3504746,0.3092875,-0.7343518,-0.73128915
0.6741573033707865,0.07865168539325842,0.40903598,0.3608919,-0.8466597,-0.8437215
0.6741573033707865,0.0898876404494382,0.46743792,0.41164505,-0.9544526,-0.95168746
0.6741573033707865,0.10112359550561797,0.5255006,0.46153975,-1.0576493,-1.0548993
0.6741573033707865,0.11235955056179775,0.58302915,0.5106587,-1.1562088,-1.1530092
0.6741573033707865,0.12359550561797752,0.6398335,0.55917233,-1.2499716,-1.2454873
0.6741573033707865,0.1348314606741573,0.6957434,0.6073664,-1.3385532,-1.3316736
0.6741573033707865,0.14606741573033707,0.7506251,0.65560895,-1.4213415,-1.4109373
0.6741573033707865,0.15730337078651685,0.8043933,0.7042227,-1.4976023,-1.48287
0.6741573033707865,0.16853932584269662,0.85701674,0.7533044,-1.5666407,-1.5473238
0.6741573033707865,0.1797752808988764,0.90850943,0.8026165,-1.6279334,-1.6043297
0.6741573033707865,0.19101123595505617,0.9589108,0.85162014,-1.6811727,-1.6538886
0.6741573033707865,0.20224719101123595,1.0082551,0.8996779,-1.7261977,-1.695794
0.6741573033707865,0.21348314606741572,1.056547,0.94632465,-1.7628785,-1.7295951
0.6741573033707865,0.2247191011235955,1.1037463,0.9914755,-1.7910094,-1.7546875
0.6741573033707865,0.23595505617977527,1.1497648,1.035462,-1.8102877,-1.7705355
0.6741573033707865,0.24719101123595505,1.1944786,1.078859,-1.8204046,-1.776859
0.6741573033707865,0.2584269662921348,1.237743,1.1222006,-1.8212079,-1.7737259
0.6741573033707865,0.2696629213483146,1.2794096,1.1657393,-1.8128325,-1.761512
0.6741573033707865,0.2808988764044944,1.319343,1.2093554,-1.7957217,-1.7407249
0.6741573033707865,0.29213483146067415,1.3574384,1.2526429,-1.7704865,-1.7118701
0.6741573033707865,0.3033707865168539,1.3936399,1.295078,-1.7376714,-1.6752372
0.6741573033707865,0.3146067415730337,1.4279541,1.3361608,-1.6975346,-1.6308644
0.6741573033707865,0.3258426966292135,1.4604474,1.3754785,-1.649991,-1.5785815
0.6741573033707865,0.33707865168539325,1.4912208,1.4127363,-1.5947608,-1.5181729
0.6741573033707865,0.348314606741573,1.5203661,1.4477911,-1.5316781,-1.4496222
0.6741573033707865,0.3595505617977528,1.5479151,1.4807299,-1.460937,-1.3733114
0.6741573033707865,0.3707865168539326,1.5738138,1.5118984,-1.3831458,-1.2899733
0.6741573033707865,0.38202247191011235,1.5979266,1.5418092,-1.2991116,-1.2004769
0.6741573033707865,0.3932584269662921,1.6200763,1.5709168,-1.2095495,-1.1054595
0.6741573033707865,0.4044943820224719,1.6400907,1.5993905,-1.1148889,-1.0051931
0.6741573033707865,0.4157303370786517,1.6578424,1.6269892,-1.0153372,-0.8996668
0.6741573033707865,0.42696629213483145,1.6732634,1.6531786,-0.911094,-0.78899
0.6741573033707865,0.4382022471910112,1.6863405,1.6773702,-0.80255675,-0.6736899
0.6741573033707865,0.449438202247191,1.697102,1.6991711,-0.6903922,-0.5547695
0.6741573033707865,0.4606741573033708,1.7055999,1.7185203,-0.57543194,-0.43346283
0.6741573033707865,0.47191011235955055,1.7118945,1.7356272,-0.45852336,-0.31086487
0.6741573033707865,0.4831460674157303,1.7160394,1.7507983,-0.34039074,-0.1876563
0.6741573033707865,0.4943820224719101,1.7180707,1.7642313,-0.22158873,-0.06409618
0.6741573033707865,0.5056179775280899,1.7180023,1.7759001,-0.10252631,0.059796076
0.6741573033707865,0.5168539325842696,1.7158256,1.7855846,0.01646618,0.18388958
0.6741573033707865,0.5280898876404494,1.7115175,1.7930018,0.13502945,0.3077767
0.6741573033707865,0.5393258426966292,1.7050488,1.7979611,0.2527061,0.43071502
0.6741573033707865,0.550561797752809,1.6963962,1.8004168,0.36888665,0.5518319
0.6741573033707865,0.5617977528089888,1.6855538,1.8003862,0.48283407,0.67034876
0.6741573033707865,0.5730337078651685,1.6725358,1.7978219,0.5937585,0.78567183
0.6741573033707865,0.5842696629213483,1.6573707,1.7925553,0.7008849,0.8973235
0.6741573033707865,0.5955056179775281,1.6400828,1.7843591,0.80351526,1.0047324
0.6741573033707865,0.6067415730337078,1.6206744,1.773096,0.90105987,1.1070986
0.6741573033707865,0.6179775280898876,1.5991255,1.7588234,0.9930591,1.2034966
0.6741573033707865,0.6292134831460674,1.5754138,1.7417874,1.0792183,1.2931659
0.6741573033707865,0.6404494382022472,1.5495422,1.7223055,1.1594138,1.3757386
0.6741573033707865,0.651685393258427,1.5215535,1.7006373,1.2336537,1.4512361
0.6741573033707865,0.6629213483146067,1.4915309,1.6768818,1.3019457,1.5197855
0.6741573033707865,0.6741573033707865,1.459584,1.650957,1.3641094,1.581299
0.6741573033707865,0.6853932584269663,1.425835,1.622629,1.4196465,1.6353725
0.6741573033707865,0.696629213483146,1.3904034,1.5916027,1.4677658,1.6814426
0.6741573033707865,0.7078651685393258,1.3533893,1.5576807,1.507622,1.7190154
0.6741573033707865,0.7191011235955056,1.3148547,1.5209086,1.5386298,1.747855
0.6741573033707865,0.7303370786516854,1.2748197,1.4815873,1.5606631,1.7679361
0.6741573033707865,0.7415730337078652,1.2332838,1.4401224,1.5740054,1.7792388
0.6741573033707865,0.7528089887640449,1.1902544,1.3967984,1.5791032,1.7816358
0.6741573033707865,0.7640449438202247,1.1457789,1.3516437,1.5762875,1.7749071
0.6741573033707865,0.7752808988764045,1.0999477,1.3044775,1.5656443,1.7589388
0.6741573033707865,0.7865168539325842,1.0528767,1.255056,1.5470637,1.7339004
0.6741573033707865,0.797752808988764,1.0046802,1.2032288,1.5204152,1.7002349
0.6741573033707865,0.8089887640449438,0.9554391,1.1489965,1.4857246,1.6584407
0.6741573033707865,0.8202247191011236,0.9051925,1.09248,1.4432461,1.6088178
0.6741573033707865,0.8314606741573034,0.8539432,1.0338618,1.393415,1.5513513
0.6741573033707865,0.8426966292134831,0.801685,0.9733377,1.3366977,1.4858807
0.6741573033707865,0.8539325842696629,0.74842966,0.91110235,1.2734433,1.4124504
0.6741573033707865,0.8651685393258427,0.69422805,0.84734046,1.203828,1.3315489
0.6741573033707865,0.8764044943820224,0.63916576,0.7822058,1.127922,1.2440544
0.6741573033707865,0.8876404494382022,0.5833472,0.71578366,1.0458332,1.1509181
0.6741573033707865,0.898876404494382,0.5268728,0.6480743,0.95783037,1.0528132
0.6741573033707865,0.9101123595505618,0.46982503,0.5790476,0.86438,0.95003253
0.6741573033707865,0.9213483146067416,0.41226774,0.5087482,0.76611304,0.84267294
0.6741573033707865,0.9325842696629213,0.35425225,0.4373768,0.6637379,0.73093474
0.6741573033707865,0.9438202247191011,0.2958295,0.36527455,0.55796146,0.6153254
0.6741573033707865,0.9550561797752809,0.23705943,0.29280323,0.44944578,0.4966002
0.6741573033707865,0.9662921348314606,0.17801455,0.22018428,0.33880365,0.37550792
0.6741573033707865,0.9775280898876404,0.11877334,0.14738727,0.22662078,0.25248393
0.6741573033707865,0.9887640449438202,0.059413105,0.07413211,0.11348711,0.12747534
0.6741573033707865,1.0,-1.471656e-07,-1.8503039e-07,-2.8101877e-07,-3.1930583e-07
0.6853932584269663,0.0,-0.0,0.0,0.0,-0.0
0.6853932584269663,0.011235955056179775,0.057137456,0.052139726,-0.12181113,-0.12919149
0.6853932584269663,0.02247191011235955,0.114208154,0.10516874,-0.24442342,-0.25791878
0.6853932584269663,0.033707865168539325,0.17126611,0.15908468,-0.3667306,-0.38578048
0.6853932584269663,0.0449438202247191,0.22836076,0.21363033,-0.48750588,-0.51202655
0.6853932584269663,0.056179775280898875,0.2855131,0.2683737,-0.605622,-0.6357279
0.6853932584269663,0.06741573033707865,0.34269866,0.32286143,-0.7201988,-0.75600654
0.6853932584269663,0.07865168539325842,0.39984056,0.3767527,-0.8306564,-0.87221056
0.6853932584269663,0.0898876404494382,0.45681483,0.42985588,-0.9366863,-0.98391056
0.6853932584269663,0.10112359550561797,0.51346433,0.48209682,-1.0381589,-1.0907581
0.6853932584269663,0.11235955056179775,0.56961465,0.5334918,-1.1349885,-1.1923126
0.6853932584269663,0.12359550561797752,0.6250884,0.58417594,-1.2269949,-1.2879646
0.6853932584269663,0.1348314606741573,0.6797198,0.6344405,-1.313808,-1.3770165
0.6853932584269663,0.14606741573033707,0.7333709,0.68469536,-1.3948636,-1.4588552
0.6853932584269663,0.15730337078651685,0.78594834,0.7353114,-1.4694964,-1.5331031
0.6853932584269663,0.16853932584269662,0.8374121,0.78641635,-1.5370804,-1.5996476
0.6853932584269663,0.1797752808988764,0.8877716,0.8377636,-1.5971458,-1.6585277
0.6853932584269663,0.19101123595505617,0.93706495,0.88877547,-1.649405,-1.709734
0.6853932584269663,0.20224719101123595,0.985329,0.9387544,-1.6936909,-1.7530386
0.6853932584269663,0.21348314606741572,1.0325694,0.9871767,-1.7298481,-1.7879523
0.6853932584269663,0.2247191011235955,1.0787433,1.0339243,-1.7576451,-1.8138543
0.6853932584269663,0.23595505617977527,1.1237578,1.0793302,-1.7767665,-1.8302033
0.6853932584269663,0.24719101123595505,1.1674802,1.124011,-1.7869114,-1.8367335
0.6853932584269663,0.2584269662921348,1.2097591,1.1685767,-1.7879437,-1.8335409
0.6853932584269663,0.2696629213483146,1.2504427,1.2133591,-1.7800117,-1.8210387
0.6853932584269663,0.2808988764044944,1.2894021,1.2582985,-1.763555,-1.7997763
0.6853932584269663,0.29213483146067415,1.3265456,1.3029885,-1.739158,-1.7702414
0.6853932584269663,0.3033707865168539,1.3618374,1.3468342,-1.7073187,-1.7326981
0.6853932584269663,0.3146067415730337,1.3953067,1.3892132,-1.6682496,-1.6870997
0.6853932584269663,0.3258426966292135,1.4270359,1.4295856,-1.6218432,-1.6331745
0.6853932584269663,0.33707865168539325,1.4571334,1.4675838,-1.5678438,-1.5706375
0.6853932584269663,0.348314606741573,1.4856843,1.5030869,-1.5061328,-1.4995072
0.6853932584269663,0.3595505617977528,1.5127081,1.5362867,-1.4369773,-1.4202431
0.6853932584269663,0.3707865168539326,1.538135,1.5676737,-1.3610162,-1.3337371
0.6853932584269663,0.38202247191011235,1.5618219,1.5978779,-1.279035,-1.240964
0.6853932584269663,0.3932584269662921,1.5835923,1.6274023,-1.1916646,-1.1426151
0.6853932584269663,0.4044943820224719,1.6032845,1.6563904,-1.0992322,-1.038922
0.6853932584269663,0.4157303370786517,1.6207821,1.6845491,-1.0018765,-0.92985725
0.6853932584269663,0.42696629213483145,1.6360273,1.7112881,-0.89979553,-0.81551886
0.6853932584269663,0.4382022471910112,1.6490104,1.7359853,-0.7934508,-0.6964678
0.6853932584269663,0.449438202247191,1.659753,1.7582365,-0.6835873,-0.5737671
0.6853932584269663,0.4606741573033708,1.6682953,1.7779706,-0.57110006,-0.4486642
0.6853932584269663,0.47191011235955055,1.6746802,1.795382,-0.45684054,-0.32223552
0.6853932584269663,0.4831460674157303,1.678942,1.8107572,-0.34147292,-0.19510598
0.6853932584269663,0.4943820224719101,1.6810994,1.8242735,-0.22546276,-0.067453854
0.6853932584269663,0.5056179775280899,1.6811522,1.8358942,-0.109124675,0.060693752
0.6853932584269663,0.5168539325842696,1.6790862,1.8453878,0.0072593787,0.18919206
0.6853932584269663,0.5280898876404494,1.674881,1.8524711,0.12334288,0.31755462
0.6853932584269663,0.5393258426966292,1.6685159,1.8569461,0.23862956,0.44497818
0.6853932584269663,0.550561797752809,1.6599815,1.8587704,0.35246342,0.57053006
0.6853932584269663,0.5617977528089888,1.6492844,1.8579769,0.46406904,0.69338363
0.6853932584269663,0.5730337078651685,1.636448,1.854547,0.572635,0.812898
0.6853932584269663,0.5842696629213483,1.6215041,1.8483539,0.67740107,0.9285382
0.6853932584269663,0.5955056179775281,1.6044772,1.8392155,0.7777014,1.0396632
0.6853932584269663,0.6067415730337078,1.5853693,1.8270305,0.872983,1.1454294
0.6853932584269663,0.6179775280898876,1.5641658,1.8118707,0.9628143,1.2448883
0.6853932584269663,0.6292134831460674,1.5408536,1.7939602,1.0469127,1.3372858
0.6853932584269663,0.6404494382022472,1.5154455,1.7735604,1.1251677,1.4222885
0.6853932584269663,0.651685393258427,1.4879925,1.7508613,1.1976142,1.4999845
0.6853932584269663,0.6629213483146067,1.4585783,1.7259185,1.2643077,1.5705712
0.6853932584269663,0.6741573033707865,1.4273069,1.6986533,1.325123,1.634046
0.6853932584269663,0.6853932584269663,1.3942891,1.668885,1.3796005,1.6900388
0.6853932584269663,0.696629213483146,1.3596342,1.6363949,1.4269563,1.7379454
0.6853932584269663,0.7078651685393258,1.3234357,1.6010495,1.4663051,1.7771806
0.6853932584269663,0.7191011235955056,1.2857549,1.5629016,1.4969952,1.8073968
0.6853932584269663,0.7303370786516854,1.2466177,1.5222151,1.5188372,1.828453
0.6853932584269663,0.7415730337078652,1.2060283,1.4793288,1.5320741,1.8402842
0.6853932584269663,0.7528089887640449,1.1639994,1.434471,1.5371436,1.8427525
0.6853932584269663,0.7640449438202247,1.1205751,1.3876609,1.5344054,1.8356675
0.6853932584269663,0.7752808988764045,1.0758374,1.3387563,1.5239892,1.8189704
0.6853932584269663,0.7865168539325842,1.0298891,1.2875888,1.505839,1.7928867
0.6853932584269663,0.797752808988764,0.98283035,1.2340751,1.4798687,1.7578971
0.6853932584269663,0.8089887640449438,0.9347322,1.1782533,1.4461255,1.7145318
0.6853932584269663,0.8202247191011236,0.88562775,1.1202382,1.404865,1.6630944
0.6853932584269663,0.8314606741573034,0.83551997,1.0601705,1.356506,1.6035641
0.6853932584269663,0.8426966292134831,0.7844046,0.99819666,1.3014904,1.5357646
0.6853932584269663,0.8539325842696629,0.7322972,0.9344686,1.2401404,1.4597262
0.6853932584269663,0.8651685393258427,0.67925173,0.8691551,1.1726071,1.375939
0.6853932584269663,0.8764044943820224,0.6253565,0.80241346,1.0989336,1.2853035
0.6853932584269663,0.8876404494382022,0.57071936,0.7343463,1.0191981,1.1888418
0.6853932584269663,0.898876404494382,0.5154443,0.6649675,0.9336342,1.0873196
0.6853932584269663,0.9101123595505618,0.45961726,0.5942453,0.8426798,0.9810984
0.6853932584269663,0.9213483146067416,0.4033035,0.52220577,0.7469454,0.8702893
0.6853932584269663,0.9325842696629213,0.34655327,0.4490232,0.6471335,0.75505877
0.6853932584269663,0.9438202247191011,0.28941253,0.37502143,0.5439601,0.63583046
0.6853932584269663,0.9550561797752809,0.23193398,0.30056888,0.43810356,0.51329136
0.6853932584269663,0.9662921348314606,0.17418183,0.22592363,0.3301931,0.3881655
0.6853932584269663,0.9775280898876404,0.11622757,0.1511151,0.22082143,0.26093245
0.6853932584269663,0.9887640449438202,0.058144726,0.075928904,0.11056799,0.131653
0.6853932584269663,1.0,-1.4403224e-07,-1.8928455e-07,-2.7377646e-07,-3.2939727e-07
0.696629213483146,0.0,-0.0,0.0,0.0,-0.0
0.696629213483146,0.011235955056179775,0.055846214,0.054414187,-0.11886359,-0.13292591
0.696629213483146,0.02247191011235955,0.111612506,0.10943796,-0.23872812,-0.2653801
0.696629213483146,0.033707865168539325,0.16733873,0.16514747,-0.3584716,-0.39683694
0.696629213483146,0.0449438202247191,0.22306275,0.22139238,-0.47686094,-0.5264982
0.696629213483146,0.056179775280898875,0.27879995,0.2778522,-0.5927644,-0.65346533
0.696629213483146,0.06741573033707865,0.33452874,0.33415863,-0.7052902,-0.7769394
0.696629213483146,0.07865168539325842,0.3901841,0.39000425,-0.8138316,-0.89633244
0.696629213483146,0.0898876404494382,0.44566193,0.44517472,-0.9180349,-1.0112324
0.696629213483146,0.10112359550561797,0.5008284,0.49953136,-1.0177114,-1.1212376
0.696629213483146,0.11235955056179775,0.5555303,0.55302036,-1.1127212,-1.2258174
0.696629213483146,0.12359550561797752,0.609605,0.6057251,-1.2028546,-1.3242754
0.696629213483146,0.1348314606741573,0.6628929,0.65792197,-1.2877481,-1.415869
0.696629213483146,0.14606741573033707,0.7152529,0.71003634,-1.3668838,-1.4999794
0.696629213483146,0.15730337078651685,0.7665836,0.7624681,-1.4396669,-1.5762577
0.696629213483146,0.16853932584269662,0.81683594,0.81536925,-1.50555,-1.6446193
0.696629213483146,0.1797752808988764,0.86601186,0.8684929,-1.5641274,-1.705117
0.696629213483146,0.19101123595505617,0.9141464,0.92123616,-1.615154,-1.7577436
0.696629213483146,0.20224719101123595,0.9612756,0.97285694,-1.6584777,-1.8022559
0.696629213483146,0.21348314606741572,1.0074055,1.0227863,-1.6939384,-1.8381509
0.696629213483146,0.2247191011235955,1.0524921,1.0708754,-1.7212929,-1.8647987
0.696629213483146,0.23595505617977527,1.0964375,1.1174489,-1.7402188,-1.8816559
0.696629213483146,0.24719101123595505,1.139103,1.1631511,-1.7504165,-1.8884581
0.696629213483146,0.2584269662921348,1.1803317,1.2086473,-1.7517567,-1.8853145
0.696629213483146,0.2696629213483146,1.2199707,1.2543435,-1.7443811,-1.8726438
0.696629213483146,0.2808988764044944,1.2578954,1.3002391,-1.7287059,-1.8510023
0.696629213483146,0.29213483146067415,1.294027,1.345948,-1.7052729,-1.8208585
0.696629213483146,0.3033707865168539,1.3283483,1.3908378,-1.6745276,-1.7824228
0.696629213483146,0.3146067415730337,1.3609059,1.434199,-1.6366414,-1.735572
0.696629213483146,0.3258426966292135,1.3917972,1.4754032,-1.5914929,-1.6799674
0.696629213483146,0.33707865168539325,1.4211348,1.5140331,-1.538853,-1.6153255
0.696629213483146,0.348314606741573,1.4490001,1.5499942,-1.478672,-1.5417103
0.696629213483146,0.3595505617977528,1.4754016,1.5835664,-1.41128,-1.459754
0.696629213483146,0.3707865168539326,1.5002612,1.6153395,-1.3373473,-1.3704858
0.696629213483146,0.38202247191011235,1.5234325,1.6460041,-1.2576238,-1.274979
0.696629213483146,0.3932584269662921,1.5447464,1.676062,-1.1726481,-1.1739298
0.696629213483146,0.4044943820224719,1.5640528,1.7056063,-1.0826429,-1.0674944
0.696629213483146,0.4157303370786517,1.5812488,1.7342837,-0.9876751,-0.9555621
0.696629213483146,0.42696629213483145,1.596283,1.7614686,-0.88793576,-0.83819914
0.696629213483146,0.4382022471910112,1.6091453,1.7865323,-0.7839391,-0.71598196
0.696629213483146,0.449438202247191,1.6198511,1.8090832,-0.67650765,-0.59001386
0.696629213483146,0.4606741573033708,1.628427,1.8290536,-0.5665871,-0.46157756
0.696629213483146,0.47191011235955055,1.6348983,1.8466336,-0.45502323,-0.33172163
0.696629213483146,0.4831460674157303,1.6392816,1.8620813,-0.3424288,-0.20103396
0.696629213483146,0.4943820224719101,1.6415793,1.8755517,-0.22918317,-0.06967297
0.696629213483146,0.5056179775280899,1.6417797,1.8869829,-0.11552863,0.062314384
0.696629213483146,0.5168539325842696,1.6398627,1.8961387,-0.0017134794,0.19470963
0.696629213483146,0.5280898876404494,1.6358078,1.9027343,0.11190075,0.32692462
0.696629213483146,0.5393258426966292,1.6295997,1.9065876,0.22477941,0.4580827
0.696629213483146,0.550561797752809,1.6212385,1.9076773,0.3362193,0.5872081
0.696629213483146,0.5617977528089888,1.6107394,1.9060618,0.4454143,0.7134683
0.696629213483146,0.5730337078651685,1.5981325,1.9017687,0.55154854,0.83622503
0.696629213483146,0.5842696629213483,1.5834521,1.8947158,0.6538869,0.9549226
0.696629213483146,0.5955056179775281,1.5667226,1.8847697,0.751801,1.0688957
0.696629213483146,0.6067415730337078,1.5479487,1.8718567,0.8447772,1.1772772
0.696629213483146,0.6179775280898876,1.5271221,1.856047,0.9324081,1.279107
0.696629213483146,0.6292134831460674,1.504241,1.8375254,1.0144213,1.3736445
0.696629213483146,0.6404494382022472,1.4793315,1.8164828,1.0907086,1.4606082
0.696629213483146,0.651685393258427,1.4524513,1.7930313,1.1613218,1.5401207
0.696629213483146,0.6629213483146067,1.4236867,1.767178,1.2263529,1.6124572
0.696629213483146,0.6741573033707865,1.3931338,1.7388496,1.2857311,1.6776594
0.696629213483146,0.6853932584269663,1.360893,1.7079177,1.3390402,1.7353795
0.696629213483146,0.696629213483146,1.3270614,1.6742433,1.3855113,1.7849506
0.696629213483146,0.7078651685393258,1.2917254,1.6377403,1.4242387,1.8256786
0.696629213483146,0.7191011235955056,1.2549456,1.5984668,1.4545245,1.857079
0.696629213483146,0.7303370786516854,1.2167538,1.5566357,1.4761251,1.8789387
0.696629213483146,0.7415730337078652,1.1771631,1.5125104,1.4892467,1.8911693
0.696629213483146,0.7528089887640449,1.1361903,1.4662734,1.4943143,1.8936607
0.696629213483146,0.7640449438202247,1.0938774,1.4179444,1.4916962,1.8862867
0.696629213483146,0.7752808988764045,1.050297,1.3674396,1.4815563,1.8690424
0.696629213483146,0.7865168539325842,1.0055379,1.3146731,1.4638754,1.8421855
0.696629213483146,0.797752808988764,0.95968556,1.2596376,1.4386009,1.8062203
0.696629213483146,0.8089887640449438,0.9128003,1.2024076,1.405801,1.761674
0.696629213483146,0.8202247191011236,0.86491024,1.1430913,1.3657304,1.7088561
0.696629213483146,0.8314606741573034,0.81601804,1.0817895,1.3187941,1.6477362
0.696629213483146,0.8426966292134831,0.7661231,1.0185921,1.2654141,1.5781388
0.696629213483146,0.8539325842696629,0.71524405,0.9536058,1.2058985,1.5000641
0.696629213483146,0.8651685393258427,0.6634378,0.88697106,1.1403828,1.4139779
0.696629213483146,0.8764044943820224,0.6107934,0.8188464,1.0688977,1.3207854
0.696629213483146,0.8876404494382022,0.55741996,0.7493541,0.99150133,1.2215399
0.696629213483146,0.898876404494382,0.5034223,0.6785354,0.9084028,1.1170764
0.696629213483146,0.9101123595505618,0.44888833,0.6063735,0.8200124,1.0078325
0.696629213483146,0.9213483146067416,0.39388466,0.5328893,0.72691643,0.89396137
0.696629213483146,0.9325842696629213,0.33846116,0.45823437,0.62980163,0.7756183
0.696629213483146,0.9438202247191011,0.28266174,0.3827086,0.52937806,0.6531851
0.696629213483146,0.9550561797752809,0.22653456,0.30667454,0.4263261,0.52730614
0.696629213483146,0.9662921348314606,0.170138,0.2304134,0.32127976,0.39870143
0.696629213483146,0.9775280898876404,0.113537885,0.15400524,0.21483307,0.26790053
0.696629213483146,0.9887640449438202,0.056803416,0.07730188,0.10755777,0.1350646
0.696629213483146,1.0,-1.4071809e-07,-1.9246663e-07,-2.6630735e-07,-3.3755117e-07
0.7078651685393258,0.0,-0.0,0.0,0.0,-0.0
0.7078651685393258,0.011235955056179775,0.054483425,0.056382,-0.11571583,-0.13599718
0.7078651685393258,0.02247191011235955,0.10887793,0.113065824,-0.2326443,-0.27151453
0.7078651685393258,0.033707865168539325,0.16320898,0.17021236,-0.3496501,-0.40590337
0.7078651685393258,0.0449438202247191,0.21750206,0.22778715,-0.4654935,-0.53831893
0.7078651685393258,0.056179775280898875,0.2717659,0.2855913,-0.57903695,-0.6678914
0.7078651685393258,0.06741573033707865,0.3259802,0.34335223,-0.68937486,-0.79390204
0.7078651685393258,0.07865168539325842,0.38009098,0.40080777,-0.7958727,-0.9158465
0.7078651685393258,0.0898876404494382,0.43401247,0.45773128,-0.8981294,-1.0333391
0.7078651685393258,0.10112359550561797,0.48763326,0.5139343,-0.99589777,-1.145952
0.7078651685393258,0.11235955056179775,0.54082155,0.5692926,-1.0889813,-1.2530723
0.7078651685393258,0.12359550561797752,0.5934309,0.6238304,-1.1771331,-1.3539227
0.7078651685393258,0.1348314606741573,0.6453096,0.67778254,-1.2599887,-1.4476972
0.7078651685393258,0.14606741573033707,0.69631714,0.7315581,-1.3370634,-1.533756
0.7078651685393258,0.15730337078651685,0.7463457,0.78556657,-1.4078275,-1.6117487
0.7078651685393258,0.16853932584269662,0.79533637,0.8399769,-1.4718095,-1.6816175
0.7078651685393258,0.1797752808988764,0.8432821,0.8945573,-1.5286771,-1.7434355
0.7078651685393258,0.19101123595505617,0.8902111,0.9487041,-1.5782424,-1.7972066
0.7078651685393258,0.20224719101123595,0.9361553,1.0016615,-1.6203886,-1.8427031
0.7078651685393258,0.21348314606741572,0.9811193,1.0528343,-1.654973,-1.8794309
0.7078651685393258,0.2247191011235955,1.0250574,1.1020441,-1.6817597,-1.9067659
0.7078651685393258,0.23595505617977527,1.0678688,1.1495981,-1.7004262,-1.9241593
0.7078651685393258,0.24719101123595505,1.1094123,1.1961385,-1.7106723,-1.9313291
0.7078651685393258,0.2584269662921348,1.149528,1.2423611,-1.7123594,-1.9283667
0.7078651685393258,0.2696629213483146,1.1880631,1.2887214,-1.7056098,-1.9156632
0.7078651685393258,0.2808988764044944,1.2248979,1.3352766,-1.6907982,-1.8937464
0.7078651685393258,0.29213483146067415,1.2599638,1.3816763,-1.6684175,-1.8630483
0.7078651685393258,0.3033707865168539,1.2932572,1.4272833,-1.6388592,-1.8237326
0.7078651685393258,0.3146067415730337,1.3248396,1.4713513,-1.6022594,-1.7756304
0.7078651685393258,0.3258426966292135,1.354818,1.5132035,-1.5584959,-1.7183733
0.7078651685393258,0.33707865168539325,1.3833092,1.5524032,-1.507376,-1.65171
0.7078651685393258,0.348314606741573,1.4103906,1.5888819,-1.4489123,-1.575839
0.7078651685393258,0.3595505617977528,1.4360654,1.6229736,-1.3834931,-1.4915369
0.7078651685393258,0.3707865168539326,1.4602534,1.6553108,-1.3118032,-1.3999932
0.7078651685393258,0.38202247191011235,1.4828144,1.686582,-1.234548,-1.3023477
0.7078651685393258,0.3932584269662921,1.5035906,1.717235,-1.15217,-1.1992373
0.7078651685393258,0.4044943820224719,1.5224462,1.7472918,-1.0647874,-1.090727
0.7078651685393258,0.4157303370786517,1.5392889,1.7763526,-0.9724005,-0.9765757
0.7078651685393258,0.42696629213483145,1.5540721,1.8037814,-0.8751949,-0.8568027
0.7078651685393258,0.4382022471910112,1.5667819,1.8289849,-0.77372724,-0.7320068
0.7078651685393258,0.449438202247191,1.5774236,1.8516068,-0.6688845,-0.60331863
0.7078651685393258,0.4606741573033708,1.5860091,1.8716146,-0.561652,-0.47205156
0.7078651685393258,0.47191011235955055,1.5925477,1.8891933,-0.4528676,-0.3392351
0.7078651685393258,0.4831460674157303,1.5970395,1.9045814,-0.3430883,-0.2054368
0.7078651685393258,0.4943820224719101,1.5994725,1.9178947,-0.232624,-0.07082254
0.7078651685393258,0.5056179775280899,1.5998265,1.9290423,-0.12166725,0.064507924
0.7078651685393258,0.5168539325842696,1.598077,1.9377728,-0.010455341,0.20022552
0.7078651685393258,0.5280898876404494,1.5942031,1.9438051,0.100622825,0.33561498
0.7078651685393258,0.5393258426966292,1.5881954,1.9469739,0.21098208,0.46972352
0.7078651685393258,0.550561797752809,1.5800587,1.9472793,0.31988937,0.60155237
0.7078651685393258,0.5617977528089888,1.5698137,1.944817,0.426529,0.730309
0.7078651685393258,0.5730337078651685,1.5574932,1.9396646,0.53011143,0.85539275
0.7078651685393258,0.5842696629213483,1.5431311,1.9317987,0.6299386,0.976293
0.7078651685393258,0.5955056179775281,1.5267508,1.9211391,0.7254311,1.0923394
0.7078651685393258,0.6067415730337078,1.5083597,1.9076481,0.81610894,1.2026536
0.7078651685393258,0.6179775280898876,1.4879556,1.8913939,0.90158063,1.3062814
0.7078651685393258,0.6292134831460674,1.4655496,1.872509,0.9815656,1.4024942
0.7078651685393258,0.6404494382022472,1.4411795,1.8511063,1.055943,1.4910218
0.7078651685393258,0.651685393258427,1.4149141,1.8272079,1.1247591,1.5720403
0.7078651685393258,0.6629213483146067,1.3868406,1.8007603,1.1881261,1.6458465
0.7078651685393258,0.6741573033707865,1.3570503,1.7716815,1.2460132,1.7125344
0.7078651685393258,0.6853932584269663,1.3256323,1.7398919,1.2980559,1.7717347
0.7078651685393258,0.696629213483146,1.2926722,1.7053155,1.3435194,1.8227135
0.7078651685393258,0.7078651685393258,1.2582477,1.6679153,1.3815022,1.8646584
0.7078651685393258,0.7191011235955056,1.2224193,1.6277435,1.4112867,1.8969843
0.7078651685393258,0.7303370786516854,1.1852254,1.5849566,1.4325957,1.9194175
0.7078651685393258,0.7415730337078652,1.1466872,1.5397561,1.4456009,1.9318852
0.7078651685393258,0.7528089887640449,1.1068264,1.4922816,1.4507014,1.9343464
0.7078651685393258,0.7640449438202247,1.0656832,1.442575,1.4482644,1.9267396
0.7078651685393258,0.7752808988764045,1.0233202,1.3906204,1.4384613,1.9091188
0.7078651685393258,0.7865168539325842,0.97981167,1.3364227,1.4212978,1.8817499
0.7078651685393258,0.797752808988764,0.9352284,1.2800521,1.3967435,1.8451319
0.7078651685393258,0.8089887640449438,0.8896207,1.2216166,1.3648784,1.7997783
0.7078651685393258,0.8202247191011236,0.84301263,1.161217,1.3259581,1.7459965
0.7078651685393258,0.8314606741573034,0.79540807,1.0989108,1.2803755,1.683768
0.7078651685393258,0.8426966292134831,0.7468101,1.0347327,1.2285445,1.6129119
0.7078651685393258,0.8539325842696629,0.6972417,0.9687338,1.1707653,1.5334119
0.7078651685393258,0.8651685393258427,0.6467608,0.9010177,1.107176,1.4456806
0.7078651685393258,0.8764044943820224,0.5954564,0.83173263,1.0378078,1.3505776
0.7078651685393258,0.8876404494382022,0.54343474,0.76102203,0.9627149,1.2491477
0.7078651685393258,0.898876404494382,0.4907994,0.68896466,0.88208973,1.142268
0.7078651685393258,0.9101123595505618,0.43763706,0.61557984,0.7963185,1.0304446
0.7078651685393258,0.9213483146067416,0.38401493,0.5409031,0.7059591,0.9138978
0.7078651685393258,0.9325842696629213,0.3299837,0.46507436,0.61167175,0.79281205
0.7078651685393258,0.9438202247191011,0.27558717,0.38837007,0.5141461,0.667572
0.7078651685393258,0.9550561797752809,0.22087194,0.31113583,0.41404912,0.53881204
0.7078651685393258,0.9662921348314606,0.16589321,0.23366071,0.31200805,0.4072657
0.7078651685393258,0.9775280898876404,0.1107122,0.15606311,0.2086136,0.2735086
0.7078651685393258,0.9887640449438202,0.055393737,0.078255594,0.10443285,0.13778375
0.7078651685393258,1.0,-1.372356e-07,-1.9459574e-07,-2.5854663e-07,-3.4398502e-07
0.7191011235955056,0.0,-0.0,0.0,0.0,-0.0
0.7191011235955056,0.011235955056179775,0.053047106,0.05806841,-0.11235663,-0.13835634
0.7191011235955056,0.02247191011235955,0.10600214,0.116118096,-0.22612995,-0.27624002
0.7191011235955056,0.033707865168539325,0.15887634,0.17439118,-0.34017777,-0.4128804
0.7191011235955056,0.0449438202247191,0.21168262,0.23296683,-0.45325688,-0.54737544
0.7191011235955056,0.056179775280898875,0.26442206,0.29176643,-0.56422526,-0.67887855
0.7191011235955056,0.06741573033707865,0.31707433,0.35061738,-0.67216617,-0.8067446
0.7191011235955056,0.07865168539325842,0.3695938,0.40931246,-0.7764209,-0.9305512
0.7191011235955056,0.0898876404494382,0.42191026,0.4676325,-0.87655014,-1.049968
0.7191011235955056,0.10112359550561797,0.47393197,0.52535534,-0.9722561,-1.1645621
0.7191011235955056,0.11235955056179775,0.5255472,0.582301,-1.0632906,-1.2736754
0.7191011235955056,0.12359550561797752,0.5766269,0.63842404,-1.1493675,-1.3764505
0.7191011235955056,0.1348314606741573,0.62703055,0.6938936,-1.2301065,-1.472006
0.7191011235955056,0.14606741573033707,0.67662215,0.749074,-1.3050417,-1.5596479
0.7191011235955056,0.15730337078651685,0.72529036,0.80435807,-1.3736873,-1.6390082
0.7191011235955056,0.16853932584269662,0.772968,0.85992765,-1.4356391,-1.7100253
0.7191011235955056,0.1797752808988764,0.81963634,0.9155861,-1.4906356,-1.7728015
0.7191011235955056,0.19101123595505617,0.8653135,0.9707635,-1.5385562,-1.827381
0.7191011235955056,0.20224719101123595,0.9100236,1.0247264,-1.5793371,-1.873579
0.7191011235955056,0.21348314606741572,0.953767,1.0768801,-1.6128758,-1.9109457
0.7191011235955056,0.2247191011235955,0.99649566,1.1270233,-1.6389592,-1.9388762
0.7191011235955056,0.23595505617977527,1.0381097,1.1754249,-1.657279,-1.9568154
0.7191011235955056,0.24719101123595505,1.0784665,1.2226986,-1.6675339,-1.9644511
0.7191011235955056,0.2584269662921348,1.1174083,1.2695285,-1.6695668,-1.9618114
0.7191011235955056,0.2696629213483146,1.1547844,1.3163918,-1.6634645,-1.9492252
0.7191011235955056,0.2808988764044944,1.1904801,1.3633903,-1.6495545,-1.9271605
0.7191011235955056,0.29213483146067415,1.224434,1.4102207,-1.6282711,-1.8960044
0.7191011235955056,0.3033707865168539,1.2566525,1.456275,-1.5999594,-1.8558835
0.7191011235955056,0.3146067415730337,1.2872053,1.5008132,-1.5647302,-1.8066068
0.7191011235955056,0.3258426966292135,1.3162055,1.5431579,-1.5224686,-1.7478306
0.7191011235955056,0.33707865168539325,1.3437705,1.5828788,-1.4730225,-1.6793778
0.7191011235955056,0.348314606741573,1.3699769,1.6199266,-1.416459,-1.601585
0.7191011235955056,0.3595505617977528,1.394828,1.654652,-1.3532046,-1.5153978
0.7191011235955056,0.3707865168539326,1.4182484,1.6876711,-1.2839447,-1.4221156
0.7191011235955056,0.38202247191011235,1.4401108,1.7196058,-1.2093264,-1.322906
0.7191011235955056,0.3932584269662921,1.4602739,1.7508148,-1.1297035,-1.2183348
0.7191011235955056,0.4044943820224719,1.4786167,1.7812431,-1.0451035,-1.1083301
0.7191011235955056,0.4157303370786517,1.4950558,1.8104582,-0.95547235,-0.99255955
0.7191011235955056,0.42696629213483145,1.5095446,1.8378603,-0.86099005,-0.87098676
0.7191011235955056,0.4382022471910112,1.522063,1.8629189,-0.7622527,-0.74422085
0.7191011235955056,0.449438202247191,1.5326039,1.8853567,-0.66019005,-0.6134308
0.7191011235955056,0.4606741573033708,1.5411643,1.9051821,-0.5558164,-0.47993225
0.7191011235955056,0.47191011235955055,1.5477371,1.9225923,-0.4499468,-0.34475672
0.7191011235955056,0.4831460674157303,1.5523077,1.9377992,-0.34309024,-0.20844087
0.7191011235955056,0.4943820224719101,1.5548534,1.9508799,-0.23549767,-0.07117002
0.7191011235955056,0.5056179775280899,1.5553472,1.9617068,-0.12733033,0.066870086
0.7191011235955056,0.5168539325842696,1.5537629,1.9700062,-0.01884103,0.20521596
0.7191011235955056,0.5280898876404494,1.5500817,1.9754982,0.08953273,0.3430205
0.7191011235955056,0.5393258426966292,1.5442986,1.9780247,0.19716716,0.47924408
0.7191011235955056,0.550561797752809,1.5364237,1.9775994,0.30330935,0.61291057
0.7191011235955056,0.5617977528089888,1.5264809,1.9743476,0.40717006,0.7433055
0.7191011235955056,0.5730337078651685,1.5145031,1.9683893,0.50801516,0.86992925
0.7191011235955056,0.5842696629213483,1.5005202,1.9597663,0.6052146,0.9923261
0.7191011235955056,0.5955056179775281,1.4845515,1.9484702,0.6982404,1.1098499
0.7191011235955056,0.6067415730337078,1.4666035,1.9345124,0.78664315,1.2216201
0.7191011235955056,0.6179775280898876,1.4466803,1.9179652,0.87002796,1.326654
0.7191011235955056,0.6292134831460674,1.4248029,1.8989199,0.9480836,1.4242254
0.7191011235955056,0.6404494382022472,1.4010228,1.8773983,1.0206509,1.5140547
0.7191011235955056,0.651685393258427,1.3754187,1.8533252,1.0877461,1.5963172
0.7191011235955056,0.6629213483146067,1.3480822,1.8265709,1.149477,1.6713401
0.7191011235955056,0.6741573033707865,1.3191013,1.7970312,1.2058437,1.7392247
0.7191011235955056,0.6853932584269663,1.2885554,1.7646511,1.2565325,1.7995892
0.7191011235955056,0.696629213483146,1.256518,1.7294145,1.300865,1.8516339
0.7191011235955056,0.7078651685393258,1.2230592,1.6913265,1.3379792,1.8944529
0.7191011235955056,0.7191011235955056,1.1882377,1.6504362,1.3671688,1.9273844
0.7191011235955056,0.7303370786516854,1.152097,1.606858,1.3881383,1.9501318
0.7191011235955056,0.7415730337078652,1.114666,1.5607344,1.401028,1.9626724
0.7191011235955056,0.7528089887640449,1.0759717,1.512185,1.4062077,1.9650419
0.7191011235955056,0.7640449438202247,1.0360514,1.4612803,1.4040177,1.9572555
0.7191011235955056,0.7752808988764045,0.99495715,1.4080791,1.3946255,1.9393961
0.7191011235955056,0.7865168539325842,0.95275044,1.3526782,1.3780414,1.9117299
0.7191011235955056,0.797752808988764,0.909488,1.2952139,1.3542453,1.8747216
0.7191011235955056,0.8089887640449438,0.86521256,1.235825,1.323321,1.8288685
0.7191011235955056,0.8202247191011236,0.81994474,1.1746006,1.2855233,1.774472
0.7191011235955056,0.8314606741573034,0.7736917,1.1115578,1.2412376,1.7115442
0.7191011235955056,0.8426966292134831,0.7264611,1.0466743,1.1908746,1.6399248
0.7191011235955056,0.8539325842696629,0.6782802,0.9799417,1.1347399,1.559578
0.7191011235955056,0.8651685393258427,0.6292081,0.91141844,1.072988,1.4708557
0.7191011235955056,0.8764044943820224,0.57933027,0.84123194,1.005668,1.3745238
0.7191011235955056,0.8876404494382022,0.5287485,0.7695398,0.9328431,1.271566
0.7191011235955056,0.898876404494382,0.47756094,0.69646543,0.8546995,1.1628565
0.7191011235955056,0.9101123595505618,0.42585117,0.6220785,0.77160054,1.0489558
0.7191011235955056,0.9213483146067416,0.3736854,0.546449,0.68407106,0.9301666
0.7191011235955056,0.9325842696629213,0.32111526,0.46972275,0.59273607,0.80674106
0.7191011235955056,0.9438202247191011,0.2681863,0.39215705,0.49825057,0.67911166
0.7191011235955056,0.9550561797752809,0.21494605,0.31407472,0.40125477,0.5479392
0.7191011235955056,0.9662921348314606,0.16144878,0.23575905,0.30235872,0.413983
0.7191011235955056,0.9775280898876404,0.10775247,0.15735386,0.20214617,0.2778609
0.7191011235955056,0.9887640449438202,0.05391704,0.078824885,0.10118278,0.1398728
0.7191011235955056,1.0,-1.3358904e-07,-1.9576589e-07,-2.5046393e-07,-3.4887987e-07
0.7303370786516854,0.0,-0.0,0.0,0.0,-0.0
0.7303370786516854,0.011235955056179775,0.05153531,0.059487488,-0.10878728,-0.13994987
0.7303370786516854,0.02247191011235955,0.10298284,0.11863563,-0.21916977,-0.27946535
0.7303370786516854,0.033707865168539325,0.1543404,0.1777564,-0.33000743,-0.4176553
0.7303370786516854,0.0449438202247191,0.20560859,0.23702964,-0.44005996,-0.5535546
0.7303370786516854,0.056179775280898875,0.25678003,0.29648986,-0.5481854,-0.68631846
0.7303370786516854,0.06741573033707865,0.30783242,0.35606277,-0.6534617,-0.8153603
0.7303370786516854,0.07865168539325842,0.35872483,0.4156072,-0.7552168,-0.94033825
0.7303370786516854,0.0898876404494382,0.40939808,0.47493038,-0.8529889,-1.0609885
0.7303370786516854,0.10112359550561797,0.45977587,0.5337993,-0.9464468,-1.1769077
0.7303370786516854,0.11235955056179775,0.5097644,0.59199053,-1.0353011,-1.2874199
0.7303370786516854,0.12359550561797752,0.5592522,0.649389,-1.1192261,-1.3916125
0.7303370786516854,0.1348314606741573,0.6081146,0.70607775,-1.1978147,-1.4885187
0.7303370786516854,0.14606741573033707,0.6562242,0.7623461,-1.2705953,-1.5773597
0.7303370786516854,0.15730337078651685,0.70347047,0.81854874,-1.3371036,-1.6577095
0.7303370786516854,0.16853932584269662,0.74977905,0.8748812,-1.3969796,-1.7294917
0.7303370786516854,0.1797752808988764,0.7951192,0.93119895,-1.4500238,-1.7928308
0.7303370786516854,0.19101123595505617,0.8394952,0.9870071,-1.4961821,-1.8478342
0.7303370786516854,0.20224719101123595,0.88291967,1.0416316,-1.5354589,-1.8943945
0.7303370786516854,0.21348314606741572,0.92538613,1.0945051,-1.5678071,-1.9321394
0.7303370786516854,0.2247191011235955,0.966845,1.1454093,-1.5930586,-1.9605167
0.7303370786516854,0.23595505617977527,1.0071973,1.1945608,-1.610931,-1.9789622
0.7303370786516854,0.24719101123595505,1.0463057,1.2425045,-1.6211267,-1.9871172
0.7303370786516854,0.2584269662921348,1.0840158,1.2898757,-1.6234664,-1.9849179
0.7303370786516854,0.2696629213483146,1.1201835,1.3371396,-1.6179953,-1.9725947
0.7303370786516854,0.2808988764044944,1.1546984,1.384423,-1.6049826,-1.9505323
0.7303370786516854,0.29213483146067415,1.1875051,1.4314737,-1.5848055,-1.9190656
0.7303370786516854,0.3033707865168539,1.2186139,1.4777408,-1.5577686,-1.878294
0.7303370786516854,0.3146067415730337,1.2480975,1.5225364,-1.5239663,-1.8280458
0.7303370786516854,0.3258426966292135,1.2760701,1.5652168,-1.4832989,-1.7680252
0.7303370786516854,0.33707865168539325,1.302648,1.6053797,-1.43565,-1.6981572
0.7303370786516854,0.348314606741573,1.3279077,1.642988,-1.381127,-1.6189117
0.7303370786516854,0.3595505617977528,1.3518574,1.6783702,-1.3201764,-1.5313573
0.7303370786516854,0.3707865168539326,1.3744341,1.7120739,-1.2534595,-1.4368843
0.7303370786516854,0.38202247191011235,1.3955274,1.7446142,-1.1815691,-1.336636
0.7303370786516854,0.3932584269662921,1.4150152,1.7762369,-1.1047784,-1.2311
0.7303370786516854,0.4044943820224719,1.4327908,1.8068135,-1.0230508,-1.1201031
0.7303370786516854,0.4157303370786517,1.4487767,1.8359143,-0.9362986,-1.00324
0.7303370786516854,0.42696629213483145,1.4629254,1.8630002,-0.8447063,-0.88044673
0.7303370786516854,0.4382022471910112,1.4752069,1.8876423,-0.74890006,-0.75235
0.7303370786516854,0.449438202247191,1.4856017,1.9096566,-0.64983815,-0.6201383
0.7303370786516854,0.4606741573033708,1.494092,1.9291089,-0.548532,-0.48512447
0.7303370786516854,0.47191011235955055,1.5006557,1.946206,-0.44577116,-0.3483084
0.7303370786516854,0.4831460674157303,1.5052652,1.9611363,-0.34200704,-0.21020097
0.7303370786516854,0.4943820224719101,1.5078895,1.9739349,-0.23744641,-0.07102096
0.7303370786516854,0.5056179775280899,1.5084959,1.984438,-0.13224055,0.06896686
0.7303370786516854,0.5168539325842696,1.5070584,1.9923534,-0.026672041,0.20912775
0.7303370786516854,0.5280898876404494,1.5035629,1.9973966,0.0787636,0.34849095
0.7303370786516854,0.5393258426966292,1.49801,1.99941,0.18339907,0.48596597
0.7303370786516854,0.550561797752809,1.4904163,1.9984044,0.2864841,0.62061983
0.7303370786516854,0.5617977528089888,1.4808087,1.9945092,0.38728836,0.75186735
0.7303370786516854,0.5730337078651685,1.4692196,1.9878689,0.4851657,0.8793567
0.7303370786516854,0.5842696629213483,1.4556725,1.9785877,0.57957804,1.0027167
0.7303370786516854,0.5955056179775281,1.4401796,1.9667319,0.6700574,1.1213173
0.7303370786516854,0.6067415730337078,1.4227419,1.9523835,0.75617737,1.2342476
0.7303370786516854,0.6179775280898876,1.4033661,1.9356388,0.8375184,1.3404741
0.7303370786516854,0.6292134831460674,1.3820808,1.9165552,0.9137203,1.4392177
0.7303370786516854,0.6404494382022472,1.3589493,1.8950717,0.9845563,1.5301586
0.7303370786516854,0.651685393258427,1.3340609,1.8710109,1.0499899,1.613453
0.7303370786516854,0.6629213483146067,1.3075134,1.8441536,1.110101,1.6894218
0.7303370786516854,0.6741573033707865,1.2793939,1.8143569,1.1649069,1.7581811
0.7303370786516854,0.6853932584269663,1.249774,1.7815814,1.2141532,1.819338
0.7303370786516854,0.696629213483146,1.2187169,1.7458586,1.2572329,1.8720587
0.7303370786516854,0.7078651685393258,1.1862823,1.707239,1.2933569,1.9153785
0.7303370786516854,0.7191011235955056,1.1525261,1.6657819,1.3218573,1.9485918
0.7303370786516854,0.7303370786516854,1.1174953,1.6215731,1.3424437,1.9714117
0.7303370786516854,0.7415730337078652,1.0812249,1.5747159,1.3552252,1.9838762
0.7303370786516854,0.7528089887640449,1.043745,1.525314,1.3605297,1.9861006
0.7303370786516854,0.7640449438202247,1.0050912,1.4734725,1.3586622,1.9781729
0.7303370786516854,0.7752808988764045,0.96530634,1.4193213,1.3497646,1.9601831
0.7303370786516854,0.7865168539325842,0.9244393,1.3630314,1.333839,1.932376
0.7303370786516854,0.797752808988764,0.8825371,1.3047948,1.3108624,1.8951689
0.7303370786516854,0.8089887640449438,0.8396351,1.2447698,1.2809161,1.8490251
0.7303370786516854,0.8202247191011236,0.79575455,1.1830294,1.2442472,1.7942681
0.7303370786516854,0.8314606741573034,0.7509061,1.1195543,1.2012382,1.7309504
0.7303370786516854,0.8426966292134831,0.70510346,1.0542717,1.1523002,1.6589577
0.7303370786516854,0.8539325842696629,0.6583775,0.9871211,1.0977569,1.5782564
0.7303370786516854,0.8651685393258427,0.61078733,0.9181089,1.0377922,1.4891255
0.7303370786516854,0.8764044943820224,0.56241465,0.8473361,0.97248507,1.3922201
0.7303370786516854,0.8876404494382022,0.5133536,0.77496254,0.90191895,1.2884083
0.7303370786516854,0.898876404494382,0.46369454,0.7011506,0.82628196,1.1785063
0.7303370786516854,0.9101123595505618,0.41351554,0.6260278,0.74591684,1.063105
0.7303370786516854,0.9213483146067416,0.36288056,0.5497123,0.66131115,0.94258857
0.7303370786516854,0.9325842696629213,0.31184208,0.4723695,0.5730454,0.8173064
0.7303370786516854,0.9438202247191011,0.2604483,0.3942474,0.48173016,0.6877703
0.7303370786516854,0.9550561797752809,0.20874941,0.31564423,0.38796797,0.5546998
0.7303370786516854,0.9662921348314606,0.15680024,0.23682986,0.29234517,0.4188935
0.7303370786516854,0.9775280898876404,0.10465636,0.15796256,0.19543612,0.28100166
0.7303370786516854,0.9887640449438202,0.052372437,0.07905491,0.097808935,0.14136201
0.7303370786516854,1.0,-1.297765e-07,-1.9609651e-07,-2.4206076e-07,-3.523255e-07
0.7415730337078652,0.0,-0.0,0.0,0.0,-0.0
0.7415730337078652,0.011235955056179775,0.04994675,0.06062758,-0.10503055,-0.14072548
0.7415730337078652,0.02247191011235955,0.09981826,0.12060745,-0.21179675,-0.28109923
0.7415730337078652,0.033707865168539325,0.14960022,0.1803051,-0.31917015,-0.42012104
0.7415730337078652,0.0449438202247191,0.19928156,0.23998466,-0.42592144,-0.5567538
0.7415730337078652,0.056179775280898875,0.248846,0.2997803,-0.53091526,-0.6901363
0.7415730337078652,0.06741573033707865,0.29826653,0.35971287,-0.63323367,-0.8197155
0.7415730337078652,0.07865168539325842,0.34750268,0.4197146,-0.7322059,-0.9452129
0.7415730337078652,0.0898876404494382,0.39650083,0.4796357,-0.8273665,-1.0664345
0.7415730337078652,0.10112359550561797,0.4451953,0.5392522,-0.91837263,-1.1830325
0.7415730337078652,0.11235955056179775,0.4935076,0.59831184,-1.0049111,-1.2943505
0.7415730337078652,0.12359550561797752,0.5413446,0.65662926,-1.0866202,-1.3994431
0.7415730337078652,0.1348314606741573,0.5885997,0.7141896,-1.1630566,-1.4972601
0.7415730337078652,0.14606741573033707,0.63515896,0.77118635,-1.2337202,-1.5869164
0.7415730337078652,0.15730337078651685,0.68091756,0.82792,-1.2981404,-1.6678904
0.7415730337078652,0.16853932584269662,0.7257958,0.884599,-1.3559765,-1.7400615
0.7415730337078652,0.1797752808988764,0.7697506,0.9411525,-1.4070703,-1.8035793
0.7415730337078652,0.19101123595505617,0.81276983,0.99719125,-1.4514301,-1.8586199
0.7415730337078652,0.20224719101123595,0.8548524,1.0521395,-1.4891282,-1.9051858
0.7415730337078652,0.21348314606741572,0.8959828,1.1054783,-1.5201871,-1.9430181
0.7415730337078652,0.2247191011235955,0.93610936,1.1569753,-1.5445013,-1.9716264
0.7415730337078652,0.23595505617977527,0.9751377,1.2067769,-1.5618277,-1.990466
0.7415730337078652,0.24719101123595505,1.0129377,1.2553314,-1.5718813,-1.9991164
0.7415730337078652,0.2584269662921348,1.049364,1.3031864,-1.5744653,-1.9974086
0.7415730337078652,0.2696629213483146,1.08428,1.350759,-1.5695792,-1.9854536
0.7415730337078652,0.2808988764044944,1.1175816,1.3981817,-1.5574336,-1.9635344
0.7415730337078652,0.29213483146067415,1.149216,1.4452575,-1.5383488,-1.9319341
0.7415730337078652,0.3033707865168539,1.1791937,1.4915129,-1.5125927,-1.8907465
0.7415730337078652,0.3146067415730337,1.2075852,1.5363414,-1.480249,-1.8398302
0.7415730337078652,0.3258426966292135,1.2345003,1.5791687,-1.441234,-1.7789745
0.7415730337078652,0.33707865168539325,1.2600528,1.6196337,-1.3954618,-1.708194
0.7415730337078652,0.348314606741573,1.2843204,1.6576996,-1.3430591,-1.6280522
0.7415730337078652,0.3595505617977528,1.3073195,1.6936433,-1.2844706,-1.5397136
0.7415730337078652,0.3707865168539326,1.329002,1.7279129,-1.2203202,-1.4445704
0.7415730337078652,0.38202247191011235,1.3492785,1.7608906,-1.1511455,-1.3437419
0.7415730337078652,0.3932584269662921,1.3680449,1.7927084,-1.0771658,-1.237659
0.7415730337078652,0.4044943820224719,1.3852077,1.8231839,-0.9983126,-1.126082
0.7415730337078652,0.4157303370786517,1.4006952,1.8519111,-0.91449326,-1.0085852
0.7415730337078652,0.42696629213483145,1.4144549,1.8784434,-0.82590985,-0.8851209
0.7415730337078652,0.4382022471910112,1.42645,1.9024652,-0.7332102,-0.7563367
0.7415730337078652,0.449438202247191,1.436648,1.9238878,-0.6373592,-0.62342453
0.7415730337078652,0.4606741573033708,1.4450175,1.9428343,-0.53934836,-0.48766574
0.7415730337078652,0.47191011235955055,1.4515243,1.9595164,-0.43991768,-0.3500018
0.7415730337078652,0.4831460674157303,1.4561296,1.9740963,-0.33946362,-0.210912
0.7415730337078652,0.4943820224719101,1.4587936,1.9865681,-0.23814903,-0.07063747
0.7415730337078652,0.5056179775280899,1.4594808,1.9967414,-0.13612673,0.07044583
0.7415730337078652,0.5168539325842696,1.4581656,2.0043159,-0.03372044,0.21156618
0.7415730337078652,0.5280898876404494,1.4548386,2.0090108,0.068511315,0.35162246
0.7415730337078652,0.5393258426966292,1.4495081,2.0106626,0.1698597,0.4894826
0.7415730337078652,0.550561797752809,1.4421977,2.009267,0.26959252,0.62431175
0.7415730337078652,0.5617977528089888,1.4329411,2.0049272,0.36705658,0.75569177
0.7415730337078652,0.5730337078651685,1.4217701,1.9977869,0.46172193,0.88345444
0.7415730337078652,0.5842696629213483,1.4087031,1.9879864,0.55315596,1.0073434
0.7415730337078652,0.5955056179775281,1.3937418,1.9756683,0.6409636,1.1267259
0.7415730337078652,0.6067415730337078,1.3768802,1.960988,0.72472715,1.2406296
0.7415730337078652,0.6179775280898876,1.3581207,1.9440844,0.80399144,1.3479159
0.7415730337078652,0.6292134831460674,1.3374968,1.925,0.8783286,1.4476954
0.7415730337078652,0.6404494382022472,1.31508,1.9036063,0.94743055,1.5395803
0.7415730337078652,0.651685393258427,1.2909703,1.8796264,1.0111837,1.6236731
0.7415730337078652,0.6629213483146067,1.265272,1.8527582,1.0696317,1.7002946
0.7415730337078652,0.6741573033707865,1.2380726,1.8228112,1.122801,1.7695613
0.7415730337078652,0.6853932584269663,1.2094384,1.7897533,1.170492,1.8311117
0.7415730337078652,0.696629213483146,1.1794221,1.7536627,1.2121938,1.8841072
0.7415730337078652,0.7078651685393258,1.1480728,1.7146436,1.2472078,1.9275697
0.7415730337078652,0.7191011235955056,1.1154407,1.6727792,1.2749317,1.9607838
0.7415730337078652,0.7303370786516854,1.0815735,1.6281433,1.2950919,1.9834838
0.7415730337078652,0.7415730337078652,1.0465103,1.5808108,1.3077705,1.9957665
0.7415730337078652,0.7528089887640449,1.010285,1.5308734,1.3132464,1.9978231
0.7415730337078652,0.7640449438202247,0.9729305,1.4784602,1.3117747,1.9897821
0.7415730337078652,0.7752808988764045,0.93448335,1.4237539,1.3034642,1.9717402
0.7415730337078652,0.7865168539325842,0.8949826,1.3669807,1.2882938,1.9438951
0.7415730337078652,0.797752808988764,0.8544673,1.3083682,1.2662269,1.9066023
0.7415730337078652,0.8089887640449438,0.81297004,1.2480788,1.2373321,1.8603061
0.7415730337078652,0.8202247191011236,0.7705135,1.1861682,1.2018462,1.805347
0.7415730337078652,0.8314606741573034,0.72711354,1.1225886,1.1601455,1.7418433
0.7415730337078652,0.8426966292134831,0.68278915,1.0572319,1.1126506,1.6697515
0.7415730337078652,0.8539325842696629,0.6375748,0.9899964,1.059708,1.58906
0.7415730337078652,0.8651685393258427,0.5915285,0.9208488,1.0015392,1.499996
0.7415730337078652,0.8764044943820224,0.5447267,0.8498547,0.93826365,1.4030865
0.7415730337078652,0.8876404494382022,0.49725524,0.77716756,0.8699925,1.2990563
0.7415730337078652,0.898876404494382,0.4491959,0.70297456,0.79691803,1.188624
0.7415730337078652,0.9101123595505618,0.4006196,0.6274517,0.71936285,1.0723679
0.7415730337078652,0.9213483146067416,0.35158694,0.55076885,0.637775,0.95073843
0.7415730337078652,0.9325842696629213,0.30215064,0.4731211,0.5526847,0.8241878
0.7415730337078652,0.9438202247191011,0.25236174,0.39475557,0.46465147,0.6933314
0.7415730337078652,0.9550561797752809,0.2022735,0.31595066,0.37423617,0.5589624
0.7415730337078652,0.9662921348314606,0.151942,0.23696038,0.28199753,0.42192605
0.7415730337078652,0.9775280898876404,0.10142052,0.15795219,0.18850085,0.28289974
0.7415730337078652,0.9887640449438202,0.050758347,0.07897966,0.09431932,0.14224099
0.7415730337078652,1.0,-1.2579392e-07,-1.9567986e-07,-2.3335706e-07,-3.5430335e-07
0.7528089887640449,0.0,-0.0,0.0,0.0,-0.0
0.7528089887640449,0.011235955056179775,0.04828129,0.061450183,-0.1011321,-0.14064875
0.7528089887640449,0.02247191011235955,0.09650735,0.121970564,-0.20409612,-0.2810835
0.7528089887640449,0.033707865168539325,0.14465366,0.18196388,-0.30778372,-0.42021182
0.7528089887640449,0.0449438202247191,0.19269834,0.24176084,-0.41098335,-0.5569245
0.7528089887640449,0.056179775280898875,0.2406158,0.30158013,-0.5125746,-0.69032335
0.7528089887640449,0.06741573033707865,0.28837174,0.36153138,-0.61165285,-0.8198587
0.7528089887640449,0.07865168539325842,0.33592212,0.42162204,-0.7075629,-0.9452879
0.7528089887640449,0.0898876404494382,0.3832139,0.48175576,-0.79985636,-1.0664783
0.7528089887640449,0.10112359550561797,0.43018755,0.5417292,-0.88820064,-1.1831526
0.7528089887640449,0.11235955056179775,0.47677678,0.60127145,-0.9722783,-1.2947036
0.7528089887640449,0.12359550561797752,0.5229065,0.6601301,-1.0517031,-1.4001826
0.7528089887640449,0.1348314606741573,0.56848985,0.7181905,-1.1259894,-1.4984735
0.7528089887640449,0.14606741573033707,0.6134305,0.77554053,-1.1945947,-1.5885694
0.7528089887640449,0.15730337078651685,0.6576322,0.83241886,-1.2570162,-1.669831
0.7528089887640449,0.16853932584269662,0.70101315,0.8890452,-1.3129042,-1.7420695
0.7528089887640449,0.1797752808988764,0.7435181,0.9454389,-1.3621225,-1.8054321
0.7528089887640449,0.19101123595505617,0.7851182,1.0013429,-1.404722,-1.86018
0.7528089887640449,0.20224719101123595,0.8257964,1.0563,-1.4408382,-1.906434
0.7528089887640449,0.21348314606741572,0.86552745,1.1098603,-1.4705694,-1.9440546
0.7528089887640449,0.2247191011235955,0.9042588,1.161776,-1.493878,-1.9726509
0.7528089887640449,0.23595505617977527,0.9419018,1.2121091,-1.5105764,-1.9917018
0.7528089887640449,0.24719101123595505,0.97833747,1.2611845,-1.5204048,-2.000736
0.7528089887640449,0.2584269662921348,1.0134325,1.3094312,-1.5231584,-1.9994829
0.7528089887640449,0.2696629213483146,1.0470605,1.3571904,-1.5187966,-1.987922
0.7528089887640449,0.2808988764044944,1.079123,1.404588,-1.5074735,-1.9662437
0.7528089887640449,0.29213483146067415,1.109569,1.4514743,-1.4894551,-1.9346762
0.7528089887640449,0.3033707865168539,1.138405,1.4974746,-1.4649713,-1.8933334
0.7528089887640449,0.3146067415730337,1.1656948,1.5420852,-1.4341007,-1.8421308
0.7528089887640449,0.3258426966292135,1.1915411,1.5848212,-1.3967688,-1.7809227
0.7528089887640449,0.33707865168539325,1.2160524,1.6253732,-1.3529072,-1.7098092
0.7528089887640449,0.348314606741573,1.2393086,1.6636966,-1.3026462,-1.6294078
0.7528089887640449,0.3595505617977528,1.2613347,1.7000026,-1.2464038,-1.5408765
0.7528089887640449,0.3707865168539326,1.2820994,1.7346176,-1.18476,-1.445596
0.7528089887640449,0.38202247191011235,1.3015327,1.7677914,-1.1182041,-1.3446238
0.7528089887640449,0.3932584269662921,1.3195488,1.7995559,-1.0469286,-1.2383602
0.7528089887640449,0.4044943820224719,1.3360656,1.8296959,-0.97087234,-1.1265632
0.7528089887640449,0.4157303370786517,1.3510141,1.8578542,-0.88996637,-1.008852
0.7528089887640449,0.42696629213483145,1.3643401,1.8836813,-0.80445164,-0.88523436
0.7528089887640449,0.4382022471910112,1.375998,1.9069748,-0.71498716,-0.75638914
0.7528089887640449,0.449438202247191,1.3859471,1.9277333,-0.6225271,-0.6234856
0.7528089887640449,0.4606741573033708,1.3941458,1.9461163,-0.52801865,-0.4877433
0.7528089887640449,0.47191011235955055,1.4005483,1.9623293,-0.43213874,-0.350021
0.7528089887640449,0.4831460674157303,1.4051079,1.9764987,-0.3352192,-0.21075149
0.7528089887640449,0.4943820224719101,1.4077771,1.9885895,-0.23738153,-0.07019866
0.7528089887640449,0.5056179775280899,1.4085163,1.9983963,-0.1387812,0.07115371
0.7528089887640449,0.5168539325842696,1.4073002,2.0056314,-0.03978662,0.21240743
0.7528089887640449,0.5280898876404494,1.4041231,2.0100307,0.058986947,0.35233602
0.7528089887640449,0.5393258426966292,1.3990004,2.0114357,0.15679629,0.48979136
0.7528089887640449,0.550561797752809,1.3919653,2.009814,0.25292775,0.6240562
0.7528089887640449,0.5617977528089888,1.3830602,2.0052242,0.34681448,0.7549083
0.7528089887640449,0.5730337078651685,1.3723195,1.9977795,0.438049,0.88239443
0.7528089887640449,0.5842696629213483,1.3597586,1.9876277,0.5263141,1.0063779
0.7528089887640449,0.5955056179775281,1.3453708,1.9749616,0.61128014,1.1262418
0.7528089887640449,0.6067415730337078,1.3291394,1.9600033,0.69254,1.2408929
0.7528089887640449,0.6179775280898876,1.3110608,1.9429451,0.7695978,1.3490592
0.7528089887640449,0.6292134831460674,1.2911674,1.9238305,0.8419464,1.4496936
0.7528089887640449,0.6404494382022472,1.2695361,1.9024842,0.9091892,1.5422921
0.7528089887640449,0.651685393258427,1.2462734,1.8785564,0.9711405,1.6268944
0.7528089887640449,0.6629213483146067,1.2214898,1.851671,1.0277989,1.7038113
0.7528089887640449,0.6741573033707865,1.1952745,1.8215977,1.0791954,1.7731944
0.7528089887640449,0.6853932584269663,1.1676884,1.7883183,1.1251932,1.8347317
0.7528089887640449,0.696629213483146,1.1387733,1.7519578,1.1653823,1.8876245
0.7528089887640449,0.7078651685393258,1.1085682,1.7126813,1.1991731,1.9309168
0.7528089887640449,0.7191011235955056,1.0771148,1.6706088,1.2260399,1.963904
0.7528089887640449,0.7303370786516854,1.0444593,1.6258099,1.2457315,1.9863561
0.7528089887640449,0.7415730337078652,1.0106442,1.5783365,1.2583058,1.9984015
0.7528089887640449,0.7528089887640449,0.97570544,1.5282613,1.2639878,2.0002878
0.7528089887640449,0.7640449438202247,0.9396757,1.47572,1.26298,1.9921724
0.7528089887640449,0.7752808988764045,0.9025868,1.4209232,1.2553464,1.9741335
0.7528089887640449,0.7865168539325842,0.8644713,1.3641279,1.2410362,1.9463127
0.7528089887640449,0.797752808988764,0.825364,1.3055731,1.2199882,1.9090143
0.7528089887640449,0.8089887640449438,0.7852968,1.2454147,1.1922507,1.8626508
0.7528089887640449,0.8202247191011236,0.7442958,1.1836907,1.1580445,1.8075895
0.7528089887640449,0.8314606741573034,0.702382,1.1203346,1.1177403,1.7440317
0.7528089887640449,0.8426966292134831,0.6595793,1.0552249,1.0717663,1.6720238
0.7528089887640449,0.8539325842696629,0.6159243,0.9882389,1.0204985,1.5916016
0.7528089887640449,0.8651685393258427,0.571473,0.9193175,0.96419907,1.5029585
0.7528089887640449,0.8764044943820224,0.5262963,0.8484972,0.9030306,1.4065086
0.7528089887640449,0.8876404494382022,0.48047215,0.7759116,0.83713365,1.3028251
0.7528089887640449,0.898876404494382,0.43407315,0.7017534,0.76670647,1.1925052
0.7528089887640449,0.9101123595505618,0.38716364,0.62623113,0.6920497,1.0760804
0.7528089887640449,0.9213483146067416,0.33980033,0.5495564,0.6135701,0.95403785
0.7528089887640449,0.9325842696629213,0.29203528,0.47195616,0.5317458,0.826923
0.7528089887640449,0.9438202247191011,0.24392153,0.39368463,0.44708568,0.6954484
0.7528089887640449,0.9550561797752809,0.19551489,0.3150079,0.36010823,0.56048584
0.7528089887640449,0.9662921348314606,0.14687207,0.23616719,0.2713464,0.42292503
0.7528089887640449,0.9775280898876404,0.09804396,0.15733725,0.18135785,0.28346244
0.7528089887640449,0.9887640449438202,0.049074184,0.07860903,0.09072245,0.14246583
0.7528089887640449,1.0,-1.216391e-07,-1.9454917e-07,-2.2437648e-07,-3.5470458e-07
0.7640449438202247,0.0,-0.0,0.0,0.0,-0.0
0.7640449438202247,0.011235955056179775,0.04653998,0.061901752,-0.09715392,-0.1397234
0.7640449438202247,0.02247191011235955,0.09305009,0.12263374,-0.19619215,-0.27942762
0.7640449438202247,0.033707865168539325,0.13949737,0.18262295,-0.29603112,-0.4179516
0.7640449438202247,0.0449438202247191,0.18585058,0.24224973,-0.39548248,-0.55411536
0.7640449438202247,0.056179775280898875,0.23207448,0.3018026,-0.49344623,-0.68696636
0.7640449438202247,0.06741573033707865,0.27812618,0.36146775,-0.58903927,-0.8159243
0.7640449438202247,0.07865168539325842,0.3239548,0.42132393,-0.6816341,-0.94075114
0.7640449438202247,0.0898876404494382,0.36950418,0.48132703,-0.7708156,-1.0613598
0.7640449438202247,0.10112359550561797,0.41471738,0.5413,-0.8562834,-1.1775438
0.7640449438202247,0.11235955056179775,0.45953766,0.6009569,-0.9377356,-1.2887737
0.7640449438202247,0.12359550561797752,0.5039063,0.65998846,-1.014777,-1.3941282
0.7640449438202247,0.1348314606741573,0.54775697,0.7181822,-1.0868865,-1.4924452
0.7640449438202247,0.14606741573033707,0.591012,0.7755238,-1.1534698,-1.5826067
0.7640449438202247,0.15730337078651685,0.6335867,0.8321877,-1.2139777,-1.6638426
0.7640449438202247,0.16853932584269662,0.6753995,0.8884091,-1.26803,-1.7358694
0.7640449438202247,0.1797752808988764,0.7163845,0.9443032,-1.3154849,-1.7988269
0.7640449438202247,0.19101123595505617,0.75649637,0.9997547,-1.3564165,-1.8530312
0.7640449438202247,0.20224719101123595,0.79570264,1.0544438,-1.3910103,-1.898718
0.7640449438202247,0.21348314606741572,0.8339685,1.1079923,-1.4194282,-1.9358807
0.7640449438202247,0.2247191011235955,0.871241,1.1601384,-1.4417057,-1.964221
0.7640449438202247,0.23595505617977527,0.9074396,1.2108483,-1.457721,-1.9832586
0.7640449438202247,0.24719101123595505,0.9424587,1.2603046,-1.4672519,-1.9924897
0.7640449438202247,0.2584269662921348,0.9761796,1.308796,-1.4701006,-1.9915569
0.7640449438202247,0.2696629213483146,1.0084873,1.3565729,-1.4661956,-1.9803288
0.7640449438202247,0.2808988764044944,1.0392905,1.4037365,-1.4556437,-1.9589142
0.7640449438202247,0.29213483146067415,1.068537,1.4501915,-1.4386592,-1.9275128
0.7640449438202247,0.3033707865168539,1.0962272,1.4956641,-1.4154364,-1.8862618
0.7640449438202247,0.3146067415730337,1.1224152,1.5397737,-1.3860402,-1.8351533
0.7640449438202247,0.3258426966292135,1.1471936,1.5821404,-1.3504018,-1.7741115
0.7640449438202247,0.33707865168539325,1.1706648,1.6225069,-1.3084537,-1.7032806
0.7640449438202247,0.348314606741573,1.1929095,1.6608186,-1.2603137,-1.6232697
0.7640449438202247,0.3595505617977528,1.2139618,1.6972109,-1.2063559,-1.5351799
0.7640449438202247,0.3707865168539326,1.233806,1.7318928,-1.1471108,-1.4403048
0.7640449438202247,0.38202247191011235,1.25239,1.764995,-1.0830305,-1.3396444
0.7640449438202247,0.3932584269662921,1.2696422,1.7964697,-1.0143101,-1.233584
0.7640449438202247,0.4044943820224719,1.2854903,1.8260916,-0.94092554,-1.121944
0.7640449438202247,0.4157303370786517,1.2998686,1.8535606,-0.8628717,-1.0044434
0.7640449438202247,0.42696629213483145,1.3127211,1.878626,-0.78043157,-0.8811826
0.7640449438202247,0.4382022471910112,1.3239975,1.90118,-0.6942813,-0.7528723
0.7640449438202247,0.449438202247191,1.333651,1.9212835,-0.6053457,-0.6206417
0.7640449438202247,0.4606741573033708,1.341633,1.9391054,-0.51451015,-0.4856137
0.7640449438202247,0.47191011235955055,1.3478909,1.9548289,-0.42237172,-0.34855524
0.7640449438202247,0.4831460674157303,1.3523693,1.9685435,-0.32919055,-0.20984155
0.7640449438202247,0.4943820224719101,1.355015,1.9801879,-0.23504677,-0.06976137
0.7640449438202247,0.5056179775280899,1.3557839,1.989564,-0.1400926,0.07111562
0.7640449438202247,0.5168539325842696,1.3546494,1.9964136,-0.044729576,0.21175832
0.7640449438202247,0.5280898876404494,1.3516067,2.0005126,0.050377112,0.3508426
0.7640449438202247,0.5393258426966292,1.3466777,2.0017195,0.14445515,0.48722026
0.7640449438202247,0.550561797752809,1.3399054,1.9999778,0.23681371,0.6202809
0.7640449438202247,0.5617977528089888,1.331342,1.9952933,0.32696226,0.75001085
0.7640449438202247,0.5730337078651685,1.321029,1.9877226,0.41460627,0.87666845
0.7640449438202247,0.5842696629213483,1.3089824,1.9773886,0.4995332,1.0002545
0.7640449438202247,0.5955056179775281,1.2951907,1.9645017,0.58147895,1.1201706
0.7640449438202247,0.6067415730337078,1.279628,1.9493338,0.6600376,1.2352116
0.7640449438202247,0.6179775280898876,1.2622824,1.9321183,0.73467344,1.3439215
0.7640449438202247,0.6292134831460674,1.2431821,1.9129151,0.8048058,1.4450802
0.7640449438202247,0.6404494382022472,1.2224032,1.8915305,0.8699635,1.5380354
0.7640449438202247,0.651685393258427,1.2000556,1.867569,0.92989415,1.6227546
0.7640449438202247,0.6629213483146067,1.1762528,1.8406098,0.9845604,1.6995564
0.7640449438202247,0.6741573033707865,1.1510844,1.8104032,1.0340053,1.7686352
0.7640449438202247,0.6853932584269663,1.1246055,1.7769487,1.0781534,1.82976
0.7640449438202247,0.696629213483146,1.0968488,1.7404256,1.116697,1.882204
0.7640449438202247,0.7078651685393258,1.067841,1.7010617,1.1491597,1.9250624
0.7640449438202247,0.7191011235955056,1.0376155,1.6590173,1.1750938,1.957656
0.7640449438202247,0.7303370786516854,1.006215,1.6143632,1.1942737,1.9797726
0.7640449438202247,0.7415730337078652,0.973684,1.5671209,1.2067298,1.9915693
0.7640449438202247,0.7528089887640449,0.9400612,1.5173341,1.2126362,1.993314
0.7640449438202247,0.7640449438202247,0.90538,1.4651244,1.2121369,1.9851692
0.7640449438202247,0.7752808988764045,0.8696695,1.4107074,1.2052526,1.9671884
0.7640449438202247,0.7865168539325842,0.83295923,1.3543413,1.191895,1.939457
0.7640449438202247,0.797752808988764,0.79528236,1.296262,1.1719731,1.9022194
0.7640449438202247,0.8089887640449438,0.75667244,1.2366077,1.1455094,1.8558643
0.7640449438202247,0.8202247191011236,0.7171591,1.1754034,1.1127023,1.8007967
0.7640449438202247,0.8314606741573034,0.67676866,1.1125789,1.0739149,1.7373024
0.7640449438202247,0.8426966292134831,0.6355284,1.0480156,1.0295844,1.6655234
0.7640449438202247,0.8539325842696629,0.5934757,0.9815959,0.98011374,1.5855654
0.7640449438202247,0.8651685393258427,0.550664,0.913251,0.9258035,1.4976122
0.7640449438202247,0.8764044943820224,0.5071588,0.84299433,0.86685735,1.4019914
0.7640449438202247,0.8876404494382022,0.4630305,0.7709344,0.8034432,1.2991414
0.7640449438202247,0.898876404494382,0.41834497,0.69725096,0.73576134,1.1895331
0.7640449438202247,0.9101123595505618,0.37316024,0.62216324,0.66409093,1.0736333
0.7640449438202247,0.9213483146067416,0.32752907,0.54590964,0.5887974,0.95193404
0.7640449438202247,0.9325842696629213,0.28150225,0.46874475,0.51030976,0.8250436
0.7640449438202247,0.9438202247191011,0.23513317,0.39093393,0.42909032,0.6937539
0.7640449438202247,0.9550561797752809,0.1884785,0.31273925,0.34562153,0.55899775
0.7640449438202247,0.9662921348314606,0.1415946,0.23439535,0.26041442,0.42169946
0.7640449438202247,0.9775280898876404,0.094529405,0.1560841,0.17402034,0.28256744
0.7640449438202247,0.9887640449438202,0.0473211,0.077928506,0.08702527,0.14197578
0.7640449438202247,1.0,-1.1731354e-07,-1.9267857e-07,-2.1514099e-07,-3.5337095e-07
0.7752808988764045,0.0,-0.0,0.0,0.0,-0.0
0.7752808988764045,0.011235955056179775,0.04472512,0.06192975,-0.093163066,-0.13799952
0.7752808988764045,0.02247191011235955,0.08944767,0.12250739,-0.18822244,-0.27622572
0.7752808988764045,0.033707865168539325,0.13412821,0.18217556,-0.28411958,-0.4134683
0.7752808988764045,0.0449438202247191,0.17872755,0.24134955,-0.37969112,-0.548481
0.7752808988764045,0.056179775280898875,0.22320162,0.30037117,-0.47386053,-0.68024117
0.7752808988764045,0.06741573033707865,0.26749828,0.35948828,-0.5657709,-0.8081086
0.7752808988764045,0.07865168539325842,0.31155878,0.41883793,-0.65483046,-0.9318197
0.7752808988764045,0.0898876404494382,0.35532215,0.47842088,-0.74067056,-1.0513109
0.7752808988764045,0.10112359550561797,0.3987312,0.5380812,-0.8230389,-1.1664531
0.7752808988764045,0.11235955056179775,0.4417367,0.5975228,-0.90167034,-1.276803
0.7752808988764045,0.12359550561797752,0.4842938,0.65638494,-0.9761788,-1.3814982
0.7752808988764045,0.1348314606741573,0.526355,0.71437114,-1.0460216,-1.4793562
0.7752808988764045,0.14606741573033707,0.5678613,0.7713754,-1.11056,-1.5691751
0.7752808988764045,0.15730337078651685,0.6087404,0.82751334,-1.1691911,-1.6500583
0.7752808988764045,0.16853932584269662,0.6489131,0.8830347,-1.221491,-1.7216275
0.7752808988764045,0.1797752808988764,0.6883052,0.9381496,-1.2672925,-1.783977
0.7752808988764045,0.19101123595505617,0.72685707,0.99288535,-1.3066692,-1.8374625
0.7752808988764045,0.20224719101123595,0.7645215,1.0470587,-1.339832,-1.882408
0.7752808988764045,0.21348314606741572,0.8012558,1.1003659,-1.3669933,-1.9189143
0.7752808988764045,0.2247191011235955,0.83700776,1.1525297,-1.3882536,-1.9467773
0.7752808988764045,0.23595505617977527,0.8717065,1.2034147,-1.4035575,-1.9655651
0.7752808988764045,0.24719101123595505,0.90526116,1.2530526,-1.4127368,-1.9747589
0.7752808988764045,0.2584269662921348,0.93756896,1.3015836,-1.4156101,-1.9739472
0.7752808988764045,0.2696629213483146,0.96852773,1.3491557,-1.4120961,-1.9629189
0.7752808988764045,0.2808988764044944,0.99805224,1.3958415,-1.4022614,-1.941726
0.7752808988764045,0.29213483146067415,1.0260891,1.4415948,-1.3862753,-1.9105629
0.7752808988764045,0.3033707865168539,1.0526311,1.4862527,-1.3642967,-1.8696136
0.7752808988764045,0.3146067415730337,1.0777203,1.5295638,-1.3363714,-1.8189485
0.7752808988764045,0.3258426966292135,1.1014373,1.5712571,-1.3024244,-1.758559
0.7752808988764045,0.33707865168539325,1.1238786,1.6111351,-1.2623804,-1.688601
0.7752808988764045,0.348314606741573,1.1451235,1.6491324,-1.2163241,-1.6096328
0.7752808988764045,0.3595505617977528,1.1652144,1.6853108,-1.1645805,-1.5226266
0.7752808988764045,0.3707865168539326,1.1841491,1.719773,-1.1076256,-1.4287518
0.7752808988764045,0.38202247191011235,1.2018889,1.7525489,-1.0458845,-1.3289174
0.7752808988764045,0.3932584269662921,1.2183757,1.7835355,-0.9795797,-1.2235217
0.7752808988764045,0.4044943820224719,1.2335439,1.8125162,-0.9087526,-1.1124876
0.7752808988764045,0.4157303370786517,1.2473311,1.839249,-0.8334805,-0.9956745
0.7752808988764045,0.42696629213483145,1.2596803,1.8635681,-0.75410616,-0.8732937
0.7752808988764045,0.4382022471910112,1.2705398,1.8854363,-0.6713173,-0.7460927
0.7752808988764045,0.449438202247191,1.2798598,1.904944,-0.5859989,-0.6151443
0.7752808988764045,0.4606741573033708,1.2875879,1.9222466,-0.49896044,-0.4814717
0.7752808988764045,0.47191011235955055,1.2936672,1.937486,-0.4107116,-0.34572238
0.7752808988764045,0.4831460674157303,1.2980367,1.9507115,-0.32143664,-0.20822391
0.7752808988764045,0.4943820224719101,1.3006375,1.9618447,-0.23116846,-0.069270596
0.7752808988764045,0.5056179775280899,1.3014201,1.9707134,-0.14004849,0.07047376
0.7752808988764045,0.5168539325842696,1.300354,1.9771143,-0.048499074,0.20986728
0.7752808988764045,0.5280898876404494,1.2974346,1.9808791,0.04278409,0.34751198
0.7752808988764045,0.5393258426966292,1.2926879,1.981895,0.13300923,0.48225003
0.7752808988764045,0.550561797752809,1.2861656,1.9800909,0.22150229,0.6135727
0.7752808988764045,0.5617977528089888,1.2779295,1.9754192,0.30783397,0.74163544
0.7752808988764045,0.5730337078651685,1.2680315,1.9678673,0.39179966,0.86690354
0.7752808988764045,0.5842696629213483,1.2564933,1.9575098,0.47326854,0.98951805
0.7752808988764045,0.5955056179775281,1.2433028,1.944543,0.55202776,1.1089009
0.7752808988764045,0.6067415730337078,1.2284286,1.9292537,0.6276737,1.2237653
0.7752808988764045,0.6179775280898876,1.2118514,1.911905,0.69963396,1.3324748
0.7752808988764045,0.6292134831460674,1.1935915,1.8925776,0.7672741,1.433626
0.7752808988764045,0.6404494382022472,1.1737212,1.8710814,0.8300647,1.5264219
0.7752808988764045,0.651685393258427,1.1523482,1.84701,0.8877081,1.6107677
0.7752808988764045,0.6629213483146067,1.1295851,1.819931,0.9401507,1.6869766
0.7752808988764045,0.6741573033707865,1.105519,1.789598,0.98745394,1.7553215
0.7752808988764045,0.6853932584269663,1.0802,1.7560387,1.0296048,1.8156546
0.7752808988764045,0.696629213483146,1.0536504,1.7194872,1.0663911,1.8673412
0.7752808988764045,0.7078651685393258,1.025886,1.6802288,1.0974387,1.9095432
0.7752808988764045,0.7191011235955056,0.99693197,1.6384608,1.1223733,1.9416142
0.7752808988764045,0.7303370786516854,0.96682703,1.5942522,1.1409917,1.9633455
0.7752808988764045,0.7415730337078652,0.9356164,1.5475907,1.1533009,1.9749013
0.7752808988764045,0.7528089887640449,0.9033418,1.4984783,1.1594212,1.9765484
0.7752808988764045,0.7640449438202247,0.87003815,1.4470074,1.1594433,1.9684432
0.7752808988764045,0.7752808988764045,0.8357338,1.3933718,1.153342,1.9505973
0.7752808988764045,0.7865168539325842,0.8004574,1.337818,1.1409941,1.923041
0.7752808988764045,0.797752808988764,0.7642422,1.280562,1.1222762,1.8859667
0.7752808988764045,0.8089887640449438,0.727124,1.2217263,1.0971812,1.8397392
0.7752808988764045,0.8202247191011236,0.6891369,1.1613256,1.0658852,1.7847973
0.7752808988764045,0.8314606741573034,0.6503108,1.0992997,1.0287397,1.7215116
0.7752808988764045,0.8426966292134831,0.6106754,1.0355515,0.98618734,1.6501262
0.7752808988764045,0.8539325842696629,0.57026786,0.96998394,0.9386517,1.5708182
0.7752808988764045,0.8651685393258427,0.52913845,0.90253407,0.8864677,1.4837888
0.7752808988764045,0.8764044943820224,0.48734793,0.8331998,0.8298708,1.3893085
0.7752808988764045,0.8876404494382022,0.44496104,0.7620613,0.7690504,1.2877127
0.7752808988764045,0.898876404494382,0.40203825,0.6892734,0.70420605,1.1793642
0.7752808988764045,0.9101123595505618,0.35863292,0.6150472,0.6355945,1.0646565
0.7752808988764045,0.9213483146067416,0.31479394,0.5396343,0.5635435,0.944065
0.7752808988764045,0.9325842696629213,0.27056974,0.46330795,0.48843998,0.8182258
0.7752808988764045,0.9438202247191011,0.22601242,0.3863475,0.41070804,0.6879757
0.7752808988764045,0.9550561797752809,0.18117748,0.30901727,0.33080208,0.5542826
0.7752808988764045,0.9662921348314606,0.13611944,0.23154896,0.2492166,0.41808894
0.7752808988764045,0.9775280898876404,0.090883106,0.15413085,0.16649792,0.28010598
0.7752808988764045,0.9887640449438202,0.04550177,0.07690981,0.08323381,0.14071289
0.7752808988764045,1.0,-1.1282212e-07,-1.9000885e-07,-2.0567208e-07,-3.501475e-07
0.7865168539325842,0.0,-0.0,0.0,0.0,-0.0
0.7865168539325842,0.011235955056179775,0.042840187,0.061494883,-0.089217715,-0.13556536
0.7865168539325842,0.02247191011235955,0.08570353,0.12152517,-0.18030773,-0.27163684
0.7865168539325842,0.033707865168539325,0.12854591,0.18054369,-0.27223188,-0.40696865
0.7865168539325842,0.0449438202247191,0.17132202,0.23898864,-0.36385018,-0.5402506
0.7865168539325842,0.056179775280898875,0.21398033,0.29723728,-0.45411026,-0.670377
0.7865168539325842,0.06741573033707865,0.25646073,0.35558048,-0.54218423,-0.7966309
0.7865168539325842,0.07865168539325842,0.29869673,0.41419634,-0.6275201,-0.9186993
0.7865168539325842,0.0898876404494382,0.34062228,0.47311628,-0.7098024,-1.0365264
0.7865168539325842,0.10112359550561797,0.3821796,0.5321973,-0.7888399,-1.1500516
0.7865168539325842,0.11235955056179775,0.42332405,0.5911318,-0.8644207,-1.2589295
0.7865168539325842,0.12359550561797752,0.46402213,0.6495185,-0.9361882,-1.3623759
0.7865168539325842,0.1348314606741573,0.5042422,0.706991,-1.0035992,-1.4592291
0.7865168539325842,0.14606741573033707,0.54394174,0.76336676,-1.0659859,-1.5482296
0.7865168539325842,0.15730337078651685,0.5830612,0.8187122,-1.1227007,-1.628387
0.7865168539325842,0.16853932584269662,0.62152475,0.8732905,-1.1732718,-1.6992228
0.7865168539325842,0.1797752808988764,0.6592527,0.92739546,-1.2174917,-1.7607785
0.7865168539325842,0.19101123595505617,0.69617367,0.98118734,-1.2554108,-1.8134104
0.7865168539325842,0.20224719101123595,0.73222893,1.0346115,-1.2872413,-1.8574915
0.7865168539325842,0.21348314606741572,0.7673691,1.0874349,-1.3132224,-1.8931996
0.7865168539325842,0.2247191011235955,0.801544,1.1393654,-1.3335052,-1.9204012
0.7865168539325842,0.23595505617977527,0.8346928,1.1901697,-1.3480973,-1.9387138
0.7865168539325842,0.24719101123595505,0.86674047,1.2397313,-1.3568872,-1.9476328
0.7865168539325842,0.2584269662921348,0.8976005,1.2880402,-1.3597296,-1.9467127
0.7865168539325842,0.2696629213483146,0.92718333,1.3351408,-1.3565468,-1.9357141
0.7865168539325842,0.2808988764044944,0.95540965,1.3810769,-1.3473766,-1.9146643
0.7865168539325842,0.29213483146067415,0.9822253,1.4258511,-1.3323531,-1.883771
0.7865168539325842,0.3033707865168539,1.0076139,1.4694085,-1.3115983,-1.8432876
0.7865168539325842,0.3146067415730337,1.031605,1.5116295,-1.2851341,-1.7933637
0.7865168539325842,0.3258426966292135,1.0542676,1.5523564,-1.252873,-1.7340575
0.7865168539325842,0.33707865168539325,1.0756897,1.5914489,-1.2147182,-1.6655147
0.7865168539325842,0.348314606741573,1.0959499,1.6288348,-1.170716,-1.5881902
0.7865168539325842,0.3595505617977528,1.1150967,1.6645118,-1.1211343,-1.5029069
0.7865168539325842,0.3707865168539326,1.1331375,1.6984907,-1.0663974,-1.4106503
0.7865168539325842,0.38202247191011235,1.1500455,1.7307261,-1.006913,-1.3122369
0.7865168539325842,0.3932584269662921,1.1657716,1.761078,-0.94294035,-1.2080691
0.7865168539325842,0.4044943820224719,1.180256,1.7893459,-0.8746065,-1.0981944
0.7865168539325842,0.4157303370786517,1.1934391,1.8153441,-0.80208385,-0.9826231
0.7865168539325842,0.42696629213483145,1.2052652,1.8389714,-0.72578114,-0.8616926
0.7865168539325842,0.4382022471910112,1.2156816,1.8602344,-0.6463952,-0.73618656
0.7865168539325842,0.449438202247191,1.2246399,1.8792214,-0.5647667,-0.6071141
0.7865168539325842,0.4606741573033708,1.2320856,1.8960571,-0.4816208,-0.47538167
0.7865168539325842,0.47191011235955055,1.2379602,1.9108256,-0.39737567,-0.3415344
0.7865168539325842,0.4831460674157303,1.2421988,1.9235383,-0.31213808,-0.20584369
0.7865168539325842,0.4943820224719101,1.2447376,1.9341145,-0.22589068,-0.06862394
0.7865168539325842,0.5056179775280899,1.2455214,1.9424232,-0.1387557,0.069401585
0.7865168539325842,0.5168539325842696,1.2445151,1.9483293,-0.051158883,0.20699444
0.7865168539325842,0.5280898876404494,1.2417122,1.9517319,0.036188412,0.34268877
0.7865168539325842,0.5393258426966292,1.2371397,1.9525591,0.12248918,0.4753197
0.7865168539325842,0.550561797752809,1.2308562,1.9507308,0.20708345,0.6044417
0.7865168539325842,0.5617977528089888,1.2229335,1.9461503,0.28958407,0.73035187
0.7865168539325842,0.5730337078651685,1.213435,1.9387376,0.36984324,0.8536722
0.7865168539325842,0.5842696629213483,1.2023907,1.9285017,0.4477872,0.9746611
0.7865168539325842,0.5955056179775281,1.1897936,1.9156009,0.52323407,1.0927938
0.7865168539325842,0.6067415730337078,1.1756113,1.9003097,0.59578025,1.2067213
0.7865168539325842,0.6179775280898876,1.1598184,1.8828996,0.6648282,1.3146846
0.7865168539325842,0.6292134831460674,1.1424285,1.8634733,0.7297087,1.4151129
0.7865168539325842,0.6404494382022472,1.1235051,1.8418581,0.78986067,1.5070927
0.7865168539325842,0.651685393258427,1.1031499,1.8176682,0.84497166,1.5904747
0.7865168539325842,0.6629213483146067,1.0814706,1.7904884,0.894988,1.6655858
0.7865168539325842,0.6741573033707865,1.0585498,1.7600937,0.9399969,1.7327634
0.7865168539325842,0.6853932584269663,1.0344307,1.7265468,0.9800442,1.7919562
0.7865168539325842,0.696629213483146,1.0091275,1.6901314,1.015,1.8426197
0.7865168539325842,0.7078651685393258,0.98264617,1.6511801,1.0445734,1.8839802
0.7865168539325842,0.7191011235955056,0.95500344,1.6099186,1.068456,1.915424
0.7865168539325842,0.7303370786516854,0.9262342,1.56641,1.0864617,1.9367403
0.7865168539325842,0.7415730337078652,0.8963841,1.5206077,1.0985739,1.948083
0.7865168539325842,0.7528089887640449,0.8654969,1.4724671,1.1048657,1.9496998
0.7865168539325842,0.7640449438202247,0.83360916,1.4220359,1.1053779,1.9417194
0.7865168539325842,0.7752808988764045,0.80075026,1.3694776,1.1000459,1.9241172
0.7865168539325842,0.7865168539325842,0.7669489,1.3150122,1.0887123,1.8968698
0.7865168539325842,0.797752808988764,0.7322384,1.2588346,1.0712259,1.8601115
0.7865168539325842,0.8089887640449438,0.6966578,1.2010511,1.0475506,1.8141947
0.7865168539325842,0.8202247191011236,0.66024405,1.1416767,1.0178415,1.759581
0.7865168539325842,0.8314606741573034,0.6230301,1.0806699,0.9824359,1.6967163
0.7865168539325842,0.8426966292134831,0.58504677,1.0179665,0.94177675,1.6259377
0.7865168539325842,0.8539325842696629,0.5463298,0.95350087,0.89630204,1.5474982
0.7865168539325842,0.8651685393258427,0.5069272,0.8872222,0.84636796,1.4616312
0.7865168539325842,0.8764044943820224,0.46689597,0.81911933,0.79223275,1.3685796
0.7865168539325842,0.8876404494382022,0.42629662,0.7492446,0.73409784,1.2686162
0.7865168539325842,0.898876404494382,0.385186,0.67772317,0.67216027,1.1620214
0.7865168539325842,0.9101123595505618,0.34361348,0.6047488,0.60665494,1.0491215
0.7865168539325842,0.9213483146067416,0.3016247,0.53057456,0.53787845,0.9303634
0.7865168539325842,0.9325842696629213,0.25926465,0.455487,0.46618485,0.8063801
0.7865168539325842,0.9438202247191011,0.21658222,0.37977824,0.39197075,0.67801636
0.7865168539325842,0.9550561797752809,0.17363007,0.30371723,0.31567115,0.5462472
0.7865168539325842,0.9662921348314606,0.13045977,0.22753403,0.23776872,0.4120098
0.7865168539325842,0.9775280898876404,0.087113,0.15141703,0.15880279,0.2760123
0.7865168539325842,0.9887640449438202,0.04361956,0.07552526,0.07935612,0.13863906
0.7865168539325842,1.0,-1.0817119e-07,-1.864815e-07,-1.9599726e-07,-3.449245e-07
0.797752808988764,0.0,-0.0,0.0,0.0,-0.0
0.797752808988764,0.011235955056179775,0.040890105,0.06057688,-0.08535544,-0.13252236
0.797752808988764,0.02247191011235955,0.08182457,0.11965242,-0.17252554,-0.26584005
0.797752808988764,0.033707865168539325,0.1227564,0.17768697,-0.2604857,-0.39867747
0.797752808988764,0.0449438202247191,0.16363613,0.23512961,-0.34811625,-0.5296611
0.797752808988764,0.056179775280898875,0.20440687,0.29237592,-0.43438822,-0.65759885
0.797752808988764,0.06741573033707865,0.24500257,0.34973982,-0.51850355,-0.7816855
0.797752808988764,0.07865168539325842,0.285351,0.4074207,-0.5999517,-0.9015494
0.797752808988764,0.0898876404494382,0.32538208,0.46546412,-0.6784736,-1.0171319
0.797752808988764,0.10112359550561797,0.365037,0.5237296,-0.7539458,-1.1284302
0.797752808988764,0.11235955056179775,0.40427455,0.5818963,-0.82622135,-1.2351986
0.797752808988764,0.12359550561797752,0.4430694,0.6395286,-0.89499295,-1.33675
0.797752808988764,0.1348314606741573,0.481402,0.6962096,-0.95973974,-1.4319755
0.797752808988764,0.14606741573033707,0.51924384,0.7516953,-1.0197899,-1.5196056
0.797752808988764,0.15730337078651685,0.556546,0.80601406,-1.0744683,-1.5985879
0.797752808988764,0.16853932584269662,0.5932372,0.85943604,-1.1232609,-1.6683671
0.797752808988764,0.1797752808988764,0.6292356,0.9123272,-1.165915,-1.7289162
0.797752808988764,0.19101123595505617,0.66446096,0.96496063,-1.2024401,-1.7805585
0.797752808988764,0.20224719101123595,0.6988461,1.0173942,-1.2330217,-1.8236777
0.797752808988764,0.21348314606741572,0.73233694,1.0694625,-1.2579023,-1.8584793
0.797752808988764,0.2247191011235955,0.7648862,1.1208621,-1.2772632,-1.8848794
0.797752808988764,0.23595505617977527,0.7964432,1.1712708,-1.2911643,-1.9025365
0.797752808988764,0.24719101123595505,0.82694805,1.2204372,-1.2995534,-1.9109704
0.797752808988764,0.2584269662921348,0.8563299,1.2682126,-1.3023293,-1.909748
0.797752808988764,0.2696629213483146,0.8845114,1.3145454,-1.2994297,-1.8986307
0.797752808988764,0.2808988764044944,0.91141963,1.3594503,-1.2908826,-1.8776499
0.797752808988764,0.29213483146067415,0.9369982,1.4029791,-1.2767876,-1.8470587
0.797752808988764,0.3033707865168539,0.9612233,1.4451759,-1.2572336,-1.8071822
0.797752808988764,0.3146067415730337,0.9841123,1.4860495,-1.232216,-1.7582538
0.797752808988764,0.3258426966292135,1.0057219,1.5255486,-1.2016287,-1.7003888
0.797752808988764,0.33707865168539325,1.0261321,1.563592,-1.1653497,-1.6337197
0.797752808988764,0.348314606741573,1.0454198,1.6001037,-1.1233829,-1.5585797
0.797752808988764,0.3595505617977528,1.063637,1.635028,-1.0759417,-1.475604
0.797752808988764,0.3707865168539326,1.0807991,1.6683058,-1.0234017,-1.3855922
0.797752808988764,0.38202247191011235,1.0968875,1.6998304,-0.96616036,-1.2892418
0.797752808988764,0.3932584269662921,1.1118594,1.7294418,-0.90451735,-1.1869458
0.797752808988764,0.4044943820224719,1.1256602,1.7569588,-0.8386899,-1.0788673
0.797752808988764,0.4157303370786517,1.1382324,1.7822423,-0.768947,-0.9651746
0.797752808988764,0.42696629213483145,1.1495216,1.805235,-0.6957647,-0.8463145
0.797752808988764,0.4382022471910112,1.1594776,1.8259612,-0.619844,-0.72310984
0.797752808988764,0.449438202247191,1.1680527,1.8444915,-0.5419784,-0.5965055
0.797752808988764,0.4606741573033708,1.1751945,1.8608985,-0.4628087,-0.4672975
0.797752808988764,0.47191011235955055,1.1808436,1.8752121,-0.38266048,-0.33593473
0.797752808988764,0.4831460674157303,1.1849333,1.8874052,-0.30156603,-0.20263332
0.797752808988764,0.4943820224719101,1.1873959,1.8974085,-0.2194584,-0.067722395
0.797752808988764,0.5056179775280899,1.1881709,1.9051409,-0.13643184,0.06801745
0.797752808988764,0.5168539325842696,1.187218,1.9105439,-0.052903514,0.20327955
0.797752808988764,0.5280898876404494,1.184527,1.9135903,0.030420972,0.3365507
0.797752808988764,0.5393258426966292,1.1801256,1.9142481,0.11274816,0.4666492
0.797752808988764,0.550561797752809,1.1740752,1.9124358,0.19343458,0.593162
0.797752808988764,0.5617977528089888,1.1664574,1.9080133,0.27211627,0.71647066
0.797752808988764,0.5730337078651685,1.157345,1.9008397,0.34867737,0.8372846
0.797752808988764,0.5842696629213483,1.1467799,1.8908567,0.4230696,0.9559752
0.797752808988764,0.5955056179775281,1.1347625,1.8781695,0.49512362,1.072066
0.797752808988764,0.6067415730337078,1.1212637,1.8630222,0.5644333,1.1841915
0.797752808988764,0.6179775280898876,1.1062561,1.8456793,0.6303864,1.2905222
0.797752808988764,0.6292134831460674,1.0897459,1.8262556,0.6923011,1.3893993
0.797752808988764,0.6404494382022472,1.0717877,1.8046105,0.749616,1.4798237
0.797752808988764,0.651685393258427,1.052474,1.7803925,0.8020236,1.5616125
0.797752808988764,0.6629213483146067,1.0319045,1.7532262,0.84948736,1.6351076
0.797752808988764,0.6741573033707865,1.010155,1.7229179,0.8921276,1.7007165
0.797752808988764,0.6853932584269663,0.9872631,1.6895646,0.930033,1.7584606
0.797752808988764,0.696629213483146,0.96323496,1.6534836,0.963138,1.8078797
0.797752808988764,0.7078651685393258,0.9380687,1.6150422,0.9912182,1.8482544
0.797752808988764,0.7191011235955056,0.9117739,1.5744859,1.0140115,1.8789926
0.797752808988764,0.7303370786516854,0.8843814,1.531872,1.0313499,1.8998805
0.797752808988764,0.7415730337078652,0.8559354,1.4871236,1.0431968,1.9110472
0.797752808988764,0.7528089887640449,0.8264814,1.4401501,1.0495874,1.9127132
0.797752808988764,0.7640449438202247,0.7960573,1.3909544,1.0505213,1.9049699
0.797752808988764,0.7752808988764045,0.76469344,1.3396614,1.0458963,1.8877587
0.797752808988764,0.7865168539325842,0.7324185,1.2864639,1.0355307,1.8609966
0.797752808988764,0.797752808988764,0.699267,1.2315326,1.0192485,1.8247725
0.797752808988764,0.8089887640449438,0.66527927,1.1749653,0.99699265,1.7794132
0.797752808988764,0.8202247191011236,0.6304944,1.1167841,0.9688981,1.7254003
0.797752808988764,0.8314606741573034,0.5949465,1.0569761,0.93528956,1.6632365
0.797752808988764,0.8426966292134831,0.5586668,0.9955128,0.8966031,1.5933388
0.797752808988764,0.8539325842696629,0.52169037,0.9323621,0.8532813,1.5160348
0.797752808988764,0.8651685393258427,0.48406276,0.86748815,0.8056894,1.4315923
0.797752808988764,0.8764044943820224,0.44583824,0.8008735,0.75409776,1.3402631
0.797752808988764,0.8876404494382022,0.40707484,0.73254716,0.6987118,1.2422807
0.797752808988764,0.898876404494382,0.3678265,0.66260594,0.6397218,1.1378778
0.797752808988764,0.9101123595505618,0.32813984,0.59122527,0.5773453,1.0273346
0.797752808988764,0.9213483146067416,0.2880568,0.5186552,0.51185614,0.9110589
0.797752808988764,0.9325842696629213,0.24761814,0.44519165,0.44358438,0.7896637
0.797752808988764,0.9438202247191011,0.20686826,0.3711373,0.37291014,0.66397256
0.797752808988764,0.9550561797752809,0.16585582,0.2967636,0.3002559,0.5349379
0.797752808988764,0.9662921348314606,0.12462898,0.22229403,0.22609495,0.40347552
0.797752808988764,0.9775280898876404,0.08322699,0.1479076,0.15095504,0.27028063
0.797752808988764,0.9887640449438202,0.0416778,0.073759705,0.07540482,0.13574468
0.797752808988764,1.0,-1.0336714e-07,-1.8206701e-07,-1.8615546e-07,-3.3766244e-07
0.8089887640449438,0.0,-0.0,0.0,0.0,-0.0
0.8089887640449438,0.011235955056179775,0.03888118,0.059174567,-0.08158371,-0.1289565
0.8089887640449438,0.02247191011235955,0.077821605,0.116886415,-0.16489258,-0.25898117
0.8089887640449438,0.033707865168539325,0.11677308,0.17359988,-0.24890871,-0.3887694
0.8089887640449438,0.0449438202247191,0.15568405,0.22976467,-0.33252987,-0.5168876
0.8089887640449438,0.056179775280898875,0.19449489,0.2857782,-0.41475105,-0.6420608
0.8089887640449438,0.06741573033707865,0.23313598,0.34195808,-0.49480453,-0.76339704
0.8089887640449438,0.07865168539325842,0.271532,0.39850622,-0.5722212,-0.88046324
0.8089887640449438,0.0898876404494382,0.3096104,0.4554659,-0.64679766,-0.99319047
0.8089887640449438,0.10112359550561797,0.34731233,0.5126891,-0.71847916,-1.1016226
0.8089887640449438,0.11235955056179775,0.38459852,0.5698385,-0.78719044,-1.2056117
0.8089887640449438,0.12359550561797752,0.42144924,0.6264529,-0.85268897,-1.3045789
0.8089887640449438,0.1348314606741573,0.45785373,0.6820768,-0.9145009,-1.3974979
0.8089887640449438,0.14606741573033707,0.4937935,0.7364237,-0.97197646,-1.483139
0.8089887640449438,0.15730337078651685,0.52922845,0.7894909,-1.0244372,-1.5604343
0.8089887640449438,0.16853932584269662,0.56409323,0.84155387,-1.0713423,-1.628772
0.8089887640449438,0.1797752808988764,0.5983047,0.8930288,-1.1123924,-1.6880604
0.8089887640449438,0.19101123595505617,0.63177854,0.9442799,-1.1475446,-1.7385645
0.8089887640449438,0.20224719101123595,0.6644419,0.99546015,-1.1769389,-1.7806296
0.8089887640449438,0.21348314606741572,0.6962381,1.046464,-1.2007935,-1.814451
0.8089887640449438,0.2247191011235955,0.727123,1.096983,-1.2192987,-1.8399572
0.8089887640449438,0.23595505617977527,0.75705576,1.1466258,-1.2325528,-1.8568393
0.8089887640449438,0.24719101123595505,0.7859896,1.1950269,-1.240556,-1.8646584
0.8089887640449438,0.2584269662921348,0.8138679,1.2419211,-1.2432563,-1.8630137
0.8089887640449438,0.2696629213483146,0.84062475,1.2871736,-1.2406179,-1.8516989
0.8089887640449438,0.2808988764044944,0.86619306,1.3307763,-1.232665,-1.8307816
0.8089887640449438,0.29213483146067415,0.8905153,1.3728206,-1.2194713,-1.8005623
0.8089887640449438,0.3033707865168539,0.9135605,1.4134454,-1.2010937,-1.7614418
0.8089887640449438,0.3146067415730337,0.9353354,1.4527686,-1.1775012,-1.7137363
0.8089887640449438,0.3258426966292135,0.9558863,1.4908361,-1.1485654,-1.6576116
0.8089887640449438,0.33707865168539325,0.9752851,1.5276183,-1.1141427,-1.593176
0.8089887640449438,0.348314606741573,0.99360615,1.5630409,-1.0742003,-1.5206547
0.8089887640449438,0.3595505617977528,1.0109031,1.5970073,-1.0289035,-1.4404919
0.8089887640449438,0.3707865168539326,1.0271965,1.6294012,-0.97858465,-1.3532922
0.8089887640449438,0.38202247191011235,1.0424733,1.660076,-0.9236343,-1.2596205
0.8089887640449438,0.3932584269662921,1.056696,1.6888589,-0.8643935,-1.1598612
0.8089887640449438,0.4044943820224719,1.069813,1.7155894,-0.8011619,-1.0542608
0.8089887640449438,0.4157303370786517,1.081769,1.7401623,-0.73429734,-0.9431171
0.8089887640449438,0.42696629213483145,1.0925121,1.7625483,-0.664333,-0.82699543
0.8089887640449438,0.4382022471910112,1.1019948,1.7827716,-0.5919746,-0.7067236
0.8089887640449438,0.449438202247191,1.1101706,1.8008726,-0.5179623,-0.58320165
0.8089887640449438,0.4606741573033708,1.1169908,1.8168674,-0.44285512,-0.4571196
0.8089887640449438,0.47191011235955055,1.122397,1.8307333,-0.3668925,-0.32884565
0.8089887640449438,0.4831460674157303,1.1263223,1.8424156,-0.29003656,-0.1985448
0.8089887640449438,0.4943820224719101,1.1286961,1.8518603,-0.212173,-0.06655196
0.8089887640449438,0.5056179775280899,1.1294539,1.8590416,-0.13336763,0.066314414
0.8089887640449438,0.5168539325842696,1.1285509,1.8639759,-0.054017,0.198705
0.8089887640449438,0.5280898876404494,1.125972,1.8667047,0.025196021,0.32906428
0.8089887640449438,0.5393258426966292,1.1217437,1.867233,0.10349505,0.45620036
0.8089887640449438,0.550561797752809,1.1159298,1.8654789,0.18025258,0.5797011
0.8089887640449438,0.5617977528089888,1.1086162,1.8612714,0.2551219,0.6999686
0.8089887640449438,0.5730337078651685,1.0998862,1.8544127,0.3279927,0.81775457
0.8089887640449438,0.5842696629213483,1.0897915,1.8447888,0.39882085,0.93348897
0.8089887640449438,0.5955056179775281,1.0783418,1.832453,0.4674335,1.0467433
0.8089887640449438,0.6067415730337078,1.0655148,1.8176081,0.5334193,1.1561866
0.8089887640449438,0.6179775280898876,1.0512832,1.800501,0.59616464,1.2599865
0.8089887640449438,0.6292134831460674,1.0356485,1.7812533,0.6549973,1.3564577
0.8089887640449438,0.6404494382022472,1.0186563,1.759758,0.7093737,1.4445761
0.8089887640449438,0.651685393258427,1.0003889,1.7357074,0.75901216,1.5241551
0.8089887640449438,0.6629213483146067,0.9809368,1.7087682,0.803902,1.5955632
0.8089887640449438,0.6741573033707865,0.9603693,1.6787808,0.844187,1.6592486
0.8089887640449438,0.6853932584269663,0.9387175,1.6458632,0.8799878,1.7152954
0.8089887640449438,0.696629213483146,0.9159827,1.6103506,0.91127735,1.7632974
0.8089887640449438,0.7078651685393258,0.8921567,1.5726274,0.9378758,1.802576
0.8089887640449438,0.7191011235955056,0.8672425,1.5329527,0.95955974,1.8325518
0.8089887640449438,0.7303370786516854,0.84126616,1.4913816,0.9761744,1.8530064
0.8089887640449438,0.7415730337078652,0.8142695,1.4478178,0.9876755,1.8640369
0.8089887640449438,0.7528089887640449,0.78629756,1.4021364,0.99407154,1.8658394
0.8089887640449438,0.7640449438202247,0.7573889,1.3543005,0.9953287,1.8584689
0.8089887640449438,0.7752808988764045,0.7275742,1.3043963,0.9913194,1.8418189
0.8089887640449438,0.7865168539325842,0.69688255,1.2525862,0.9818396,1.8157572
0.8089887640449438,0.797752808988764,0.6653487,1.1990234,0.9666986,1.7803257
0.8089887640449438,0.8089887640449438,0.63301325,1.1438,0.9458233,1.7358223
0.8089887640449438,0.8202247191011236,0.599916,1.0869526,0.9193338,1.6827326
0.8089887640449438,0.8314606741573034,0.56609166,1.0284982,0.88753957,1.6216046
0.8089887640449438,0.8426966292134831,0.5315707,0.96844786,0.85086775,1.5529171
0.8089887640449438,0.8539325842696629,0.49638724,0.9068,0.80975485,1.4770589
0.8089887640449438,0.8651685393258427,0.46058506,0.84353435,0.7645653,1.3943439
0.8089887640449438,0.8764044943820224,0.42421678,0.7786282,0.71556944,1.3050361
0.8089887640449438,0.8876404494382022,0.38733864,0.71209204,0.6629702,1.2093676
0.8089887640449438,0.898876404494382,0.3500026,0.6440015,0.6069494,1.1075492
0.8089887640449438,0.9101123595505618,0.3122526,0.57451874,0.5477113,0.9998339
0.8089887640449438,0.9213483146067416,0.27412665,0.50389135,0.4855141,0.88659835
0.8089887640449438,0.9325842696629213,0.23566093,0.4324223,0.4206748,0.7684223
0.8089887640449438,0.9438202247191011,0.19689475,0.3604202,0.35356334,0.64609236
0.8089887640449438,0.9550561797752809,0.15787226,0.28815356,0.28459495,0.52052075
0.8089887640449438,0.9662921348314606,0.11863856,0.21583018,0.21423197,0.392586
0.8089887640449438,0.9775280898876404,0.07923157,0.14360635,0.14298485,0.2629637
0.8089887640449438,0.9887640449438202,0.039679144,0.07161645,0.07139782,0.13204971
0.8089887640449438,1.0,-9.8415356e-08,-1.7677701e-07,-1.7619746e-07,-3.2839856e-07
0.8202247191011236,0.0,-0.0,0.0,0.0,-0.0
0.8202247191011236,0.011235955056179775,0.036820736,0.057305053,-0.07787646,-0.12491515
0.8202247191011236,0.02247191011235955,0.07370865,0.11325355,-0.15735891,-0.25113347
0.8202247191011236,0.033707865168539325,0.11061599,0.16830975,-0.23743224,-0.37732196
0.8202247191011236,0.0449438202247191,0.14749122,0.22291403,-0.31701165,-0.5019948
0.8202247191011236,0.056179775280898875,0.18427412,0.27745155,-0.39511812,-0.6238055
0.8202247191011236,0.06741573033707865,0.22089444,0.33222684,-0.47101557,-0.7417864
0.8202247191011236,0.07865168539325842,0.25727606,0.387428,-0.54427505,-0.85544586
0.8202247191011236,0.0898876404494382,0.29334623,0.4430828,-0.61474466,-0.96469754
0.8202247191011236,0.10112359550561797,0.32904652,0.4990259,-0.68243414,-1.069624
0.8202247191011236,0.11235955056179775,0.36433968,0.55490243,-0.74734217,-1.1701626
0.8202247191011236,0.12359550561797752,0.39920944,0.61023015,-0.80930156,-1.265849
0.8202247191011236,0.1348314606741573,0.43364993,0.66452897,-0.867905,-1.3557721
0.8202247191011236,0.14606741573033707,0.46764976,0.71748424,-0.92255205,-1.4387841
0.8202247191011236,0.15730337078651685,0.501176,0.7690698,-0.97258717,-1.5138441
0.8202247191011236,0.16853932584269662,0.534168,0.8195601,-1.0174594,-1.5803224
0.8202247191011236,0.1797752808988764,0.56654483,0.8694046,-1.056831,-1.6380663
0.8202247191011236,0.19101123595505617,0.5982209,0.9190329,-1.0905998,-1.6872617
0.8202247191011236,0.20224719101123595,0.62912065,0.9686711,-1.1188439,-1.7281836
0.8202247191011236,0.21348314606741572,0.6591867,1.0182672,-1.1417387,-1.7609748
0.8202247191011236,0.2247191011235955,0.68837863,1.0675182,-1.1594601,-1.7855531
0.8202247191011236,0.23595505617977527,0.7166631,1.1159861,-1.1721286,-1.801624
0.8202247191011236,0.24719101123595505,0.7440047,1.1632217,-1.179788,-1.8087906
0.8202247191011236,0.2584269662921348,0.77035886,1.2088708,-1.182433,-1.8067112
0.8202247191011236,0.2696629213483146,0.7956694,1.2527348,-1.1800568,-1.7952288
0.8202247191011236,0.2808988764044944,0.81987435,1.2947887,-1.1726857,-1.7744583
0.8202247191011236,0.29213483146067415,0.8429163,1.3351595,-1.1603717,-1.7447543
0.8202247191011236,0.3033707865168539,0.86475885,1.3740608,-1.1431414,-1.7065767
0.8202247191011236,0.3146067415730337,0.8854009,1.4116985,-1.1209382,-1.6603076
0.8202247191011236,0.3258426966292135,0.90487885,1.4481962,-1.0936176,-1.6061623
0.8202247191011236,0.33707865168539325,0.92325824,1.483567,-1.0610176,-1.5442288
0.8202247191011236,0.348314606741573,0.9406106,1.5177336,-1.0230839,-1.4746351
0.8202247191011236,0.3595505617977528,0.9569893,1.5505688,-0.97994316,-1.3976634
0.8202247191011236,0.3707865168539326,0.97241795,1.5819184,-0.93189734,-1.3137307
0.8202247191011236,0.38202247191011235,0.98688716,1.6116078,-0.8793301,-1.2232789
0.8202247191011236,0.3932584269662921,1.0003617,1.6394624,-0.82261896,-1.1266656
0.8202247191011236,0.4044943820224719,1.0127933,1.66534,-0.76213074,-1.0241929
0.8202247191011236,0.4157303370786517,1.0241287,1.6891615,-0.69829935,-0.91627336
0.8202247191011236,0.42696629213483145,1.0343179,1.7109135,-0.63169914,-0.80354726
0.8202247191011236,0.4382022471910112,1.0433158,1.7306134,-0.5630311,-0.6868596
0.8202247191011236,0.449438202247191,1.0510796,1.7482642,-0.49298403,-0.56705713
0.8202247191011236,0.4606741573033708,1.0575633,1.7638319,-0.42203572,-0.44474077
0.8202247191011236,0.47191011235955055,1.0627112,1.7772478,-0.35034946,-0.3201962
0.8202247191011236,0.4831460674157303,1.0664579,1.7884369,-0.27782458,-0.19355468
0.8202247191011236,0.4943820224719101,1.068732,1.7973613,-0.2043091,-0.065139376
0.8202247191011236,0.5056179775280899,1.0694666,1.8040463,-0.12983721,0.064206176
0.8202247191011236,0.5168539325842696,1.0686122,1.8085765,-0.05477802,0.19311951
0.8202247191011236,0.5280898876404494,1.0661505,1.8110459,0.020214759,0.32003084
0.8202247191011236,0.5393258426966292,1.062105,1.8114899,0.09440013,0.4437308
0.8202247191011236,0.550561797752809,1.0565397,1.8098272,0.16717342,0.563786
0.8202247191011236,0.5617977528089888,1.0495429,1.8058631,0.23819707,0.6805693
0.8202247191011236,0.5730337078651685,1.0412034,1.7993628,0.30735698,0.7948267
0.8202247191011236,0.5842696629213483,1.0315814,1.7901698,0.37459537,0.9069909
0.8202247191011236,0.5955056179775281,1.0206965,1.7782921,0.4397278,1.0166821
0.8202247191011236,0.6067415730337078,1.0085328,1.7638971,0.5023395,1.1226329
0.8202247191011236,0.6179775280898876,0.9950668,1.7472066,0.56182456,1.223072
0.8202247191011236,0.6292134831460674,0.98029655,1.7283485,0.6175375,1.316356
0.8202247191011236,0.6404494382022472,0.9642606,1.7072431,0.66896826,1.4014972
0.8202247191011236,0.651685393258427,0.9470313,1.683627,0.715869,1.4783311
0.8202247191011236,0.6629213483146067,0.9286909,1.6572044,0.7582532,1.5472505
0.8202247191011236,0.6741573033707865,0.9093023,1.6278383,0.79627603,1.6087325
0.8202247191011236,0.6853932584269663,0.8888932,1.5956484,0.830068,1.6628857
0.8202247191011236,0.696629213483146,0.867461,1.5609689,0.85961515,1.7093376
0.8202247191011236,0.7078651685393258,0.8449929,1.524185,0.88476425,1.7474276
0.8202247191011236,0.7191011235955056,0.82148683,1.4855633,0.9053198,1.7765933
0.8202247191011236,0.7303370786516854,0.7969625,1.4451673,0.9211502,1.7966043
0.8202247191011236,0.7415730337078652,0.771457,1.4028976,0.9322157,1.8075426
0.8202247191011236,0.7528089887640449,0.7450133,1.358611,0.93851286,1.8095642
0.8202247191011236,0.7640449438202247,0.7176692,1.3122402,0.939988,1.8026978
0.8202247191011236,0.7752808988764045,0.6894553,1.2638376,0.93649316,1.7867893
0.8202247191011236,0.7865168539325842,0.6604006,1.2135348,0.9278114,1.7616589
0.8202247191011236,0.797752808988764,0.63054,1.1614658,0.91373855,1.7273003
0.8202247191011236,0.8089887640449438,0.5999136,1.1077211,0.8941932,1.6839734
0.8202247191011236,0.8202247191011236,0.5685611,1.0523548,0.86928123,1.6321641
0.8202247191011236,0.8314606741573034,0.536516,0.99541587,0.83929986,1.5724391
0.8202247191011236,0.8426966292134831,0.5038079,0.9369526,0.80466247,1.5053278
0.8202247191011236,0.8539325842696629,0.47046933,0.87699324,0.76579213,1.4312638
0.8202247191011236,0.8651685393258427,0.4365429,0.81553125,0.72304326,1.3506054
0.8202247191011236,0.8764044943820224,0.40207982,0.7525417,0.67667806,1.2636399
0.8202247191011236,0.8876404494382022,0.3671348,0.6880228,0.62689185,1.1706101
0.8202247191011236,0.898876404494382,0.3317582,0.6220375,0.5738576,1.071731
0.8202247191011236,0.9101123595505618,0.2959911,0.5547411,0.51777005,0.9672467
0.8202247191011236,0.9213483146067416,0.2598678,0.4863824,0.4588779,0.8575181
0.8202247191011236,0.9325842696629213,0.22341974,0.41726914,0.3974918,0.74309075
0.8202247191011236,0.9438202247191011,0.18668136,0.34770992,0.33397606,0.6247097
0.8202247191011236,0.9550561797752809,0.14969277,0.27796066,0.26873893,0.5032357
0.8202247191011236,0.9662921348314606,0.11249674,0.20820266,0.2022286,0.37950152
0.8202247191011236,0.9775280898876404,0.07513122,0.13855538,0.134931,0.25415677
0.8202247191011236,0.9887640449438202,0.037625525,0.06911669,0.067356855,0.12759766
0.8202247191011236,1.0,-9.332018e-08,-1.7066114e-07,-1.6618064e-07,-3.1723428e-07
0.8314606741573034,0.0,-0.0,0.0,0.0,-0.0
0.8314606741573034,0.011235955056179775,0.034716416,0.05500212,-0.0741768,-0.120400295
0.8314606741573034,0.02247191011235955,0.069501415,0.108808145,-0.14981551,-0.24228595
0.8314606741573034,0.033707865168539325,0.10430904,0.16187713,-0.22590524,-0.36430317
0.8314606741573034,0.0449438202247191,0.13908963,0.21463086,-0.3013822,-0.48492748
0.8314606741573034,0.056179775280898875,0.17378445,0.26743108,-0.37529722,-0.60276026
0.8314606741573034,0.06741573033707865,0.20832479,0.3205562,-0.4469479,-0.7167726
0.8314606741573034,0.07865168539325842,0.24263622,0.37416804,-0.51594263,-0.82642096
0.8314606741573034,0.0898876404494382,0.2766477,0.42826855,-0.5821748,-0.93159735
0.8314606741573034,0.10112359550561797,0.31030235,0.48266906,-0.6457101,-1.0324059
0.8314606741573034,0.11235955056179775,0.34356457,0.53699553,-0.7066178,-1.1288593
0.8314606741573034,0.12359550561797752,0.37641975,0.59075177,-0.7648103,-1.2206092
0.8314606741573034,0.1348314606741573,0.4088649,0.6434436,-0.8199634,-1.3068801
0.8314606741573034,0.14606741573033707,0.4408924,0.69474065,-0.87154794,-1.3866416
0.8314606741573034,0.15730337078651685,0.4724743,0.74460065,-0.9189541,-1.4589336
0.8314606741573034,0.16853932584269662,0.5035551,0.7932917,-0.96164066,-1.5231326
0.8314606741573034,0.1797752808988764,0.5340576,0.84127843,-0.99924064,-1.5790383
0.8314606741573034,0.19101123595505617,0.5638977,0.88902843,-1.0315915,-1.6267474
0.8314606741573034,0.20224719101123595,0.5930004,0.9368236,-1.0587022,-1.6664385
0.8314606741573034,0.21348314606741572,0.6213092,0.9846557,-1.0806875,-1.6981739
0.8314606741573034,0.2247191011235955,0.64878637,1.0322407,-1.0976946,-1.7218343
0.8314606741573034,0.23595505617977527,0.67540485,1.0791162,-1.1098468,-1.7371293
0.8314606741573034,0.24719101123595505,0.7011377,1.1247865,-1.1172186,-1.7437083
0.8314606741573034,0.2584269662921348,0.72594965,1.1688384,-1.1198456,-1.7412901
0.8314606741573034,0.2696629213483146,0.74979246,1.2110329,-1.1177468,-1.7297795
0.8314606741573034,0.2808988764044944,0.77260894,1.2513378,-1.1109517,-1.7093366
0.8314606741573034,0.29213483146067415,0.79434294,1.2899033,-1.0994939,-1.6803571
0.8314606741573034,0.3033707865168539,0.81495494,1.326995,-1.083372,-1.6433426
0.8314606741573034,0.3146067415730337,0.8344377,1.3628823,-1.062508,-1.5987223
0.8314606741573034,0.3258426966292135,0.85282195,1.3977365,-1.0367463,-1.546744
0.8314606741573034,0.33707865168539325,0.870167,1.431595,-1.0059226,-1.4874908
0.8314606741573034,0.348314606741573,0.8865411,1.4643764,-0.96996933,-1.421018
0.8314606741573034,0.3595505617977528,0.90199715,1.4959301,-0.92899823,-1.3474716
0.8314606741573034,0.3707865168539326,0.9165593,1.526074,-0.8832889,-1.2671295
0.8314606741573034,0.38202247191011235,0.93021935,1.5546225,-0.8332228,-1.180316
0.8314606741573034,0.3932584269662921,0.9429444,1.5814086,-0.77920157,-1.087356
0.8314606741573034,0.4044943820224719,0.9546874,1.6063113,-0.72164345,-0.98859245
0.8314606741573034,0.4157303370786517,0.96539676,1.6292754,-0.6610341,-0.88451576
0.8314606741573034,0.42696629213483145,0.9750246,1.650298,-0.59797466,-0.7758258
0.8314606741573034,0.4382022471910112,0.9835283,1.6693866,-0.53315055,-0.66336346
0.8314606741573034,0.449438202247191,0.9908686,1.6865155,-0.46719253,-0.5479216
0.8314606741573034,0.4606741573033708,0.9970028,1.7016081,-0.40050632,-0.43002737
0.8314606741573034,0.47191011235955055,1.001879,1.7145568,-0.33318743,-0.30989563
0.8314606741573034,0.4831460674157303,1.0054348,1.72527,-0.26508576,-0.18761417
0.8314606741573034,0.4943820224719101,1.0076,1.7337263,-0.19601761,-0.06349634
0.8314606741573034,0.5056179775280899,1.0083067,1.7399882,-0.12599376,0.061624777
0.8314606741573034,0.5168539325842696,1.0075033,1.7441878,-0.055352367,0.18638778
0.8314606741573034,0.5280898876404494,1.0051687,1.7464586,0.015295012,0.3092369
0.8314606741573034,0.5393258426966292,1.0013231,1.7468536,0.0852496,0.4289559
0.8314606741573034,0.550561797752809,0.9960278,1.7452908,0.1539379,0.5450752
0.8314606741573034,0.5617977528089888,0.98937166,1.7415638,0.22103406,0.65791386
0.8314606741573034,0.5730337078651685,0.9814442,1.7354195,0.28641507,0.76814455
0.8314606741573034,0.5842696629213483,0.9723116,1.7266788,0.35000625,0.87618154
0.8314606741573034,0.5955056179775281,0.96200025,1.7153218,0.41160518,0.9816764
0.8314606741573034,0.6067415730337078,0.9505015,1.7014865,0.47080082,1.083449
0.8314606741573034,0.6179775280898876,0.937796,1.6853753,0.52700627,1.1798323
0.8314606741573034,0.6292134831460674,0.9238808,1.6671172,0.5796141,1.2692895
0.8314606741573034,0.6404494382022472,0.9087888,1.646656,0.6281549,1.3509074
0.8314606741573034,0.651685393258427,0.8925845,1.6237655,0.67241377,1.4245679
0.8314606741573034,0.6629213483146067,0.87534356,1.5981779,0.7124158,1.4906905
0.8314606741573034,0.6741573033707865,0.85712427,1.5697604,0.7483093,1.5497472
0.8314606741573034,0.6853932584269663,0.83795285,1.5386162,0.7802095,1.6018509
0.8314606741573034,0.696629213483146,0.8178259,1.505052,0.8080933,1.6466316
0.8314606741573034,0.7078651685393258,0.79672754,1.4694425,0.83182067,1.683444
0.8314606741573034,0.7191011235955056,0.77465034,1.4320574,0.85122174,1.7117302
0.8314606741573034,0.7303370786516854,0.7516068,1.392981,0.86619735,1.7312695
0.8314606741573034,0.7415730337078652,0.7276275,1.3521302,0.87673056,1.742122
0.8314606741573034,0.7528089887640449,0.7027506,1.3093617,0.88282204,1.7444296
0.8314606741573034,0.7640449438202247,0.67701155,1.2645912,0.8844142,1.7381774
0.8314606741573034,0.7752808988764045,0.65044075,1.2178401,0.8813466,1.7231776
0.8314606741573034,0.7865168539325842,0.6230675,1.1692075,0.87338895,1.6991997
0.8314606741573034,0.797752808988764,0.5949266,1.1188055,0.8603289,1.6661885
0.8314606741573034,0.8089887640449438,0.566058,1.0667192,0.8420735,1.6243663
0.8314606741573034,0.8202247191011236,0.53649974,1.0130204,0.81871974,1.5741992
0.8314606741573034,0.8314606741573034,0.5062839,0.9577904,0.7905506,1.5162629
0.8314606741573034,0.8426966292134831,0.47543797,0.901115,0.75796276,1.4511168
0.8314606741573034,0.8539325842696629,0.44399264,0.843051,0.72136325,1.3792307
0.8314606741573034,0.8651685393258427,0.41198888,0.7836063,0.6810895,1.3009905
0.8314606741573034,0.8764044943820224,0.37947628,0.72275656,0.6373902,1.2167083
0.8314606741573034,0.8876404494382022,0.34650826,0.6604944,0.5904486,1.1266489
0.8314606741573034,0.898876404494382,0.3131329,0.5968783,0.54043,1.0310454
0.8314606741573034,0.9101123595505618,0.27938887,0.53206295,0.48752218,0.9301528
0.8314606741573034,0.9213483146067416,0.24530692,0.46630085,0.4319683,0.82432944
0.8314606741573034,0.9325842696629213,0.21091442,0.39990014,0.37407473,0.7141008
0.8314606741573034,0.9438202247191011,0.17624182,0.33316177,0.3142012,0.60017043
0.8314606741573034,0.9550561797752809,0.14132607,0.26631942,0.25274652,0.48334566
0.8314606741573034,0.9662921348314606,0.106208816,0.19951642,0.1901394,0.36440906
0.8314606741573034,0.9775280898876404,0.07092897,0.13282432,0.12683494,0.24397941
0.8314606741573034,0.9887640449438202,0.035518464,0.066293225,0.063304,0.12244724
0.8314606741573034,1.0,-8.8086026e-08,-1.6379185e-07,-1.5616e-07,-3.0431497e-07
0.8426966292134831,0.0,-0.0,0.0,0.0,-0.0
0.8426966292134831,0.011235955056179775,0.0325754,0.052314065,-0.07040688,-0.11537573
0.8426966292134831,0.02247191011235955,0.06521518,0.10362975,-0.14211577,-0.23236261
0.8426966292134831,0.033707865168539325,0.09787642,0.15439448,-0.2141268,-0.34960008
0.8426966292134831,0.0449438202247191,0.13051254,0.205005,-0.285404,-0.46554708
0.8426966292134831,0.056179775280898875,0.16306823,0.2557907,-0.35503402,-0.5787747
0.8426966292134831,0.06741573033707865,0.195478,0.30699518,-0.42234942,-0.68821126
0.8426966292134831,0.07865168539325842,0.22767098,0.35874486,-0.4869923,-0.7932682
0.8426966292134831,0.0898876404494382,0.25957954,0.41100952,-0.5488918,-0.89380795
0.8426966292134831,0.10112359550561797,0.29114938,0.46357408,-0.6081595,-0.98994327
0.8426966292134831,0.11235955056179775,0.32234654,0.5160472,-0.66492575,-1.081743
0.8426966292134831,0.12359550561797752,0.353157,0.56792486,-0.71918344,-1.1689718
0.8426966292134831,0.1348314606741573,0.38357833,0.6187113,-0.770699,-1.251004
0.8426966292134831,0.14606741573033707,0.41360456,0.66807044,-0.819031,-1.3269655
0.8426966292134831,0.15730337078651685,0.44321114,0.7159509,-0.86363417,-1.3960019
0.8426966292134831,0.16853932584269662,0.4723475,0.7626085,-0.90399337,-1.4575298
0.8426966292134831,0.1797752808988764,0.5009415,0.8085064,-0.93972194,-1.5113133
0.8426966292134831,0.19101123595505617,0.5289132,0.85412884,-0.9706025,-1.5573559
0.8426966292134831,0.20224719101123595,0.55619067,0.89979,-0.996571,-1.5957232
0.8426966292134831,0.21348314606741572,0.58271915,0.9455214,-1.0176736,-1.6263846
0.8426966292134831,0.2247191011235955,0.60846376,0.9910636,-1.0340141,-1.6491634
0.8426966292134831,0.23595505617977527,0.6334011,1.0359625,-1.0457058,-1.6637706
0.8426966292134831,0.24719101123595505,0.65751034,1.0797019,-1.0528421,-1.669891
0.8426966292134831,0.2584269662921348,0.68076265,1.1218477,-1.0554854,-1.6673055
0.8426966292134831,0.2696629213483146,0.7031157,1.1621416,-1.0536759,-1.6559749
0.8426966292134831,0.2808988764044944,0.7245171,1.2005477,-1.0474446,-1.6361054
0.8426966292134831,0.29213483146067415,0.7449123,1.2372341,-1.0368074,-1.6081084
0.8426966292134831,0.3033707865168539,0.7642618,1.2724913,-1.0217398,-1.5724977
0.8426966292134831,0.3146067415730337,0.7825552,1.3066157,-1.0021482,-1.5297289
0.8426966292134831,0.3258426966292135,0.79981935,1.3398002,-0.9778771,-1.4800706
0.8426966292134831,0.33707865168539325,0.81610936,1.3720838,-0.94877064,-1.423607
0.8426966292134831,0.348314606741573,0.8314904,1.4033723,-0.91477126,-1.3603503
0.8426966292134831,0.3595505617977528,0.8460138,1.4334952,-0.87598556,-1.2903633
0.8426966292134831,0.3707865168539326,0.85970294,1.4622574,-0.8326886,-1.2138128
0.8426966292134831,0.38202247191011235,0.8725494,1.4894764,-0.78525543,-1.1309409
0.8426966292134831,0.3932584269662921,0.88452077,1.5150042,-0.73410445,-1.0420442
0.8426966292134831,0.4044943820224719,0.8955706,1.538748,-0.6796836,-0.94749206
0.8426966292134831,0.4157303370786517,0.90564847,1.5606791,-0.6225043,-0.8478177
0.8426966292134831,0.42696629213483145,0.91470826,1.5808079,-0.56317663,-0.74375194
0.8426966292134831,0.4382022471910112,0.9227096,1.5991399,-0.5023542,-0.63612914
0.8426966292134831,0.449438202247191,0.9296161,1.6156285,-0.44061014,-0.5256797
0.8426966292134831,0.4606741573033708,0.9353894,1.6301649,-0.37828228,-0.4128646
0.8426966292134831,0.47191011235955055,0.93998194,1.6426133,-0.3154087,-0.29783055
0.8426966292134831,0.4831460674157303,0.9433361,1.652868,-0.2518075,-0.1806279
0.8426966292134831,0.4943820224719101,0.9453844,1.6609099,-0.18727508,-0.061551493
0.8426966292134831,0.5056179775280899,0.9460607,1.6668243,-0.12180483,0.0585934
0.8426966292134831,0.5168539325842696,0.945313,1.6707677,-0.05570334,0.17847843
0.8426966292134831,0.5280898876404494,0.9431188,1.6728891,0.010462748,0.2965867
0.8426966292134831,0.5393258426966292,0.939495,1.67325,0.07604752,0.4117131
0.8426966292134831,0.550561797752809,0.9344991,1.6717668,0.14051814,0.5233529
0.8426966292134831,0.5617977528089888,0.9282162,1.6682308,0.20356335,0.631737
0.8426966292134831,0.5730337078651685,0.92073435,1.662393,0.26505458,0.7374492
0.8426966292134831,0.5842696629213483,0.9121201,1.6540741,0.32489884,0.84084743
0.8426966292134831,0.5955056179775281,0.9024044,1.6432441,0.38288602,0.9416083
0.8426966292134831,0.6067415730337078,0.89158434,1.6300253,0.43861133,1.03864
0.8426966292134831,0.6179775280898876,0.87964445,1.6146071,0.4915217,1.1304255
0.8426966292134831,0.6292134831460674,0.86658263,1.5971183,0.5410522,1.215569
0.8426966292134831,0.6404494382022472,0.8524275,1.5775238,0.58677685,1.2932633
0.8426966292134831,0.651685393258427,0.83723795,1.555625,0.6285052,1.3634446
0.8426966292134831,0.6629213483146067,0.8210845,1.5311712,0.66625553,1.4265339
0.8426966292134831,0.6741573033707865,0.80402416,1.5040153,0.7001464,1.482989
0.8426966292134831,0.6853932584269663,0.78608346,1.4742241,0.73025405,1.5328951
0.8426966292134831,0.696629213483146,0.7672604,1.442059,0.7565304,1.5758675
0.8426966292134831,0.7078651685393258,0.747538,1.407866,0.7788347,1.611267
0.8426966292134831,0.7191011235955056,0.7269034,1.3719219,0.79703236,1.638563
0.8426966292134831,0.7303370786516854,0.7053611,1.33434,0.8110683,1.6575431
0.8426966292134831,0.7415730337078652,0.6829331,1.295071,0.8209659,1.6682763
0.8426966292134831,0.7528089887640449,0.6596508,1.2539918,0.8267524,1.6708807
0.8426966292134831,0.7640449438202247,0.63554597,1.2110107,0.82837456,1.6653168
0.8426966292134831,0.7752808988764045,0.6106487,1.1661214,0.825666,1.6513543
0.8426966292134831,0.7865168539325842,0.5849888,1.1193867,0.81838596,1.6287193
0.8426966292134831,0.797752808988764,0.5586024,1.0708871,0.80630904,1.5973097
0.8426966292134831,0.8089887640449438,0.53152883,1.0207,0.7893311,1.5573028
0.8426966292134831,0.8202247191011236,0.503805,0.9689101,0.7675365,1.509138
0.8426966292134831,0.8314606741573034,0.4754601,0.91563106,0.7411933,1.453388
0.8426966292134831,0.8426966292134831,0.4465191,0.8609851,0.71068126,1.3906189
0.8426966292134831,0.8539325842696629,0.41700953,0.80505973,0.676387,1.3213191
0.8426966292134831,0.8651685393258427,0.3869699,0.74788004,0.6386306,1.2458912
0.8426966292134831,0.8764044943820224,0.35644788,0.68942606,0.59764296,1.1646663
0.8426966292134831,0.8876404494382022,0.3254948,0.62968975,0.5535946,1.0779312
0.8426966292134831,0.898876404494382,0.29415676,0.5687311,0.5066414,0.985948
0.8426966292134831,0.9101123595505618,0.2624699,0.5067081,0.45696563,0.88899523
0.8426966292134831,0.9213483146067416,0.23046209,0.4438755,0.40480614,0.7874465
0.8426966292134831,0.9325842696629213,0.19815779,0.3805373,0.3504644,0.6818197
0.8426966292134831,0.9438202247191011,0.16558456,0.31697813,0.29429245,0.5727843
0.8426966292134831,0.9550561797752809,0.13277763,0.25339958,0.23667413,0.46109986
0.8426966292134831,0.9662921348314606,0.09977841,0.18989907,0.17801438,0.34749725
0.8426966292134831,0.9775280898876404,0.06662754,0.12649398,0.118732564,0.23255932
0.8426966292134831,0.9887640449438202,0.03335971,0.063182205,0.059257057,0.11666398
0.8426966292134831,1.0,-8.27188e-08,-1.562433e-07,-1.461761e-07,-2.8980898e-07
0.8539325842696629,0.0,-0.0,0.0,0.0,-0.0
0.8539325842696629,0.011235955056179775,0.030403573,0.049300052,-0.06648342,-0.10978814
0.8539325842696629,0.02247191011235955,0.06086297,0.09781789,-0.13410576,-0.22126159
0.8539325842696629,0.033707865168539325,0.091339126,0.1459831,-0.2018897,-0.33307418
0.8539325842696629,0.0449438202247191,0.12178961,0.19416232,-0.26883668,-0.44369462
0.8539325842696629,0.056179775280898875,0.15216331,0.24264766,-0.33407408,-0.55168885
0.8539325842696629,0.06741573033707865,0.18239981,0.291642,-0.39697134,-0.6559607
0.8539325842696629,0.07865168539325842,0.2124332,0.34123176,-0.4571982,-0.7558833
0.8539325842696629,0.0898876404494382,0.24220057,0.39135072,-0.5147092,-0.85127974
0.8539325842696629,0.10112359550561797,0.27165106,0.44175807,-0.5696478,-0.94225144
0.8539325842696629,0.11235955056179775,0.30075225,0.4920505,-0.62219447,-1.0289088
0.8539325842696629,0.12359550561797752,0.3294899,0.5417253,-0.672416,-1.1111232
0.8539325842696629,0.1348314606741573,0.3578606,0.5902955,-0.72017217,-1.1884309
0.8539325842696629,0.14606741573033707,0.3858583,0.63743216,-0.7651182,-1.2601256
0.8539325842696629,0.15730337078651685,0.41346064,0.6830789,-0.8067849,-1.3254905
0.8539325842696629,0.16853932584269662,0.4406217,0.72747594,-0.8446947,-1.3840008
0.8539325842696629,0.1797752808988764,0.46727592,0.77106935,-0.8784508,-1.4353948
0.8539325842696629,0.19101123595505617,0.4933495,0.8143391,-0.90778774,-1.4795845
0.8539325842696629,0.20224719101123595,0.5187752,0.8576139,-0.9325708,-1.5165207
0.8539325842696629,0.21348314606741572,0.54350156,0.9009549,-0.9527774,-1.5460709
0.8539325842696629,0.2247191011235955,0.5674955,0.94413894,-0.96846104,-1.5679992
0.8539325842696629,0.23595505617977527,0.59073627,0.986736,-0.9797149,-1.582005
0.8539325842696629,0.24719101123595505,0.6132061,1.0282456,-0.9866369,-1.5878142
0.8539325842696629,0.2584269662921348,0.63487965,1.0682385,-0.9893066,-1.5852585
0.8539325842696629,0.2696629213483146,0.65571976,1.1064577,-0.9877764,-1.5743469
0.8539325842696629,0.2808988764044944,0.67567784,1.14287,-0.982077,-1.5553075
0.8539325842696629,0.29213483146067415,0.69470286,1.1776456,-0.9722077,-1.5285531
0.8539325842696629,0.3033707865168539,0.71275663,1.2110754,-0.9581269,-1.4945865
0.8539325842696629,0.3146067415730337,0.7298292,1.2434531,-0.93973464,-1.453861
0.8539325842696629,0.3258426966292135,0.74594474,1.2749599,-0.9168865,-1.406653
0.8539325842696629,0.33707865168539325,0.7611565,1.3056161,-0.8894513,-1.3530623
0.8539325842696629,0.348314606741573,0.7755264,1.335308,-0.85739195,-1.2930819
0.8539325842696629,0.3595505617977528,0.78910357,1.3638469,-0.8208291,-1.2267339
0.8539325842696629,0.3707865168539326,0.80190945,1.3910362,-0.78003556,-1.1541198
0.8539325842696629,0.38202247191011235,0.81393474,1.4167093,-0.73538524,-1.0754311
0.8539325842696629,0.3932584269662921,0.825146,1.4407502,-0.68729746,-0.990945
0.8539325842696629,0.4044943820224719,0.8354968,1.4631045,-0.6362287,-0.9010398
0.8539325842696629,0.4157303370786517,0.8449373,1.4837766,-0.58269274,-0.80627704
0.8539325842696629,0.42696629213483145,0.8534227,1.5028002,-0.5272829,-0.7073881
0.8539325842696629,0.4382022471910112,0.8609143,1.5201883,-0.47061017,-0.60517484
0.8539325842696629,0.449438202247191,0.86737865,1.5358851,-0.41318625,-0.500317
0.8539325842696629,0.4606741573033708,0.8727811,1.5497652,-0.35528857,-0.39319783
0.8539325842696629,0.47191011235955055,0.87708014,1.5616696,-0.2969128,-0.2839183
0.8539325842696629,0.4831460674157303,0.88022286,1.5714742,-0.23785865,-0.17249258
0.8539325842696629,0.4943820224719101,0.88214743,1.5791532,-0.17791882,-0.059188537
0.8539325842696629,0.5056179775280899,0.8827914,1.5847908,-0.11707869,0.0552302
0.8539325842696629,0.5168539325842696,0.8821051,1.5885413,-0.055617873,0.16949478
0.8539325842696629,0.5280898876404494,0.8800654,1.5905524,0.005948355,0.28214988
0.8539325842696629,0.5393258426966292,0.8766874,1.5908749,0.067029096,0.39202756
0.8539325842696629,0.550561797752809,0.87202334,1.5894253,0.12713966,0.49859422
0.8539325842696629,0.5617977528089888,0.8661519,1.5860066,0.18599032,0.60198903
0.8539325842696629,0.5730337078651685,0.8591555,1.5803908,0.24345157,0.7026838
0.8539325842696629,0.5842696629213483,0.8510978,1.5724192,0.29942062,0.8009648
0.8539325842696629,0.5955056179775281,0.84201044,1.5620729,0.35368714,0.8965187
0.8539325842696629,0.6067415730337078,0.83189404,1.5494715,0.4058666,0.9883659
0.8539325842696629,0.6179775280898876,0.8207369,1.5347995,0.45544654,1.0751493
0.8539325842696629,0.6292134831460674,0.80853724,1.5181865,0.5019115,1.1556308
0.8539325842696629,0.6404494382022472,0.7953215,1.499617,0.5448753,1.2291242
0.8539325842696629,0.651685393258427,0.7811442,1.4789165,0.5841573,1.2956047
0.8539325842696629,0.6629213483146067,0.76607287,1.4558375,0.61975056,1.3554871
0.8539325842696629,0.6741573033707865,0.75016445,1.4302093,0.6517227,1.4091753
0.8539325842696629,0.6853932584269663,0.7334487,1.4020424,0.68008864,1.4567059
0.8539325842696629,0.696629213483146,0.7159268,1.3715384,0.70476305,1.4976771
0.8539325842696629,0.7078651685393258,0.697582,1.3390068,0.7256074,1.531466
0.8539325842696629,0.7191011235955056,0.6783971,1.3047254,0.7425258,1.5575846
0.8539325842696629,0.7303370786516854,0.65836763,1.2688453,0.75552404,1.5758529
0.8539325842696629,0.7415730337078652,0.6375057,1.2313659,0.76468426,1.5863571
0.8539325842696629,0.7528089887640449,0.6158343,1.1921964,0.7700729,1.5892073
0.8539325842696629,0.7640449438202247,0.59338164,1.1512468,0.77165365,1.5843407
0.8539325842696629,0.7752808988764045,0.57017666,1.1084839,0.7692571,1.5714929
0.8539325842696629,0.7865168539325842,0.54625165,1.0639269,0.76262873,1.5503488
0.8539325842696629,0.797752808988764,0.5216439,1.0176203,0.7515282,1.5207568
0.8539325842696629,0.8089887640449438,0.4963932,0.9696238,0.7358358,1.4828532
0.8539325842696629,0.8202247191011236,0.47053492,0.92003256,0.71562,1.4370416
0.8539325842696629,0.8314606741573034,0.44409516,0.8689901,0.6911318,1.3838737
0.8539325842696629,0.8426966292134831,0.4170947,0.816657,0.66273284,1.3239087
0.8539325842696629,0.8539325842696629,0.38955733,0.7631531,0.63079077,1.2576329
0.8539325842696629,0.8651685393258427,0.36151782,0.70852286,0.59560555,1.185449
0.8539325842696629,0.8764044943820224,0.33302116,0.6527548,0.55738884,1.1076984
0.8539325842696629,0.8876404494382022,0.3041163,0.59584385,0.516298,1.0246828
0.8539325842696629,0.898876404494382,0.2748469,0.5378532,0.47247866,0.936696
0.8539325842696629,0.9101123595505618,0.24524713,0.4789449,0.42610717,0.84405416
0.8539325842696629,0.9213483146067416,0.21534275,0.41937307,0.37741622,0.747155
0.8539325842696629,0.9325842696629213,0.18515651,0.3594304,0.32669848,0.6465225
0.8539325842696629,0.9438202247191011,0.15471466,0.29937693,0.2742929,0.5428051
0.8539325842696629,0.9550561797752809,0.12405173,0.23937605,0.22056398,0.43671772
0.8539325842696629,0.9662921348314606,0.093209565,0.17947567,0.16588743,0.32894176
0.8539325842696629,0.9775280898876404,0.062230617,0.11963951,0.110645674,0.2200217
0.8539325842696629,0.9887640449438202,0.031151837,0.059814963,0.05522528,0.11031436
0.8539325842696629,1.0,-7.722715e-08,-1.4807385e-07,-1.3624539e-07,-2.7389052e-07
0.8651685393258427,0.0,-0.0,0.0,0.0,-0.0
0.8651685393258427,0.011235955056179775,0.028204968,0.046025693,-0.062335283,-0.10359169
0.8651685393258427,0.02247191011235955,0.05645412,0.091485545,-0.1256576,-0.20890172
0.8651685393258427,0.033707865168539325,0.084712684,0.13678582,-0.18902634,-0.3146247
0.8651685393258427,0.0449438202247191,0.112942815,0.18225986,-0.2514906,-0.41926742
0.8651685393258427,0.056179775280898875,0.14109865,0.22816005,-0.31222412,-0.5214161
0.8651685393258427,0.06741573033707865,0.1691256,0.27464643,-0.37063166,-0.6199661
0.8651685393258427,0.07865168539325842,0.19696395,0.3217631,-0.4264045,-0.71425414
0.8651685393258427,0.0898876404494382,0.22455657,0.36940855,-0.47951028,-0.80405617
0.8651685393258427,0.10112359550561797,0.2518565,0.4173198,-0.53010935,-0.8894463
0.8651685393258427,0.11235955056179775,0.27883285,0.46509036,-0.57841897,-0.9705594
0.8651685393258427,0.12359550561797752,0.30547053,0.51222974,-0.6245704,-1.0473669
0.8651685393258427,0.1348314606741573,0.33176407,0.558273,-0.6685122,-1.1195623
0.8651685393258427,0.14606741573033707,0.35770607,0.6029086,-0.7099964,-1.1866219
0.8651685393258427,0.15730337078651685,0.3832757,0.64608026,-0.7486345,-1.2479765
0.8651685393258427,0.16853932584269662,0.4084317,0.68800914,-0.7839915,-1.3031701
0.8651685393258427,0.1797752808988764,0.43311575,0.7291121,-0.8156707,-1.3519182
0.8651685393258427,0.19101123595505617,0.45726204,0.7698452,-0.84336597,-1.3940545
0.8651685393258427,0.20224719101123595,0.48080933,0.81053597,-0.8668802,-1.4294131
0.8651685393258427,0.21348314606741572,0.50371027,0.85126626,-0.8861271,-1.4577701
0.8651685393258427,0.2247191011235955,0.5259336,0.8918507,-0.90111107,-1.4788314
0.8651685393258427,0.23595505617977527,0.54745954,0.93190247,-0.91189927,-1.4922917
0.8651685393258427,0.24719101123595505,0.5682712,0.9709591,-0.91858447,-1.497903
0.8651685393258427,0.2584269662921348,0.5883457,1.0086184,-0.92125326,-1.4955453
0.8651685393258427,0.2696629213483146,0.6076488,1.0446404,-0.9199646,-1.4852628
0.8651685393258427,0.2808988764044944,0.62613595,1.0789949,-0.9147428,-1.4672903
0.8651685393258427,0.29213483146067415,0.6437605,1.111844,-0.9055771,-1.4420143
0.8651685393258427,0.3033707865168539,0.66048783,1.1434573,-0.89241457,-1.4099114
0.8651685393258427,0.3146067415730337,0.6763093,1.1740961,-0.87515926,-1.3714106
0.8651685393258427,0.3258426966292135,0.6912495,1.2039058,-0.8536886,-1.3267938
0.8651685393258427,0.33707865168539325,0.7053595,1.232874,-0.82790595,-1.2761712
0.8651685393258427,0.348314606741573,0.718699,1.2608571,-0.7978087,-1.219549
0.8651685393258427,0.3595505617977528,0.7313141,1.2876543,-0.76353717,-1.156937
0.8651685393258427,0.3707865168539326,0.7432239,1.3130752,-0.7253677,-1.0884178
0.8651685393258427,0.38202247191011235,0.75441724,1.3369808,-0.68366736,-1.0141599
0.8651685393258427,0.3932584269662921,0.76485956,1.359297,-0.63884443,-0.93442386
0.8651685393258427,0.4044943820224719,0.77450365,1.3800185,-0.59134,-0.849592
0.8651685393258427,0.4157303370786517,0.78330016,1.3991929,-0.54164904,-0.7602174
0.8651685393258427,0.42696629213483145,0.7912046,1.4168864,-0.4903246,-0.66701835
0.8651685393258427,0.4382022471910112,0.79817945,1.4331318,-0.4379227,-0.57074636
0.8651685393258427,0.449438202247191,0.8041939,1.4478781,-0.38489354,-0.47201517
0.8651685393258427,0.4606741573033708,0.80921745,1.4609935,-0.33146062,-0.3711542
0.8651685393258427,0.47191011235955055,0.8132136,1.4723027,-0.27759376,-0.26821855
0.8651685393258427,0.4831460674157303,0.8161365,1.4816624,-0.22309065,-0.1632004
0.8651685393258427,0.4943820224719101,0.817931,1.4890214,-0.16775571,-0.056337874
0.8651685393258427,0.5056179775280899,0.81854105,1.4944426,-0.11157767,0.05165578
0.8651685393258427,0.5168539325842696,0.8179206,1.4980556,-0.054810934,0.15958965
0.8651685393258427,0.5280898876404494,0.81604874,1.499981,0.002075226,0.2661012
0.8651685393258427,0.5393258426966292,0.8129385,1.5002532,0.058550023,0.3700741
0.8651685393258427,0.550561797752809,0.80863684,1.4987861,0.11417912,0.47096086
0.8651685393258427,0.5617977528089888,0.80321413,1.4954023,0.16870078,0.56881374
0.8651685393258427,0.5730337078651685,0.796744,1.4899111,0.22199123,0.6639891
0.8651685393258427,0.5842696629213483,0.78928375,1.4821947,0.27394843,0.75669384
0.8651685393258427,0.5955056179775281,0.78086257,1.4722602,0.32437086,0.8466309
0.8651685393258427,0.6067415730337078,0.77148265,1.4602379,0.3729067,0.93292755
0.8651685393258427,0.6179775280898876,0.76113397,1.446312,0.41909537,1.0143983
0.8651685393258427,0.6292134831460674,0.74981564,1.4306207,0.4624739,1.0899731
0.8651685393258427,0.6404494382022472,0.73755187,1.4131659,0.5026902,1.1590685
0.8651685393258427,0.651685393258427,0.72439396,1.3937924,0.53955865,1.2216917
0.8651685393258427,0.6629213483146067,0.7104072,1.3722571,0.5730317,1.2782056
0.8651685393258427,0.6741573033707865,0.69565,1.3483542,0.60310304,1.3289407
0.8651685393258427,0.6853932584269663,0.68015707,1.3220307,0.62971574,1.3738734
0.8651685393258427,0.696629213483146,0.6639341,1.2934183,0.6527441,1.4125862
0.8651685393258427,0.7078651685393258,0.646966,1.2627794,0.6720542,1.4444935
0.8651685393258427,0.7191011235955056,0.62923187,1.2303928,0.68760085,1.469171
0.8651685393258427,0.7303370786516854,0.61071867,1.1964478,0.69946396,1.4865005
0.8651685393258427,0.7415730337078652,0.5914282,1.160999,0.7077943,1.4965974
0.8651685393258427,0.7528089887640449,0.57137555,1.1239927,0.71270734,1.4995745
0.8651685393258427,0.7640449438202247,0.5505842,1.0853473,0.7141876,1.4953516
0.8651685393258427,0.7752808988764045,0.5290834,1.0450001,0.71206564,1.4836336
0.8651685393258427,0.7865168539325842,0.5069074,1.0029243,0.70607275,1.4640737
0.8651685393258427,0.797752808988764,0.48409617,0.959121,0.6959496,1.4364766
0.8651685393258427,0.8089887640449438,0.46069026,0.91362876,0.681557,1.4009324
0.8651685393258427,0.8202247191011236,0.43672282,0.8665498,0.6629445,1.3578043
0.8651685393258427,0.8314606741573034,0.41221663,0.818055,0.64034545,1.307609
0.8651685393258427,0.8426966292134831,0.38718736,0.7683438,0.6141025,1.2508814
0.8651685393258427,0.8539325842696629,0.3616538,0.71756923,0.5845633,1.188088
0.8651685393258427,0.8651685393258427,0.33564642,0.6657968,0.5520067,1.1196165
0.8651685393258427,0.8764044943820224,0.30920663,0.6130254,0.51662666,1.0457983
0.8651685393258427,0.8876404494382022,0.28238037,0.5592542,0.4785644,0.96695065
0.8651685393258427,0.898876404494382,0.25520906,0.5045492,0.43795538,0.8833911
0.8651685393258427,0.9101123595505618,0.22772495,0.44907385,0.3949674,0.79547566
0.8651685393258427,0.9213483146067416,0.19995292,0.3930756,0.34982362,0.70363724
0.8651685393258427,0.9325842696629213,0.17191489,0.33682993,0.30280346,0.6084127
0.8651685393258427,0.9438202247191011,0.14363706,0.2805662,0.25422716,0.5104371
0.8651685393258427,0.9550561797752809,0.11515414,0.22440675,0.20443386,0.41038933
0.8651685393258427,0.9662921348314606,0.08650861,0.1683527,0.15376845,0.30890438
0.8651685393258427,0.9775280898876404,0.05774406,0.11232009,0.10257666,0.20648602
0.8651685393258427,0.9887640449438202,0.028898738,0.056213863,0.051207144,0.10346356
0.8651685393258427,1.0,-7.162319e-08,-1.3931866e-07,-1.2635593e-07,-2.567334e-07
0.8764044943820224,0.0,-0.0,0.0,0.0,-0.0
0.8764044943820224,0.011235955056179775,0.025981287,0.042557977,-0.0579176,-0.09676745
0.8764044943820224,0.02247191011235955,0.051993284,0.08475093,-0.116694294,-0.19525854
0.8764044943820224,0.033707865168539325,0.07800557,0.12695728,-0.17544125,-0.29423553
0.8764044943820224,0.0449438202247191,0.1039851,0.1694753,-0.23326497,-0.3922713
0.8764044943820224,0.056179775280898875,0.12989168,0.21251732,-0.28938928,-0.4879945
0.8764044943820224,0.06741573033707865,0.15567727,0.2562006,-0.3432523,-0.5803059
0.8764044943820224,0.07865168539325842,0.18128927,0.30052817,-0.39455947,-0.66850835
0.8764044943820224,0.0898876404494382,0.20667666,0.34536707,-0.44327897,-0.7523237
0.8764044943820224,0.10112359550561797,0.23179701,0.39044005,-0.48957452,-0.8317839
0.8764044943820224,0.11235955056179775,0.25662068,0.43534738,-0.5336845,-0.9070357
0.8764044943820224,0.12359550561797752,0.2811312,0.4796252,-0.5757916,-0.9781375
0.8764044943820224,0.1348314606741573,0.30532047,0.5228429,-0.61592436,-1.0449387
0.8764044943820224,0.14606741573033707,0.3291791,0.56471545,-0.65392345,-1.1070931
0.8764044943820224,0.15730337078651685,0.35268715,0.6051917,-0.68947804,-1.1641734
0.8764044943820224,0.16853932584269662,0.37580845,0.6444704,-0.7221973,-1.2157903
0.8764044943820224,0.1797752808988764,0.39849246,0.68292874,-0.75168914,-1.261646
0.8764044943820224,0.19101123595505617,0.42068243,0.7209854,-0.77761835,-1.3014933
0.8764044943820224,0.20224719101123595,0.44232425,0.758949,-0.79973876,-1.3350786
0.8764044943820224,0.21348314606741572,0.46337524,0.7969142,-0.81791174,-1.3620938
0.8764044943820224,0.2247191011235955,0.4838058,0.8347319,-0.83209914,-1.3822061
0.8764044943820224,0.23595505617977527,0.5035961,0.8720678,-0.8423427,-1.3951043
0.8764044943820224,0.24719101123595505,0.52272934,0.9085126,-0.84872586,-1.4005743
0.8764044943820224,0.2584269662921348,0.5411833,0.94370764,-0.8513334,-1.3985273
0.8764044943820224,0.2696629213483146,0.5589261,0.9774378,-0.8502236,-1.3890299
0.8764044943820224,0.2808988764044944,0.5759174,1.0096786,-0.8454168,-1.372305
0.8764044943820224,0.29213483146067415,0.5921149,1.0405719,-0.83689237,-1.348707
0.8764044943820224,0.3033707865168539,0.607489,1.0703498,-0.82459515,-1.3186634
0.8764044943820224,0.3146067415730337,0.622034,1.099223,-0.808442,-1.2825712
0.8764044943820224,0.3258426966292135,0.63577527,1.1272846,-0.788341,-1.2407078
0.8764044943820224,0.33707865168539325,0.6487622,1.1544787,-0.7642367,-1.1931998
0.8764044943820224,0.348314606741573,0.66105187,1.1806328,-0.7361658,-1.1400825
0.8764044943820224,0.3595505617977528,0.6726879,1.2055362,-0.7042913,-1.081381
0.8764044943820224,0.3707865168539326,0.68368626,1.2290121,-0.6688922,-1.0171856
0.8764044943820224,0.38202247191011235,0.69403404,1.2509559,-0.6303209,-0.94765717
0.8764044943820224,0.3932584269662921,0.7036953,1.2713419,-0.5889606,-0.8730434
0.8764044943820224,0.4044943820224719,0.71262246,1.2902193,-0.54521906,-0.7937162
0.8764044943820224,0.4157303370786517,0.7207661,1.3076853,-0.4995476,-0.7102068
0.8764044943820224,0.42696629213483145,0.72808146,1.3238496,-0.45244375,-0.62317955
0.8764044943820224,0.4382022471910112,0.7345325,1.3387725,-0.40439945,-0.5333259
0.8764044943820224,0.449438202247191,0.7400898,1.3524239,-0.35579976,-0.44120306
0.8764044943820224,0.4606741573033708,0.7447266,1.364674,-0.30682668,-0.34708098
0.8764044943820224,0.47191011235955055,0.7484122,1.3753393,-0.25743702,-0.25099382
0.8764044943820224,0.4831460674157303,0.7511077,1.3842497,-0.20744349,-0.15291663
0.8764044943820224,0.4943820224719101,0.7527665,1.3913215,-0.15667647,-0.053068113
0.8764044943820224,0.5056179775280899,0.75333965,1.3965738,-0.105136774,0.047891844
0.8764044943820224,0.5168539325842696,0.7527877,1.4000924,-0.053063635,0.14886922
0.8764044943820224,0.5280898876404494,0.75109303,1.4019548,-0.000881438,0.24860603
0.8764044943820224,0.5393258426966292,0.74826753,1.4021683,0.050937116,0.3460596
0.8764044943820224,0.550561797752809,0.74435264,1.4006442,0.102008775,0.4406813
0.8764044943820224,0.5617977528089888,0.73940927,1.3972328,0.15210295,0.5324522
0.8764044943820224,0.5730337078651685,0.73350054,1.3917903,0.20110694,0.62161565
0.8764044943820224,0.5842696629213483,0.72667485,1.3842515,0.24892806,0.7083093
0.8764044943820224,0.5955056179775281,0.71895653,1.3746622,0.29538664,0.7922504
0.8764044943820224,0.6067415730337078,0.7103465,1.3631709,0.34017572,0.87268096
0.8764044943820224,0.6179775280898876,0.7008361,1.3499681,0.38289267,0.94858867
0.8764044943820224,0.6292134831460674,0.6904242,1.3352023,0.4231299,1.019062
0.8764044943820224,0.6404494382022472,0.6791327,1.318896,0.4605645,1.0836093
0.8764044943820224,0.651685393258427,0.6670093,1.3009152,0.4949966,1.1422302
0.8764044943820224,0.6629213483146067,0.6541178,1.281019,0.52631944,1.1952125
0.8764044943820224,0.6741573033707865,0.64051837,1.2589695,0.554444,1.2427824
0.8764044943820224,0.6853932584269663,0.62625057,1.2346488,0.57923865,1.2848483
0.8764044943820224,0.696629213483146,0.61132616,1.2081143,0.60053736,1.3209931
0.8764044943820224,0.7078651685393258,0.59573245,1.1795795,0.6182232,1.3506943
0.8764044943820224,0.7191011235955056,0.57944614,1.1493173,0.63230944,1.3736198
0.8764044943820224,0.7303370786516854,0.56244737,1.1175504,0.64295584,1.3897358
0.8764044943820224,0.7415730337078652,0.5447283,1.0843831,0.6503863,1.3991989
0.8764044943820224,0.7528089887640449,0.52629656,1.0498012,0.6547647,1.4021347
0.8764044943820224,0.7640449438202247,0.50717217,1.0137284,0.6560975,1.3984455
0.8764044943820224,0.7752808988764045,0.48738438,0.976074,0.6542146,1.3878236
0.8764044943820224,0.7865168539325842,0.46697024,0.9367641,0.6488347,1.369891
0.8764044943820224,0.797752808988764,0.44597232,0.89575756,0.6396793,1.34442
0.8764044943820224,0.8089887640449438,0.42443115,0.8530697,0.62658983,1.3114539
0.8764044943820224,0.8202247191011236,0.402378,0.8088082,0.6095957,1.2713095
0.8764044943820224,0.8314606741573034,0.37983108,0.76317143,0.5889119,1.2244575
0.8764044943820224,0.8426966292134831,0.35680068,0.7163933,0.56486005,1.171392
0.8764044943820224,0.8539325842696629,0.3333001,0.6686596,0.53776735,1.112545
0.8764044943820224,0.8651685393258427,0.30935478,0.6200566,0.50789124,1.0482712
0.8764044943820224,0.8764044943820224,0.2850021,0.57059157,0.475406,0.9788839
0.8764044943820224,0.8876404494382022,0.26028466,0.52026826,0.4404369,0.90469867
0.8764044943820224,0.898876404494382,0.23524152,0.4691518,0.40310702,0.8260533
0.8764044943820224,0.9101123595505618,0.20990351,0.41740227,0.36357337,0.7433374
0.8764044943820224,0.9213483146067416,0.18429485,0.36525568,0.32204646,0.65701723
0.8764044943820224,0.9325842696629213,0.15843782,0.3129644,0.27878729,0.5676473
0.8764044943820224,0.9438202247191011,0.13235906,0.26072446,0.23409246,0.47585467
0.8764044943820224,0.9550561797752809,0.10609381,0.20861939,0.1882728,0.38228723
0.8764044943820224,0.9662921348314606,0.07968482,0.15661049,0.1416411,0.28753686
0.8764044943820224,0.9775280898876404,0.05317591,0.10457704,0.09450879,0.19206679
0.8764044943820224,0.9887640449438202,0.026605396,0.052392792,0.047191117,0.09617495
0.8764044943820224,1.0,-6.592161e-08,-1.299949e-07,-1.1647194e-07,-2.385061e-07
0.8876404494382022,0.0,-0.0,0.0,0.0,-0.0
0.8876404494382022,0.011235955056179775,0.023732115,0.03896023,-0.053218827,-0.08933355
0.8876404494382022,0.02247191011235955,0.047480837,0.07772899,-0.107200615,-0.18037942
0.8876404494382022,0.033707865168539325,0.0712199,0.116652764,-0.16112243,-0.2719932
0.8876404494382022,0.0449438202247191,0.09492103,0.15599406,-0.21415618,-0.36283585
0.8876404494382022,0.056179775280898875,0.11854995,0.19592586,-0.2655789,-0.45159897
0.8876404494382022,0.06741573033707865,0.14206551,0.23652497,-0.3148591,-0.5372005
0.8876404494382022,0.07865168539325842,0.16542251,0.27775773,-0.36170956,-0.618914
0.8876404494382022,0.0898876404494382,0.1885766,0.31946683,-0.40608934,-0.69640356
0.8876404494382022,0.10112359550561797,0.21148954,0.3613713,-0.44815135,-0.76965153
0.8876404494382022,0.11235955056179775,0.234133,0.40309095,-0.48814186,-0.8388065
0.8876404494382022,0.12359550561797752,0.25648904,0.4442011,-0.5262803,-0.9040026
0.8876404494382022,0.1348314606741573,0.27854642,0.4843159,-0.562659,-0.965228
0.8876404494382022,0.14606741573033707,0.3002939,0.5231855,-0.5971949,-1.0222949
0.8876404494382022,0.15730337078651685,0.32171258,0.5607658,-0.6296438,-1.0749031
0.8876404494382022,0.16853932584269662,0.34277114,0.5972317,-0.6596559,-1.1227204
0.8876404494382022,0.1797752808988764,0.36342743,0.632914,-0.6868478,-1.1654317
0.8876404494382022,0.19101123595505617,0.38363367,0.6681815,-0.7108673,-1.2027304
0.8876404494382022,0.20224719101123595,0.40334395,0.703313,-0.731437,-1.2342882
0.8876404494382022,0.21348314606741572,0.42252055,0.7384032,-0.7483827,-1.2597477
0.8876404494382022,0.2247191011235955,0.4411358,0.7733376,-0.7616367,-1.2787524
0.8876404494382022,0.23595505617977527,0.45916963,0.80783576,-0.77122045,-1.2910057
0.8876404494382022,0.24719101123595505,0.47660416,0.8415493,-0.7772062,-1.296318
0.8876404494382022,0.2584269662921348,0.49341768,0.87417054,-0.779674,-1.2946303
0.8876404494382022,0.2696629213483146,0.5095798,0.90551704,-0.7786768,-1.286014
0.8876404494382022,0.2808988764044944,0.5250538,0.93556845,-0.7742273,-1.2706732
0.8876404494382022,0.29213483146067415,0.53980327,0.9644415,-0.76630074,-1.2489152
0.8876404494382022,0.3033707865168539,0.55380285,0.99231994,-0.75484645,-1.2211103
0.8876404494382022,0.3146067415730337,0.5670509,1.0193535,-0.7397991,-1.1876177
0.8876404494382022,0.3258426966292135,0.57957375,1.0455786,-0.7211033,-1.1487045
0.8876404494382022,0.33707865168539325,0.5914191,1.0708929,-0.69874585,-1.1045204
0.8876404494382022,0.348314606741573,0.6026411,1.0950975,-0.67280203,-1.0551339
0.8876404494382022,0.3595505617977528,0.61327994,1.117978,-0.64345485,-1.0006063
0.8876404494382022,0.3707865168539326,0.6233493,1.1393745,-0.6109817,-0.94103855
0.8876404494382022,0.38202247191011235,0.6328346,1.1592193,-0.575711,-0.87659687
0.8876404494382022,0.3932584269662921,0.64169955,1.1775359,-0.5379883,-0.80751806
0.8876404494382022,0.4044943820224719,0.64989597,1.1944263,-0.49817288,-0.7341407
0.8876404494382022,0.4157303370786517,0.6573746,1.2100396,-0.45665586,-0.656946
0.8876404494382022,0.42696629213483145,0.66409135,1.2245295,-0.41386786,-0.57653594
0.8876404494382022,0.4382022471910112,0.67001,1.2379966,-0.37022623,-0.4935351
0.8876404494382022,0.449438202247191,0.6751027,1.2504386,-0.32605684,-0.40842763
0.8876404494382022,0.4606741573033708,0.6793458,1.2617408,-0.28150666,-0.3214519
0.8876404494382022,0.47191011235955055,0.6827136,1.2717133,-0.23653267,-0.23262872
0.8876404494382022,0.4831460674157303,0.68517536,1.2801634,-0.19097653,-0.14193566
0.8876404494382022,0.4943820224719101,0.6866925,1.2869645,-0.1447045,-0.049575273
0.8876404494382022,0.5056179775280899,0.68722534,1.2920792,-0.097738445,0.043847863
0.8876404494382022,0.5168539325842696,0.6867421,1.2955343,-0.050308257,0.13734491
0.8876404494382022,0.5280898876404494,0.6852288,1.2973559,-0.0027996644,0.2297661
0.8876404494382022,0.5393258426966292,0.6826973,1.2975183,0.04436856,0.32015383
0.8876404494382022,0.550561797752809,0.67918396,1.2959293,0.090860054,0.40797585
0.8876404494382022,0.5617977528089888,0.67474,1.292469,0.1364747,0.49315006
0.8876404494382022,0.5730337078651685,0.6694166,1.287049,0.18111965,0.5758319
0.8876404494382022,0.5842696629213483,0.66325223,1.2796593,0.22471528,0.65609854
0.8876404494382022,0.5955056179775281,0.65626484,1.2703893,0.26711485,0.7336878
0.8876404494382022,0.6067415730337078,0.64845324,1.2594088,0.3080627,0.8079676
0.8876404494382022,0.6179775280898876,0.6398082,1.246918,0.34722155,0.8780877
0.8876404494382022,0.6292134831460674,0.6303282,1.2330748,0.38424098,0.9432866
0.8876404494382022,0.6404494382022472,0.6200319,1.2179235,0.41882166,1.003137
0.8876404494382022,0.651685393258427,0.6089636,1.2013558,0.45074192,1.0576054
0.8876404494382022,0.6629213483146067,0.59718424,1.1831387,0.47983146,1.1068668
0.8876404494382022,0.6741573033707865,0.58475494,1.1630095,0.5059146,1.1510322
0.8876404494382022,0.6853932584269663,0.57172006,1.1407907,0.528788,1.1899412
0.8876404494382022,0.696629213483146,0.55809695,1.1164738,0.54825974,1.2231935
0.8876404494382022,0.7078651685393258,0.5438766,1.0902212,0.56423753,1.2503618
0.8876404494382022,0.7191011235955056,0.5290347,1.0622938,0.5767996,1.2712315
0.8876404494382022,0.7303370786516854,0.51354617,1.0329349,0.5861826,1.2858623
0.8876404494382022,0.7415730337078652,0.49739656,1.0022874,0.5926753,1.2944634
0.8876404494382022,0.7528089887640449,0.48058763,0.9703666,0.59648365,1.2971717
0.8876404494382022,0.7640449438202247,0.4631363,0.9370983,0.5976319,1.2938889
0.8876404494382022,0.7752808988764045,0.4450725,0.9023674,0.5959501,1.2842917
0.8876404494382022,0.7865168539325842,0.42643583,0.86605823,0.59114677,1.2679923
0.8876404494382022,0.797752808988764,0.40726992,0.8280921,0.5829297,1.2447326
0.8876404494382022,0.8089887640449438,0.38761503,0.78846717,0.5711247,1.2145172
0.8876404494382022,0.8202247191011236,0.36749962,0.7472968,0.5557437,1.1776112
0.8876404494382022,0.8314606741573034,0.34693697,0.7048038,0.5369822,1.1344322
0.8876404494382022,0.8426966292134831,0.32593206,0.66125256,0.5151402,1.0854248
0.8876404494382022,0.8539325842696629,0.3044924,0.61685467,0.49052125,1.0309677
0.8876404494382022,0.8651685393258427,0.2826384,0.5717133,0.46336034,0.97137433
0.8876404494382022,0.8764044943820224,0.26040316,0.5258437,0.4338106,0.9069271
0.8876404494382022,0.8876404494382022,0.237826,0.47924805,0.40198013,0.8379259
0.8876404494382022,0.898876404494382,0.21494347,0.4319891,0.3679786,0.7647195
0.8876404494382022,0.9101123595505618,0.19178489,0.3842185,0.33195037,0.68771887
0.8876404494382022,0.9213483146067416,0.16837415,0.3361555,0.2940902,0.60741585
0.8876404494382022,0.9325842696629213,0.14473404,0.28802654,0.25463793,0.5243784
0.8876404494382022,0.9438202247191011,0.1208919,0.23999512,0.2138634,0.4392263
0.8876404494382022,0.9550561797752809,0.09688316,0.19211173,0.17204717,0.3525783
0.8876404494382022,0.9662921348314606,0.072750166,0.14430812,0.12947008,0.2649873
0.8876404494382022,0.9775280898876404,0.04853589,0.09643986,0.0864123,0.17687613
0.8876404494382022,0.9887640449438202,0.024277443,0.048361655,0.04315972,0.08851
0.8876404494382022,1.0,-6.013801e-08,-1.201156e-07,-1.0654481e-07,-2.1937217e-07
0.898876404494382,0.0,-0.0,0.0,0.0,-0.0
0.898876404494382,0.011235955056179775,0.021455592,0.035286278,-0.04825867,-0.0813431
0.898876404494382,0.02247191011235955,0.04291425,0.07052031,-0.097216524,-0.16437705
0.898876404494382,0.033707865168539325,0.06435355,0.10601297,-0.14612798,-0.24806917
0.898876404494382,0.0449438202247191,0.08574985,0.14199005,-0.19423737,-0.33118895
0.898876404494382,0.056179775280898875,0.107074656,0.17858718,-0.24087662,-0.4125059
0.898876404494382,0.06741573033707865,0.1282939,0.21584456,-0.285544,-0.49096748
0.898876404494382,0.07865168539325842,0.14936973,0.2536991,-0.3279549,-0.56582665
0.898876404494382,0.0898876404494382,0.17026424,0.29197893,-0.368052,-0.63669354
0.898876404494382,0.10112359550561797,0.19094338,0.33041108,-0.4059688,-0.7035036
0.898876404494382,0.11235955056179775,0.21137993,0.3686476,-0.4419462,-0.76640046
0.898876404494382,0.12359550561797752,0.23155457,0.4063126,-0.4762239,-0.82557756
0.898876404494382,0.1348314606741573,0.2514536,0.44307363,-0.50893915,-0.8811344
0.898876404494382,0.14606741573033707,0.27106416,0.47871864,-0.54006684,-0.93301207
0.898876404494382,0.15730337078651685,0.29036853,0.5132132,-0.56941384,-0.9810061
0.898876404494382,0.16853932584269662,0.30934027,0.5467075,-0.5966643,-1.0248251
0.898876404494382,0.1797752808988764,0.32794526,0.57948256,-0.62144816,-1.0641415
0.898876404494382,0.19101123595505617,0.346145,0.6118514,-0.6434095,-1.0986035
0.898876404494382,0.20224719101123595,0.36390164,0.644053,-0.66225857,-1.1278427
0.898876404494382,0.21348314606741572,0.38118276,0.67617375,-0.6778072,-1.1514797
0.898876404494382,0.2247191011235955,0.39796278,0.70812523,-0.689974,-1.1691661
0.898876404494382,0.23595505617977527,0.41422153,0.739679,-0.69876975,-1.1806314
0.898876404494382,0.24719101123595505,0.42994,0.7705492,-0.7042578,-1.1857173
0.898876404494382,0.2584269662921348,0.445096,0.8004846,-0.70650935,-1.184383
0.898876404494382,0.2696629213483146,0.45966095,0.82933676,-0.70556927,-1.1767008
0.898876404494382,0.2808988764044944,0.4736017,0.8570898,-0.7014423,-1.1628385
0.898876404494382,0.29213483146067415,0.48688677,0.88383484,-0.6941007,-1.1430522
0.898876404494382,0.3033707865168539,0.49949613,0.9097036,-0.6835011,-1.1176549
0.898876404494382,0.3146067415730337,0.5114316,0.93478495,-0.66960007,-1.0869613
0.898876404494382,0.3258426966292135,0.5227201,0.95905674,-0.65237784,-1.0512254
0.898876404494382,0.33707865168539325,0.5334078,0.98237634,-0.63186216,-1.0106198
0.898876404494382,0.348314606741573,0.54354495,1.0045246,-0.60816157,-0.9652486
0.898876404494382,0.3595505617977528,0.55316836,1.0252908,-0.5814731,-0.9152084
0.898876404494382,0.3707865168539326,0.56228954,1.044534,-0.5520648,-0.86062324
0.898876404494382,0.38202247191011235,0.57089305,1.0622185,-0.52023405,-0.80165565
0.898876404494382,0.3932584269662921,0.5789427,1.0784116,-0.48627988,-0.73851985
0.898876404494382,0.4044943820224719,0.5863915,1.093259,-0.45050243,-0.6715125
0.898876404494382,0.4157303370786517,0.5931907,1.1069565,-0.41322508,-0.6010475
0.898876404494382,0.42696629213483145,0.5992964,1.1197014,-0.37480053,-0.5276533
0.898876404494382,0.4382022471910112,0.6046729,1.1316345,-0.33557513,-0.45187247
0.898876404494382,0.449438202247191,0.60929334,1.14279,-0.29581463,-0.3741357
0.898876404494382,0.4606741573033708,0.6131361,1.1530766,-0.25564086,-0.29465556
0.898876404494382,0.47191011235955055,0.6161804,1.1623094,-0.21501817,-0.21345253
0.898876404494382,0.4831460674157303,0.61840224,1.1702747,-0.17382342,-0.1305214
0.898876404494382,0.4943820224719101,0.6197726,1.1768001,-0.13196635,-0.0460471
0.898876404494382,0.5056179775280899,0.62026083,1.1817877,-0.08949352,0.0394203
0.898876404494382,0.5168539325842696,0.61984277,1.1851977,-0.04663222,0.1249889
0.898876404494382,0.5280898876404494,0.6185097,1.1870013,-0.003734658,0.20963067
0.898876404494382,0.5393258426966292,0.61627364,1.1871384,0.038825788,0.29247397
0.898876404494382,0.550561797752809,0.6131656,1.1855156,0.08075657,0.3730117
0.898876404494382,0.5617977528089888,0.60922754,1.1820431,0.12188788,0.45112103
0.898876404494382,0.5730337078651685,0.6044996,1.1766844,0.16214393,0.52688265
0.898876404494382,0.5842696629213483,0.59900945,1.1694846,0.20146675,0.6003293
0.898876404494382,0.5955056179775281,0.5927685,1.1605747,0.2397463,0.6712392
0.898876404494382,0.6067415730337078,0.5857725,1.1501421,0.27678236,0.7390932
0.898876404494382,0.6179775280898876,0.57801217,1.1383922,0.31230545,0.80320495
0.898876404494382,0.6292134831460674,0.56948453,1.1254925,0.34602013,0.8629457
0.898876404494382,0.6404494382022472,0.5602053,1.1115068,0.37765002,0.9179314
0.898876404494382,0.651685393258427,0.5502136,1.0963548,0.40694886,0.96806675
0.898876404494382,0.6629213483146067,0.5395666,1.0798211,0.43368283,1.0133984
0.898876404494382,0.6741573033707865,0.5283249,1.06163,0.45760003,1.0539123
0.898876404494382,0.6853932584269663,0.5165359,1.041562,0.47843865,1.0893869
0.898876404494382,0.696629213483146,0.5042215,1.0195526,0.4959929,1.1194638
0.898876404494382,0.7078651685393258,0.4913769,0.9957185,0.51020545,1.14383
0.898876404494382,0.7191011235955056,0.47797856,0.9702979,0.521218,1.1623988
0.898876404494382,0.7303370786516854,0.46399873,0.9435421,0.52933186,1.1753293
0.898876404494382,0.7415730337078652,0.44941923,0.91561216,0.5348865,1.1828834
0.898876404494382,0.7528089887640449,0.43423778,0.88654083,0.5381147,1.1852075
0.898876404494382,0.7640449438202247,0.41846988,0.8562528,0.53905123,1.1822057
0.898876404494382,0.7752808988764045,0.40214586,0.8246121,0.53752834,1.1735563
0.898876404494382,0.7865168539325842,0.38530603,0.79147357,0.5332519,1.1588676
0.898876404494382,0.797752808988764,0.3679944,0.7567322,0.5259244,1.1378655
0.898876404494382,0.8089887640449438,0.35024935,0.7203784,0.5153639,1.1105238
0.898876404494382,0.8202247191011236,0.33209544,0.68253297,0.50157017,1.0770562
0.898876404494382,0.8314606741573034,0.3135415,0.64343756,0.48471886,1.0378252
0.898876404494382,0.8426966292134831,0.2945871,0.6033785,0.46508652,0.99321216
0.898876404494382,0.8539325842696629,0.27523497,0.5625838,0.44294965,0.9435412
0.898876404494382,0.8651685393258427,0.25550082,0.52116776,0.4185176,0.889074
0.898876404494382,0.8764044943820224,0.23541367,0.47914675,0.39192176,0.8300519
0.898876404494382,0.8876404494382022,0.21500927,0.43652135,0.36325234,0.76675004
0.898876404494382,0.898876404494382,0.1943216,0.3933464,0.3326042,0.69951195
0.898876404494382,0.9101123595505618,0.17337833,0.3497621,0.3001087,0.6287578
0.898876404494382,0.9213483146067416,0.15220274,0.3059681,0.2659434,0.5549888
0.898876404494382,0.9325842696629213,0.13081774,0.2621647,0.23032601,0.4787766
0.898876404494382,0.9438202247191011,0.10925095,0.21848583,0.19349837,0.40072712
0.898876404494382,0.9550561797752809,0.08753741,0.17495656,0.15571024,0.32143036
0.898876404494382,0.9662921348314606,0.065718144,0.13149084,0.11721157,0.24140017
0.898876404494382,0.9775280898876404,0.043834165,0.0879333,0.078253254,0.16102177
0.898876404494382,0.9887640449438202,0.021920435,0.0441306,0.039094362,0.08052709
0.898876404494382,1.0,-5.428701e-08,-1.09701645e-07,-9.6526655e-08,-1.9948415e-07
0.9101123595505618,0.0,-0.0,0.0,0.0,-0.0
0.9101123595505618,0.011235955056179775,0.019149901,0.03157396,-0.043079022,-0.07287479
0.9101123595505618,0.02247191011235955,0.038291015,0.06319818,-0.08681848,-0.14740647
0.9101123595505618,0.033707865168539325,0.057404425,0.095144376,-0.13055861,-0.22268744
0.9101123595505618,0.0449438202247191,0.07647085,0.12760098,-0.17362145,-0.29760858
0.9101123595505618,0.056179775280898875,0.09546741,0.16066818,-0.2153972,-0.371032
0.9101123595505618,0.06741573033707865,0.114366725,0.19435519,-0.2554151,-0.44195032
0.9101123595505618,0.07865168539325842,0.13313796,0.22857822,-0.2933931,-0.5096112
0.9101123595505618,0.0898876404494382,0.15174918,0.2631627,-0.3292559,-0.57358736
0.9101123595505618,0.10112359550561797,0.17017029,0.29785517,-0.36311197,-0.6337731
0.9101123595505618,0.11235955056179775,0.18837544,0.33234912,-0.39518613,-0.690304
0.9101123595505618,0.12359550561797752,0.20634444,0.3663243,-0.42572176,-0.7434103
0.9101123595505618,0.1348314606741573,0.22406195,0.39950335,-0.45488024,-0.7932691
0.9101123595505618,0.14606741573033707,0.24151403,0.4317132,-0.4826703,-0.8399069
0.9101123595505618,0.15730337078651685,0.25868452,0.46292976,-0.5089343,-0.88318104
0.9101123595505618,0.16853932584269662,0.27555183,0.49328023,-0.53338253,-0.9228238
0.9101123595505618,0.1797752808988764,0.29208925,0.5229964,-0.55566216,-0.95849496
0.9101123595505618,0.19101123595505617,0.30826676,0.5523338,-0.5754274,-0.98982614
0.9101123595505618,0.20224719101123595,0.32405436,0.5814869,-0.59239715,-1.0164379
0.9101123595505618,0.21348314606741572,0.33942473,0.6105265,-0.6063885,-1.0379672
0.9101123595505618,0.2247191011235955,0.35435486,0.63938224,-0.61732465,-1.0541005
0.9101123595505618,0.23595505617977527,0.36882454,0.6678733,-0.6252156,-1.0646089
0.9101123595505618,0.24719101123595505,0.38281396,0.695774,-0.6301198,-1.0693673
0.9101123595505618,0.2584269662921348,0.3963003,0.7228898,-0.63209736,-1.0683515
0.9101123595505618,0.2696629213483146,0.40925634,0.74910885,-0.6311823,-1.0616211
0.9101123595505618,0.2808988764044944,0.42165235,0.7744225,-0.62736964,-1.0493038
0.9101123595505618,0.29213483146067415,0.4334616,0.7988964,-0.6206289,-1.0316013
0.9101123595505618,0.3033707865168539,0.44466907,0.82261336,-0.61092347,-1.0087633
0.9101123595505618,0.3146067415730337,0.45528004,0.84560364,-0.59823334,-0.98106086
0.9101123595505618,0.3258426966292135,0.46532142,0.8677941,-0.5825693,-0.94873583
0.9101123595505618,0.33707865168539325,0.47483712,0.88900894,-0.56399524,-0.9119719
0.9101123595505618,0.348314606741573,0.48387337,0.9090205,-0.54264504,-0.87091047
0.9101123595505618,0.3595505617977528,0.4924632,0.9276231,-0.51872224,-0.8256797
0.9101123595505618,0.3707865168539326,0.50061625,0.9446973,-0.4924784,-0.7764183
0.9101123595505618,0.38202247191011235,0.508317,0.9602351,-0.46417588,-0.7232824
0.9101123595505618,0.3932584269662921,0.5155307,0.97433084,-0.43406248,-0.6664542
0.9101123595505618,0.4044943820224719,0.5222125,0.98716474,-0.4023767,-0.60617816
0.9101123595505618,0.4157303370786517,0.52831525,0.9989643,-0.36937034,-0.5427927
0.9101123595505618,0.42696629213483145,0.53379595,1.0099617,-0.3353207,-0.47674707
0.9101123595505618,0.4382022471910112,0.5386195,1.0203377,-0.30050194,-0.40850767
0.9101123595505618,0.449438202247191,0.5427593,1.0301652,-0.2651285,-0.33845487
0.9101123595505618,0.4606741573033708,0.5461956,1.0393852,-0.22929831,-0.26679105
0.9101123595505618,0.47191011235955055,0.5489112,1.0478257,-0.19298774,-0.19354554
0.9101123595505618,0.4831460674157303,0.55088866,1.0552616,-0.15611197,-0.1187251
0.9101123595505618,0.4943820224719101,0.55210704,1.0614811,-0.11861875,-0.042508975
0.9101123595505618,0.5056179775280899,0.55254525,1.0663272,-0.08058286,0.03461477
0.9101123595505618,0.5168539325842696,0.5521869,1.0696942,-0.04222878,0.111850396
0.9101123595505618,0.5280898876404494,0.55102813,1.0715,-0.0038828538,0.1882906
0.9101123595505618,0.5393258426966292,0.5490808,1.0716536,0.03412159,0.26315218
0.9101123595505618,0.550561797752809,0.54637176,1.0700618,0.07152909,0.33596107
0.9101123595505618,0.5617977528089888,0.542934,1.0666646,0.10819708,0.40656522
0.9101123595505618,0.5730337078651685,0.5387969,1.0614706,0.14406757,0.4749974
0.9101123595505618,0.5842696629213483,0.5339794,1.0545733,0.17910624,0.541261
0.9101123595505618,0.5955056179775281,0.5284861,1.0461336,0.21323831,0.60517704
0.9101123595505618,0.6067415730337078,0.5223108,1.036351,0.24632032,0.6663451
0.9101123595505618,0.6179775280898876,0.5154439,1.0254275,0.2781447,0.724225
0.9101123595505618,0.6292134831460674,0.5078813,1.0135322,0.3084691,0.7783015
0.9101123595505618,0.6404494382022472,0.4996356,1.0007461,0.3370379,0.8282228
0.9101123595505618,0.651685393258427,0.49074027,0.9870172,0.3635855,0.8738158
0.9101123595505618,0.6629213483146067,0.48124668,0.97215575,0.3878245,0.91499525
0.9101123595505618,0.6741573033707865,0.4712129,0.95589054,0.40944162,0.9516239
0.9101123595505618,0.6853932584269663,0.460687,0.9379813,0.42813736,0.9834408
0.9101123595505618,0.696629213483146,0.44969428,0.91832334,0.44370785,1.0101401
0.9101123595505618,0.7078651685393258,0.43823332,0.8969944,0.45613474,1.0315324
0.9101123595505618,0.7191011235955056,0.42628276,0.87420565,0.46561402,1.047661
0.9101123595505618,0.7303370786516854,0.41381526,0.85019577,0.47249332,1.0587732
0.9101123595505618,0.7415730337078652,0.40081143,0.8251267,0.47713897,1.0651689
0.9101123595505618,0.7528089887640449,0.38726774,0.79903525,0.47979665,1.0670073
0.9101123595505618,0.7640449438202247,0.37319854,0.7718415,0.48050487,1.0641955
0.9101123595505618,0.7752808988764045,0.35863414,0.74339795,0.47910008,1.0564234
0.9101123595505618,0.7865168539325842,0.34361404,0.71354353,0.4752953,1.0433104
0.9101123595505618,0.797752808988764,0.3281804,0.68216467,0.46880054,1.0245827
0.9101123595505618,0.8089887640449438,0.3123685,0.64925176,0.45943493,1.0001907
0.9101123595505618,0.8202247191011236,0.29619855,0.6149352,0.44719216,0.9703023
0.9101123595505618,0.8314606741573034,0.27967504,0.57946694,0.43222824,0.93522143
0.9101123595505618,0.8426966292134831,0.26279354,0.5431411,0.41479224,0.89526916
0.9101123595505618,0.8539325842696629,0.2455529,0.5061917,0.39513075,0.85070837
0.9101123595505618,0.8651685393258427,0.22796495,0.46873355,0.37342513,0.80174583
0.9101123595505618,0.8764044943820224,0.21005484,0.43078166,0.34978327,0.7485763
0.9101123595505618,0.8876404494382022,0.191855,0.39233118,0.32427758,0.6914444
0.9101123595505618,0.898876404494382,0.17339626,0.35342863,0.29698908,0.63067317
0.9101123595505618,0.9101123595505618,0.15470429,0.3142002,0.26803538,0.5666742
0.9101123595505618,0.9213483146067416,0.13580114,0.2748252,0.23757754,0.49994344
0.9101123595505618,0.9325842696629213,0.116709165,0.23547834,0.20581096,0.4310386
0.9101123595505618,0.9438202247191011,0.09745545,0.19626944,0.17295006,0.36054125
0.9101123595505618,0.9550561797752809,0.0780737,0.15720618,0.13921446,0.28900746
0.9101123595505618,0.9662921348314606,0.058602676,0.11819527,0.10482403,0.21691194
0.9101123595505618,0.9775280898876404,0.039080538,0.079081334,0.070001386,0.14460197
0.9101123595505618,0.9887640449438202,0.019539407,0.039712,0.034979407,0.07227825
0.9101123595505618,1.0,-4.838109e-08,-9.8785556e-08,-8.637923e-08,-1.7897462e-07
0.9213483146067416,0.0,-0.0,0.0,0.0,-0.0
0.9213483146067416,0.011235955056179775,0.016814973,0.027839605,-0.037733033,-0.06402102
0.9213483146067416,0.02247191011235955,0.033611897,0.0557968,-0.07609943,-0.12964302
0.9213483146067416,0.033707865168539325,0.050375074,0.08410142,-0.11453045,-0.19608985
0.9213483146067416,0.0449438202247191,0.06708929,0.112903774,-0.15243076,-0.26238415
0.9213483146067416,0.056179775280898875,0.08373684,0.14227118,-0.18925367,-0.3274949
0.9213483146067416,0.06741573033707865,0.10029644,0.17218828,-0.22456464,-0.39047936
0.9213483146067416,0.07865168539325842,0.116743594,0.20256007,-0.25808963,-0.4506043
0.9213483146067416,0.0898876404494382,0.13305178,0.23322007,-0.28973827,-0.50742656
0.9213483146067416,0.10112359550561797,0.14919463,0.26394397,-0.3195926,-0.5608167
0.9213483146067416,0.11235955056179775,0.16514803,0.29447284,-0.3478533,-0.61089534
0.9213483146067416,0.12359550561797752,0.18089181,0.32454276,-0.3747508,-0.6579059
0.9213483146067416,0.1348314606741573,0.19640994,0.3539303,-0.40044767,-0.7020595
0.9213483146067416,0.14606741573033707,0.21168858,0.38249916,-0.4249664,-0.74342257
0.9213483146067416,0.15730337078651685,0.22671331,0.41023555,-0.44816735,-0.7818797
0.9213483146067416,0.16853932584269662,0.24146698,0.4372466,-0.46978128,-0.81717116
0.9213483146067416,0.1797752808988764,0.2559291,0.46371883,-0.4894766,-0.8489571
0.9213483146067416,0.19101123595505617,0.27007738,0.48985454,-0.50693196,-0.8768727
0.9213483146067416,0.20224719101123595,0.28388852,0.51580274,-0.5218912,-0.9005637
0.9213483146067416,0.21348314606741572,0.29734045,0.54161453,-0.53419685,-0.919714
0.9213483146067416,0.2247191011235955,0.31041265,0.567232,-0.54379046,-0.9340665
0.9213483146067416,0.23595505617977527,0.32308516,0.59251565,-0.55069005,-0.94344884
0.9213483146067416,0.24719101123595505,0.3353376,0.61729693,-0.5549512,-0.9477725
0.9213483146067416,0.2584269662921348,0.34714696,0.64143616,-0.5566235,-0.94702196
0.9213483146067416,0.2696629213483146,0.358487,0.66485965,-0.5557264,-0.941237
0.9213483146067416,0.2808988764044944,0.3693312,0.68756706,-0.5522434,-0.93050575
0.9213483146067416,0.29213483146067415,0.3796573,0.7096033,-0.54613966,-0.9149693
0.9213483146067416,0.3033707865168539,0.38945502,0.73100644,-0.53738594,-0.89481777
0.9213483146067416,0.3146067415730337,0.39873236,0.75175554,-0.5259795,-0.870277
0.9213483146067416,0.3258426966292135,0.4075163,0.77173555,-0.511958,-0.84156966
0.9213483146067416,0.33707865168539325,0.41584775,0.79074776,-0.4954133,-0.8088881
0.9213483146067416,0.348314606741573,0.42376858,0.8085633,-0.47649577,-0.7723997
0.9213483146067416,0.3595505617977528,0.43130803,0.8249895,-0.45540816,-0.732256
0.9213483146067416,0.3707865168539326,0.43847373,0.83992606,-0.43237996,-0.6886041
0.9213483146067416,0.38202247191011235,0.44525117,0.85338193,-0.40763766,-0.6415867
0.9213483146067416,0.3932584269662921,0.45160803,0.8654698,-0.3813792,-0.5913517
0.9213483146067416,0.4044943820224719,0.4575027,0.8763821,-0.35378462,-0.5380861
0.9213483146067416,0.4157303370786517,0.46289092,0.88636416,-0.32503924,-0.4820585
0.9213483146067416,0.42696629213483145,0.46773154,0.8956712,-0.29534954,-0.42363617
0.9213483146067416,0.4382022471910112,0.47199023,0.90451306,-0.26492506,-0.36322287
0.9213483146067416,0.449438202247191,0.47564062,0.91300166,-0.23393103,-0.30115625
0.9213483146067416,0.4606741573033708,0.47866404,0.9211153,-0.20244643,-0.23762539
0.9213483146067416,0.47191011235955055,0.48104635,0.9287056,-0.17045808,-0.17267942
0.9213483146067416,0.4831460674157303,0.48277542,0.9355475,-0.13791168,-0.10633822
0.9213483146067416,0.4943820224719101,0.48383757,0.9414023,-0.1047908,-0.0387636
0.9213483146067416,0.5056179775280899,0.4842202,0.94606197,-0.07118979,0.029616423
0.9213483146067416,0.5168539325842696,0.48391426,0.9493651,-0.037331004,0.09811648
0.9213483146067416,0.5280898876404494,0.4829199,0.9511815,-0.0035145304,0.16593876
0.9213483146067416,0.5393258426966292,0.48124966,0.95139647,0.029958954,0.23239203
0.9213483146067416,0.550561797752809,0.47892535,0.94992024,0.062867075,0.2970404
0.9213483146067416,0.5617977528089888,0.4759724,0.9467178,0.0950909,0.3597228
0.9213483146067416,0.5730337078651685,0.4724112,0.94183695,0.12659007,0.42043677
0.9213483146067416,0.5842696629213483,0.46825248,0.93540376,0.15735003,0.4791773
0.9213483146067416,0.5955056179775281,0.4634963,0.92759806,0.18733011,0.5358097
0.9213483146067416,0.6067415730337078,0.45813543,0.9186181,0.2164347,0.5900389
0.9213483146067416,0.6179775280898876,0.45216045,0.9086534,0.24451196,0.6414555
0.9213483146067416,0.6292134831460674,0.4455673,0.8978644,0.27136588,0.6896463
0.9213483146067416,0.6404494382022472,0.43836522,0.8863416,0.296761,0.7342716
0.9213483146067416,0.651685393258427,0.43058145,0.8740603,0.32041988,0.7750873
0.9213483146067416,0.6629213483146067,0.42226085,0.86086303,0.34201956,0.81188935
0.9213483146067416,0.6741573033707865,0.41345617,0.84650093,0.36120966,0.84443504
0.9213483146067416,0.6853932584269663,0.40421355,0.8307332,0.3776736,0.87244076
0.9213483146067416,0.696629213483146,0.39455917,0.81343704,0.39122483,0.8956655
0.9213483146067416,0.7078651685393258,0.38449475,0.794658,0.40188134,0.91403383
0.9213483146067416,0.7191011235955056,0.37400222,0.7745748,0.40987784,0.9276979
0.9213483146067416,0.7303370786516854,0.3630566,0.75340104,0.4155849,0.936975
0.9213483146067416,0.7415730337078652,0.3516397,0.7312831,0.41937384,0.9421877
0.9213483146067416,0.7528089887640449,0.33974838,0.7082495,0.4214865,0.94349957
0.9213483146067416,0.7640449438202247,0.3273966,0.6842189,0.4219612,0.94082713
0.9213483146067416,0.7752808988764045,0.31461316,0.6590405,0.42064327,0.9338832
0.9213483146067416,0.7865168539325842,0.30143532,0.63255566,0.41726366,0.92231256
0.9213483146067416,0.797752808988764,0.2879017,0.6046557,0.4115514,0.9058562
0.9213483146067416,0.8089887640449438,0.27404293,0.5753399,0.40333846,0.8844495
0.9213483146067416,0.8202247191011236,0.2598751,0.5447451,0.3926142,0.85822505
0.9213483146067416,0.8314606741573034,0.24539897,0.51312274,0.37951604,0.8274312
0.9213483146067416,0.8426966292134831,0.23060769,0.48075992,0.36426198,0.79232717
0.9213483146067416,0.8539325842696629,0.21549766,0.44788104,0.34706467,0.753118
0.9213483146067416,0.8651685393258427,0.20007788,0.41459352,0.32807568,0.70995563
0.9213483146067416,0.8764044943820224,0.18437001,0.38090718,0.3073796,0.66298926
0.9213483146067416,0.8876404494382022,0.16840275,0.34681138,0.28503206,0.6124239
0.9213483146067416,0.898876404494382,0.15220368,0.31234455,0.261101,0.5585535
0.9213483146067416,0.9101123595505618,0.13579576,0.277619,0.23569152,0.5017669
0.9213483146067416,0.9213483146067416,0.11919918,0.24279322,0.20894875,0.44253403
0.9213483146067416,0.9325842696629213,0.10243484,0.20801921,0.18104666,0.38138187
0.9213483146067416,0.9438202247191011,0.085528225,0.17338704,0.15217303,0.3188547
0.9213483146067416,0.9550561797752809,0.06851072,0.13889448,0.12251873,0.25546438
0.9213483146067416,0.9662921348314606,0.05141785,0.10444993,0.09227432,0.19164282
0.9213483146067416,0.9775280898876404,0.03428427,0.0699066,0.0616341,0.12769929
0.9213483146067416,0.9887640449438202,0.01713883,0.035119385,0.030803874,0.06380512
0.9213483146067416,1.0,-4.2430827e-08,-8.740651e-08,-7.607734e-08,-1.5794643e-07
0.9325842696629213,0.0,-0.0,0.0,0.0,-0.0
0.9325842696629213,0.011235955056179775,0.014453513,0.024076069,-0.032275885,-0.054879066
0.9325842696629213,0.02247191011235955,0.028882911,0.0483063,-0.065154225,-0.11126716
0.9325842696629213,0.033707865168539325,0.043275468,0.07287689,-0.09815987,-0.16852182
0.9325842696629213,0.0449438202247191,0.057619654,0.09790059,-0.13078459,-0.2258049
0.9325842696629213,0.056179775280898875,0.07190236,0.12341479,-0.16255176,-0.28220776
0.9325842696629213,0.06741573033707865,0.086107686,0.14938612,-0.1930719,-0.33687678
0.9325842696629213,0.07865168539325842,0.10021653,0.1757174,-0.22208819,-0.38912737
0.9325842696629213,0.0898876404494382,0.11420728,0.2022591,-0.24950299,-0.43853027
0.9325842696629213,0.10112359550561797,0.12805714,0.22882248,-0.27537376,-0.48494458
0.9325842696629213,0.11235955056179775,0.14174414,0.25519747,-0.29986954,-0.5284737
0.9325842696629213,0.12359550561797752,0.15524933,0.28117424,-0.3231929,-0.56934464
0.9325842696629213,0.1348314606741573,0.16855718,0.30657816,-0.3454885,-0.6077616
0.9325842696629213,0.14606741573033707,0.1816547,0.33130595,-0.3667732,-0.6437889
0.9325842696629213,0.15730337078651685,0.19452965,0.35535368,-0.3869139,-0.67731166
0.9325842696629213,0.16853932584269662,0.20716846,0.37881088,-0.40565944,-0.70807225
0.9325842696629213,0.1797752808988764,0.2195561,0.40182656,-0.42270505,-0.73574245
0.9325842696629213,0.19101123595505617,0.23167625,0.42455482,-0.43776482,-0.759986
0.9325842696629213,0.20224719101123595,0.2435116,0.44710442,-0.45062253,-0.780501
0.9325842696629213,0.21348314606741572,0.25504452,0.46950653,-0.4611577,-0.7970397
0.9325842696629213,0.2247191011235955,0.2662569,0.49171272,-0.46933964,-0.8094194
0.9325842696629213,0.23595505617977527,0.27712968,0.51361984,-0.4751994,-0.8175272
0.9325842696629213,0.24719101123595505,0.28764215,0.5351119,-0.47879082,-0.82131135
0.9325842696629213,0.2584269662921348,0.29777133,0.55610085,-0.4801522,-0.82076305
0.9325842696629213,0.2696629213483146,0.3074924,0.57655007,-0.4792866,-0.81589997
0.9325842696629213,0.2808988764044944,0.3167817,0.59646976,-0.47616524,-0.8067671
0.9325842696629213,0.29213483146067415,0.3256212,0.6158866,-0.47074792,-0.7934458
0.9325842696629213,0.3033707865168539,0.33400488,0.63480204,-0.46300966,-0.7760733
0.9325842696629213,0.3146067415730337,0.34194297,0.653152,-0.4529618,-0.7548274
0.9325842696629213,0.3258426966292135,0.3494623,0.6707899,-0.44066158,-0.7299053
0.9325842696629213,0.33707865168539325,0.35660022,0.6875055,-0.42621806,-0.7015006
0.9325842696629213,0.348314606741573,0.36339384,0.7030771,-0.40978944,-0.6697942
0.9325842696629213,0.3595505617977528,0.36986837,0.7173303,-0.39157137,-0.63494956
0.9325842696629213,0.3707865168539326,0.37603,0.7301814,-0.37177008,-0.5971169
0.9325842696629213,0.38202247191011235,0.38186526,0.7416502,-0.35057566,-0.5564255
0.9325842696629213,0.3932584269662921,0.38734558,0.751851,-0.32814318,-0.51298714
0.9325842696629213,0.4044943820224719,0.3924335,0.76097435,-0.3046025,-0.46693987
0.9325842696629213,0.4157303370786517,0.397089,0.7692621,-0.2800827,-0.41849095
0.9325842696629213,0.42696629213483145,0.4012736,0.77697575,-0.2547293,-0.36793453
0.9325842696629213,0.4382022471910112,0.40495443,0.78434443,-0.2286934,-0.3156168
0.9325842696629213,0.449438202247191,0.40810585,0.7915104,-0.2020981,-0.26183653
0.9325842696629213,0.4606741573033708,0.41070992,0.79848945,-0.17500198,-0.20677531
0.9325842696629213,0.47191011235955055,0.4127547,0.80516726,-0.14739868,-0.15049504
0.9325842696629213,0.4831460674157303,0.41423196,0.8113316,-0.11925541,-0.09302061
0.9325842696629213,0.4943820224719101,0.4151344,0.81673187,-0.09058115,-0.034494326
0.9325842696629213,0.5056179775280899,0.4154566,0.82112646,-0.06148203,0.024730785
0.9325842696629213,0.5168539325842696,0.4151954,0.8243127,-0.032169953,0.08407071
0.9325842696629213,0.5280898876404494,0.4143549,0.82612425,-0.0029215687,0.14284906
0.9325842696629213,0.5393258426966292,0.4129469,0.8264307,0.025997417,0.20046514
0.9325842696629213,0.550561797752809,0.41098934,0.8251491,0.054393005,0.2565329
0.9325842696629213,0.5617977528089888,0.4085006,0.8222666,0.08216665,0.3108913
0.9325842696629213,0.5730337078651685,0.4054937,0.8178566,0.1092938,0.36352202
0.9325842696629213,0.5842696629213483,0.40197334,0.812066,0.13577746,0.4144213
0.9325842696629213,0.5955056179775281,0.39793682,0.8050772,0.16160245,0.46349794
0.9325842696629213,0.6067415730337078,0.3933767,0.7970744,0.18671244,0.5105475
0.9325842696629213,0.6179775280898876,0.38828513,0.7882249,0.21099888,0.5552702
0.9325842696629213,0.6292134831460674,0.38265866,0.77866983,0.23430395,0.59733224
0.9325842696629213,0.6404494382022472,0.3765038,0.76850015,0.25641286,0.63641036
0.9325842696629213,0.651685393258427,0.36984184,0.75771374,0.27704844,0.6722024
0.9325842696629213,0.6629213483146067,0.36270967,0.74619114,0.29587296,0.7044069
0.9325842696629213,0.6741573033707865,0.355153,0.73371774,0.31252465,0.73271275
0.9325842696629213,0.6853932584269663,0.3472131,0.72007465,0.32669476,0.7568287
0.9325842696629213,0.696629213483146,0.33891547,0.7051368,0.33822048,0.776576
0.9325842696629213,0.7078651685393258,0.33026344,0.68892807,0.347151,0.7919722
0.9325842696629213,0.7191011235955056,0.32124263,0.671592,0.35373944,0.80324847
0.9325842696629213,0.7303370786516854,0.31183213,0.65330696,0.35835493,0.81075865
0.9325842696629213,0.7415730337078652,0.30201662,0.6341936,0.36135307,0.81483257
0.9325842696629213,0.7528089887640449,0.29179424,0.61426884,0.36295956,0.81563157
0.9325842696629213,0.7640449438202247,0.2811784,0.59345096,0.36321095,0.81308854
0.9325842696629213,0.7752808988764045,0.27019548,0.5715996,0.3619674,0.8069497
0.9325842696629213,0.7865168539325842,0.25887892,0.5485698,0.35898787,0.7968998
0.9325842696629213,0.797752808988764,0.24726216,0.52427125,0.35403112,0.78270537
0.9325842696629213,0.8089887640449438,0.23537087,0.49871525,0.34694773,0.76430005
0.9325842696629213,0.8202247191011236,0.22321692,0.4720396,0.33772698,0.7417851
0.9325842696629213,0.8314606741573034,0.21079895,0.44448248,0.3264857,0.7153587
0.9325842696629213,0.8426966292134831,0.198109,0.4163079,0.31340787,0.6852222
0.9325842696629213,0.8539325842696629,0.18514264,0.38771722,0.29866946,0.6515267
0.9325842696629213,0.8651685393258427,0.17190695,0.35880214,0.28239068,0.61437535
0.9325842696629213,0.8764044943820224,0.15842049,0.32956585,0.26463497,0.5738743
0.9325842696629213,0.8876404494382022,0.14470793,0.2999938,0.24544345,0.5301885
0.9325842696629213,0.898876404494382,0.13079318,0.27011716,0.22487253,0.48357448
0.9325842696629213,0.9101123595505618,0.11669603,0.24003431,0.20301546,0.43438295
0.9325842696629213,0.9213483146067416,0.10243405,0.20988521,0.18000184,0.38304323
0.9325842696629213,0.9325842696629213,0.0880259,0.17980002,0.15598471,0.33003393
0.9325842696629213,0.9438202247191011,0.07349446,0.14985374,0.13112673,0.27584565
0.9325842696629213,0.9550561797752809,0.058867816,0.12004008,0.1055907,0.220937
0.9325842696629213,0.9662921348314606,0.04417748,0.09027564,0.0795387,0.16569038
0.9325842696629213,0.9775280898876404,0.029453972,0.060428347,0.0531364,0.11037557
0.9325842696629213,0.9887640449438202,0.0147227,0.030365322,0.026560897,0.05513688
0.9325842696629213,1.0,-3.644528e-08,-7.560261e-08,-6.560613e-08,-1.3646648e-07
0.9438202247191011,0.0,-0.0,0.0,0.0,-0.0
0.9438202247191011,0.011235955056179775,0.012070933,0.020257711,-0.026760768,-0.045548663
0.9438202247191011,0.02247191011235955,0.024115084,0.040681,-0.05407615,-0.092466086
0.9438202247191011,0.033707865168539325,0.036122475,0.0614129,-0.081564575,-0.14024201
0.9438202247191011,0.0449438202247191,0.04808479,0.08253056,-0.10880908,-0.1881846
0.9438202247191011,0.056179775280898875,0.059992887,0.10404612,-0.13541067,-0.23552419
0.9438202247191011,0.06741573033707865,0.071835294,0.1259142,-0.16103591,-0.28152168
0.9438202247191011,0.07865168539325842,0.08359757,0.14804296,-0.18545704,-0.32557184
0.9438202247191011,0.0898876404494382,0.09526233,0.1703058,-0.20857781,-0.36728635
0.9438202247191011,0.10112359550561797,0.10681035,0.19255222,-0.23043418,-0.40652716
0.9438202247191011,0.11235955056179775,0.11822259,0.21461903,-0.25115886,-0.44337195
0.9438202247191011,0.12359550561797752,0.12948208,0.23634553,-0.27091447,-0.47800708
0.9438202247191011,0.1348314606741573,0.14057504,0.25759926,-0.28981292,-0.5105947
0.9438202247191011,0.14606741573033707,0.15149021,0.27830508,-0.30785352,-0.5411687
0.9438202247191011,0.15730337078651685,0.16221748,0.29846564,-0.32490483,-0.56959957
0.9438202247191011,0.16853932584269662,0.17274654,0.31815663,-0.34073493,-0.59563506
0.9438202247191011,0.1797752808988764,0.18306649,0.33749506,-0.3550739,-0.61897296
0.9438202247191011,0.19101123595505617,0.1931657,0.35659653,-0.36767983,-0.63932663
0.9438202247191011,0.20224719101123595,0.2030315,0.37553594,-0.37838462,-0.65646267
0.9438202247191011,0.21348314606741572,0.21264982,0.39432955,-0.3871101,-0.67021483
0.9438202247191011,0.2247191011235955,0.22200501,0.41293788,-0.39385504,-0.6804766
0.9438202247191011,0.23595505617977527,0.23107916,0.4312906,-0.39866462,-0.6871957
0.9438202247191011,0.24719101123595505,0.23985195,0.44931835,-0.40158957,-0.69035286
0.9438202247191011,0.2584269662921348,0.24830104,0.46698067,-0.40265554,-0.6899413
0.9438202247191011,0.2696629213483146,0.25640333,0.48427287,-0.40185058,-0.6859577
0.9438202247191011,0.2808988764044944,0.2641382,0.5012151,-0.39913404,-0.6784064
0.9438202247191011,0.29213483146067415,0.2714917,0.51782006,-0.39446077,-0.6673216
0.9438202247191011,0.3033707865168539,0.27846137,0.5340598,-0.38780877,-0.65278405
0.9438202247191011,0.3146067415730337,0.28505915,0.54983914,-0.37919718,-0.6349283
0.9438202247191011,0.3258426966292135,0.29131088,0.56499195,-0.36869496,-0.6139213
0.9438202247191011,0.33707865168539325,0.29724988,0.579308,-0.35641807,-0.5899454
0.9438202247191011,0.348314606741573,0.30290827,0.59258175,-0.3425234,-0.5631797
0.9438202247191011,0.3595505617977528,0.308307,0.6046605,-0.32719263,-0.5337929
0.9438202247191011,0.3707865168539326,0.31345084,0.6154768,-0.31060836,-0.50193244
0.9438202247191011,0.38202247191011235,0.318328,0.6250541,-0.29292804,-0.46771273
0.9438202247191011,0.3932584269662921,0.32291412,0.63349634,-0.2742732,-0.43122238
0.9438202247191011,0.4044943820224719,0.32717702,0.640976,-0.25473484,-0.39255938
0.9438202247191011,0.4157303370786517,0.3310817,0.64771456,-0.23439759,-0.3518819
0.9438202247191011,0.42696629213483145,0.33459386,0.6539608,-0.21335766,-0.30942166
0.9438202247191011,0.4382022471910112,0.33768308,0.6599448,-0.19171733,-0.26546866
0.9438202247191011,0.449438202247191,0.34032512,0.6658279,-0.16956003,-0.2202813
0.9438202247191011,0.4606741573033708,0.34250292,0.6716588,-0.14692579,-0.17403045
0.9438202247191011,0.47191011235955055,0.34420627,0.67735904,-0.12380816,-0.12677951
0.9438202247191011,0.4831460674157303,0.34542975,0.6827444,-0.10018798,-0.07855705
0.9438202247191011,0.4943820224719101,0.3461709,0.6875711,-0.07608718,-0.029471256
0.9438202247191011,0.5056179775280899,0.34642944,0.6915854,-0.05161196,0.02019261
0.9438202247191011,0.5168539325842696,0.3462073,0.6945623,-0.026957627,0.06996659
0.9438202247191011,0.5280898876404494,0.34551096,0.6963161,-0.0023704276,0.119289905
0.9438202247191011,0.5393258426966292,0.34435153,0.69671124,0.02191766,0.16766384
0.9438202247191011,0.550561797752809,0.34274274,0.69567406,0.045742262,0.2147537
0.9438202247191011,0.5617977528089888,0.34069723,0.69321007,0.06902431,0.26041743
0.9438202247191011,0.5730337078651685,0.3382223,0.68940866,0.09175218,0.30463398
0.9438202247191011,0.5842696629213483,0.3353186,0.68441886,0.11394038,0.34740266
0.9438202247191011,0.5955056179775281,0.33198217,0.6784137,0.13559262,0.3886758
0.9438202247191011,0.6067415730337078,0.32820675,0.6715521,0.15667899,0.42831767
0.9438202247191011,0.6179775280898876,0.3239868,0.66396993,0.17712326,0.4661158
0.9438202247191011,0.6292134831460674,0.31931984,0.65578264,0.19679762,0.5018017
0.9438202247191011,0.6404494382022472,0.31421053,0.6470725,0.21550924,0.5350689
0.9438202247191011,0.651685393258427,0.30867454,0.6378546,0.23299304,0.5655814
0.9438202247191011,0.6629213483146067,0.30274057,0.628046,0.24892037,0.5929821
0.9438202247191011,0.6741573033707865,0.29644522,0.61747754,0.26294518,0.6169198
0.9438202247191011,0.6853932584269663,0.28982368,0.6059649,0.27478424,0.6371172
0.9438202247191011,0.696629213483146,0.28289825,0.5933956,0.2843042,0.65344596
0.9438202247191011,0.7078651685393258,0.2756733,0.57977897,0.29157466,0.66598743
0.9438202247191011,0.7191011235955056,0.26813808,0.56522423,0.2968451,0.675011
0.9438202247191011,0.7303370786516854,0.2602763,0.54987,0.30046093,0.6808779
0.9438202247191011,0.7415730337078652,0.2520762,0.533808,0.30274543,0.68390566
0.9438202247191011,0.7528089887640449,0.24353758,0.5170426,0.3039001,0.6842511
0.9438202247191011,0.7640449438202247,0.23467289,0.49949762,0.30395916,0.68186605
0.9438202247191011,0.7752808988764045,0.22550523,0.4810509,0.30280334,0.6765417
0.9438202247191011,0.7865168539325842,0.21606295,0.46158305,0.30022737,0.66801333
0.9438202247191011,0.797752808988764,0.20637368,0.4410265,0.29602733,0.65608233
0.9438202247191011,0.8089887640449438,0.19645761,0.41940588,0.29007718,0.640689
0.9438202247191011,0.8202247191011236,0.18632336,0.39685184,0.28236657,0.6219081
0.9438202247191011,0.8314606741573034,0.17596844,0.3735765,0.27299008,0.5998914
0.9438202247191011,0.8426966292134831,0.1653853,0.34980735,0.2620954,0.5747893
0.9438202247191011,0.8539325842696629,0.15456991,0.325712,0.24982038,0.5467056
0.9438202247191011,0.8651685393258427,0.1435281,0.30136192,0.23625556,0.5157025
0.9438202247191011,0.8764044943820224,0.13227555,0.2767529,0.22144525,0.481849
0.9438202247191011,0.8876404494382022,0.12083288,0.25186846,0.20541885,0.4452721
0.9438202247191011,0.898876404494382,0.109219775,0.22673486,0.18822347,0.406186
0.9438202247191011,0.9101123595505618,0.097452514,0.20143762,0.16994038,0.3648929
0.9438202247191011,0.9213483146067416,0.0855456,0.17609683,0.15068315,0.32176608
0.9438202247191011,0.9325842696629213,0.07351475,0.15082325,0.13058403,0.2772211
0.9438202247191011,0.9438202247191011,0.06137951,0.1256796,0.10978081,0.2316821
0.9438202247191011,0.9550561797752809,0.049163792,0.100659885,0.08840932,0.18554325
0.9438202247191011,0.9662921348314606,0.03689444,0.0756932,0.06660369,0.13913117
0.9438202247191011,0.9775280898876404,0.02459742,0.050666478,0.04450079,0.092674375
0.9438202247191011,0.9887640449438202,0.012294504,0.025462674,0.022247337,0.04629158
0.9438202247191011,1.0,-3.0432275e-08,-6.3411875e-08,-5.4958864e-08,-1.1457062e-07
0.9550561797752809,0.0,-0.0,0.0,0.0,-0.0
0.9550561797752809,0.011235955056179775,0.009673905,0.016353453,-0.021238709,-0.036134996
0.9550561797752809,0.02247191011235955,0.019321613,0.03286441,-0.042959593,-0.073444515
0.9550561797752809,0.033707865168539325,0.028935641,0.04963576,-0.06487259,-0.111546464
0.9550561797752809,0.0449438202247191,0.038510352,0.06671375,-0.08665424,-0.14990057
0.9550561797752809,0.056179775280898875,0.04803977,0.08409086,-0.107990295,-0.1878912
0.9550561797752809,0.06741573033707865,0.057516024,0.10171663,-0.1286131,-0.22491686
0.9550561797752809,0.07865168539325842,0.066928506,0.11950995,-0.14833461,-0.26047814
0.9550561797752809,0.0898876404494382,0.07626367,0.13736995,-0.16706873,-0.2942471
0.9550561797752809,0.10112359550561797,0.085506044,0.15518326,-0.18483318,-0.3260987
0.9550561797752809,0.11235955056179775,0.09463993,0.17282966,-0.20172186,-0.35607794
0.9550561797752809,0.12359550561797752,0.10365137,0.19019097,-0.2178503,-0.3843127
0.9550561797752809,0.1348314606741573,0.11252919,0.20716925,-0.23329028,-0.41090336
0.9550561797752809,0.14606741573033707,0.12126439,0.22371155,-0.24802013,-0.4358395
0.9550561797752809,0.15730337078651685,0.12984928,0.23982455,-0.2619116,-0.45897695
0.9550561797752809,0.16853932584269662,0.1382763,0.25557023,-0.27475926,-0.4800811
0.9550561797752809,0.1797752808988764,0.14653759,0.27103916,-0.2863362,-0.4988919
0.9550561797752809,0.19101123595505617,0.15462494,0.2863167,-0.29645103,-0.5151868
0.9550561797752809,0.20224719101123595,0.16252898,0.3014532,-0.30498502,-0.5288072
0.9550561797752809,0.21348314606741572,0.17023861,0.31645644,-0.3119001,-0.53966576
0.9550561797752809,0.2247191011235955,0.1777404,0.3312981,-0.31722122,-0.5477271
0.9550561797752809,0.23595505617977527,0.18501799,0.34593806,-0.3210013,-0.55298835
0.9550561797752809,0.24719101123595505,0.1920523,0.36034703,-0.32328573,-0.555455
0.9550561797752809,0.2584269662921348,0.1988227,0.37452266,-0.32408816,-0.5551222
0.9550561797752809,0.2696629213483146,0.20530848,0.38848606,-0.3233835,-0.55196863
0.9550561797752809,0.2808988764044944,0.21149239,0.40226343,-0.32112327,-0.54596823
0.9550561797752809,0.29213483146067415,0.21736419,0.41585723,-0.3172603,-0.53711486
0.9550561797752809,0.3033707865168539,0.22292426,0.4292195,-0.3117736,-0.5254471
0.9550561797752809,0.3146067415730337,0.22818549,0.44223773,-0.30468625,-0.51105326
0.9550561797752809,0.3258426966292135,0.2331714,0.45474145,-0.29606825,-0.49406692
0.9550561797752809,0.33707865168539325,0.23791084,0.46653357,-0.2860323,-0.47464636
0.9550561797752809,0.348314606741573,0.24243027,0.47743347,-0.2747239,-0.45295876
0.9550561797752809,0.3595505617977528,0.24674644,0.4873145,-0.26230463,-0.42916462
0.9550561797752809,0.3707865168539326,0.25086263,0.4961238,-0.2489318,-0.40340272
0.9550561797752809,0.38202247191011235,0.254769,0.50388354,-0.2347373,-0.37578028
0.9550561797752809,0.3932584269662921,0.2584459,0.510679,-0.21981545,-0.346371
0.9550561797752809,0.4044943820224719,0.26186723,0.5166505,-0.20423113,-0.31524652
0.9550561797752809,0.4157303370786517,0.2650041,0.52198464,-0.18803689,-0.28252292
0.9550561797752809,0.42696629213483145,0.26782763,0.52689713,-0.17129087,-0.24838121
0.9550561797752809,0.4382022471910112,0.27031127,0.53160053,-0.15405558,-0.21304964
0.9550561797752809,0.449438202247191,0.2724333,0.53625685,-0.13638133,-0.17674427
0.9550561797752809,0.4606741573033708,0.2741783,0.54093695,-0.11828769,-0.13961183
0.9550561797752809,0.47191011235955055,0.27553722,0.5455977,-0.09976443,-0.10170972
0.9550561797752809,0.4831460674157303,0.2765069,0.5500914,-0.08079872,-0.063061826
0.9550561797752809,0.4943820224719101,0.2770878,0.55420035,-0.061415292,-0.023743542
0.9550561797752809,0.5056179775280899,0.2772832,0.5576845,-0.04171021,0.016033607
0.9550561797752809,0.5168539325842696,0.27709818,0.5603183,-0.0218531,0.055907644
0.9550561797752809,0.5280898876404494,0.27654022,0.561918,-0.0020529171,0.09544315
0.9550561797752809,0.5393258426966292,0.27561903,0.56235486,0.01749682,0.13424043
0.9550561797752809,0.550561797752809,0.2743447,0.5615683,0.03666166,0.17203118
0.9550561797752809,0.5617977528089888,0.27272505,0.55957717,0.055381823,0.20869681
0.9550561797752809,0.5730337078651685,0.2707632,0.5564742,0.073655196,0.24422319
0.9550561797752809,0.5842696629213483,0.26845765,0.5523999,0.09150373,0.2786217
0.9550561797752809,0.5955056179775281,0.2658043,0.5475034,0.1089418,0.31187183
0.9550561797752809,0.6067415730337078,0.26279896,0.54191196,0.12595552,0.34389436
0.9550561797752809,0.6179775280898876,0.2594385,0.53572553,0.14249068,0.3745411
0.9550561797752809,0.6292134831460674,0.25572193,0.52903014,0.15844277,0.40359703
0.9550561797752809,0.6404494382022472,0.25165233,0.5218942,0.17364419,0.43078053
0.9550561797752809,0.651685393258427,0.24724042,0.51434195,0.18785606,0.4557525
0.9550561797752809,0.6629213483146067,0.24250665,0.50632393,0.2007813,0.47814146
0.9550561797752809,0.6741573033707865,0.23747876,0.4977181,0.21211213,0.49759695
0.9550561797752809,0.6853932584269663,0.232184,0.4883824,0.22160575,0.5138653
0.9550561797752809,0.696629213483146,0.22664054,0.47822487,0.22915947,0.52685785
0.9550561797752809,0.7078651685393258,0.22085282,0.4672452,0.23484859,0.53668535
0.9550561797752809,0.7191011235955056,0.2148134,0.45552146,0.23890069,0.5436178
0.9550561797752809,0.7303370786516854,0.20851067,0.44315335,0.24161781,0.5479928
0.9550561797752809,0.7415730337078652,0.20193674,0.43020347,0.24327715,0.5500997
0.9550561797752809,0.7528089887640449,0.19509257,0.41666716,0.24405074,0.55008596
0.9550561797752809,0.7640449438202247,0.18798934,0.402478,0.24397033,0.54792726
0.9550561797752809,0.7752808988764045,0.18064603,0.38753906,0.24294181,0.5434631
0.9550561797752809,0.7865168539325842,0.1730853,0.37176076,0.24080077,0.53648794
0.9550561797752809,0.797752808988764,0.16532855,0.35510036,0.2373844,0.5268437
0.9550561797752809,0.8089887640449438,0.1573908,0.33759117,0.23259182,0.5144793
0.9550561797752809,0.8202247191011236,0.14927803,0.31934974,0.22641328,0.49944893
0.9550561797752809,0.8314606741573034,0.14098755,0.3005523,0.21892025,0.48186177
0.9550561797752809,0.8426966292134831,0.13251324,0.28138053,0.2102233,0.46182394
0.9550561797752809,0.8539325842696629,0.12385222,0.26196286,0.20042342,0.4393994
0.9550561797752809,0.8651685393258427,0.11500966,0.24234834,0.18958388,0.4146212
0.9550561797752809,0.8764044943820224,0.10599821,0.22252722,0.1777335,0.38752893
0.9550561797752809,0.8876404494382022,0.09683434,0.20248361,0.1648928,0.35821506
0.9550561797752809,0.898876404494382,0.08753343,0.18223974,0.15110068,0.326849
0.9550561797752809,0.9101123595505618,0.07810803,0.16186759,0.13642624,0.29367673
0.9550561797752809,0.9213483146067416,0.06856936,0.14146723,0.120965354,0.2590042
0.9550561797752809,0.9325842696629213,0.05892983,0.12113003,0.10482824,0.22317263
0.9550561797752809,0.9438202247191011,0.049204994,0.10090791,0.08812771,0.18652833
0.9550561797752809,0.9550561797752809,0.03941418,0.08079763,0.07097312,0.14939274
0.9550561797752809,0.9662921348314606,0.029579021,0.06074333,0.05347109,0.1120315
0.9550561797752809,0.9775280898876404,0.019720593,0.040653512,0.03572978,0.07462937
0.9550561797752809,0.9887640449438202,0.009856851,0.020430204,0.017864801,0.037281305
0.9550561797752809,1.0,-2.4397508e-08,-5.0886136e-08,-4.413948e-08,-9.227857e-08
0.9662921348314606,0.0,-0.0,0.0,0.0,-0.0
0.9662921348314606,0.011235955056179775,0.0072680595,0.012345069,-0.015759185,-0.026752472
0.9662921348314606,0.02247191011235955,0.014513378,0.02482488,-0.031902645,-0.05443419
0.9662921348314606,0.033707865168539325,0.021730632,0.037507672,-0.048227046,-0.08278381
0.9662921348314606,0.0449438202247191,0.028916262,0.05041569,-0.06450211,-0.11141434
0.9662921348314606,0.056179775280898875,0.036066636,0.06352981,-0.08050147,-0.13987422
0.9662921348314606,0.06741573033707865,0.043176714,0.07680115,-0.09602955,-0.16771527
0.9662921348314606,0.07865168539325842,0.050239064,0.090163425,-0.110945575,-0.19456
0.9662921348314606,0.0898876404494382,0.057243798,0.10354175,-0.12517992,-0.22015521
0.9662921348314606,0.10112359550561797,0.064179264,0.116856545,-0.13873585,-0.24439181
0.9662921348314606,0.11235955056179775,0.07103368,0.13002434,-0.15166923,-0.26728147
0.9662921348314606,0.12359550561797752,0.07779677,0.14296202,-0.16404848,-0.28888717
0.9662921348314606,0.1348314606741573,0.08446043,0.15560055,-0.17590638,-0.30924478
0.9662921348314606,0.14606741573033707,0.09101842,0.1679025,-0.18720466,-0.32830408
0.9662921348314606,0.15730337078651685,0.09746543,0.17987514,-0.19782725,-0.34592128
0.9662921348314606,0.16853932584269662,0.10379621,0.19156606,-0.20760553,-0.36189464
0.9662921348314606,0.1797752808988764,0.11000527,0.20304307,-0.2163635,-0.37602377
0.9662921348314606,0.19101123595505617,0.11608671,0.2143675,-0.22396359,-0.38815445
0.9662921348314606,0.20224719101123595,0.122033596,0.22557451,-0.23033291,-0.39820093
0.9662921348314606,0.21348314606741572,0.1278371,0.23666923,-0.23546518,-0.40614033
0.9662921348314606,0.2247191011235955,0.13348602,0.24763802,-0.23939984,-0.41198978
0.9662921348314606,0.23595505617977527,0.13896625,0.2584663,-0.24219012,-0.4157806
0.9662921348314606,0.24719101123595505,0.14426118,0.26915577,-0.24387275,-0.4175337
0.9662921348314606,0.2584269662921348,0.14935301,0.27972987,-0.24445012,-0.41724437
0.9662921348314606,0.2696629213483146,0.15422453,0.29022494,-0.24389023,-0.41488078
0.9662921348314606,0.2808988764044944,0.15886223,0.30066925,-0.24214245,-0.41039807
0.9662921348314606,0.29213483146067415,0.16325925,0.31105763,-0.23916185,-0.40376705
0.9662921348314606,0.3033707865168539,0.16741785,0.32133394,-0.23492981,-0.39499173
0.9662921348314606,0.3146067415730337,0.17135027,0.33138484,-0.22946733,-0.38412413
0.9662921348314606,0.3258426966292135,0.1750766,0.3410538,-0.22283693,-0.37125805
0.9662921348314606,0.33707865168539325,0.17862,0.3501715,-0.21513648,-0.35651842
0.9662921348314606,0.348314606741573,0.1820009,0.358591,-0.20648961,-0.34004638
0.9662921348314606,0.3595505617977528,0.18523173,0.36621428,-0.19703166,-0.3219844
0.9662921348314606,0.3707865168539326,0.18831442,0.3730037,-0.1868923,-0.30245894
0.9662921348314606,0.38202247191011235,0.19124137,0.37897548,-0.17617908,-0.2815661
0.9662921348314606,0.3932584269662921,0.19399785,0.384191,-0.1649669,-0.2593723
0.9662921348314606,0.4044943820224719,0.19656444,0.38875118,-0.15330254,-0.23593338
0.9662921348314606,0.4157303370786517,0.19891937,0.3927944,-0.14121774,-0.21133229
0.9662921348314606,0.42696629213483145,0.20104033,0.396488,-0.12874363,-0.18569937
0.9662921348314606,0.4382022471910112,0.2029062,0.400006,-0.115911655,-0.15920138
0.9662921348314606,0.449438202247191,0.20449913,0.40349227,-0.10274446,-0.13200068
0.9662921348314606,0.4606741573033708,0.20580614,0.4070239,-0.089244395,-0.1042077
0.9662921348314606,0.47191011235955055,0.20681989,0.41058612,-0.075396985,-0.07586882
0.9662921348314606,0.4831460674157303,0.20753829,0.4140731,-0.06118918,-0.046996605
0.9662921348314606,0.4943820224719101,0.20796348,0.41731045,-0.04664232,-0.017637769
0.9662921348314606,0.5056179775280899,0.20810011,0.4200936,-0.031834763,0.012061601
0.9662921348314606,0.5168539325842696,0.20795451,0.42222524,-0.016901657,0.041845378
0.9662921348314606,0.5280898876404494,0.20753388,0.42354313,-0.0020073547,0.0713941
0.9662921348314606,0.5393258426966292,0.20684578,0.4239386,0.012697615,0.10041357
0.9662921348314606,0.550561797752809,0.20589687,0.42336872,0.027111538,0.1287033
0.9662921348314606,0.5617977528089888,0.20469122,0.4218593,0.04119277,0.15617752
0.9662921348314606,0.5730337078651685,0.20322935,0.41949716,0.05494609,0.1828311
0.9662921348314606,0.5842696629213483,0.20150885,0.4164013,0.06839557,0.20868482
0.9662921348314606,0.5955056179775281,0.19952661,0.41268912,0.08155915,0.23374048
0.9662921348314606,0.6067415730337078,0.19728032,0.40845206,0.09443129,0.25795606
0.9662921348314606,0.6179775280898876,0.19476902,0.40375647,0.106973104,0.2812314
0.9662921348314606,0.6292134831460674,0.19199292,0.3986585,0.11910118,0.30339867
0.9662921348314606,0.6404494382022472,0.18895404,0.39320904,0.13067797,0.32421583
0.9662921348314606,0.651685393258427,0.18565895,0.387435,0.14150454,0.34337434
0.9662921348314606,0.6629213483146067,0.18212076,0.3813128,0.15133573,0.36053354
0.9662921348314606,0.6741573033707865,0.17835836,0.3747638,0.15992115,0.37537995
0.9662921348314606,0.6853932584269663,0.17439115,0.36768812,0.16706857,0.3876973
0.9662921348314606,0.696629213483146,0.17023262,0.36001673,0.17270407,0.39742503
0.9662921348314606,0.7078651685393258,0.16588666,0.35174456,0.17689613,0.40467137
0.9662921348314606,0.7191011235955056,0.16134875,0.3429206,0.17983246,0.4096741
0.9662921348314606,0.7303370786516854,0.15661152,0.33360946,0.18175565,0.41272056
0.9662921348314606,0.7415730337078652,0.15167038,0.3238486,0.18288681,0.41405556
0.9662921348314606,0.7528089887640449,0.14652738,0.31362757,0.18336293,0.41381094
0.9662921348314606,0.7640449438202247,0.14119154,0.30289465,0.18321292,0.41198376
0.9662921348314606,0.7752808988764045,0.13567743,0.29157963,0.1823691,0.40846422
0.9662921348314606,0.7865168539325842,0.13000162,0.27962354,0.18071091,0.4031054
0.9662921348314606,0.797752808988764,0.1241794,0.26700568,0.17811756,0.39579177
0.9662921348314606,0.8089887640449438,0.1182211,0.2537628,0.17451406,0.3864838
0.9662921348314606,0.8202247191011236,0.11213041,0.23999058,0.16989143,0.37521634
0.9662921348314606,0.8314606741573034,0.10590523,0.22582336,0.16429827,0.36206287
0.9662921348314606,0.8426966292134831,0.09954134,0.21139313,0.15780981,0.34709075
0.9662921348314606,0.8539325842696629,0.09303718,0.19678868,0.15049352,0.3303353
0.9662921348314606,0.8651685393258427,0.08639721,0.18203887,0.14238943,0.31180906
0.9662921348314606,0.8764044943820224,0.07963115,0.16713116,0.13351464,0.29153213
0.9662921348314606,0.8876404494382022,0.072751194,0.15205228,0.123883486,0.2695673
0.9662921348314606,0.898876404494382,0.065768436,0.13682063,0.11352677,0.24603909
0.9662921348314606,0.9101123595505618,0.058691755,0.12149343,0.10250001,0.22113188
0.9662921348314606,0.9213483146067416,0.051529136,0.10614873,0.0908792,0.19507723
0.9662921348314606,0.9325842696629213,0.044289496,0.09085767,0.078750655,0.16813287
0.9662921348314606,0.9438202247191011,0.036984332,0.07566145,0.0662011,0.14056082
0.9662921348314606,0.9550561797752809,0.02962798,0.060559854,0.053313375,0.112603925
0.9662921348314606,0.9662921348314606,0.022236638,0.045512922,0.04016706,0.08446285
0.9662921348314606,0.9775280898876404,0.014826279,0.030452255,0.026841931,0.05627745
0.9662921348314606,0.9887640449438202,0.007410778,0.0153015945,0.013422702,0.028119527
0.9662921348314606,1.0,-1.8342895e-08,-3.8113516e-08,-3.317042e-08,-6.9613776e-08
0.9775280898876404,0.0,-0.0,0.0,0.0,-0.0
0.9775280898876404,0.011235955056179775,0.0048557296,0.008244267,-0.010368527,-0.01752324
0.9775280898876404,0.02247191011235955,0.009694526,0.016589038,-0.021002768,-0.03568959
0.9775280898876404,0.033707865168539325,0.0145128975,0.025074558,-0.03177854,-0.054346018
0.9775280898876404,0.0449438202247191,0.01930876,0.0337079,-0.04255385,-0.07325342
0.9775280898876404,0.056179775280898875,0.024080133,0.04246762,-0.05318808,-0.09212529
0.9775280898876404,0.06741573033707865,0.028824074,0.051313587,-0.063558415,-0.11067199
0.9775280898876404,0.07865168539325842,0.033535954,0.060197614,-0.07357393,-0.12864514
0.9775280898876404,0.0898876404494382,0.038209334,0.069069736,-0.0831857,-0.1458711
0.9775280898876404,0.10112359550561797,0.04283664,0.07787919,-0.092387535,-0.16226357
0.9775280898876404,0.11235955056179775,0.047410294,0.086573064,-0.101203255,-0.17780548
0.9775280898876404,0.12359550561797752,0.051923897,0.095097646,-0.10966124,-0.1925058
0.9775280898876404,0.1348314606741573,0.056372646,0.103406966,-0.11776488,-0.20635118
0.9775280898876404,0.14606741573033707,0.06075301,0.111475684,-0.12547147,-0.21927348
0.9775280898876404,0.15730337078651685,0.06506189,0.119308546,-0.13268976,-0.23115051
0.9775280898876404,0.16853932584269662,0.06929606,0.12693806,-0.13929921,-0.24183476
0.9775280898876404,0.1797752808988764,0.07345187,0.13441035,-0.14518179,-0.251194
0.9775280898876404,0.19101123595505617,0.07752521,0.14176725,-0.15025282,-0.25914237
0.9775280898876404,0.20224719101123595,0.081510946,0.1490339,-0.15447688,-0.26565126
0.9775280898876404,0.21348314606741572,0.08540252,0.1562179,-0.157866,-0.27073917
0.9775280898876404,0.2247191011235955,0.08919133,0.1633185,-0.16046046,-0.2744496
0.9775280898876404,0.23595505617977527,0.09286653,0.1703401,-0.1623039,-0.27682734
0.9775280898876404,0.24719101123595505,0.096415356,0.17730206,-0.16342083,-0.27789682
0.9775280898876404,0.2584269662921348,0.09982437,0.18423863,-0.16380636,-0.27765253
0.9775280898876404,0.2696629213483146,0.103081,0.19118802,-0.16342881,-0.27606168
0.9775280898876404,0.2808988764044944,0.10617594,0.19817458,-0.1622447,-0.27307826
0.9775280898876404,0.29213483146067415,0.10910519,0.20519026,-0.16021691,-0.26866326
0.9775280898876404,0.3033707865168539,0.111871645,0.21218343,-0.1573303,-0.26280412
0.9775280898876404,0.3146067415730337,0.11448517,0.21905942,-0.15360062,-0.25552243
0.9775280898876404,0.3258426966292135,0.11696068,0.2256952,-0.14907429,-0.24687512
0.9775280898876404,0.33707865168539325,0.11931469,0.23196407,-0.1438246,-0.23694669
0.9775280898876404,0.348314606741573,0.12156109,0.23776153,-0.13794293,-0.22584008
0.9775280898876404,0.3595505617977528,0.123707846,0.24302109,-0.13152978,-0.2136665
0.9775280898876404,0.3707865168539326,0.12575597,0.24771823,-0.12468203,-0.20052812
0.9775280898876404,0.38202247191011235,0.12770027,0.2518625,-0.11748045,-0.18650673
0.9775280898876404,0.3932584269662921,0.12953101,0.2554895,-0.10998166,-0.17165826
0.9775280898876404,0.4044943820224719,0.13123588,0.2586589,-0.10221921,-0.15602583
0.9775280898876404,0.4157303370786517,0.13280068,0.26145503,-0.09421189,-0.13966389
0.9775280898876404,0.42696629213483145,0.13421056,0.263987,-0.08597279,-0.12265279
0.9775280898876404,0.4382022471910112,0.13545112,0.26637483,-0.07751225,-0.10509782
0.9775280898876404,0.449438202247191,0.13650969,0.26872557,-0.06883348,-0.087100625
0.9775280898876404,0.4606741573033708,0.13737687,0.2711046,-0.059927724,-0.06873052
0.9775280898876404,0.47191011235955055,0.13804726,0.27351525,-0.050777365,-0.050014425
0.9775280898876404,0.4831460674157303,0.13851969,0.2758926,-0.041370124,-0.030955123
0.9775280898876404,0.4943820224719101,0.13879624,0.27811763,-0.031719625,-0.011578339
0.9775280898876404,0.5056179775280899,0.13888143,0.28004235,-0.021880647,0.008029277
0.9775280898876404,0.5168539325842696,0.13878068,0.2815205,-0.011947469,0.02770415
0.9775280898876404,0.5280898876404494,0.13849966,0.2824318,-0.00203393,0.047239862
0.9775280898876404,0.5393258426966292,0.13804331,0.28270057,0.007757501,0.06644293
0.9775280898876404,0.550561797752809,0.13741523,0.28230143,0.017358765,0.085183375
0.9775280898876404,0.5617977528089888,0.13661687,0.28126264,0.02674524,0.10340695
0.9775280898876404,0.5730337078651685,0.13564731,0.27965385,0.035924762,0.12111742
0.9775280898876404,0.5842696629213483,0.13450438,0.2775629,0.044918377,0.1383385
0.9775280898876404,0.5955056179775281,0.13318609,0.2750702,0.053742222,0.15508395
0.9775280898876404,0.6067415730337078,0.13169172,0.27223295,0.062394504,0.1713353
0.9775280898876404,0.6179775280898876,0.13002172,0.2690878,0.07084833,0.18703061
0.9775280898876404,0.6292134831460674,0.12817694,0.26566538,0.07904327,0.20205039
0.9775280898876404,0.6404494382022472,0.12615852,0.26199794,0.08687869,0.21621025
0.9775280898876404,0.651685393258427,0.123969845,0.25810847,0.09421007,0.22927016
0.9775280898876404,0.6629213483146067,0.121618055,0.25398985,0.10086073,0.24096315
0.9775280898876404,0.6741573033707865,0.11911431,0.24959847,0.10665307,0.25104755
0.9775280898876404,0.6853932584269663,0.11647061,0.24487242,0.11145304,0.25936118
0.9775280898876404,0.696629213483146,0.11369575,0.23976552,0.11521184,0.26586214
0.9775280898876404,0.7078651685393258,0.110792734,0.23426919,0.117980905,0.27063432
0.9775280898876404,0.7191011235955056,0.10775953,0.22840881,0.1198937,0.2738558
0.9775280898876404,0.7303370786516854,0.10459226,0.22221886,0.1211209,0.27573946
0.9775280898876404,0.7415730337078652,0.101289034,0.21571687,0.12181721,0.27646753
0.9775280898876404,0.7528089887640449,0.09785205,0.20889127,0.12208024,0.2761455
0.9775280898876404,0.7640449438202247,0.094287895,0.20170656,0.12193332,0.27478436
0.9775280898876404,0.7752808988764045,0.09060622,0.19411956,0.12133504,0.27232087
0.9775280898876404,0.7865168539325842,0.086817734,0.18609837,0.12020755,0.26866361
0.9775280898876404,0.797752808988764,0.08293183,0.17763875,0.11847247,0.26373765
0.9775280898876404,0.8089887640449438,0.07895473,0.16877376,0.116080165,0.25751612
0.9775280898876404,0.8202247191011236,0.0748884,0.1595727,0.11302316,0.25001788
0.9775280898876404,0.8314606741573034,0.07073147,0.15012537,0.10932959,0.2412855
0.9775280898876404,0.8426966292134831,0.06648153,0.14051577,0.10504375,0.23135585
0.9775280898876404,0.8539325842696629,0.06213818,0.13079648,0.10020424,0.22024553
0.9775280898876404,0.8651685393258427,0.057704832,0.12098109,0.09483315,0.20795612
0.9775280898876404,0.8764044943820224,0.053188156,0.1110581,0.08893944,0.1944964
0.9775280898876404,0.8876404494382022,0.04859607,0.10101829,0.08253259,0.17990452
0.9775280898876404,0.898876404494382,0.04393561,0.0908755,0.07563488,0.16426091
0.9775280898876404,0.9101123595505618,0.039212268,0.08066995,0.06828605,0.14768685
0.9775280898876404,0.9213483146067416,0.03443095,0.07045565,0.06053959,0.13033503
0.9775280898876404,0.9325842696629213,0.02959731,0.060281534,0.052455243,0.112376094
0.9775280898876404,0.9438202247191011,0.024718769,0.05017669,0.044092394,0.093983635
0.9775280898876404,0.9550561797752809,0.019804684,0.040143006,0.03550681,0.07531912
0.9775280898876404,0.9662921348314606,0.014865769,0.030155528,0.026751239,0.056516536
0.9775280898876404,0.9775280898876404,0.009912727,0.020169381,0.017877825,0.037669655
0.9775280898876404,0.9887640449438202,0.004955099,0.010132317,0.008941306,0.018827613
0.9775280898876404,1.0,-1.2264905e-08,-2.5236275e-08,-2.2100645e-08,-4.6621306e-08
0.9887640449438202,0.0,-0.0,0.0,0.0,-0.0
0.9887640449438202,0.011235955056179775,0.0024349457,0.004101342,-0.005106213,-0.008569627
0.9887640449438202,0.02247191011235955,0.004860639,0.008258578,-0.0103471065,-0.01746846
0.9887640449438202,0.033707865168539325,0.0072752535,0.012490131,-0.015667101,-0.026632994
0.9887640449438202,0.0449438202247191,0.009677768,0.01679654,-0.021002464,-0.035956625
0.9887640449438202,0.056179775280898875,0.012067303,0.021163192,-0.026289985,-0.045307413
0.9887640449438202,0.06741573033707865,0.014442529,0.025566436,-0.031473797,-0.054548543
0.9887640449438202,0.07865168539325842,0.01680129,0.02997968,-0.036511146,-0.063558735
0.9887640449438202,0.0898876404494382,0.019140532,0.03437695,-0.041376363,-0.072248116
0.9887640449438202,0.10112359550561797,0.021456689,0.038732696,-0.04606115,-0.080562934
0.9887640449438202,0.11235955056179775,0.023746304,0.043020323,-0.050568793,-0.08847718
0.9887640449438202,0.12359550561797752,0.026006633,0.047212087,-0.05490277,-0.095973134
0.9887640449438202,0.1348314606741573,0.02823579,0.05128348,-0.059053928,-0.103021026
0.9887640449438202,0.14606741573033707,0.030432448,0.055220407,-0.0629915,-0.109567255
0.9887640449438202,0.15730337078651685,0.032595385,0.059024356,-0.06666356,-0.11553816
0.9887640449438202,0.16853932584269662,0.03472305,0.06271181,-0.070007324,-0.12085635
0.9887640449438202,0.1797752808988764,0.03681349,0.066307165,-0.0729653,-0.12546086
0.9887640449438202,0.19101123595505617,0.038864307,0.069833405,-0.07550029,-0.1293215
0.9887640449438202,0.20224719101123595,0.040872477,0.073306106,-0.07760231,-0.13244127
0.9887640449438202,0.21348314606741572,0.042834137,0.07673359,-0.07928563,-0.13484861
0.9887640449438202,0.2247191011235955,0.044744235,0.08012211,-0.08057684,-0.13658226
0.9887640449438202,0.23595505617977527,0.046596497,0.08348283,-0.08150071,-0.13767612
0.9887640449438202,0.24719101123595505,0.048383713,0.08683554,-0.082068555,-0.13814703
0.9887640449438202,0.2584269662921348,0.050098393,0.09020704,-0.08227373,-0.1379901
0.9887640449438202,0.2696629213483146,0.05173376,0.09362325,-0.082095,-0.13718244
0.9887640449438202,0.2808988764044944,0.05328502,0.09709893,-0.08150538,-0.13569243
0.9887640449438202,0.29213483146067415,0.054750502,0.10062748,-0.080482796,-0.13349177
0.9887640449438202,0.3033707865168539,0.056132276,0.10417627,-0.07901816,-0.13056576
0.9887640449438202,0.3146067415730337,0.05743609,0.107688904,-0.07711965,-0.12691861
0.9887640449438202,0.3258426966292135,0.05867008,0.11109524,-0.0748123,-0.12257467
0.9887640449438202,0.33707865168539325,0.05984291,0.11432606,-0.072135486,-0.117575645
0.9887640449438202,0.348314606741573,0.06096159,0.11732612,-0.06913926,-0.11197691
0.9887640449438202,0.3595505617977528,0.062029947,0.12006196,-0.065879226,-0.10584195
0.9887640449438202,0.3707865168539326,0.06304827,0.12252138,-0.062409934,-0.09923304
0.9887640449438202,0.38202247191011235,0.06401397,0.12470753,-0.058778036,-0.09220189
0.9887640449438202,0.3932584269662921,0.06492247,0.12663381,-0.055016886,-0.08478467
0.9887640449438202,0.4044943820224719,0.06576797,0.12832347,-0.051146183,-0.07700758
0.9887640449438202,0.4157303370786517,0.06654388,0.12981172,-0.04717512,-0.06889716
0.9887640449438202,0.42696629213483145,0.06724311,0.13114801,-0.0431071,-0.06048961
0.9887640449438202,0.4382022471910112,0.06785854,0.13239084,-0.038941644,-0.051830817
0.9887640449438202,0.449438202247191,0.06838373,0.13359663,-0.034673724,-0.042965386
0.9887640449438202,0.4606741573033708,0.06881371,0.13480368,-0.030292595,-0.033922166
0.9887640449438202,0.47191011235955055,0.06914554,0.13601996,-0.025784373,-0.024709897
0.9887640449438202,0.4831460674157303,0.06937862,0.1372171,-0.021139963,-0.015326462
0.9887640449438202,0.4943820224719101,0.06951429,0.13833618,-0.01636521,-0.005780693
0.9887640449438202,0.5056179775280899,0.06955523,0.13930021,-0.011488187,0.0038871255
0.9887640449438202,0.5168539325842696,0.069504574,0.14003177,-0.006557458,0.013598254
0.9887640449438202,0.5280898876404494,0.06936534,0.14046791,-0.0016314931,0.02325155
0.9887640449438202,0.5393258426966292,0.06913979,0.1405711,0.0032375678,0.032751586
0.9887640449438202,0.550561797752809,0.068829104,0.14033341,0.008016386,0.042033963
0.9887640449438202,0.5617977528089888,0.0684333,0.13977563,0.012694173,0.051074058
0.9887640449438202,0.5730337078651685,0.06795131,0.13893916,0.017277326,0.059877202
0.9887640449438202,0.5842696629213483,0.06738172,0.13787222,0.021778822,0.068461604
0.9887640449438202,0.5955056179775281,0.06672371,0.13661596,0.02620851,0.076839566
0.9887640449438202,0.6067415730337078,0.065977395,0.13519627,0.030566007,0.0850074
0.9887640449438202,0.6179775280898876,0.065143555,0.13362737,0.03483654,0.09293452
0.9887640449438202,0.6292134831460674,0.06422292,0.13192083,0.03898727,0.10055652
0.9887640449438202,0.6404494382022472,0.063216016,0.13009164,0.04296358,0.10777039
0.9887640449438202,0.651685393258427,0.062123973,0.12815286,0.04668799,0.11443975
0.9887640449438202,0.6629213483146067,0.060949665,0.12610471,0.050066687,0.120413296
0.9887640449438202,0.6741573033707865,0.059697885,0.12392895,0.053006217,0.12555467
0.9887640449438202,0.6853932584269663,0.058374226,0.12159622,0.055436898,0.12977318
0.9887640449438202,0.696629213483146,0.056983013,0.11908236,0.05733351,0.13304506
0.9887640449438202,0.7078651685393258,0.055526093,0.11637935,0.05872294,0.1354155
0.9887640449438202,0.7191011235955056,0.05400299,0.11349469,0.05967454,0.13698089
0.9887640449438202,0.7303370786516854,0.05241252,0.11044044,0.060276743,0.13785738
0.9887640449438202,0.7415730337078652,0.05075435,0.10722095,0.060610235,0.13814668
0.9887640449438202,0.7528089887640449,0.049030066,0.10382787,0.06072678,0.13791074
0.9887640449438202,0.7640449438202247,0.047243215,0.100243375,0.060640648,0.13716295
0.9887640449438202,0.7752808988764045,0.045398552,0.096448414,0.060333446,0.13587713
0.9887640449438202,0.7865168539325842,0.043501113,0.092431515,0.059768047,0.13401079
0.9887640449438202,0.797752808988764,0.04155515,0.0881963,0.058906652,0.13152808
0.9887640449438202,0.8089887640449438,0.03956333,0.08376433,0.057724897,0.12841463
0.9887640449438202,0.8202247191011236,0.037526406,0.07917315,0.056218006,0.124677725
0.9887640449438202,0.8314606741573034,0.035443705,0.074467935,0.054397836,0.1203352
0.9887640449438202,0.8426966292134831,0.033314265,0.06968827,0.05228333,0.115402095
0.9887640449438202,0.8539325842696629,0.031138215,0.06485736,0.04989071,0.109883815
0.9887640449438202,0.8651685393258427,0.028917529,0.05997928,0.047228858,0.10377945
0.9887640449438202,0.8764044943820224,0.026655566,0.05504713,0.04430149,0.097091734
0.9887640449438202,0.8876404494382022,0.024356198,0.050056506,0.041113682,0.08983865
0.9887640449438202,0.898876404494382,0.022022694,0.045015246,0.037677795,0.08205877
0.9887640449438202,0.9101123595505618,0.019657552,0.039944343,0.03401501,0.07381068
0.9887640449438202,0.9213483146067416,0.017263032,0.03487143,0.030153448,0.06516883
0.9887640449438202,0.9325842696629213,0.014841774,0.029821448,0.02612398,0.0562164
0.9887640449438202,0.9438202247191011,0.012397354,0.02480959,0.021956878,0.04703866
0.9887640449438202,0.9550561797752809,0.009934333,0.019837722,0.017680274,0.03771534
0.9887640449438202,0.9662921348314606,0.0074579995,0.014894368,0.013320335,0.028313076
0.9887640449438202,0.9775280898876404,0.00497373,0.009957569,0.008902498,0.018879175
0.9887640449438202,0.9887640449438202,0.0024864469,0.0050007305,0.004453101,0.009439269
0.9887640449438202,1.0,-6.154704e-09,-1.2453484e-08,-1.1009566e-08,-2.33797e-08
1.0,0.0,-0.0,0.0,0.0,0.0
1.0,0.011235955056179775,-6.054097e-09,-1.0024478e-08,1.2439256e-08,2.0675301e-08
1.0,0.02247191011235955,-1.2083446e-08,-2.0203203e-08,2.5210015e-08,4.2176712e-08
1.0,0.033707865168539325,-1.8082948e-08,-3.0581003e-08,3.819214e-08,6.438411e-08
1.0,0.0449438202247191,-2.4049722e-08,-4.1155232e-08,5.124865e-08,8.7073964e-08
1.0,0.056179775280898875,-2.9981535e-08,-5.188262e-08,6.4244254e-08,1.09956304e-07
1.0,0.06741573033707865,-3.5875317e-08,-6.2696074e-08,7.705776e-08,1.3271838e-07
1.0,0.07865168539325842,-4.172618e-08,-7.352202e-08,8.9591786e-08,1.5506924e-07
1.0,0.0898876404494382,-4.7527294e-08,-8.428974e-08,1.01779605e-07,1.7677264e-07
1.0,0.10112359550561797,-5.327087e-08,-9.4930606e-08,1.1358503e-07,1.9765905e-07
1.0,0.11235955056179775,-5.894984e-08,-1.0537258e-07,1.2499079e-07,2.176072e-07
1.0,0.12359550561797752,-6.45591e-08,-1.1553946e-07,1.3597517e-07,2.3650604e-07
1.0,0.1348314606741573,-7.009576e-08,-1.253626e-07,1.4648593e-07,2.542161e-07
1.0,0.14606741573033707,-7.555797e-08,-1.3480012e-07,1.5642397e-07,2.7055432e-07
1.0,0.15730337078651685,-8.094351e-08,-1.4385222e-07,1.6564796e-07,2.8531272e-07
1.0,0.16853932584269662,-8.6248534e-08,-1.5256086e-07,1.740009e-07,2.983012e-07
1.0,0.1797752808988764,-9.1467435e-08,-1.609921e-07,1.8134982e-07,3.0939356e-07
1.0,0.19101123595505617,-9.6592906e-08,-1.6921277e-07,1.8761978e-07,3.185575e-07
1.0,0.20224719101123595,-1.0161566e-07,-1.7727493e-07,1.9280687e-07,3.2585285e-07
1.0,0.21348314606741572,-1.06524055e-07,-1.8521723e-07,1.9696584e-07,3.314012e-07
1.0,0.2247191011235955,-1.1130346e-07,-1.9307754e-07,2.0017599e-07,3.353406e-07
1.0,0.23595505617977527,-1.1593607e-07,-2.009094e-07,2.025023e-07,3.3777994e-07
1.0,0.24719101123595505,-1.20402e-07,-2.0878853e-07,2.0396715e-07,3.387685e-07
1.0,0.2584269662921348,-1.2468105e-07,-2.168044e-07,2.0454198e-07,3.3828584e-07
1.0,0.2696629213483146,-1.2875532e-07,-2.2503664e-07,2.0415985e-07,3.362573e-07
1.0,0.2808988764044944,-1.3261288e-07,-2.3352669e-07,2.0274194e-07,3.3258308e-07
1.0,0.29213483146067415,-1.3625012e-07,-2.422518e-07,2.0022532e-07,3.2717224e-07
1.0,0.3033707865168539,-1.3967369e-07,-2.511155e-07,1.9658408e-07,3.1996893e-07
1.0,0.3146067415730337,-1.4289932e-07,-2.5995877e-07,1.9183787e-07,3.1096872e-07
1.0,0.3258426966292135,-1.4594858e-07,-2.685895e-07,1.8605141e-07,3.002192e-07
1.0,0.33707865168539325,-1.4884351e-07,-2.7682384e-07,1.7932757e-07,2.8782017e-07
1.0,0.348314606741573,-1.5160147e-07,-2.8451964e-07,1.7179906e-07,2.7391755e-07
1.0,0.3595505617977528,-1.5423144e-07,-2.9159364e-07,1.6361658e-07,2.5868894e-07
1.0,0.3707865168539326,-1.567338e-07,-2.980143e-07,1.5493194e-07,2.42316e-07
1.0,0.38202247191011235,-1.5910231e-07,-3.0378283e-07,1.4587827e-07,2.2495598e-07
1.0,0.3932584269662921,-1.6132655e-07,-3.089177e-07,1.3655408e-07,2.0672408e-07
1.0,0.4044943820224719,-1.6339386e-07,-3.134539e-07,1.2701798e-07,1.8769612e-07
1.0,0.4157303370786517,-1.6528975e-07,-3.1745398e-07,1.17295166e-07,1.6793523e-07
1.0,0.42696629213483145,-1.6699828e-07,-3.2101883e-07,1.0738693e-07,1.4751801e-07
1.0,0.4382022471910112,-1.6850282e-07,-3.242814e-07,9.727817e-08,1.2653429e-07
1.0,0.449438202247191,-1.6978771e-07,-3.2738032e-07,8.69384e-08,1.0506832e-07
1.0,0.4606741573033708,-1.7084042e-07,-3.3041982e-07,7.632294e-08,8.3168324e-08
1.0,0.47191011235955055,-1.7165327e-07,-3.3343355e-07,6.5382494e-08,6.083871e-08
1.0,0.4831460674157303,-1.7222463e-07,-3.363628e-07,5.4085604e-08,3.8060893e-08
1.0,0.4943820224719101,-1.7255809e-07,-3.390677e-07,4.2442586e-08,1.4849085e-08
1.0,0.5056179775280899,-1.7266083e-07,-3.4135752e-07,3.052313e-08,-8.702711e-09
1.0,0.5168539325842696,-1.7254104e-07,-3.4303844e-07,1.8450576e-08,-3.240273e-08
1.0,0.5280898876404494,-1.72206e-07,-3.4395612e-07,6.3720833e-09,-5.6000797e-08
1.0,0.5393258426966292,-1.7166006e-07,-3.4402686e-07,-5.581668e-09,-7.925839e-08
1.0,0.550561797752809,-1.7090429e-07,-3.4324964e-07,-1.7329551e-08,-1.0201408e-07
1.0,0.5617977528089888,-1.6993647e-07,-3.4169665e-07,-2.8848893e-08,-1.242098e-07
1.0,0.5730337078651685,-1.6875231e-07,-3.3949001e-07,-4.0160806e-08,-1.4586738e-07
1.0,0.5842696629213483,-1.6734776e-07,-3.3676005e-07,-5.1302553e-08,-1.6704365e-07
1.0,0.5955056179775281,-1.6572105e-07,-3.336105e-07,-6.230224e-08,-1.8778441e-07
1.0,0.6067415730337078,-1.6387371e-07,-3.3009917e-07,-7.3159384e-08,-2.0809092e-07
1.0,0.6179775280898876,-1.6180888e-07,-3.2625044e-07,-8.3834045e-08,-2.2788956e-07
1.0,0.6292134831460674,-1.5952918e-07,-3.220837e-07,-9.4238544e-08,-2.4700955e-07
1.0,0.6404494382022472,-1.5703576e-07,-3.176313e-07,-1.0422864e-07,-2.6517165e-07
1.0,0.651685393258427,-1.5433022e-07,-3.129281e-07,-1.13602724e-07,-2.8200486e-07
1.0,0.6629213483146067,-1.5141791e-07,-3.0798128e-07,-1.221182e-07,-2.9709716e-07
1.0,0.6741573033707865,-1.4830918e-07,-3.0275123e-07,-1.295346e-07,-3.1007755e-07
1.0,0.6853932584269663,-1.4501708e-07,-2.97166e-07,-1.3567171e-07,-3.2069644e-07
1.0,0.696629213483146,-1.4155253e-07,-2.9115756e-07,-1.4046219e-07,-3.288837e-07
1.0,0.7078651685393258,-1.3792135e-07,-2.846927e-07,-1.43971e-07,-3.3475177e-07
1.0,0.7191011235955056,-1.3412432e-07,-2.7777295e-07,-1.4637124e-07,-3.3855324e-07
1.0,0.7303370786516854,-1.3016049e-07,-2.7041153e-07,-1.478863e-07,-3.4059676e-07
1.0,0.7415730337078652,-1.2603097e-07,-2.6260636e-07,-1.4872191e-07,-3.411598e-07
1.0,0.7528089887640449,-1.21741e-07,-2.5432976e-07,-1.4901345e-07,-3.4041858e-07
1.0,0.7640449438202247,-1.1729978e-07,-2.4553762e-07,-1.4880301e-07,-3.3842622e-07
1.0,0.7752808988764045,-1.1271878e-07,-2.361911e-07,-1.4805178e-07,-3.3513217e-07
1.0,0.7865168539325842,-1.08009424e-07,-2.262756e-07,-1.4667364e-07,-3.304387e-07
1.0,0.797752808988764,-1.03180845e-07,-2.1581604e-07,-1.4457918e-07,-3.2425984e-07
1.0,0.8089887640449438,-9.823837e-08,-2.0488069e-07,-1.417096e-07,-3.1655736e-07
1.0,0.8202247191011236,-9.318312e-08,-1.9357125e-07,-1.3805115e-07,-3.0734373e-07
1.0,0.8314606741573034,-8.8013344e-08,-1.8200107e-07,-1.3362758e-07,-2.9665566e-07
1.0,0.8426966292134831,-8.272734e-08,-1.7026407e-07,-1.2847843e-07,-2.845244e-07
1.0,0.8539325842696629,-7.7326106e-08,-1.5841087e-07,-1.2263692e-07,-2.7095928e-07
1.0,0.8651685393258427,-7.181508e-08,-1.4644677e-07,-1.1612082e-07,-2.5595702e-07
1.0,0.8764044943820224,-6.62027e-08,-1.3435312e-07,-1.0893841e-07,-2.3952438e-07
1.0,0.8876404494382022,-6.049808e-08,-1.2212068e-07,-1.0110451e-07,-2.2170386e-07
1.0,0.898876404494382,-5.470875e-08,-1.0977117e-07,-9.265264e-08,-2.0258622e-07
1.0,0.9101123595505618,-4.8840246e-08,-9.735802e-08,-8.363888e-08,-1.8230953e-07
1.0,0.9213483146067416,-4.2897643e-08,-8.494973e-08,-7.413553e-08,-1.6104941e-07
1.0,0.9325842696629213,-3.6887123e-08,-7.260784e-08,-6.4221084e-08,-1.390038e-07
1.0,0.9438202247191011,-3.081719e-08,-6.0370425e-08,-5.3971466e-08,-1.1637709e-07
1.0,0.9550561797752809,-2.4698904e-08,-4.824365e-08,-4.3456385e-08,-9.33626e-08
1.0,0.9662921348314606,-1.854521e-08,-3.6201232e-08,-3.2739795e-08,-7.012415e-08
1.0,0.9775280898876404,-1.2369481e-08,-2.4190237e-08,-2.1882816e-08,-4.6780116e-08
1.0,0.9887640449438202,-6.18431e-09,-1.2144071e-08,-1.0947785e-08,-2.3397831e-08
1.0,1.0,1.5308725e-14,3.0237396e-14,2.7073904e-14,5.7967554e-14
