x,y,pinn_state_1,pinn_state_2,pinn_state_3,pinn_state_4
0,0,0,0,0,0
0.0112359550562,0,0,0,0,0
0.0224719101124,0,0,0,0,0
0.0337078651685,0,0,0,0,0
0.0449438202247,0,0,0,0,0
0.0561797752809,0,0,0,0,0
0.0674157303371,0,0,0,0,0
0.0786516853933,0,0,0,0,0
0.0898876404494,0,0,0,0,0
0.101123595506,0,0,0,0,0
0.112359550562,0,-0,-0,0,0
0.123595505618,0,-0,-0,0,0
0.134831460674,0,-0,-0,0,0
0.14606741573,0,-0,-0,0,0
0.157303370787,0,-0,-0,0,0
0.168539325843,0,-0,-0,0,0
0.179775280899,0,-0,-0,0,0
0.191011235955,0,-0,-0,0,0
0.202247191011,0,-0,-0,0,0
0.213483146067,0,-0,-0,0,0
0.224719101124,0,-0,-0,0,0
0.23595505618,0,-0,-0,0,0
0.247191011236,0,-0,-0,0,0
0.258426966292,0,-0,-0,0,0
0.269662921348,0,-0,-0,0,0
0.280898876404,0,-0,-0,0,0
0.292134831461,0,-0,-0,0,0
0.303370786517,0,-0,-0,0,0
0.314606741573,0,-0,-0,0,0
0.325842696629,0,-0,-0,0,0
0.337078651685,0,-0,-0,0,0
0.348314606742,0,-0,-0,0,0
0.359550561798,0,-0,-0,0,0
0.370786516854,0,-0,-0,0,0
0.38202247191,0,-0,-0,0,0
0.393258426966,0,-0,-0,0,0
0.404494382022,0,-0,-0,0,0
0.415730337079,0,-0,-0,0,0
0.426966292135,0,-0,-0,0,0
0.438202247191,0,-0,-0,0,0
0.449438202247,0,-0,-0,0,0
0.460674157303,0,-0,-0,0,0
0.47191011236,0,-0,-0,0,0
0.483146067416,0,-0,-0,0,0
0.494382022472,0,-0,-0,0,0
0.505617977528,0,-0,-0,0,0
0.516853932584,0,-0,-0,0,0
0.52808988764,0,-0,-0,0,0
0.539325842697,0,-0,-0,0,0
0.550561797753,0,-0,-0,0,0
0.561797752809,0,-0,-0,0,0
0.573033707865,0,-0,-0,0,0
0.584269662921,0,-0,-0,0,0
0.595505617978,0,-0,-0,0,0
0.606741573034,0,-0,-0,0,0
0.61797752809,0,-0,-0,0,0
0.629213483146,0,-0,-0,0,0
0.640449438202,0,-0,-0,0,0
0.651685393258,0,-0,-0,0,0
0.662921348315,0,0,0,0,0
0.674157303371,0,0,0,0,0
0.685393258427,0,0,0,0,0
0.696629213483,0,0,0,0,0
0.707865168539,0,0,0,0,0
0.719101123596,0,0,0,0,0
0.730337078652,0,0,0,0,0
0.741573033708,0,0,0,0,0
0.752808988764,0,0,0,0,0
0.76404494382,0,0,0,0,0
0.775280898876,0,0,0,0,0
0.786516853933,0,0,0,0,0
0.797752808989,0,0,0,0,0
0.808988764045,0,0,0,0,0
0.820224719101,0,0,0,0,0
0.831460674157,0,0,0,0,0
0.842696629213,0,0,0,0,0
0.85393258427,0,0,0,0,0
0.865168539326,0,0,0,0,0
0.876404494382,0,0,0,0,0
0.887640449438,0,0,0,0,0
0.898876404494,0,0,0,0,0
0.910112359551,0,0,0,0,0
0.921348314607,0,0,0,0,0
0.932584269663,0,0,0,0,0
0.943820224719,0,0,0,0,0
0.955056179775,0,0,0,0,0
0.966292134831,0,0,0,0,0
0.977528089888,0,0,0,0,0
0.988764044944,0,0,0,0,0
1,0,0,0,0,0
0,0.0112359550562,0,0,0,0
0.0112359550562,0.0112359550562,3.62778436136e-05,-0.00585422110451,0.00357614883739,-0.00328182205443
0.0224719101124,0.0112359550562,0.000101198766374,-0.0116512953673,0.00719321916322,-0.00665892979777
0.0337078651685,0.0112359550562,0.000152941541823,-0.0174819119653,0.0108007265234,-0.00982021445997
0.0449438202247,0.0112359550562,0.000172982265202,-0.0234017683919,0.0143347513567,-0.0125091114402
0.0561797752809,0.0112359550562,0.000156980944955,-0.0294257861263,0.0177659805867,-0.0146162403678
0.0674157303371,0.0112359550562,0.000104456060514,-0.035530212134,0.0211653731726,-0.0162349201902
0.0786516853933,0.0112359550562,1.55857272317e-05,-0.0416592592167,0.0246887855235,-0.0176450174997
0.0898876404494,0.0112359550562,-0.000103819847588,-0.0477380144519,0.0284448809289,-0.0192080889878
0.101123595506,0.0112359550562,-0.000237019209349,-0.0536942350031,0.0323844060434,-0.0212069644066
0.112359550562,0.0112359550562,-0.000358240272094,-0.0594820872213,0.0363622977533,-0.0237163020461
0.123595505618,0.0112359550562,-0.000442663124708,-0.065093689348,0.0402604020812,-0.0265943672625
0.134831460674,0.0112359550562,-0.000479290249768,-0.0705512471281,0.0440006501962,-0.0296076376774
0.14606741573,0.0112359550562,-0.000478570661998,-0.0758888670515,0.0475313354565,-0.0325821552996
0.157303370787,0.0112359550562,-0.000468084110932,-0.0811392319542,0.0508538747338,-0.0354508441953
0.168539325843,0.0112359550562,-0.000477060133418,-0.0863296809358,0.0539962002732,-0.0381792069282
0.179775280899,0.0112359550562,-0.000521041809826,-0.0914815575163,0.0569458984837,-0.0406786657523
0.191011235955,0.0112359550562,-0.000598449216606,-0.0966048259054,0.0596877453354,-0.0428248053501
0.202247191011,0.0112359550562,-0.000696541821784,-0.101684801703,0.0622853094598,-0.0445786913228
0.213483146067,0.0112359550562,-0.000796997924665,-0.106673532723,0.0647733539658,-0.046075617773
0.224719101124,0.0112359550562,-0.000880392648591,-0.111506287421,0.0670461218156,-0.047552539498
0.23595505618,0.0112359550562,-0.000931704158341,-0.116135888381,0.0690278719882,-0.0491675548477
0.247191011236,0.0112359550562,-0.00094452196341,-0.120553756064,0.0708258989331,-0.0508921204216
0.258426966292,0.0112359550562,-0.000926427696167,-0.124790223347,0.0727095857184,-0.0525450293632
0.269662921348,0.0112359550562,-0.00090695924316,-0.1289084597,0.0748645906253,-0.053895483598
0.280898876404,0.0112359550562,-0.000935220975408,-0.13298951236,0.0769955224719,-0.0547575912056
0.292134831461,0.0112359550562,-0.00105161173063,-0.137092070794,0.0790445754457,-0.0550297971595
0.303370786517,0.0112359550562,-0.0012480800703,-0.141200891934,0.081343265573,-0.0547290996529
0.314606741573,0.0112359550562,-0.00146967222424,-0.145225241624,0.0833622513807,-0.0540312238935
0.325842696629,0.0112359550562,-0.00166584214167,-0.149060827139,0.0847345477045,-0.0532099843605
0.337078651685,0.0112359550562,-0.0018186355444,-0.152633288318,0.0855524005397,-0.0525576731632
0.348314606742,0.0112359550562,-0.00192849018616,-0.155897752811,0.0856325613537,-0.0523148540307
0.359550561798,0.0112359550562,-0.0020128256974,-0.158849744237,0.0847112146886,-0.0525938979258
0.370786516854,0.0112359550562,-0.00212646864919,-0.161550936488,0.0830260457015,-0.0533483374659
0.38202247191,0.0112359550562,-0.00233978853247,-0.164097261259,0.0814478258097,-0.0544149544753
0.393258426966,0.0112359550562,-0.00265916535612,-0.166519384659,0.0805769817192,-0.0556004547787
0.404494382022,0.0112359550562,-0.00299760784454,-0.168744763802,0.0789277681146,-0.0567598361813
0.415730337079,0.0112359550562,-0.00327178803875,-0.170706178421,0.0740610653151,-0.0577732507714
0.426966292135,0.0112359550562,-0.00350501894722,-0.172452073774,0.068704774245,-0.0584249070967
0.438202247191,0.0112359550562,-0.00374139805488,-0.17403608798,0.0660195106464,-0.0586038078378
0.449438202247,0.0112359550562,-0.00393320687174,-0.175385467253,0.0558112244099,-0.0586788054978
0.460674157303,0.0112359550562,-0.00400306634173,-0.176387955015,0.0417168284292,-0.0587177082036
0.47191011236,0.0112359550562,-0.00392643472002,-0.177007798136,0.0336459037567,-0.0585388218767
0.483146067416,0.0112359550562,-0.00372848512399,-0.17729178257,0.0324437244584,-0.0580362460108
0.494382022472,0.0112359550562,-0.00344241627246,-0.177313848826,0.029188647602,-0.0572441995538
0.505617977528,0.0112359550562,-0.00310196131345,-0.177149203568,0.0197891857978,-0.0560704111493
0.516853932584,0.0112359550562,-0.00278379849125,-0.176906535675,0.0108618730292,-0.0542345230931
0.52808988764,0.0112359550562,-0.00260486304586,-0.176715426276,0.00605741348281,-0.0516610285608
0.539325842697,0.0112359550562,-0.00259482911631,-0.176578482309,-0.00359503085537,-0.0487445963464
0.550561797753,0.0112359550562,-0.00259321322977,-0.176259563577,-0.0182442218804,-0.0457920086791
0.561797752809,0.0112359550562,-0.00242508172013,-0.175499947163,-0.0271961844901,-0.0428694470915
0.573033707865,0.0112359550562,-0.00216474087651,-0.174338039402,-0.0331514770412,-0.0402849348185
0.584269662921,0.0112359550562,-0.00199840623818,-0.172960261513,-0.0392959840609,-0.0382465849537
0.595505617978,0.0112359550562,-0.00192331215164,-0.171354848648,-0.0451679307365,-0.0368096594118
0.606741573034,0.0112359550562,-0.00182726002142,-0.169400508004,-0.0498973391418,-0.0359537114654
0.61797752809,0.0112359550562,-0.00164933942492,-0.167047043102,-0.0535992911936,-0.0356054168289
0.629213483146,0.0112359550562,-0.0013812389238,-0.1643141067,-0.0570963159801,-0.0356393691866
0.640449438202,0.0112359550562,-0.00103482681947,-0.161253890015,-0.0603516825158,-0.0358415052006
0.651685393258,0.0112359550562,-0.000649872973741,-0.157957038602,-0.0618173507397,-0.0359112454128
0.662921348315,0.0112359550562,-0.000299508083596,-0.154549465911,-0.0617460321947,-0.0356048359186
0.674157303371,0.0112359550562,-6.05435152116e-05,-0.151148633194,-0.0614062906335,-0.0347838947866
0.685393258427,0.0112359550562,3.18161146245e-05,-0.147810400783,-0.0604391133844,-0.0333681749787
0.696629213483,0.0112359550562,-9.89784460073e-07,-0.144518231933,-0.0591041373076,-0.0313564168298
0.707865168539,0.0112359550562,-0.00010341678564,-0.141213480895,-0.0577575532548,-0.0287788050605
0.719101123596,0.0112359550562,-0.000211613116566,-0.137821202321,-0.0561626245848,-0.0256907585282
0.730337078652,0.0112359550562,-0.000269958218267,-0.134261840807,-0.0540426566592,-0.0222217140289
0.741573033708,0.0112359550562,-0.000244814540647,-0.130465517857,-0.0514346019498,-0.0185896171612
0.752808988764,0.0112359550562,-0.000132396542446,-0.126388888147,-0.0486114842501,-0.0150544331885
0.76404494382,0.0112359550562,4.51679737878e-05,-0.1220222859,-0.0459030942613,-0.0118496290492
0.775280898876,0.0112359550562,0.000252139000062,-0.117381749769,-0.043468831179,-0.0091458142764
0.786516853933,0.0112359550562,0.000451926728072,-0.112491150914,-0.0412067595922,-0.00707229532548
0.797752808989,0.0112359550562,0.000617402904484,-0.107365181499,-0.0389797116547,-0.00575663057728
0.808988764045,0.0112359550562,0.000737997566054,-0.102005651769,-0.0367645812466,-0.0053029078482
0.820224719101,0.0112359550562,0.000819960025072,-0.0964160605862,-0.0345389606389,-0.00569847152844
0.831460674157,0.0112359550562,0.000877796209648,-0.0906234859084,-0.0322401122266,-0.00673650452624
0.842696629213,0.0112359550562,0.000922477852548,-0.0846879756543,-0.0298615928326,-0.00803699233376
0.85393258427,0.0112359550562,0.000954914075271,-0.0786898750863,-0.0274871012407,-0.00916238622164
0.865168539326,0.0112359550562,0.000967268341723,-0.0727045778596,-0.0251999832166,-0.00975625632561
0.876404494382,0.0112359550562,0.000948921845425,-0.0667808282771,-0.0230121014905,-0.00963596552323
0.887640449438,0.0112359550562,0.000893537037174,-0.060930449278,-0.0208732147832,-0.00881403780026
0.898876404494,0.0112359550562,0.00080432558086,-0.0551292926008,-0.0186944960639,-0.00746094567958
0.910112359551,0.0112359550562,0.000695077004474,-0.0493264403426,-0.0163830945213,-0.00584109735355
0.921348314607,0.0112359550562,0.00058593303721,-0.0434596077675,-0.0139254655357,-0.00424522235081
0.932584269663,0.0112359550562,0.000494664001291,-0.0374768204186,-0.0114389983212,-0.00291606821601
0.943820224719,0.0112359550562,0.000427039025641,-0.0313590033377,-0.00907623346554,-0.00197479559485
0.955056179775,0.0112359550562,0.000373000466168,-0.0251285846616,-0.00689169196232,-0.00139482363859
0.966292134831,0.0112359550562,0.00031306102535,-0.0188353414209,-0.00488551450724,-0.00104896389054
0.977528089888,0.0112359550562,0.000230402032011,-0.0125309805613,-0.00308559844607,-0.000784869700768
0.988764044944,0.0112359550562,0.000120978568844,-0.00624969179148,-0.00148285421456,-0.000471308241909
1,0.0112359550562,4.02670157492e-19,-2.16398333108e-17,-5.02569647225e-18,-2.03470061483e-18
0,0.0224719101124,0,0,0,0
0.0112359550562,0.0224719101124,0.00015557467121,-0.0116423950657,0.0070231343826,-0.00637359711897
0.0224719101124,0.0224719101124,0.000364646240335,-0.0231701775399,0.0141250044242,-0.0129660769953
0.0337078651685,0.0224719101124,0.000529113759178,-0.0347730601912,0.0212064023779,-0.0192025147611
0.0449438202247,0.0224719101124,0.000599639740265,-0.04657160493,0.028137077394,-0.0245971679826
0.0561797752809,0.0224719101124,0.000562550521108,-0.0586011522563,0.0348479249285,-0.0289324538546
0.0674157303371,0.0224719101124,0.000421471585566,-0.0708137704248,0.041468760218,-0.0323682637284
0.0786516853933,0.0224719101124,0.000189311569277,-0.0830924022158,0.0483091774476,-0.0354145273194
0.0898876404494,0.0224719101124,-0.000105730490421,-0.0952790414198,0.0556008972557,-0.0387328446969
0.101123595506,0.0224719101124,-0.000413870066722,-0.107220853898,0.0632724056648,-0.0428288324238
0.112359550562,0.0224719101124,-0.000671531953858,-0.11881995293,0.0710583902292,-0.0478060480203
0.123595505618,0.0224719101124,-0.000824672096328,-0.130057977997,0.0787272011499,-0.0533634112264
0.134831460674,0.0224719101124,-0.000855982141905,-0.140980055673,0.0861097100044,-0.0590570781635
0.14606741573,0.0224719101124,-0.000798007012915,-0.151655548967,0.0930932896614,-0.0646075991673
0.157303370787,0.0224719101124,-0.00071913858897,-0.162147836211,0.0996808753403,-0.0699816136239
0.168539325843,0.0224719101124,-0.000687526733508,-0.1725069261,0.105921707688,-0.0752067201326
0.179775280899,0.0224719101124,-0.000739078991336,-0.182774319806,0.111764516065,-0.0801507086946
0.191011235955,0.0224719101124,-0.00087285875842,-0.19297820636,0.117144068239,-0.0845346624518
0.202247191011,0.0224719101124,-0.00106580210765,-0.203104866159,0.122181877248,-0.0882047051287
0.213483146067,0.0224719101124,-0.00128394489366,-0.213070503647,0.126996970457,-0.0913759626797
0.224719101124,0.0224719101124,-0.00148833439422,-0.222743767465,0.131442959976,-0.0945322692444
0.23595505618,0.0224719101124,-0.00164416646102,-0.232016391217,0.135389094413,-0.0980423534682
0.247191011236,0.0224719101124,-0.00173086821549,-0.240857535001,0.139020373696,-0.101880837371
0.258426966292,0.0224719101124,-0.00175492454895,-0.249322596039,0.142841684313,-0.105658889064
0.269662921348,0.0224719101124,-0.00176631703053,-0.257538866555,0.147266988151,-0.108845280799
0.280898876404,0.0224719101124,-0.00185238287061,-0.265666885377,0.151845378028,-0.110998808773
0.292134831461,0.0224719101124,-0.00207862684495,-0.273811552634,0.156468770743,-0.111885538992
0.303370786517,0.0224719101124,-0.00241381929176,-0.281924156879,0.161450478455,-0.111552198407
0.314606741573,0.0224719101124,-0.00274636981171,-0.289818792435,0.165503456957,-0.110366869022
0.325842696629,0.0224719101124,-0.00298851984238,-0.297302284497,0.168021835111,-0.108867135025
0.337078651685,0.0224719101124,-0.00312263703277,-0.304249813296,0.169454968492,-0.107607752086
0.348314606742,0.0224719101124,-0.0031690432176,-0.310595727212,0.169605347915,-0.107050138921
0.359550561798,0.0224719101124,-0.0031804651017,-0.316347742531,0.16794103225,-0.107437803299
0.370786516854,0.0224719101124,-0.00327930009581,-0.321633517597,0.164869094438,-0.108738659956
0.38202247191,0.0224719101124,-0.00361888641111,-0.326646237795,0.162091498164,-0.110706397323
0.393258426966,0.0224719101124,-0.00422644687016,-0.331452900635,0.160773531144,-0.113024342301
0.404494382022,0.0224719101124,-0.00492699381717,-0.335901390364,0.157851550684,-0.115446883619
0.415730337079,0.0224719101124,-0.00551707923391,-0.339813740838,0.148211174674,-0.117758146623
0.426966292135,0.0224719101124,-0.00600257959468,-0.343241577081,0.136742543866,-0.119539089491
0.438202247191,0.0224719101124,-0.00648459043559,-0.346310787813,0.130489685857,-0.12052427186
0.449438202247,0.0224719101124,-0.00690457412576,-0.348924794611,0.109929896046,-0.121384393477
0.460674157303,0.0224719101124,-0.0071188811629,-0.350881235555,0.0815482940543,-0.122217778933
0.47191011236,0.0224719101124,-0.00706757866798,-0.352106402125,0.0651850948031,-0.12260289045
0.483146067416,0.0224719101124,-0.00678931648638,-0.352688047086,0.0621517674212,-0.12229612583
0.494382022472,0.0224719101124,-0.00634722753947,-0.352773200228,0.0545271907269,-0.121353015808
0.505617977528,0.0224719101124,-0.00580606946577,-0.352508405867,0.034823750018,-0.11957771485
0.516853932584,0.0224719101124,-0.00530322047761,-0.352091499271,0.0166963932927,-0.116409172173
0.52808988764,0.0224719101124,-0.00503185153391,-0.351736332095,0.00674945868987,-0.111711931147
0.539325842697,0.0224719101124,-0.00499117505846,-0.351384227145,-0.013198087166,-0.106259404473
0.550561797753,0.0224719101124,-0.00484196276391,-0.350550026454,-0.0418588753613,-0.100578412382
0.561797752809,0.0224719101124,-0.0043076197861,-0.348808980528,-0.0584728647908,-0.0947516457075
0.573033707865,0.0224719101124,-0.00361903247118,-0.346337473846,-0.0694228445692,-0.0893717568217
0.584269662921,0.0224719101124,-0.00314208703768,-0.343499542302,-0.0809367330475,-0.0848536341498
0.595505617978,0.0224719101124,-0.00284481961023,-0.340234112629,-0.091965618449,-0.081345527036
0.606741573034,0.0224719101124,-0.00252369462745,-0.336311101107,-0.100688146221,-0.0788656945678
0.61797752809,0.0224719101124,-0.00209572713756,-0.33166078889,-0.107288193917,-0.0773421650875
0.629213483146,0.0224719101124,-0.00156877506908,-0.326337077546,-0.113505062323,-0.0766044867718
0.640449438202,0.0224719101124,-0.000963244047462,-0.320430481909,-0.119598341034,-0.0762961516706
0.651685393258,0.0224719101124,-0.000328040904742,-0.314082712668,-0.122731356884,-0.0758571888953
0.662921348315,0.0224719101124,0.0002355799229,-0.307495615889,-0.123025567336,-0.0747909617541
0.674157303371,0.0224719101124,0.00061224505958,-0.300866065327,-0.122682973432,-0.0727863026704
0.685393258427,0.0224719101124,0.000744962812686,-0.294296664619,-0.120808335005,-0.0696450984005
0.696629213483,0.0224719101124,0.000662459309648,-0.287773846269,-0.117960311394,-0.0653457479306
0.707865168539,0.0224719101124,0.000446733468789,-0.281212647145,-0.115142598042,-0.0599592258961
0.719101123596,0.0224719101124,0.000200010150627,-0.274488100313,-0.112039182645,-0.0536242188427
0.730337078652,0.0224719101124,2.57090013609e-05,-0.267444797434,-0.108040999038,-0.0466313513254
0.741573033708,0.0224719101124,1.64461473311e-06,-0.259926744361,-0.103103575053,-0.0394427886751
0.752808988764,0.0224719101124,0.000152887719636,-0.251825223018,-0.097677276277,-0.032591579874
0.76404494382,0.0224719101124,0.000446819482685,-0.24310844658,-0.0923620232646,-0.0265377150679
0.775280898876,0.0224719101124,0.000812736116011,-0.233812894819,-0.0874610127908,-0.0215858456034
0.786516853933,0.0224719101124,0.00117145357332,-0.224005232233,-0.0828191062652,-0.0179172921176
0.797752808989,0.0224719101124,0.00146262816621,-0.213741179063,-0.0782618274189,-0.0156680899944
0.808988764045,0.0224719101124,0.00166237848159,-0.203049762166,-0.0738166126183,-0.0149110256089
0.820224719101,0.0224719101124,0.0017839298437,-0.191952814567,-0.069431232323,-0.0155241223794
0.831460674157,0.0224719101124,0.00185929822087,-0.180500978564,-0.0649113345253,-0.017090518245
0.842696629213,0.0224719101124,0.00191416390337,-0.168792813415,-0.0601846131501,-0.0189515198918
0.85393258427,0.0224719101124,0.0019538884018,-0.156958261663,-0.0554222560128,-0.0203944257003
0.865168539326,0.0224719101124,0.00196606144952,-0.145119213746,-0.0508380146952,-0.0208639683933
0.876404494382,0.0224719101124,0.0019314033728,-0.133354943572,-0.0464934042755,-0.0200981657328
0.887640449438,0.0224719101124,0.00183571116604,-0.121686705259,-0.0422906698989,-0.0181513372823
0.898876404494,0.0224719101124,0.0016796136012,-0.110079472077,-0.0380278025352,-0.0153249192018
0.910112359551,0.0224719101124,0.00148243873785,-0.09845432561,-0.0334884809319,-0.0120648040133
0.921348314607,0.0224719101124,0.00127701472607,-0.0867091193215,-0.0286221490899,-0.00886675900319
0.932584269663,0.0224719101124,0.00109501528971,-0.0747521934672,-0.0236490504783,-0.00616755940506
0.943820224719,0.0224719101124,0.000948520303446,-0.0625442702008,-0.0188674051154,-0.00421225838977
0.955056179775,0.0224719101124,0.00082122143385,-0.0501203438619,-0.0143939623775,-0.00298171559578
0.966292134831,0.0224719101124,0.000679301306852,-0.0375696369031,-0.0102514849082,-0.00224965127839
0.977528089888,0.0224719101124,0.000493618425113,-0.0249913154227,-0.00650761368005,-0.00170637880056
0.988764044944,0.0224719101124,0.000257837135869,-0.0124583319083,-0.00314038231842,-0.00104855091329
1,0.0224719101124,8.64672536459e-19,-4.30995407267e-17,-1.06582979036e-17,-4.6355289735e-18
0,0.0337078651685,0,0,0,0
0.0112359550562,0.0337078651685,0.000359729384165,-0.0173162400779,0.0103619804179,-0.00942911669608
0.0224719101124,0.0337078651685,0.000778367708842,-0.0344758484006,0.0208348810166,-0.0192340951021
0.0337078651685,0.0337078651685,0.00110231273315,-0.0517573356407,0.0312733920978,-0.0286323359469
0.0449438202247,0.0337078651685,0.0012487906178,-0.0693447688484,0.0414809723583,-0.0369358974387
0.0561797752809,0.0337078651685,0.00119511839146,-0.0872956491486,0.0513401401827,-0.0438090626139
0.0674157303371,0.0337078651685,0.000956558238345,-0.105536670149,0.0610249700959,-0.0494384295565
0.0786516853933,0.0337078651685,0.000572300277177,-0.123883635519,0.070989401601,-0.0545115114524
0.0898876404494,0.0337078651685,0.000107120359984,-0.14208854012,0.081594914503,-0.0599386665398
0.101123595506,0.0337078651685,-0.000347340636569,-0.159916467998,0.0927712007308,-0.0663998399966
0.112359550562,0.0337078651685,-0.000690005347385,-0.177225253272,0.104160612473,-0.0739836573157
0.123595505618,0.0337078651685,-0.000846765314739,-0.194000080246,0.115432912961,-0.082206494543
0.134831460674,0.0337078651685,-0.000807732605752,-0.21032118483,0.126326721065,-0.0904310681955
0.14606741573,0.0337078651685,-0.000639478561101,-0.226295650509,0.136666929079,-0.098333822532
0.157303370787,0.0337078651685,-0.000456180519479,-0.242006982951,0.146466599871,-0.106007111099
0.168539325843,0.0337078651685,-0.000362321592017,-0.257508842287,0.155804129059,-0.113633677427
0.179775280899,0.0337078651685,-0.000408162736437,-0.272846654969,0.164576003216,-0.121093439907
0.191011235955,0.0337078651685,-0.000588887501028,-0.288063042236,0.172630483842,-0.12794589509
0.202247191011,0.0337078651685,-0.000870832636588,-0.303154434058,0.180117137508,-0.133866357997
0.213483146067,0.0337078651685,-0.0012085071447,-0.318014512839,0.1872500776,-0.139099164655
0.224719101124,0.0337078651685,-0.00154902089476,-0.332452288084,0.193881413187,-0.144373971513
0.23595505618,0.0337078651685,-0.00184067413091,-0.346298009399,0.199837576365,-0.150296922647
0.247191011236,0.0337078651685,-0.00204624340435,-0.359498480612,0.205332815427,-0.156834872019
0.258426966292,0.0337078651685,-0.00216211346414,-0.372137612962,0.211040324837,-0.163313356321
0.269662921348,0.0337078651685,-0.0022435207442,-0.384407676686,0.217616321173,-0.168793112402
0.280898876404,0.0337078651685,-0.00239721129506,-0.396539321461,0.224579232508,-0.172504176675
0.292134831461,0.0337078651685,-0.00269711545759,-0.408664732202,0.231844145841,-0.174080078486
0.303370786517,0.0337078651685,-0.00308509877294,-0.420687359297,0.239554234888,-0.173661989264
0.314606741573,0.0337078651685,-0.00340921775827,-0.432331308739,0.245510615133,-0.171890937647
0.325842696629,0.0337078651685,-0.00357112827772,-0.443335618559,0.248921194,-0.169616340683
0.337078651685,0.0337078651685,-0.00357674495759,-0.453549880396,0.250787574588,-0.167653388223
0.348314606742,0.0337078651685,-0.0034805326035,-0.462907437937,0.25103148741,-0.1666527716
0.359550561798,0.0337078651685,-0.0033713049285,-0.471431074608,0.248823854143,-0.166970572608
0.370786516854,0.0337078651685,-0.00342640878117,-0.479295395671,0.244647919313,-0.168613542769
0.38202247191,0.0337078651685,-0.00387048705574,-0.486766778231,0.2409826243,-0.171315802668
0.393258426966,0.0337078651685,-0.00475365057615,-0.493938520764,0.239524749123,-0.174713382254
0.404494382022,0.0337078651685,-0.00581941517113,-0.5005763957,0.235549790262,-0.178525694888
0.415730337079,0.0337078651685,-0.0067314926006,-0.506370981193,0.221115458184,-0.182487699724
0.426966292135,0.0337078651685,-0.00744988785128,-0.511342968479,0.20309238083,-0.18599720899
0.438202247191,0.0337078651685,-0.00813727945519,-0.515701243801,0.192896170508,-0.188590027578
0.449438202247,0.0337078651685,-0.00876442885612,-0.519385325217,0.161892481248,-0.191147223328
0.460674157303,0.0337078651685,-0.00915233930314,-0.522157393801,0.11902040906,-0.193694296849
0.47191011236,0.0337078651685,-0.00921213014779,-0.523930633294,0.0941666024959,-0.195469975247
0.483146067416,0.0337078651685,-0.00898723186611,-0.524833236688,0.088625861584,-0.196058483131
0.494382022472,0.0337078651685,-0.00855667218768,-0.525069449231,0.0751548470287,-0.19555246173
0.505617977528,0.0337078651685,-0.00799746936141,-0.524830431508,0.0436166848868,-0.193672160493
0.516853932584,0.0337078651685,-0.00747675327247,-0.524362149752,0.015740548989,-0.189589733462
0.52808988764,0.0337078651685,-0.0072144872705,-0.523903300449,0.000424626936951,-0.183150115214
0.539325842697,0.0337078651685,-0.00713406548298,-0.523282693938,-0.0303630321699,-0.175520983206
0.550561797753,0.0337078651685,-0.00673838654105,-0.521794032302,-0.0726922895018,-0.167386086345
0.561797752809,0.0337078651685,-0.00573918863153,-0.518955506361,-0.0957302905563,-0.15878685551
0.573033707865,0.0337078651685,-0.00456657280824,-0.515135497842,-0.11034025808,-0.150571700843
0.584269662921,0.0337078651685,-0.00371025551574,-0.510814722439,-0.125964541069,-0.143345249495
0.595505617978,0.0337078651685,-0.00307976383275,-0.505850468052,-0.1409519394,-0.137337932926
0.606741573034,0.0337078651685,-0.00241516666535,-0.499941476719,-0.152501981111,-0.132612965147
0.61797752809,0.0337078651685,-0.00165684463773,-0.493042445764,-0.160896027183,-0.129143108322
0.629213483146,0.0337078651685,-0.000854883615704,-0.485258752736,-0.168878969815,-0.126788881135
0.640449438202,0.0337078651685,-3.63992402313e-05,-0.476703778093,-0.177152702492,-0.125137395659
0.651685393258,0.0337078651685,0.000766308788415,-0.46753102414,-0.181741811453,-0.123437242579
0.662921348315,0.0337078651685,0.00146229638791,-0.45797065868,-0.182551372052,-0.120965855545
0.674157303371,0.0337078651685,0.00193412276551,-0.448259133818,-0.182517757181,-0.117230590104
0.685393258427,0.0337078651685,0.00212037906532,-0.43853015956,-0.179967595138,-0.111890038771
0.696629213483,0.0337078651685,0.00204539508786,-0.428789356431,-0.175683672748,-0.10488576732
0.707865168539,0.0337078651685,0.00178544824971,-0.418961427398,-0.171472213184,-0.0963382802664
0.719101123596,0.0337078651685,0.00144897923777,-0.408903781838,-0.167051441498,-0.0864988277195
0.730337078652,0.0337078651685,0.00117096740267,-0.398398023369,-0.161464100399,-0.075855121485
0.741573033708,0.0337078651685,0.00107516898012,-0.387195588381,-0.154500272338,-0.065140732821
0.752808988764,0.0337078651685,0.00121914435588,-0.375107896004,-0.146701630756,-0.0551700157507
0.76404494382,0.0337078651685,0.00157066500168,-0.362070740691,-0.138892763704,-0.0466118057152
0.775280898876,0.0337078651685,0.00203046247709,-0.34814179124,-0.131533829889,-0.0398505676088
0.786516853933,0.0337078651685,0.00248007995427,-0.333442913624,-0.124476588589,-0.0350183136063
0.797752808989,0.0337078651685,0.00282869813751,-0.318091002802,-0.117577872257,-0.0321184797782
0.808988764045,0.0337078651685,0.00304265479172,-0.302161749408,-0.110947101569,-0.031051645131
0.820224719101,0.0337078651685,0.00314692679842,-0.285702889529,-0.104481472464,-0.0315081038515
0.831460674157,0.0337078651685,0.00319584925503,-0.268778065089,-0.0978054235654,-0.0328901603112
0.842696629213,0.0337078651685,0.00323197910981,-0.251500287097,-0.0907491315563,-0.0343886213086
0.85393258427,0.0337078651685,0.00326352218904,-0.234022469837,-0.0835851127376,-0.0351868196586
0.865168539326,0.0337078651685,0.00327020798986,-0.216491768911,-0.0766960179309,-0.0346835707598
0.876404494382,0.0337078651685,0.00322143678121,-0.199005436482,-0.070222503367,-0.0326355535871
0.887640449438,0.0337078651685,0.00309260645197,-0.181592924554,-0.064025172658,-0.0291673850716
0.898876404494,0.0337078651685,0.00287771625232,-0.164220285173,-0.057775394132,-0.0246691863881
0.910112359551,0.0337078651685,0.00259582665216,-0.146803038133,-0.0511143784826,-0.0196735943625
0.921348314607,0.0337078651685,0.00228648210026,-0.129223014865,-0.0439391463424,-0.0147786145468
0.932584269663,0.0337078651685,0.00199161359606,-0.111362720473,-0.0365589419606,-0.010556092328
0.943820224719,0.0337078651685,0.00172980625431,-0.093161227455,-0.0293989243875,-0.00738180564505
0.955056179775,0.0337078651685,0.00148196945623,-0.0746542275202,-0.0226174251733,-0.00529157264509
0.966292134831,0.0337078651685,0.00120499435981,-0.0559581310175,-0.016248252014,-0.00399944728846
0.977528089888,0.0337078651685,0.000862298398986,-0.0372146019169,-0.0103983175983,-0.00303475261416
0.988764044944,0.0337078651685,0.000447773940345,-0.0185405383074,-0.00504586960942,-0.00187286080161
1,0.0337078651685,1.51970969434e-18,-6.40726488352e-17,-1.71504333789e-17,-8.3180656263e-18
0,0.0449438202247,0,0,0,0
0.0112359550562,0.0449438202247,0.000534449579961,-0.022948154277,0.0136667787498,-0.0126643010394
0.0224719101124,0.0449438202247,0.00113156122254,-0.045691519547,0.0274708728618,-0.0258987295778
0.0337078651685,0.0449438202247,0.00158423843537,-0.0685869013557,0.041223094277,-0.0387622664491
0.0449438202247,0.0449438202247,0.00177266840633,-0.0918845407526,0.0546592941301,-0.0503755033909
0.0561797752809,0.0449438202247,0.00166212961472,-0.115673329425,0.0676024882748,-0.0602544543524
0.0674157303371,0.0449438202247,0.0012824505293,-0.139860398691,0.0802526916948,-0.0685635222079
0.0786516853933,0.0449438202247,0.00070718256931,-0.164192734633,0.0931949298823,-0.0761286335309
0.0898876404494,0.0449438202247,4.48021650104e-05,-0.188328669196,0.106924350581,-0.0840874600549
0.101123595506,0.0449438202247,-0.000571163259138,-0.211955051141,0.121394715093,-0.0932754768357
0.112359550562,0.0449438202247,-0.00101096121282,-0.234900172432,0.136188333133,-0.103741692422
0.123595505618,0.0449438202247,-0.0011941882204,-0.257171267592,0.150901932996,-0.114804705179
0.134831460674,0.0449438202247,-0.00112971049724,-0.278894624815,0.165189405384,-0.125644747427
0.14606741573,0.0449438202247,-0.000920384169479,-0.300210942898,0.178810664886,-0.135929653048
0.157303370787,0.0449438202247,-0.000717287102272,-0.321203840407,0.191794116545,-0.145928396689
0.168539325843,0.0449438202247,-0.000645657539399,-0.341901438335,0.204261252957,-0.156037551168
0.179775280899,0.0449438202247,-0.000755874335806,-0.36232678833,0.216059374716,-0.16620156091
0.191011235955,0.0449438202247,-0.0010316921063,-0.382523776979,0.226928996917,-0.175841451877
0.202247191011,0.0449438202247,-0.00142902687629,-0.402502474268,0.237015794162,-0.18444174972
0.213483146067,0.0449438202247,-0.00189793575007,-0.422150157684,0.246613040709,-0.192231238342
0.224719101124,0.0449438202247,-0.00238297426925,-0.44123605542,0.255575487231,-0.200151061237
0.23595505618,0.0449438202247,-0.00282669292116,-0.459546926518,0.263673056672,-0.209022082749
0.247191011236,0.0449438202247,-0.00318189715451,-0.477024023547,0.271080658385,-0.218757103959
0.258426966292,0.0449438202247,-0.0034344600093,-0.49379365394,0.278554274491,-0.228316188689
0.269662921348,0.0449438202247,-0.00363625652281,-0.51011582961,0.286977878211,-0.236279274169
0.280898876404,0.0449438202247,-0.00389867909782,-0.52627767474,0.295927683299,-0.241529150532
0.292134831461,0.0449438202247,-0.00429079862067,-0.542415727352,0.305478974616,-0.243613862253
0.303370786517,0.0449438202247,-0.00472744510635,-0.558370481836,0.315654937976,-0.242859913158
0.314606741573,0.0449438202247,-0.00503440017286,-0.573780311427,0.32326188231,-0.240279720962
0.325842696629,0.0449438202247,-0.00512953834025,-0.588335323751,0.327301127373,-0.237099133947
0.337078651685,0.0449438202247,-0.0050638957105,-0.601881597999,0.329448709196,-0.234396926153
0.348314606742,0.0449438202247,-0.00493216181826,-0.614364809733,0.329847293435,-0.232962004718
0.359550561798,0.0449438202247,-0.00484280217841,-0.625813281527,0.327332237192,-0.233199103457
0.370786516854,0.0449438202247,-0.00499248520126,-0.636412268832,0.322349776005,-0.235123421543
0.38202247191,0.0449438202247,-0.00564368069942,-0.646459180017,0.31807238887,-0.238471456711
0.393258426966,0.0449438202247,-0.00685774142011,-0.656050058564,0.316680725676,-0.24289366169
0.404494382022,0.0449438202247,-0.00830267793735,-0.664862991366,0.311712034542,-0.248152135356
0.415730337079,0.0449438202247,-0.00951661556691,-0.672454624307,0.292313546617,-0.254001887913
0.426966292135,0.0449438202247,-0.0104154218487,-0.678811640774,0.267520482212,-0.259686194832
0.438202247191,0.0449438202247,-0.0112383213928,-0.68424835594,0.25346393987,-0.264503437483
0.449438202247,0.0449438202247,-0.0120190898481,-0.688795661687,0.211861752058,-0.269460861168
0.460674157303,0.0449438202247,-0.0125718589329,-0.692234480441,0.154119519068,-0.274388840495
0.47191011236,0.0449438202247,-0.0127892191295,-0.694492939823,0.120486240009,-0.278094767093
0.483146067416,0.0449438202247,-0.0127135110257,-0.695737197217,0.111723526518,-0.279993375191
0.494382022472,0.0449438202247,-0.0124231471569,-0.69620412,0.0907175636253,-0.280276151001
0.505617977528,0.0449438202247,-0.0119868053611,-0.696097475856,0.0455417788291,-0.278618862812
0.516853932584,0.0449438202247,-0.0115775488735,-0.695678771123,0.00748446733661,-0.273928656886
0.52808988764,0.0449438202247,-0.0114110014229,-0.695174335842,-0.0130441302349,-0.266064157224
0.539325842697,0.0449438202247,-0.0113147460122,-0.694277022921,-0.0549973000576,-0.256615336338
0.550561797753,0.0449438202247,-0.0106649035381,-0.692093703068,-0.111033573452,-0.246395929755
0.561797752809,0.0449438202247,-0.00922613298003,-0.68815847823,-0.139494411818,-0.235367349334
0.573033707865,0.0449438202247,-0.00762805993157,-0.683033975794,-0.156324302851,-0.22461867295
0.584269662921,0.0449438202247,-0.00641765753065,-0.677248966356,-0.174616361608,-0.214903800972
0.595505617978,0.0449438202247,-0.00542513760774,-0.670568253823,-0.192162428684,-0.206453892358
0.606741573034,0.0449438202247,-0.00435808625234,-0.6626584121,-0.20516613413,-0.199302529628
0.61797752809,0.0449438202247,-0.00320723869275,-0.653532777093,-0.214099676674,-0.193448494141
0.629213483146,0.0449438202247,-0.00208339931456,-0.643362632604,-0.222860077817,-0.188828569313
0.640449438202,0.0449438202247,-0.0010249483257,-0.632275842876,-0.232649881374,-0.185058909126
0.651685393258,0.0449438202247,-3.74716491015e-05,-0.620411155022,-0.238362093648,-0.181289726237
0.662921348315,0.0449438202247,0.000820242202661,-0.607990353509,-0.239720618507,-0.176647567803
0.674157303371,0.0449438202247,0.00145599145173,-0.595251844241,-0.240271555506,-0.170498950314
0.685393258427,0.0449438202247,0.00181990246302,-0.582340749351,-0.237336396492,-0.162368020002
0.696629213483,0.0449438202247,0.00192181390768,-0.569294757365,-0.231839931025,-0.152153747382
0.707865168539,0.0449438202247,0.00180392979033,-0.556081710539,-0.226434734955,-0.140023879138
0.719101123596,0.0449438202247,0.00155313759037,-0.542571911583,-0.220927839612,-0.126353768167
0.730337078652,0.0449438202247,0.00131830632942,-0.528501059872,-0.214037032617,-0.111849638023
0.741573033708,0.0449438202247,0.00126097179213,-0.513534105054,-0.205347716252,-0.0975343724648
0.752808988764,0.0449438202247,0.00146903969426,-0.497403316042,-0.19541683083,-0.0845074192057
0.76404494382,0.0449438202247,0.00191274108573,-0.48001140132,-0.185248158462,-0.0736275617008
0.775280898876,0.0449438202247,0.00247131279542,-0.461437117389,-0.175481787916,-0.0653048164725
0.786516853933,0.0449438202247,0.00299938937322,-0.4418594536,-0.166036376226,-0.0595234577095
0.797752808989,0.0449438202247,0.00339054140185,-0.421460948992,-0.156842170303,-0.0560265873469
0.808988764045,0.0449438202247,0.00361501691058,-0.400367260508,-0.148096025912,-0.0544311485889
0.820224719101,0.0449438202247,0.00372014271287,-0.378647024269,-0.1396253008,-0.0541992741851
0.831460674157,0.0449438202247,0.00378859018425,-0.356360850654,-0.130849618646,-0.0546085518941
0.842696629213,0.0449438202247,0.00387887099288,-0.333615844405,-0.121493092806,-0.0548273293464
0.85393258427,0.0449438202247,0.00399396864655,-0.310572638852,-0.111940966788,-0.0540803930453
0.865168539326,0.0449438202247,0.00409500002192,-0.287396055565,-0.102762656363,-0.051839282824
0.876404494382,0.0449438202247,0.00413208959859,-0.264198487309,-0.0941904545265,-0.0479521882946
0.887640449438,0.0449438202247,0.00406621255066,-0.241019799019,-0.0860476323829,-0.0426311152268
0.898876404494,0.0449438202247,0.00388198821117,-0.217838661102,-0.0778765104108,-0.0363075181247
0.910112359551,0.0449438202247,0.00359435474963,-0.194586719585,-0.0691719306993,-0.029499412939
0.921348314607,0.0449438202247,0.00324464586579,-0.171154168731,-0.0597767920714,-0.0227957098109
0.932584269663,0.0449438202247,0.00288105581942,-0.147412961036,-0.0500847693363,-0.0168391073222
0.943820224719,0.0449438202247,0.00252760562065,-0.12328025997,-0.0406287180281,-0.0121444226291
0.955056179775,0.0449438202247,0.0021647465723,-0.0987805632336,-0.0315708109002,-0.0088570190492
0.966292134831,0.0449438202247,0.00174540382878,-0.0740428182253,-0.022918380944,-0.00668202268802
0.977528089888,0.0449438202247,0.00123358010993,-0.0492398438981,-0.0148055497093,-0.0050006555592
0.988764044944,0.0449438202247,0.000632780195255,-0.0245264120926,-0.00723001763839,-0.00303923720471
1,0.0449438202247,2.13019585858e-18,-8.47200282515e-17,-2.46258152013e-17,-1.33145594753e-17
0,0.0561797752809,0,0,0,0
0.0112359550562,0.0561797752809,0.000704172750566,-0.0284501357849,0.0170359427988,-0.0163135218309
0.0224719101124,0.0561797752809,0.00149342613933,-0.0566203616704,0.0342307858338,-0.0334098490209
0.0337078651685,0.0561797752809,0.00210476351743,-0.0849430382743,0.051352098918,-0.0502218207322
0.0449438202247,0.0561797752809,0.00237542063502,-0.113742929938,0.0680635823874,-0.0656729618668
0.0561797752809,0.0561797752809,0.00225331588674,-0.143153648503,0.084114221393,-0.0790945973599
0.0674157303371,0.0561797752809,0.00178268850645,-0.17307032339,0.0997088528266,-0.0905920944107
0.0786516853933,0.0561797752809,0.00107506671961,-0.203170158664,0.115546810968,-0.101117033309
0.0898876404494,0.0561797752809,0.000283431994672,-0.233016813981,0.13225569852,-0.11204038564
0.101123595506,0.0561797752809,-0.00042434810856,-0.262228005773,0.149832456804,-0.124355864867
0.112359550562,0.0561797752809,-0.000905434410431,-0.290622226598,0.167835462795,-0.13806740525
0.123595505618,0.0561797752809,-0.00109015933011,-0.318248959344,0.185827366213,-0.152297661408
0.134831460674,0.0561797752809,-0.00101533522722,-0.345289667183,0.203396898522,-0.166057234194
0.14606741573,0.0561797752809,-0.000814870034607,-0.371911400242,0.220235013894,-0.179012158207
0.157303370787,0.0561797752809,-0.000657502147808,-0.398175437153,0.236379963395,-0.191601107524
0.168539325843,0.0561797752809,-0.000664394722308,-0.424053315859,0.252005810657,-0.204433199298
0.179775280899,0.0561797752809,-0.000866672606659,-0.449515826549,0.266926077466,-0.217545127099
0.191011235955,0.0561797752809,-0.00122847007887,-0.474588559548,0.280776810027,-0.230267035836
0.202247191011,0.0561797752809,-0.00169752511841,-0.499293202913,0.29368444646,-0.241915510952
0.213483146067,0.0561797752809,-0.0022291537797,-0.5235283746,0.30599191706,-0.252668939159
0.224719101124,0.0561797752809,-0.00277917522366,-0.547053489761,0.317521961081,-0.263607431352
0.23595505618,0.0561797752809,-0.00329847902083,-0.569641429074,0.327943744281,-0.275700924203
0.247191011236,0.0561797752809,-0.00374145913037,-0.591249780083,0.337324239418,-0.288769494551
0.258426966292,0.0561797752809,-0.00409067528018,-0.612058302821,0.346430716031,-0.301399090897
0.269662921348,0.0561797752809,-0.0043947574083,-0.632390999133,0.356334624654,-0.311716349662
0.280898876404,0.0561797752809,-0.00476172991055,-0.652573231773,0.36668065552,-0.318314644939
0.292134831461,0.0561797752809,-0.0052452252885,-0.672723850227,0.377853875934,-0.320718377198
0.303370786517,0.0561797752809,-0.00573077119142,-0.692609983078,0.389979682563,-0.319486457642
0.314606741573,0.0561797752809,-0.00603453871116,-0.711792837706,0.398864584116,-0.316039316397
0.325842696629,0.0561797752809,-0.00611316842259,-0.729934809886,0.403235199862,-0.312001950884
0.337078651685,0.0561797752809,-0.00608247146909,-0.746899418732,0.405507848304,-0.308711448401
0.348314606742,0.0561797752809,-0.00608137074639,-0.762652981597,0.406125903894,-0.30705508807
0.359550561798,0.0561797752809,-0.00621736270864,-0.777214001194,0.403557024647,-0.30742377468
0.370786516854,0.0561797752809,-0.00666088366828,-0.790734715136,0.398091233978,-0.309784265759
0.38202247191,0.0561797752809,-0.00766252480502,-0.803490611986,0.393478717143,-0.313850347857
0.393258426966,0.0561797752809,-0.0092703496949,-0.815549745974,0.392304920154,-0.319302677071
0.404494382022,0.0561797752809,-0.0110808191425,-0.826498883264,0.386279211358,-0.325995867302
0.415730337079,0.0561797752809,-0.0125263686367,-0.835773467587,0.361603411881,-0.333764854321
0.426966292135,0.0561797752809,-0.0135049091177,-0.843349723422,0.32998051759,-0.341723579394
0.438202247191,0.0561797752809,-0.0143584276382,-0.849679676606,0.312489154225,-0.348915848361
0.449438202247,0.0561797752809,-0.0152064085732,-0.854922597167,0.259958440147,-0.356448217959
0.460674157303,0.0561797752809,-0.0158716952991,-0.858908824184,0.186715571639,-0.363882792384
0.47191011236,0.0561797752809,-0.0162354148589,-0.861595486441,0.143945998052,-0.369565763584
0.483146067416,0.0561797752809,-0.0163363160521,-0.863180297866,0.131343356882,-0.37279869884
0.494382022472,0.0561797752809,-0.0162420272512,-0.863913196904,0.10117610647,-0.373957382122
0.505617977528,0.0561797752809,-0.0160026337231,-0.863994033324,0.0407397081529,-0.372690449928
0.516853932584,0.0561797752809,-0.0157880228294,-0.863690903883,-0.00743977413675,-0.367596936097
0.52808988764,0.0561797752809,-0.0157952474046,-0.863205759898,-0.0324622345949,-0.358550944877
0.539325842697,0.0561797752809,-0.0157479341926,-0.86208668829,-0.0856066062388,-0.347589722294
0.550561797753,0.0561797752809,-0.0149151484795,-0.859269581644,-0.155793987243,-0.335668576689
0.561797752809,0.0561797752809,-0.0131431544985,-0.854326611293,-0.189038550775,-0.322665412685
0.573033707865,0.0561797752809,-0.0112383490721,-0.847982339523,-0.206744464126,-0.309932631993
0.584269662921,0.0561797752809,-0.00976004021735,-0.84076878592,-0.226349586201,-0.298336839573
0.595505617978,0.0561797752809,-0.00845642634176,-0.832375281738,-0.245199750117,-0.287983399748
0.606741573034,0.0561797752809,-0.00701347715068,-0.822472499959,-0.258442732843,-0.27873062362
0.61797752809,0.0561797752809,-0.00548002882576,-0.811157374173,-0.26680795175,-0.270513075286
0.629213483146,0.0561797752809,-0.00403878990563,-0.798682345451,-0.27552309197,-0.263339320854
0.640449438202,0.0561797752809,-0.00274778866742,-0.785188952108,-0.286338811782,-0.256922780212
0.651685393258,0.0561797752809,-0.00158275352463,-0.770779441285,-0.292929269005,-0.250425285314
0.662921348315,0.0561797752809,-0.000552161518587,-0.755627006106,-0.294889911583,-0.242943595125
0.674157303371,0.0561797752809,0.00030497061921,-0.739925323079,-0.296244056393,-0.233792919595
0.685393258427,0.0561797752809,0.00096581252444,-0.723807324315,-0.293134229087,-0.22239922284
0.696629213483,0.0561797752809,0.00141337218318,-0.707359817997,-0.286620560058,-0.208606137401
0.707865168539,0.0561797752809,0.00162863784753,-0.690632066782,-0.28018287321,-0.192589512798
0.719101123596,0.0561797752809,0.0016516891317,-0.673542373917,-0.273737940006,-0.174815633149
0.730337078652,0.0561797752809,0.00162348516175,-0.655807982756,-0.265751653893,-0.156195699184
0.741573033708,0.0561797752809,0.00172297514422,-0.637029444729,-0.255607203584,-0.138043169421
0.752808988764,0.0561797752809,0.00205412077184,-0.61687275228,-0.243796935492,-0.121751310432
0.76404494382,0.0561797752809,0.00258916440928,-0.595205183084,-0.231431475142,-0.108374533703
0.775280898876,0.0561797752809,0.00320160032794,-0.572110326533,-0.219334920742,-0.0983326172042
0.786516853933,0.0561797752809,0.00374456890317,-0.547803964316,-0.207547094797,-0.091410778845
0.797752808989,0.0561797752809,0.00412076292327,-0.522519105382,-0.196110397716,-0.0870172099884
0.808988764045,0.0561797752809,0.00432100065574,-0.496422817758,-0.185313833881,-0.0844269338443
0.820224719101,0.0561797752809,0.00442201906546,-0.469597812991,-0.17490346357,-0.0828708902626
0.831460674157,0.0561797752809,0.0045343643066,-0.442092647331,-0.164088690234,-0.0815626360332
0.842696629213,0.0561797752809,0.004725922866,-0.413999988871,-0.152490950886,-0.0797450476945
0.85393258427,0.0561797752809,0.00498308176309,-0.385485079527,-0.140609164294,-0.0767784825837
0.865168539326,0.0561797752809,0.00523635817775,-0.35673208703,-0.129194219949,-0.0722756872522
0.876404494382,0.0561797752809,0.005408943333,-0.327870852808,-0.118564222083,-0.0662131859429
0.887640449438,0.0561797752809,0.00544492079733,-0.298955279146,-0.108504257073,-0.0588866268649
0.898876404494,0.0561797752809,0.00531889794752,-0.26998737506,-0.0984320304855,-0.0507119791521
0.910112359551,0.0561797752809,0.00503944100766,-0.240935119063,-0.0877043998454,-0.0420905601903
0.921348314607,0.0561797752809,0.00464527998251,-0.211720353522,-0.0761217396065,-0.0334954890003
0.932584269663,0.0561797752809,0.00418669962433,-0.182219455805,-0.0641712466371,-0.0255804262786
0.943820224719,0.0561797752809,0.00369202201436,-0.152327493602,-0.0524849866829,-0.0190080096826
0.955056179775,0.0561797752809,0.00314414212665,-0.122045250731,-0.0411902846838,-0.0140871766724
0.966292134831,0.0561797752809,0.00249866580582,-0.0914966082089,-0.0302179962608,-0.0105728924645
0.977528089888,0.0561797752809,0.00173075597947,-0.0608668953717,-0.0197071974085,-0.00773745745934
0.988764044944,0.0561797752809,0.000867671142634,-0.0303301397285,-0.00968819250492,-0.00457373210184
1,0.0561797752809,2.85239202478e-18,-1.04812226373e-16,-3.31017185869e-17,-1.95305539668e-17
0,0.0674157303371,0,0,0,0
0.0112359550562,0.0674157303371,0.000948420628144,-0.0336938893793,0.0205416945645,-0.020461208363
0.0224719101124,0.0674157303371,0.00201507270045,-0.0670209516198,0.0412597839654,-0.0418909378976
0.0337078651685,0.0674157303371,0.00288575376415,-0.100479876963,0.0618798310506,-0.0631209814768
0.0449438202247,0.0674157303371,0.00335811674953,-0.134467008665,0.081990401196,-0.0828819526506
0.0561797752809,0.0674157303371,0.00336512035531,-0.169161450291,0.101254650699,-0.10031060955
0.0674157303371,0.0674157303371,0.00296841572956,-0.204445370951,0.119860718374,-0.115445795475
0.0786516853933,0.0674157303371,0.00231887628759,-0.239925218262,0.138595658859,-0.129364958725
0.0898876404494,0.0674157303371,0.00160837225101,-0.275077298831,0.158200633325,-0.143670596804
0.101123595506,0.0674157303371,0.0010233001765,-0.3094706658,0.17872058529,-0.159505673277
0.112359550562,0.0674157303371,0.000696154041897,-0.342942649826,0.199726317876,-0.176825870445
0.123595505618,0.0674157303371,0.000662953795565,-0.375610313131,0.220801845397,-0.19457420111
0.134831460674,0.0674157303371,0.000846522080046,-0.407722847726,0.241510751593,-0.211613819266
0.14606741573,0.0674157303371,0.00108615799551,-0.43947088576,0.261479503386,-0.227603121877
0.157303370787,0.0674157303371,0.0012149432521,-0.470877861694,0.280743745,-0.243102554521
0.168539325843,0.0674157303371,0.0011418788838,-0.501834305055,0.299527545045,-0.258877526132
0.179775280899,0.0674157303371,0.000877044913837,-0.532229305241,0.317624635596,-0.275050773517
0.191011235955,0.0674157303371,0.0004872667543,-0.562042491962,0.334586779893,-0.290922331954
0.202247191011,0.0674157303371,3.396765272e-05,-0.59129275397,0.350527608785,-0.305708034764
0.213483146067,0.0674157303371,-0.000448648210369,-0.619897912602,0.365808660534,-0.319529849228
0.224719101124,0.0674157303371,-0.00093523018385,-0.647632573596,0.380158938088,-0.33352747784
0.23595505618,0.0674157303371,-0.00139380297746,-0.674281148978,0.393091103402,-0.348750493108
0.247191011236,0.0674157303371,-0.00179157783125,-0.699831878724,0.404527482866,-0.364935848158
0.258426966292,0.0674157303371,-0.00212050721676,-0.724519988121,0.415213715191,-0.380382061827
0.269662921348,0.0674157303371,-0.00243396307661,-0.748724394985,0.426336312843,-0.392879690866
0.280898876404,0.0674157303371,-0.00283359349976,-0.772791536993,0.43749787282,-0.400824246374
0.292134831461,0.0674157303371,-0.00334527289942,-0.796806396571,0.449484653439,-0.403736629511
0.303370786517,0.0674157303371,-0.00381394728162,-0.820459498438,0.462864679708,-0.4023528211
0.314606741573,0.0674157303371,-0.00404699676647,-0.843250313768,0.472525613566,-0.398417972921
0.325842696629,0.0674157303371,-0.00405510998062,-0.864841553314,0.476841305544,-0.393889096112
0.337078651685,0.0674157303371,-0.00404086725625,-0.88514147704,0.47900568568,-0.39032989941
0.348314606742,0.0674157303371,-0.00420570635263,-0.904153871257,0.479828611376,-0.388723875077
0.359550561798,0.0674157303371,-0.00465879958235,-0.921886184855,0.477388413338,-0.389449423224
0.370786516854,0.0674157303371,-0.00551450714472,-0.938423525248,0.471708571231,-0.392409764083
0.38202247191,0.0674157303371,-0.00695330985403,-0.953956640441,0.46698511822,-0.397268249091
0.393258426966,0.0674157303371,-0.00896617325222,-0.96847898226,0.466102190434,-0.403713918172
0.404494382022,0.0674157303371,-0.0110757302214,-0.981482712897,0.458832343907,-0.411696804083
0.415730337079,0.0674157303371,-0.0126373050924,-0.99230940004,0.428434430612,-0.421158679283
0.426966292135,0.0674157303371,-0.0135699538888,-1.0009629125,0.390052317821,-0.431101095748
0.438202247191,0.0674157303371,-0.0143441526705,-1.00805864884,0.369819900313,-0.440337766573
0.449438202247,0.0674157303371,-0.0151695759447,-1.0138892662,0.305895786131,-0.450136259224
0.460674157303,0.0674157303371,-0.0158744606395,-1.01833115466,0.216433864022,-0.459791262827
0.47191011236,0.0674157303371,-0.0163268367032,-1.02136656665,0.164340213217,-0.467211222337
0.483146067416,0.0674157303371,-0.0165633209974,-1.02322316117,0.147638052505,-0.471650373647
0.494382022472,0.0674157303371,-0.0166493062374,-1.02417349662,0.107064944799,-0.473719638659
0.505617977528,0.0674157303371,-0.0166325403167,-1.0244380254,0.0302760012525,-0.472995514633
0.516853932584,0.0674157303371,-0.0166862981803,-1.02430976793,-0.0273587091037,-0.467674882157
0.52808988764,0.0674157303371,-0.0169714432703,-1.02395634062,-0.0556491590274,-0.457618985753
0.539325842697,0.0674157303371,-0.0170793669975,-1.02275121423,-0.119721545743,-0.44532599813
0.550561797753,0.0674157303371,-0.0161548558866,-1.01943028437,-0.204874376675,-0.431925835626
0.561797752809,0.0674157303371,-0.0141220854681,-1.01358149121,-0.242690178774,-0.41722989797
0.573033707865,0.0674157303371,-0.0119608546574,-1.00607088976,-0.260149060461,-0.402916858477
0.584269662921,0.0674157303371,-0.0102574542801,-0.997447285125,-0.279983332617,-0.389978440739
0.595505617978,0.0674157303371,-0.00870245961219,-0.987366447355,-0.299317234639,-0.378299941135
0.606741573034,0.0674157303371,-0.00696025956325,-0.97552694926,-0.312128186551,-0.367419973814
0.61797752809,0.0674157303371,-0.00512559330247,-0.962116577423,-0.31933692558,-0.357090835805
0.629213483146,0.0674157303371,-0.00345352233992,-0.947478686068,-0.327600922731,-0.347351540692
0.640449438202,0.0674157303371,-0.00202957698738,-0.931771698857,-0.339248263203,-0.338056305505
0.651685393258,0.0674157303371,-0.000795740499745,-0.915039119565,-0.346614201474,-0.328487347754
0.662921348315,0.0674157303371,0.000311926892137,-0.89735800363,-0.349243809738,-0.317851192842
0.674157303371,0.0674157303371,0.00133459286629,-0.878829722422,-0.351496258778,-0.305513211964
0.685393258427,0.0674157303371,0.00228312266405,-0.859564246437,-0.348236721012,-0.290823390851
0.696629213483,0.0674157303371,0.00309839239499,-0.839725696092,-0.340742045904,-0.273514875768
0.707865168539,0.0674157303371,0.00368442630034,-0.819480092034,-0.333261578389,-0.253674266557
0.719101123596,0.0674157303371,0.00402448708976,-0.798820561721,-0.325840256231,-0.231772084148
0.730337078652,0.0674157303371,0.00423598438228,-0.777472188571,-0.316815250347,-0.20887415657
0.741573033708,0.0674157303371,0.00449081160865,-0.754999377011,-0.305398302054,-0.186572035768
0.752808988764,0.0674157303371,0.00489034742374,-0.731016492874,-0.29192864388,-0.166575704551
0.76404494382,0.0674157303371,0.00541258065772,-0.705340818002,-0.277516916904,-0.150183289593
0.775280898876,0.0674157303371,0.00595052930491,-0.678023104128,-0.263141258674,-0.137872409885
0.786516853933,0.0674157303371,0.00638672156402,-0.649277537659,-0.249009569625,-0.12925092457
0.797752808989,0.0674157303371,0.0066545749526,-0.619365049196,-0.235333471374,-0.123386071605
0.808988764045,0.0674157303371,0.00677083748884,-0.588490589354,-0.222519724142,-0.119202954654
0.820224719101,0.0674157303371,0.00683194496786,-0.556760636711,-0.210229211783,-0.115716775518
0.831460674157,0.0674157303371,0.00695953702098,-0.524224784211,-0.197457240237,-0.112118891022
0.842696629213,0.0674157303371,0.00721536079468,-0.490970693801,-0.183723334498,-0.107777883698
0.85393258427,0.0674157303371,0.00755881304358,-0.457172555924,-0.169626098984,-0.102231266857
0.865168539326,0.0674157303371,0.00788568958745,-0.42303364181,-0.156072107235,-0.0952566783467
0.876404494382,0.0674157303371,0.00809464906623,-0.388697470787,-0.143445159286,-0.0869608805588
0.887640449438,0.0674157303371,0.00812006303835,-0.354228728703,-0.131487204645,-0.0776931455906
0.898876404494,0.0674157303371,0.00793435204621,-0.319655849922,-0.119500122202,-0.0677848637146
0.910112359551,0.0674157303371,0.00754375508015,-0.284994847171,-0.106718872694,-0.057427172464
0.921348314607,0.0674157303371,0.00698296001957,-0.250215339653,-0.0929213608525,-0.0468942886374
0.932584269663,0.0674157303371,0.00630000804952,-0.215209958932,-0.0787090232393,-0.0368115307611
0.943820224719,0.0674157303371,0.0055251359244,-0.179852019017,-0.0648198525144,-0.0280035881852
0.955056179775,0.0674157303371,0.00464593585724,-0.144107594605,-0.0513183359055,-0.0209918832834
0.966292134831,0.0674157303371,0.00362658340449,-0.108078637507,-0.0380086358802,-0.0156403044436
0.977528089888,0.0674157303371,0.00246114769727,-0.0719442420225,-0.0250059495872,-0.011171394797
0.988764044944,0.0674157303371,0.00120890612732,-0.035879283062,-0.0123747420458,-0.00639940230423
1,0.0674157303371,3.9055554759e-18,-1.24099455851e-16,-4.24484360952e-17,-2.65269794797e-17
0,0.0786516853933,0,0,0,0
0.0112359550562,0.0786516853933,0.00114191732586,-0.0388252014403,0.0241877649686,-0.0248950871472
0.0224719101124,0.0786516853933,0.00241915801477,-0.0772199321629,0.0485687308001,-0.0508813649298
0.0337078651685,0.0786516853933,0.00348199564353,-0.115725955208,0.0728351033961,-0.0767311734377
0.0449438202247,0.0786516853933,0.00410676296682,-0.154786337658,0.096507181626,-0.101024633313
0.0561797752809,0.0786516853933,0.00422527564038,-0.194606962321,0.119160084836,-0.122734843065
0.0674157303371,0.0786516853933,0.00392193842292,-0.235049825427,0.140944003678,-0.141842694469
0.0786516853933,0.0786516853933,0.00338350219172,-0.275657523735,0.162689164379,-0.159530930134
0.0898876404494,0.0786516853933,0.00282980849486,-0.315838839093,0.185200051677,-0.177589845867
0.101123595506,0.0786516853933,0.00244983329998,-0.355140303088,0.208548688324,-0.197269190944
0.112359550562,0.0786516853933,0.00234849643764,-0.393441515848,0.232349730764,-0.218462889574
0.123595505618,0.0786516853933,0.00251429443047,-0.430942075854,0.256280740013,-0.239954373598
0.134831460674,0.0786516853933,0.00282285023337,-0.467965585698,0.279946959517,-0.260485894324
0.14606741573,0.0786516853933,0.00308744387597,-0.504729188945,0.302934770089,-0.279702397798
0.157303370787,0.0786516853933,0.00314939879274,-0.541220609051,0.325266343698,-0.298230773243
0.168539325843,0.0786516853933,0.00295809569737,-0.577245900187,0.347197385259,-0.316920349092
0.179775280899,0.0786516853933,0.00257663344445,-0.612595162037,0.368498438774,-0.335960135596
0.191011235955,0.0786516853933,0.00211232630939,-0.647172634973,0.388656568322,-0.354688162169
0.202247191011,0.0786516853933,0.00164058652654,-0.680968347496,0.407792332868,-0.372317973909
0.213483146067,0.0786516853933,0.00118689441443,-0.713912368521,0.426259675003,-0.388945931255
0.224719101124,0.0786516853933,0.000758623476503,-0.745805658408,0.443628262446,-0.405718940565
0.23595505618,0.0786516853933,0.000368776302681,-0.776457676919,0.459219624885,-0.423723780193
0.247191011236,0.0786516853933,2.91969652281e-05,-0.805891547769,0.472830236318,-0.442667169929
0.258426966292,0.0786516853933,-0.000274468686278,-0.834393140056,0.48519236946,-0.460696533121
0.269662921348,0.0786516853933,-0.000610089646321,-0.86238607609,0.497495479157,-0.475412281894
0.280898876404,0.0786516853933,-0.00107051571301,-0.890224551829,0.509055485202,-0.485095952707
0.292134831461,0.0786516853933,-0.00163710807623,-0.917947707152,0.521045499399,-0.489239133105
0.303370786517,0.0786516853933,-0.00209090036738,-0.945167065186,0.534875875579,-0.488616993654
0.314606741573,0.0786516853933,-0.00221462040994,-0.971334745169,0.54468580304,-0.48511078107
0.325842696629,0.0786516853933,-0.00207494150783,-0.996143077535,0.548446209927,-0.480842863643
0.337078651685,0.0786516853933,-0.00198017846733,-1.01957738017,0.550162328604,-0.477514785372
0.348314606742,0.0786516853933,-0.00222332982477,-1.04170473812,0.551058880274,-0.476212298206
0.359550561798,0.0786516853933,-0.00294413506664,-1.06253786606,0.548795882643,-0.477362631694
0.370786516854,0.0786516853933,-0.00420844080596,-1.08208922616,0.543026428849,-0.480860600244
0.38202247191,0.0786516853933,-0.00609784841404,-1.10042629521,0.538265629474,-0.486336623278
0.393258426966,0.0786516853933,-0.00850898494311,-1.1174257106,0.537588292959,-0.493479204834
0.404494382022,0.0786516853933,-0.0108827983527,-1.13247596819,0.528716567948,-0.502330492047
0.415730337079,0.0786516853933,-0.0125183835306,-1.14484385044,0.492017315512,-0.512960013192
0.426966292135,0.0786516853933,-0.0133814055439,-1.15458115273,0.447062808842,-0.524283065053
0.438202247191,0.0786516853933,-0.0140746636342,-1.16246151926,0.424988511686,-0.534952012919
0.449438202247,0.0786516853933,-0.0148805144795,-1.16888372756,0.349204346989,-0.546517238244
0.460674157303,0.0786516853933,-0.0156160142836,-1.1737478451,0.242970885473,-0.558032599502
0.47191011236,0.0786516853933,-0.0161303480049,-1.17705600836,0.181771543996,-0.566982937238
0.483146067416,0.0786516853933,-0.0164644295783,-1.17907993603,0.161234487627,-0.572596254218
0.494382022472,0.0786516853933,-0.0167046153562,-1.18015302555,0.109542794776,-0.575712822539
0.505617977528,0.0786516853933,-0.0169272802984,-1.1805662139,0.0158827467374,-0.575751346851
0.516853932584,0.0786516853933,-0.0173178412819,-1.18066181806,-0.0501641847048,-0.570406476949
0.52808988764,0.0786516853933,-0.0179743373197,-1.18055404525,-0.0802518783915,-0.559493023979
0.539325842697,0.0786516853933,-0.0183093163393,-1.17939336287,-0.154751638252,-0.545962161986
0.550561797753,0.0786516853933,-0.0172982458082,-1.17565887958,-0.25590448729,-0.531127822338
0.561797752809,0.0786516853933,-0.0149303368913,-1.16892367162,-0.298467035861,-0.514714546676
0.573033707865,0.0786516853933,-0.0124003771776,-1.16022203653,-0.314799067809,-0.498785147773
0.584269662921,0.0786516853933,-0.0103882775553,-1.1501798229,-0.334060551845,-0.484531456486
0.595505617978,0.0786516853933,-0.0085587993652,-1.13845201448,-0.353530412614,-0.471627133029
0.606741573034,0.0786516853933,-0.00653959329058,-1.12475638773,-0.365907354157,-0.459238809481
0.61797752809,0.0786516853933,-0.00444096157496,-1.10934993483,-0.372097525351,-0.446868915356
0.629213483146,0.0786516853933,-0.00258108294232,-1.09266391836,-0.380100064168,-0.43455589797
0.640449438202,0.0786516853933,-0.00108356674121,-1.07488150867,-0.392735174321,-0.422328007903
0.651685393258,0.0786516853933,0.000141049174399,-1.05597443118,-0.400849123313,-0.40968198211
0.662921348315,0.0786516853933,0.00124014384043,-1.03589191361,-0.404100262841,-0.396054436699
0.674157303371,0.0786516853933,0.00233887017214,-1.01462859507,-0.407132435521,-0.380923410917
0.685393258427,0.0786516853933,0.0034710154462,-0.992291155897,-0.403540516302,-0.363527177786
0.696629213483,0.0786516853933,0.00453486142441,-0.969143930072,-0.394930250939,-0.343372149408
0.707865168539,0.0786516853933,0.0053816952946,-0.945469035152,-0.386210059884,-0.32030873176
0.719101123596,0.0786516853933,0.00596614023905,-0.921324094335,-0.377575358169,-0.29469200535
0.730337078652,0.0786516853933,0.00638756871296,-0.896447794465,-0.367380310707,-0.267670286684
0.741573033708,0.0786516853933,0.00679140387805,-0.87039223781,-0.354710556188,-0.241087741616
0.752808988764,0.0786516853933,0.00725517849762,-0.842736794179,-0.339679980286,-0.216994254311
0.76404494382,0.0786516853933,0.00776095616571,-0.813236215651,-0.323292019117,-0.196999885484
0.775280898876,0.0786516853933,0.00823617801949,-0.781875044787,-0.306625468829,-0.181730347381
0.786516853933,0.0786516853933,0.00860752567649,-0.748836253501,-0.290086698535,-0.170695249878
0.797752808989,0.0786516853933,0.00884320251055,-0.714396977129,-0.274125844901,-0.162673086034
0.808988764045,0.0786516853933,0.0089761153487,-0.678807417091,-0.259315417404,-0.156274680996
0.820224719101,0.0786516853933,0.00910041283736,-0.64221936654,-0.24523089553,-0.150332984951
0.831460674157,0.0786516853933,0.00932332315404,-0.60470855143,-0.230636854517,-0.144049559415
0.842696629213,0.0786516853933,0.00968319362444,-0.566373580093,-0.214938579231,-0.136942749555
0.85393258427,0.0786516853933,0.0101089752531,-0.52739881698,-0.198805675761,-0.128737609367
0.865168539326,0.0786516853933,0.0104694597166,-0.487997357684,-0.183258276345,-0.119370127611
0.876404494382,0.0786516853933,0.0106523891848,-0.448314799099,-0.168715925224,-0.109046948447
0.887640449438,0.0786516853933,0.0105985907377,-0.408418179685,-0.154872680483,-0.0981100678885
0.898876404494,0.0786516853933,0.0102946493716,-0.368358196154,-0.140930339022,-0.0867233812119
0.910112359551,0.0786516853933,0.00975699660665,-0.328198558775,-0.126025861093,-0.0747895317197
0.921348314607,0.0786516853933,0.00902048826943,-0.287960649689,-0.109941136786,-0.0623347452619
0.932584269663,0.0786516853933,0.00812654113221,-0.247560395685,-0.0934211419833,-0.049944410976
0.943820224719,0.0786516853933,0.0070999155966,-0.206853944448,-0.0773301774364,-0.0386262888622
0.955056179775,0.0786516853933,0.00592842498798,-0.165770363605,-0.0616554160667,-0.0291551063253
0.966292134831,0.0786516853933,0.00458358219062,-0.124382092205,-0.0460293005631,-0.0215545932273
0.977528089888,0.0786516853933,0.00307701392776,-0.0828531249228,-0.0305109786265,-0.0150595965803
0.988764044944,0.0786516853933,0.00149581069558,-0.0413524865191,-0.0151907091758,-0.00837650510148
1,0.0786516853933,4.79794851635e-18,-1.43139939286e-16,-5.23272381893e-17,-3.37384749937e-17
0,0.0898876404494,0,0,0,0
0.0112359550562,0.0898876404494,0.00119525400885,-0.0439735566212,0.0279030953294,-0.0292197206188
0.0224719101124,0.0898876404494,0.00251396973647,-0.0874887710169,0.0560249129533,-0.0596028457245
0.0337078651685,0.0898876404494,0.00358564652707,-0.131105535238,0.0840454210519,-0.0899310323013
0.0449438202247,0.0898876404494,0.00418299400696,-0.17528501546,0.111435949488,-0.118708273279
0.0561797752809,0.0898876404494,0.00424973916295,-0.220238370915,0.137691953622,-0.144791678963
0.0674157303371,0.0898876404494,0.00389686351669,-0.265801909114,0.162906811437,-0.168103001044
0.0786516853933,0.0898876404494,0.00334392870989,-0.311464835435,0.187895004462,-0.189878664757
0.0898876404494,0.0898876404494,0.00283378859716,-0.356586926144,0.213442492127,-0.212017955746
0.101123595506,0.0898876404494,0.00255471445346,-0.400707798856,0.239594822154,-0.235811404634
0.112359550562,0.0898876404494,0.00258462208727,-0.443754263067,0.2660279625,-0.261066097803
0.123595505618,0.0898876404494,0.00286964833564,-0.486003167413,0.292594942021,-0.286416097946
0.134831460674,0.0898876404494,0.00324552023911,-0.527845033324,0.319034225,-0.310498526002
0.14606741573,0.0898876404494,0.00350317868152,-0.56952433351,0.344940152545,-0.332937344342
0.157303370787,0.0898876404494,0.0034876496604,-0.611006963131,0.370317279613,-0.354386865585
0.168539325843,0.0898876404494,0.0031776797062,-0.652032948502,0.395419185102,-0.375735236449
0.179775280899,0.0898876404494,0.00267757654451,-0.692300894499,0.419964695994,-0.39723579535
0.191011235955,0.0898876404494,0.00212549616783,-0.731631301212,0.443379626354,-0.418329815951
0.202247191011,0.0898876404494,0.0016034292054,-0.7699726973,0.465807014868,-0.438316910715
0.213483146067,0.0898876404494,0.00112399500593,-0.807264105847,0.487568078802,-0.457305250444
0.224719101124,0.0898876404494,0.000676897233741,-0.843338476689,0.508025426524,-0.476424686494
0.23595505618,0.0898876404494,0.000258725684615,-0.878032947558,0.5263261926,-0.496786394641
0.247191011236,0.0898876404494,-0.000138962051851,-0.911397843059,0.542225207216,-0.518132154554
0.258426966292,0.0898876404494,-0.000555489423065,-0.943755651546,0.556482262258,-0.538588948653
0.269662921348,0.0898876404494,-0.00107605233513,-0.975561477882,0.570144905964,-0.555700944699
0.280898876404,0.0898876404494,-0.00178251021708,-1.00716781474,0.581896845709,-0.567715559599
0.292134831461,0.0898876404494,-0.00259975790368,-1.03856234562,0.593172402258,-0.574076497483
0.303370786517,0.0898876404494,-0.00322245393072,-1.06927666816,0.606621524587,-0.575462701927
0.314606741573,0.0898876404494,-0.00338239100735,-1.09872190465,0.615879903219,-0.573680276712
0.325842696629,0.0898876404494,-0.00318335391803,-1.1266340603,0.61851909059,-0.570796739453
0.337078651685,0.0898876404494,-0.00303316557588,-1.15308938176,0.619400061598,-0.568494029118
0.348314606742,0.0898876404494,-0.00332038463106,-1.17822274821,0.62018193246,-0.567912101933
0.359550561798,0.0898876404494,-0.00422881217856,-1.20205174344,0.618041730665,-0.569570550759
0.370786516854,0.0898876404494,-0.00579996995394,-1.22452436814,0.612147432122,-0.573428169021
0.38202247191,0.0898876404494,-0.00804339233037,-1.24560107562,0.607223024158,-0.579136513423
0.393258426966,0.0898876404494,-0.0107799472344,-1.26505370158,0.606450489856,-0.586419962665
0.404494382022,0.0898876404494,-0.0133806584936,-1.28217173552,0.595405215567,-0.595457520757
0.415730337079,0.0898876404494,-0.015097100889,-1.2961457013,0.551674752319,-0.606508197555
0.426966292135,0.0898876404494,-0.0159410743953,-1.30706182797,0.500372316065,-0.618454064402
0.438202247191,0.0898876404494,-0.0166297240129,-1.31582045455,0.477396147572,-0.629874346705
0.449438202247,0.0898876404494,-0.0174959223554,-1.32289569001,0.389329094489,-0.642719179777
0.460674157303,0.0898876404494,-0.0183363738041,-1.32820339139,0.266031104916,-0.655794138715
0.47191011236,0.0898876404494,-0.0189815419221,-1.33177663555,0.196349913431,-0.666129829334
0.483146067416,0.0898876404494,-0.0194753937061,-1.33394624636,0.172682101915,-0.672910067535
0.494382022472,0.0898876404494,-0.0199180312471,-1.33511523397,0.109606257225,-0.677189388095
0.505617977528,0.0898876404494,-0.0204020102259,-1.33564410944,-0.00108605971831,-0.678175489176
0.516853932584,0.0898876404494,-0.0211110959904,-1.33591763051,-0.074513608984,-0.673015280252
0.52808988764,0.0898876404494,-0.0220745462229,-1.33599685474,-0.104966899549,-0.66146093451
0.539325842697,0.0898876404494,-0.0225304320489,-1.33482122713,-0.189163554202,-0.646874395993
0.550561797753,0.0898876404494,-0.0212873613661,-1.33062011667,-0.307278010193,-0.630694113283
0.561797752809,0.0898876404494,-0.0184020247958,-1.32295060864,-0.355007035104,-0.612447875085
0.573033707865,0.0898876404494,-0.0153137423473,-1.31303450322,-0.369553084992,-0.59457864669
0.584269662921,0.0898876404494,-0.0128457329854,-1.30161034198,-0.387631923954,-0.578575291747
0.595505617978,0.0898876404494,-0.0106600751014,-1.28833936903,-0.407172048978,-0.564001193146
0.606741573034,0.0898876404494,-0.00833382516269,-1.27293181375,-0.419564805593,-0.549715245471
0.61797752809,0.0898876404494,-0.00596404684843,-1.25567779401,-0.425459579674,-0.534997171648
0.629213483146,0.0898876404494,-0.00391939857239,-1.23707980354,-0.433927934631,-0.519906690909
0.640449438202,0.0898876404494,-0.00236856994892,-1.21734562709,-0.447989226634,-0.504694422668
0.651685393258,0.0898876404494,-0.00119410888294,-1.19636439388,-0.456761716643,-0.48915272427
0.662921348315,0.0898876404494,-0.000166219427837,-1.17394541371,-0.460301602613,-0.473031278945
0.674157303371,0.0898876404494,0.000910617884184,-1.14999233789,-0.463711959245,-0.455926883848
0.685393258427,0.0898876404494,0.00208478705655,-1.12463673356,-0.459458116587,-0.436874535972
0.696629213483,0.0898876404494,0.00323946299405,-1.09824225935,-0.449531280696,-0.41500289319
0.707865168539,0.0898876404494,0.00422667751749,-1.07117665805,-0.439308289825,-0.389770332314
0.719101123596,0.0898876404494,0.00501295945194,-1.04353858112,-0.42913335086,-0.361298630865
0.730337078652,0.0898876404494,0.00568188348747,-1.01509120904,-0.417494744083,-0.330738077667
0.741573033708,0.0898876404494,0.00632467001809,-0.985411281615,-0.403405515846,-0.300133417148
0.752808988764,0.0898876404494,0.00696832014498,-0.954071307586,-0.386743353087,-0.271859343784
0.76404494382,0.0898876404494,0.00759385521904,-0.920759488763,-0.368355671965,-0.247872559174
0.775280898876,0.0898876404494,0.00817122263433,-0.885369596256,-0.349371836209,-0.229026637098
0.786516853933,0.0898876404494,0.00867459891427,-0.848033219981,-0.330389372844,-0.214832918495
0.797752808989,0.0898876404494,0.00909810084406,-0.809040015963,-0.312137222556,-0.203877667373
0.808988764045,0.0898876404494,0.00947112461042,-0.768696809893,-0.295397864824,-0.194543561805
0.820224719101,0.0898876404494,0.00986017228533,-0.727220314431,-0.279661127981,-0.185555550396
0.831460674157,0.0898876404494,0.0103353405175,-0.684731076243,-0.263435386681,-0.176179591329
0.842696629213,0.0898876404494,0.0109007424543,-0.641346561246,-0.245992895054,-0.16611024304
0.85393258427,0.0898876404494,0.0114593761099,-0.597254632653,-0.228041171294,-0.155258574969
0.865168539326,0.0898876404494,0.011867591784,-0.552663986025,-0.210662487358,-0.143689836044
0.876404494382,0.0898876404494,0.0120189903191,-0.507711572647,-0.194274998779,-0.131650615207
0.887640449438,0.0898876404494,0.0118768800659,-0.462462824784,-0.178522494892,-0.119390313263
0.898876404494,0.0898876404494,0.0114583048312,-0.416987603875,-0.162531936552,-0.106820262804
0.910112359551,0.0898876404494,0.0108053847618,-0.371390103927,-0.145376501788,-0.0935000075446
0.921348314607,0.0898876404494,0.00996296438606,-0.325735781193,-0.126876794107,-0.0791900478526
0.932584269663,0.0898876404494,0.0089661830952,-0.279962549473,-0.107958866161,-0.0644389391837
0.943820224719,0.0898876404494,0.00782747157748,-0.233914111838,-0.0896442255552,-0.0504497660192
0.955056179775,0.0898876404494,0.00652638548081,-0.187487354091,-0.0718386481301,-0.038272012048
0.966292134831,0.0898876404494,0.00503357973099,-0.14072804949,-0.0539622873893,-0.028122620762
0.977528089888,0.0898876404494,0.00336826266055,-0.0937880642546,-0.0359841098983,-0.019298466289
0.988764044944,0.0898876404494,0.00163238797112,-0.0468350017073,-0.0180066523943,-0.010463926261
1,0.0898876404494,5.2312105475e-18,-1.62185772783e-16,-6.22663358592e-17,-4.10442677315e-17
0,0.101123595506,0,0,0,0
0.0112359550562,0.101123595506,0.0012193815409,-0.0490357444062,0.0315826881772,-0.0330597401978
0.0224719101124,0.101123595506,0.00252731151356,-0.0976072412243,0.0634312905239,-0.0673580573283
0.0337078651685,0.101123595506,0.00354128902858,-0.146274055038,0.0952430672731,-0.10176394765
0.0449438202247,0.101123595506,0.00403902133173,-0.19549703031,0.126465494427,-0.134777518115
0.0561797752809,0.101123595506,0.00398261523158,-0.245479098785,0.156528844685,-0.165176005455
0.0674157303371,0.101123595506,0.00351204309701,-0.296027914399,0.185458893748,-0.192809220443
0.0786516853933,0.101123595506,0.00287932731587,-0.346587120199,0.214000851522,-0.218909848754
0.0898876404494,0.101123595506,0.00234996640655,-0.396480382755,0.242830441073,-0.245406195946
0.101123595506,0.101123595506,0.00211347477846,-0.445249740085,0.271884924145,-0.273561116402
0.112359550562,0.101123595506,0.00222765159802,-0.492868026128,0.300890236159,-0.303059731749
0.123595505618,0.101123595506,0.00260963562816,-0.539677277334,0.329944903812,-0.332378378455
0.134831460674,0.101123595506,0.00307166722947,-0.586119504617,0.359018880524,-0.360045929006
0.14606741573,0.101123595506,0.00339272194824,-0.632459786992,0.387777574212,-0.385653409472
0.157303370787,0.101123595506,0.00341715151157,-0.678652648552,0.416213677186,-0.409866248869
0.168539325843,0.101123595506,0.0031338497235,-0.724395290401,0.444541863537,-0.433609593224
0.179775280899,0.101123595506,0.00266286647642,-0.769316737068,0.472386114416,-0.457227196157
0.191011235955,0.101123595506,0.00215026807024,-0.813166187223,0.499093820579,-0.480307636349
0.202247191011,0.101123595506,0.00166825845745,-0.855857063088,0.524824695853,-0.502270484753
0.213483146067,0.101123595506,0.0012080716886,-0.897342468514,0.549835444172,-0.523240186402
0.224719101124,0.101123595506,0.000741086121248,-0.937489254873,0.573266484853,-0.544316245038
0.23595505618,0.101123595506,0.000252303880322,-0.976156766418,0.594174765122,-0.566638505503
0.247191011236,0.101123595506,-0.000280814069865,-1.01341019375,0.612417290499,-0.590034224948
0.258426966292,0.101123595506,-0.000918281415646,-1.04959486174,0.628841479813,-0.612703124795
0.269662921348,0.101123595506,-0.00176173073817,-1.08518774875,0.644193435081,-0.632241767788
0.280898876404,0.101123595506,-0.00288383794146,-1.12053604349,0.656140750384,-0.64695753123
0.292134831461,0.101123595506,-0.00415340795209,-1.15557641724,0.666174087725,-0.656289740438
0.303370786517,0.101123595506,-0.0051700396198,-1.18976062834,0.678515993112,-0.660777873429
0.314606741573,0.101123595506,-0.00559138525893,-1.22245438513,0.686575800906,-0.662023386608
0.325842696629,0.101123595506,-0.00552518295321,-1.25342884153,0.687586063011,-0.661849079464
0.337078651685,0.101123595506,-0.00544577435821,-1.28283978222,0.687317668598,-0.661719079908
0.348314606742,0.101123595506,-0.00581079916512,-1.31087396876,0.687841374979,-0.662683207814
0.359550561798,0.101123595506,-0.00683486793028,-1.33753917958,0.685731792656,-0.665290347287
0.370786516854,0.101123595506,-0.00854909107818,-1.3627256923,0.679536289489,-0.669566265177
0.38202247191,0.101123595506,-0.0109377981436,-1.38632657998,0.674104620199,-0.675227087457
0.393258426966,0.101123595506,-0.013804019851,-1.40805825786,0.67268838591,-0.682108513455
0.404494382022,0.101123595506,-0.016489377451,-1.42713841369,0.658652270712,-0.690631680554
0.415730337079,0.101123595506,-0.0182122764474,-1.44267886889,0.606968346145,-0.701354319386
0.426966292135,0.101123595506,-0.0190202797813,-1.45477381598,0.549394160858,-0.713193215891
0.438202247191,0.101123595506,-0.0197201859869,-1.46441446931,0.526218892062,-0.724725389641
0.449438202247,0.101123595506,-0.0206827493725,-1.47213636754,0.425411564193,-0.738369383685
0.460674157303,0.101123595506,-0.0216914136576,-1.47788796829,0.284919569031,-0.752635663367
0.47191011236,0.101123595506,-0.0225649929123,-1.48175658764,0.2075994885,-0.764055205237
0.483146067416,0.101123595506,-0.0233348597672,-1.48413155481,0.18175315278,-0.771766137997
0.494382022472,0.101123595506,-0.0240677585466,-1.48544488374,0.107365629386,-0.777072047953
0.505617977528,0.101123595506,-0.0248154359402,-1.48606676654,-0.0203436137604,-0.778994932563
0.516853932584,0.101123595506,-0.02573250782,-1.48639187465,-0.10037520426,-0.774162236942
0.52808988764,0.101123595506,-0.0268032472007,-1.48645443619,-0.129951216398,-0.762270989727
0.539325842697,0.101123595506,-0.0271533545899,-1.48505930812,-0.222846533168,-0.747028967697
0.550561797753,0.101123595506,-0.0254774233444,-1.48025781688,-0.358447406607,-0.729883346621
0.561797752809,0.101123595506,-0.0219004666415,-1.47160166084,-0.41180791181,-0.709980671065
0.573033707865,0.101123595506,-0.0180913500746,-1.46048291128,-0.424165515239,-0.690049178195
0.584269662921,0.101123595506,-0.015037066772,-1.44776363298,-0.440648622415,-0.671918368869
0.595505617978,0.101123595506,-0.0124209593488,-1.43311773923,-0.460327205761,-0.655153261906
0.606741573034,0.101123595506,-0.00976986209425,-1.41622723117,-0.473341048275,-0.638427370016
0.61797752809,0.101123595506,-0.00715030351981,-1.39737934669,-0.479905303756,-0.620893484623
0.629213483146,0.101123595506,-0.00496615517361,-1.37711726858,-0.489831466679,-0.602703365722
0.640449438202,0.101123595506,-0.00342673922349,-1.35565407412,-0.505867310526,-0.584395896719
0.651685393258,0.101123595506,-0.00238323538459,-1.33277721227,-0.515037643232,-0.566127682796
0.662921348315,0.101123595506,-0.00152566386051,-1.30814996364,-0.518164480139,-0.548012777411
0.674157303371,0.101123595506,-0.000600321940854,-1.28160544087,-0.521275955681,-0.529745246265
0.685393258427,0.101123595506,0.000459199415832,-1.25331793842,-0.515984072942,-0.510062696238
0.696629213483,0.101123595506,0.00155621568714,-1.22373796077,-0.50461454399,-0.487595217383
0.707865168539,0.101123595506,0.002586966437,-1.1932933109,-0.492741115352,-0.461305216143
0.719101123596,0.101123595506,0.00354757297578,-1.16212061473,-0.48079051541,-0.431006440292
0.730337078652,0.101123595506,0.00448659114655,-1.13004220144,-0.467427988393,-0.397779326239
0.741573033708,0.101123595506,0.00540463304614,-1.09671209719,-0.451653044047,-0.36378349708
0.752808988764,0.101123595506,0.00625742046049,-1.06172839262,-0.43318168812,-0.331635000623
0.76404494382,0.101123595506,0.00703355068809,-1.02470577406,-0.412748540047,-0.303591304231
0.775280898876,0.101123595506,0.00776701930738,-0.985416978111,-0.391507798169,-0.280751622261
0.786516853933,0.101123595506,0.0084915952473,-0.943915231493,-0.370187083427,-0.262708820608
0.797752808989,0.101123595506,0.00922118216821,-0.900492550877,-0.349760789559,-0.247976122071
0.808988764045,0.101123595506,0.00996071970515,-0.85551809496,-0.331227924218,-0.23484127509
0.820224719101,0.101123595506,0.0107225539764,-0.809286724856,-0.313995116137,-0.222044372204
0.831460674157,0.101123595506,0.0115176624793,-0.761975691817,-0.29630531234,-0.209004633273
0.842696629213,0.101123595506,0.0123057832766,-0.713725301704,-0.277295704294,-0.195633291424
0.85393258427,0.101123595506,0.0129669748823,-0.664721628174,-0.257690623551,-0.182021101534
0.865168539326,0.101123595506,0.0133557953882,-0.615160907312,-0.238583397981,-0.168317395361
0.876404494382,0.101123595506,0.0133833109172,-0.565168643935,-0.220349485805,-0.15473450313
0.887640449438,0.101123595506,0.0130465481693,-0.514810110155,-0.202581330618,-0.141347544686
0.898876404494,0.101123595506,0.0124063034512,-0.464171042851,-0.184363122883,-0.127758465457
0.910112359551,0.101123595506,0.0115461643348,-0.413382817889,-0.164746265827,-0.113168956626
0.921348314607,0.101123595506,0.0105357746129,-0.362537318466,-0.143630476841,-0.097082588546
0.932584269663,0.101123595506,0.00941310724295,-0.311583539554,-0.122164138225,-0.0800086559779
0.943820224719,0.101123595506,0.00817970390254,-0.260352991989,-0.101560944617,-0.0633226417513
0.955056179775,0.101123595506,0.00680213945058,-0.208717224517,-0.0816473357842,-0.0483269521025
0.966292134831,0.101123595506,0.00524081699356,-0.156704573426,-0.0615959228494,-0.0354308164541
0.977528089888,0.101123595506,0.003508532657,-0.104466120346,-0.0412532964066,-0.0240185674404
0.988764044944,0.101123595506,0.00170484926161,-0.0521802118366,-0.0207217645396,-0.0127633671272
1,0.101123595506,5.50142773368e-18,-1.80713290887e-16,-7.18741380147e-17,-4.89063512604e-17
0,0.112359550562,0,0,0,0
0.0112359550562,0.112359550562,0.00132798764246,-0.053882831158,0.0351526663906,-0.0361895907849
0.0224719101124,0.112359550562,0.00270819274349,-0.10728713467,0.070648416039,-0.0737454808431
0.0337078651685,0.112359550562,0.00374594163922,-0.160767979013,0.106228429395,-0.111675033117
0.0449438202247,0.112359550562,0.00422305813661,-0.214781960043,0.141337861371,-0.148516874032
0.0561797752809,0.112359550562,0.00411916019599,-0.269520607255,0.175357013763,-0.182989845516
0.0674157303371,0.112359550562,0.00360084215041,-0.324764417024,0.208244629484,-0.214867522671
0.0786516853933,0.112359550562,0.00294825641041,-0.379919474683,0.240648369115,-0.245346460394
0.0898876404494,0.112359550562,0.00244515150847,-0.434284742406,0.273066562032,-0.276330993492
0.101123595506,0.112359550562,0.00228140976577,-0.487412844944,0.305242236634,-0.309002468781
0.112359550562,0.112359550562,0.00250171686399,-0.539320951045,0.336903161357,-0.342886595862
0.123595505618,0.112359550562,0.00301107904054,-0.590402669466,0.368419092039,-0.37628145362
0.134831460674,0.112359550562,0.0036204520982,-0.641131297305,0.400060936114,-0.407595107612
0.14606741573,0.112359550562,0.00411339547639,-0.691777353788,0.431621865038,-0.436378270228
0.157303370787,0.112359550562,0.00433359601615,-0.742284943416,0.463100398971,-0.463312990175
0.168539325843,0.112359550562,0.00426224130344,-0.792326269126,0.494656413881,-0.489386374574
0.179775280899,0.112359550562,0.00400945220551,-0.841485683537,0.525789695721,-0.515060630512
0.191011235955,0.112359550562,0.0037074597318,-0.889463717542,0.555744807682,-0.540070130697
0.202247191011,0.112359550562,0.00340606360925,-0.936154647955,0.584671177377,-0.563918617707
0.213483146067,0.112359550562,0.00307119226753,-0.981531435838,0.612725496021,-0.586711844862
0.224719101124,0.112359550562,0.00265809088284,-1.02548991654,0.638846808734,-0.609509973051
0.23595505618,0.112359550562,0.0021450629626,-1.06790254024,0.662138103123,-0.633488044343
0.247191011236,0.112359550562,0.00149988583815,-1.10884347841,0.682730624226,-0.658573705755
0.258426966292,0.112359550562,0.000643772301496,-1.14868024245,0.701620820131,-0.68307715536
0.269662921348,0.112359550562,-0.000543570763883,-1.18791487401,0.719101090802,-0.704719890304
0.280898876404,0.112359550562,-0.00213335693313,-1.22689382962,0.731469609103,-0.721974416153
0.292134831461,0.112359550562,-0.00395002799684,-1.26550558064,0.74004619127,-0.734392825196
0.303370786517,0.112359550562,-0.00550536899998,-1.30311826183,0.75084911729,-0.742462826182
0.314606741573,0.112359550562,-0.00637203459207,-1.33903544101,0.757310235656,-0.747598445687
0.325842696629,0.112359550562,-0.00662795808869,-1.3730344425,0.756417092472,-0.751291489621
0.337078651685,0.112359550562,-0.00676787220181,-1.40531973134,0.754894506214,-0.754605621128
0.348314606742,0.112359550562,-0.0072742259184,-1.43610568877,0.755146749293,-0.758280641734
0.359550561798,0.112359550562,-0.00836178083196,-1.46537682807,0.752971135589,-0.762709783527
0.370786516854,0.112359550562,-0.0100503902278,-1.49297466172,0.746148276196,-0.767884370975
0.38202247191,0.112359550562,-0.0123410546727,-1.51876838844,0.739616156363,-0.773580777432
0.393258426966,0.112359550562,-0.0150865380417,-1.54247977868,0.736723532946,-0.779824993261
0.404494382022,0.112359550562,-0.0176535144364,-1.56329496537,0.71860242482,-0.7874066296
0.415730337079,0.112359550562,-0.0192451585568,-1.58024860224,0.657792611369,-0.797295837564
0.426966292135,0.112359550562,-0.0199261246824,-1.59341127738,0.593644201927,-0.808489784195
0.438202247191,0.112359550562,-0.0205636916379,-1.60383021752,0.570488203438,-0.819586492115
0.449438202247,0.112359550562,-0.0215641387246,-1.61210374586,0.456395901433,-0.83348774
0.460674157303,0.112359550562,-0.0227207152037,-1.61824665799,0.298650026904,-0.848360636395
0.47191011236,0.112359550562,-0.023857746244,-1.62242985012,0.214607209146,-0.860232149695
0.483146067416,0.112359550562,-0.0249772279233,-1.62509151668,0.187697871023,-0.868261868411
0.494382022472,0.112359550562,-0.0260558412807,-1.6266322893,0.102451230837,-0.874113878499
0.505617977528,0.112359550562,-0.0270421532324,-1.62735642753,-0.042071481756,-0.876724410829
0.516853932584,0.112359550562,-0.0280415778787,-1.62763453553,-0.128213762821,-0.872274894427
0.52808988764,0.112359550562,-0.0290318509759,-1.62750797111,-0.155909435887,-0.860418720888
0.539325842697,0.112359550562,-0.0291012019303,-1.62573205678,-0.256262819209,-0.845137581004
0.550561797753,0.112359550562,-0.0268846851131,-1.62025353277,-0.409156279695,-0.827762614716
0.561797752809,0.112359550562,-0.0225531638806,-1.61061060237,-0.468439234674,-0.806869561249
0.573033707865,0.112359550562,-0.0179546057838,-1.59832341838,-0.478536289347,-0.785316920846
0.584269662921,0.112359550562,-0.0142428937208,-1.58438692999,-0.493353923977,-0.765231414006
0.595505617978,0.112359550562,-0.0111482570906,-1.56850976262,-0.51342839242,-0.74622901038
0.606741573034,0.112359550562,-0.00816055054278,-1.55034476152,-0.527716164484,-0.726893676204
0.61797752809,0.112359550562,-0.00531320595923,-1.5301552671,-0.535897567803,-0.706341294042
0.629213483146,0.112359550562,-0.0030342177018,-1.50849522659,-0.548251656787,-0.68488054773
0.640449438202,0.112359550562,-0.00156491269886,-1.4855563885,-0.566765544121,-0.663386919567
0.651685393258,0.112359550562,-0.000720207118356,-1.46100429579,-0.57594287041,-0.642423334919
0.662921348315,0.112359550562,-0.000110935268065,-1.43435033118,-0.577717458688,-0.622502325771
0.674157303371,0.112359550562,0.000570532726978,-1.40536632795,-0.579711465876,-0.603416422602
0.685393258427,0.112359550562,0.00141813251565,-1.37427061274,-0.573055408489,-0.583580837711
0.696629213483,0.112359550562,0.00237938173384,-1.34158511682,-0.560276106578,-0.561106705878
0.707865168539,0.112359550562,0.0034107624254,-1.30778716699,-0.546836829443,-0.534461174631
0.719101123596,0.112359550562,0.00452710460129,-1.27306976851,-0.533101437138,-0.503150937455
0.730337078652,0.112359550562,0.00570767836385,-1.23736319718,-0.517872369049,-0.468145134169
0.741573033708,0.112359550562,0.00682883736027,-1.20045351271,-0.500195535587,-0.431614474495
0.752808988764,0.112359550562,0.00776751425325,-1.16199353041,-0.479761630452,-0.396269968707
0.76404494382,0.112359550562,0.00854314165221,-1.12151593027,-0.457305121786,-0.364532746576
0.775280898876,0.112359550562,0.00928925706019,-1.07864037511,-0.434003156644,-0.337676054394
0.786516853933,0.112359550562,0.0101250751103,-1.03330814729,-0.410605941509,-0.315395312393
0.797752808989,0.112359550562,0.0110902773756,-0.985792434386,-0.388221071717,-0.29623078216
0.808988764045,0.112359550562,0.0121537506409,-0.936518130573,-0.368024739651,-0.27851653367
0.820224719101,0.112359550562,0.0132536565208,-0.885860837861,-0.349356402477,-0.261147522657
0.831460674157,0.112359550562,0.0143229671135,-0.834059968899,-0.330226598031,-0.243798450473
0.842696629213,0.112359550562,0.0152652518723,-0.781282883308,-0.309670594918,-0.226644144409
0.85393258427,0.112359550562,0.0159334890219,-0.727716195699,-0.288429167437,-0.20994998255
0.865168539326,0.112359550562,0.0161800098785,-0.673547494215,-0.267564333696,-0.193907588979
0.876404494382,0.112359550562,0.0159335289223,-0.618897926857,-0.247369826243,-0.178638969555
0.887640449438,0.112359550562,0.0152272197558,-0.563837280973,-0.227387061295,-0.16400492943
0.898876404494,0.112359550562,0.0141732352846,-0.508461120821,-0.206690923993,-0.1492986134
0.910112359551,0.112359550562,0.0129096991572,-0.452909488815,-0.184352149821,-0.133400176452
0.921348314607,0.112359550562,0.0115473652586,-0.397277186755,-0.160383438692,-0.115589509984
0.932584269663,0.112359550562,0.0101425619837,-0.341507837902,-0.136184558963,-0.09632221517
0.943820224719,0.112359550562,0.0086961302178,-0.285418407951,-0.113185605059,-0.0770771716811
0.955056179775,0.112359550562,0.00716411369537,-0.228863582267,-0.0911367334381,-0.0593264733203
0.966292134831,0.112359550562,0.00549169973918,-0.171866800462,-0.0689397462185,-0.0436174293377
0.977528089888,0.112359550562,0.00367416695544,-0.114592000452,-0.0462984149432,-0.0294114648481
0.988764044944,0.112359550562,0.00179350733398,-0.0572413957142,-0.023311104143,-0.0154216124781
1,0.112359550562,5.85795421051e-18,-1.98220116758e-16,-8.10149254004e-17,-5.80002593241e-17
0,0.123595505618,0,0,0,0
0.0112359550562,0.123595505618,0.00151034196061,-0.0584973576272,0.0386138048576,-0.0386155004513
0.0224719101124,0.123595505618,0.0030611265603,-0.11646511382,0.0776723803288,-0.078780051639
0.0337078651685,0.123595505618,0.00423652221404,-0.174467306744,0.116974592703,-0.119638643134
0.0449438202247,0.123595505618,0.00481518650969,-0.23296419874,0.155977320308,-0.15977979672
0.0561797752809,0.123595505618,0.00478665304735,-0.292140772319,0.19402621424,-0.197886361199
0.0674157303371,0.123595505618,0.00433302729191,-0.351758079948,0.231023998417,-0.233676845563
0.0786516853933,0.123595505618,0.00374856850218,-0.411196674402,0.267520599397,-0.26831513306
0.0898876404494,0.123595505618,0.00332338432095,-0.469742323968,0.303813312609,-0.303663110153
0.101123595506,0.123595505618,0.00324452988751,-0.526962375764,0.339392504236,-0.340792249659
0.112359550562,0.123595505618,0.00355372835361,-0.582910650193,0.373918014488,-0.379045208324
0.123595505618,0.123595505618,0.00416641261232,-0.638013215234,0.407995073809,-0.416526470131
0.134831460674,0.123595505618,0.00491917733302,-0.692749987956,0.442203178963,-0.451516358064
0.14606741573,0.123595505618,0.00561949445599,-0.747376856189,0.476488624319,-0.483532455555
0.157303370787,0.123595505618,0.00611244592455,-0.801822571422,0.510880954357,-0.513297071492
0.168539325843,0.123595505618,0.0063562111635,-0.855748283072,0.545506643847,-0.541885797565
0.179775280899,0.123595505618,0.00642967610771,-0.90871973935,0.579753837355,-0.569875181082
0.191011235955,0.123595505618,0.00643698178297,-0.96041522009,0.612761521059,-0.597085598957
0.202247191011,0.123595505618,0.00640284747454,-1.01072532985,0.644646320507,-0.623020423984
0.213483146067,0.123595505618,0.00627301042416,-1.05964093128,0.675439552926,-0.64772292386
0.224719101124,0.123595505618,0.00599292826349,-1.10707402494,0.703915889075,-0.672220201232
0.23595505618,0.123595505618,0.00553696224815,-1.15290333033,0.729359157042,-0.697722470108
0.247191011236,0.123595505618,0.00486132411199,-1.19722034215,0.752327097561,-0.72422572681
0.258426966292,0.123595505618,0.00386325034368,-1.24043312806,0.774015157543,-0.750124586543
0.269662921348,0.123595505618,0.00239573280183,-1.28308785629,0.794140232819,-0.773288194861
0.280898876404,0.123595505618,0.000376708932471,-1.3255431817,0.807368060649,-0.792442179499
0.292134831461,0.123595505618,-0.00199154125763,-1.36764224112,0.81466454413,-0.807400801711
0.303370786517,0.123595505618,-0.00415054512587,-1.40865953945,0.823944097521,-0.818779484596
0.314606741573,0.123595505618,-0.00559010082964,-1.44780932002,0.828825180921,-0.827950369694
0.325842696629,0.123595505618,-0.00633333101605,-1.48483261418,0.826136695922,-0.836107094851
0.337078651685,0.123595505618,-0.00684960829824,-1.51993960956,0.823559250206,-0.843798908713
0.348314606742,0.123595505618,-0.00759595893752,-1.55334306167,0.823691074197,-0.851240486904
0.359550561798,0.123595505618,-0.0087475633596,-1.58499248801,0.821345263856,-0.858445776035
0.370786516854,0.123595505618,-0.0103023591304,-1.61469280109,0.813411308762,-0.86522234904
0.38202247191,0.123595505618,-0.0123130898931,-1.64233616417,0.804944462162,-0.87136528425
0.393258426966,0.123595505618,-0.0147471722589,-1.66771513699,0.799486448222,-0.877138729019
0.404494382022,0.123595505618,-0.0170468171651,-1.69002755302,0.775951919081,-0.883786565826
0.415730337079,0.123595505618,-0.0184074836831,-1.70823010273,0.704616711075,-0.892748080004
0.426966292135,0.123595505618,-0.0188791663319,-1.72233337796,0.633105215687,-0.903086356809
0.438202247191,0.123595505618,-0.0193569214281,-1.73340836185,0.609659476287,-0.913380437989
0.449438202247,0.123595505618,-0.0202880150916,-1.74212622989,0.481758326092,-0.926989247061
0.460674157303,0.123595505618,-0.0215074208458,-1.7486048378,0.306806274364,-0.941721535642
0.47191011236,0.123595505618,-0.0228679372558,-1.753123809,0.216994708314,-0.953165062929
0.483146067416,0.123595505618,-0.0243323788533,-1.75615753604,0.19030044682,-0.960644882744
0.494382022472,0.123595505618,-0.0257454120936,-1.75802193207,0.0951156493067,-0.966355678016
0.505617977528,0.123595505618,-0.026912304658,-1.758896107,-0.0657594822746,-0.969285001889
0.516853932584,0.123595505618,-0.0278875667807,-1.75910477424,-0.157772359799,-0.965241639337
0.52808988764,0.123595505618,-0.0286831423479,-1.75872436742,-0.182908829946,-0.953823837723
0.539325842697,0.123595505618,-0.0284098085133,-1.7565209095,-0.289437701067,-0.939213391671
0.550561797753,0.123595505618,-0.0256767127693,-1.75038138744,-0.458691193598,-0.922524633642
0.561797752809,0.123595505618,-0.02065846843,-1.73980181544,-0.523853622343,-0.901632820206
0.573033707865,0.123595505618,-0.0153101537489,-1.72637473441,-0.531968251859,-0.879381870967
0.584269662921,0.123595505618,-0.0109375936226,-1.71123555795,-0.545533468384,-0.858101674389
0.595505617978,0.123595505618,-0.00733666795303,-1.6941623315,-0.566579493739,-0.837440312362
0.606741573034,0.123595505618,-0.00397964719502,-1.67480067721,-0.582870596922,-0.815921692262
0.61797752809,0.123595505618,-0.000877212723838,-1.6533929721,-0.593485740008,-0.792651412859
0.629213483146,0.123595505618,0.00152109229263,-1.63048867635,-0.609022529413,-0.768095184147
0.640449438202,0.123595505618,0.00294587333553,-1.6062409341,-0.630385753356,-0.743449623746
0.651685393258,0.123595505618,0.00361495302916,-1.58018641854,-0.639218849642,-0.71967620952
0.662921348315,0.123595505618,0.00398983205435,-1.55168508467,-0.638775288385,-0.697706517847
0.674157303371,0.123595505618,0.00442948760954,-1.52044551155,-0.63892119934,-0.677483568409
0.685393258427,0.123595505618,0.00506318439459,-1.48671418125,-0.630694678678,-0.65718138422
0.696629213483,0.123595505618,0.00589468244738,-1.45105903206,-0.616684254707,-0.634499964622
0.707865168539,0.123595505618,0.00694221527195,-1.41399206281,-0.601965516904,-0.607528130843
0.719101123596,0.123595505618,0.00822210134149,-1.37577498618,-0.586644402079,-0.575548198494
0.730337078652,0.123595505618,0.00961536601722,-1.33648369508,-0.569576238921,-0.539423794733
0.741573033708,0.123595505618,0.0108507702319,-1.29608097639,-0.549914439869,-0.501248509488
0.752808988764,0.123595505618,0.0117219840476,-1.25430712849,-0.527472062543,-0.463661611496
0.76404494382,0.123595505618,0.0122949289385,-1.21062406109,-0.503105174597,-0.429054830852
0.775280898876,0.123595505618,0.0128314334771,-1.16448675513,-0.478015141624,-0.39872757165
0.786516853933,0.123595505618,0.0135655894843,-1.11569858209,-0.452848695101,-0.372423714602
0.797752808989,0.123595505618,0.01458153597,-1.06448738736,-0.428697230365,-0.348747946183
0.808988764045,0.123595505618,0.0158176640083,-1.01131465514,-0.406853508126,-0.326170028371
0.820224719101,0.123595505618,0.0171350865855,-0.956625592232,-0.386628180164,-0.303835583299
0.831460674157,0.123595505618,0.0183828466991,-0.900717230151,-0.365877579956,-0.281744919741
0.842696629213,0.123595505618,0.019402184558,-0.843784912405,-0.343599375109,-0.260369186792
0.85393258427,0.123595505618,0.0200120727149,-0.786021878338,-0.32056647961,-0.240149953407
0.865168539326,0.123595505618,0.0200526890156,-0.727618274489,-0.297780524528,-0.221308211147
0.876404494382,0.123595505618,0.0194583061658,-0.668703353741,-0.275424482895,-0.203871478688
0.887640449438,0.123595505618,0.0182888028693,-0.609356818957,-0.252992631068,-0.187514338841
0.898876404494,0.123595505618,0.0167045763342,-0.549676914712,-0.229581890643,-0.171287791568
0.910112359551,0.123595505618,0.0149021089523,-0.489794452949,-0.204314696998,-0.153832431638
0.921348314607,0.123595505618,0.013043401212,-0.429785763389,-0.177330199239,-0.134258199882
0.932584269663,0.123595505618,0.0112172416123,-0.369574348702,-0.150275992053,-0.112951178698
0.943820224719,0.123595505618,0.00943701662793,-0.308962055394,-0.124791963021,-0.0913992992955
0.955056179775,0.123595505618,0.00765639281885,-0.247798094264,-0.100548177268,-0.0711128830436
0.966292134831,0.123595505618,0.00580769701892,-0.186115156098,-0.0761718114058,-0.0526689022002
0.977528089888,0.123595505618,0.00386623631134,-0.12410100115,-0.0512263657079,-0.0355535612338
0.988764044944,0.123595505618,0.00188985950361,-0.0619890790209,-0.0258183491801,-0.0185248039987
1,0.123595505618,6.2325141699e-18,-2.14621045739e-16,-8.97982172828e-17,-6.88023404766e-17
0,0.134831460674,0,0,0,0
0.0112359550562,0.134831460674,0.00152165891582,-0.0631039745738,0.0420350467711,-0.0405602105637
0.0224719101124,0.134831460674,0.00310779814549,-0.125587674804,0.0846178616723,-0.0828495555699
0.0337078651685,0.134831460674,0.0043148150249,-0.188043268493,0.127603148953,-0.126100332299
0.0449438202247,0.134831460674,0.00491593166465,-0.250939609697,0.170469404819,-0.16894991168
0.0561797752809,0.134831460674,0.00490063695768,-0.314460116296,0.212548373697,-0.210084381482
0.0674157303371,0.134831460674,0.00444316468839,-0.378362448392,0.253708606661,-0.249214604665
0.0786516853933,0.134831460674,0.00382167028693,-0.442025241672,0.294420937611,-0.28749915581
0.0898876404494,0.134831460674,0.00330944304584,-0.504738319077,0.334792082912,-0.326762962337
0.101123595506,0.134831460674,0.00308649614542,-0.566082800657,0.374039162721,-0.367969719688
0.112359550562,0.134831460674,0.00320928627317,-0.626129047827,0.411689458607,-0.410288060375
0.123595505618,0.134831460674,0.00363494605804,-0.685305398865,0.448503257521,-0.451636640568
0.134831460674,0.134831460674,0.00425593195724,-0.744069764158,0.485312542319,-0.490174083814
0.14606741573,0.134831460674,0.00492059581236,-0.802645017947,0.522200734474,-0.525402869306
0.157303370787,0.134831460674,0.00547401005288,-0.860942475978,0.559250184054,-0.558114921836
0.168539325843,0.134831460674,0.00583595480158,-0.918628110186,0.596605113382,-0.589485921448
0.179775280899,0.134831460674,0.00603920518206,-0.975274218018,0.633602087985,-0.620163486737
0.191011235955,0.134831460674,0.00616024487759,-1.03055423704,0.669318158786,-0.64995656937
0.202247191011,0.134831460674,0.00621656652895,-1.08435053096,0.703850797437,-0.678279829
0.213483146067,0.134831460674,0.00615787611387,-1.13664625713,0.737099796323,-0.705099278016
0.224719101124,0.134831460674,0.0059357490467,-1.18734414335,0.767692697737,-0.731440606248
0.23595505618,0.134831460674,0.00552077201659,-1.23632863172,0.795168447545,-0.758540523692
0.247191011236,0.134831460674,0.0048454084623,-1.28373588553,0.820605400487,-0.786392799542
0.258426966292,0.134831460674,0.0037662335074,-1.33005323938,0.84542767797,-0.813402497499
0.269662921348,0.134831460674,0.00209240424163,-1.37590566556,0.868698641435,-0.837560737767
0.280898876404,0.134831460674,-0.000287754505532,-1.4216874677,0.883324379819,-0.857883997499
0.292134831461,0.134831460674,-0.00316938396208,-1.46720681325,0.889842731287,-0.874555139417
0.303370786517,0.134831460674,-0.00595210021111,-1.51164166324,0.898061234588,-0.888484261887
0.314606741573,0.134831460674,-0.00806121212296,-1.55409683616,0.901827840265,-0.901177416528
0.325842696629,0.134831460674,-0.0094569559251,-1.59423889676,0.897850138314,-0.913634165585
0.337078651685,0.134831460674,-0.0105494995684,-1.63224055961,0.894699990533,-0.925875102793
0.348314606742,0.134831460674,-0.0117252015286,-1.66828031039,0.894982415644,-0.937481816814
0.359550561798,0.134831460674,-0.0130793171929,-1.70225646465,0.892338229344,-0.947957570297
0.370786516854,0.134831460674,-0.0145731334059,-1.73394546031,0.882716998537,-0.956832793889
0.38202247191,0.134831460674,-0.01633773807,-1.76330436768,0.871404292871,-0.96388417659
0.393258426966,0.134831460674,-0.0185025996255,-1.79025136842,0.862266564924,-0.969614792579
0.404494382022,0.134831460674,-0.0206120181256,-1.81402537173,0.832006672338,-0.975725347996
0.415730337079,0.134831460674,-0.021840506688,-1.83349535553,0.748749840245,-0.984087985269
0.426966292135,0.134831460674,-0.0221795406734,-1.84857378305,0.668746448495,-0.993746815065
0.438202247191,0.134831460674,-0.0225170029572,-1.86032694359,0.644361826862,-1.00316594081
0.449438202247,0.134831460674,-0.0233458862507,-1.86950753208,0.502352661029,-1.01611046461
0.460674157303,0.134831460674,-0.024565965967,-1.87635652383,0.310407908196,-1.0300547404
0.47191011236,0.134831460674,-0.0260705324421,-1.88126528499,0.215737977468,-1.04025787539
0.483146067416,0.134831460674,-0.027779207905,-1.88472867746,0.190590577898,-1.04637976466
0.494382022472,0.134831460674,-0.0293969677694,-1.88695532819,0.0867726315323,-1.05131088579
0.505617977528,0.134831460674,-0.0305918468229,-1.88798543412,-0.0897978552438,-1.05421132128
0.516853932584,0.134831460674,-0.0313949712149,-1.88810246932,-0.187727793083,-1.05056536635
0.52808988764,0.134831460674,-0.0318935577373,-1.88743918709,-0.210097997369,-1.03988903163
0.539325842697,0.134831460674,-0.0312590413471,-1.88480040459,-0.321828133216,-1.02651058171
0.550561797753,0.134831460674,-0.0280861481361,-1.87802744309,-0.506080829737,-1.01126938874
0.561797752809,0.134831460674,-0.0225100536038,-1.86654337333,-0.576759854258,-0.991293215375
0.573033707865,0.134831460674,-0.0165235119271,-1.85196633414,-0.583460573513,-0.969323804865
0.584269662921,0.134831460674,-0.0115509904095,-1.83557161557,-0.596637293443,-0.947804697797
0.595505617978,0.134831460674,-0.00744796183506,-1.81722999041,-0.619511547333,-0.926373760961
0.606741573034,0.134831460674,-0.00367488694767,-1.79660276976,-0.638537148966,-0.903482428067
0.61797752809,0.134831460674,-0.000226071678546,-1.77392273458,-0.652147690199,-0.878195024527
0.629213483146,0.134831460674,0.00243197303771,-1.7497271068,-0.671254359498,-0.851062193248
0.640449438202,0.134831460674,0.00400174986067,-1.72412631199,-0.695632367002,-0.823508203827
0.651685393258,0.134831460674,0.00471094694728,-1.69655025938,-0.703949431113,-0.796819390363
0.662921348315,0.134831460674,0.00505896691666,-1.66624015386,-0.700776522801,-0.772334049964
0.674157303371,0.134831460674,0.00542966448751,-1.63285647718,-0.698624685791,-0.750223842761
0.685393258427,0.134831460674,0.00597732962111,-1.59665874429,-0.688763088063,-0.728578869474
0.696629213483,0.134831460674,0.00676744645092,-1.55822004536,-0.67376211734,-0.704887081046
0.707865168539,0.134831460674,0.00789641952912,-1.5180363844,-0.658107369409,-0.677052634775
0.719101123596,0.134831460674,0.00940054296606,-1.476397983,-0.641451949058,-0.644270534848
0.730337078652,0.134831460674,0.011074265816,-1.43351157637,-0.622635301532,-0.607350725317
0.741573033708,0.134831460674,0.0124977777047,-1.38953323657,-0.600994930151,-0.568268064025
0.752808988764,0.134831460674,0.013363708191,-1.34433891051,-0.57658835631,-0.529461080361
0.76404494382,0.134831460674,0.0137566309223,-1.29738421554,-0.550470121305,-0.493110596568
0.775280898876,0.134831460674,0.0140506519841,-1.2480058497,-0.523845754483,-0.460372830625
0.786516853933,0.134831460674,0.0146023979308,-1.19587735743,-0.497142545604,-0.430936554135
0.797752808989,0.134831460674,0.0155638513472,-1.14115993575,-0.471301679852,-0.403437377582
0.808988764045,0.134831460674,0.016871530782,-1.084318038,-0.447679910741,-0.376483632391
0.820224719101,0.134831460674,0.0183373392878,-1.0258331279,-0.425615083171,-0.349477465211
0.831460674157,0.134831460674,0.0197490811742,-0.966034886159,-0.402913320542,-0.322741115818
0.842696629213,0.134831460674,0.0208997671324,-0.905133726447,-0.378611828168,-0.297033831815
0.85393258427,0.134831460674,0.0215767779617,-0.843329015948,-0.353537621242,-0.272972793421
0.865168539326,0.134831460674,0.0215972553828,-0.78082282469,-0.328616258212,-0.250828621385
0.876404494382,0.134831460674,0.02088067329,-0.717764215986,-0.303903102433,-0.230587958795
0.887640449438,0.134831460674,0.019491082689,-0.65424847812,-0.278851885166,-0.21183156972
0.898876404494,0.134831460674,0.0176172073511,-0.590374324763,-0.25260869347,-0.193486096876
0.910112359551,0.134831460674,0.0154990755347,-0.526256599097,-0.224369451787,-0.174063134699
0.921348314607,0.134831460674,0.0133428568701,-0.46194574536,-0.194388980756,-0.15257016334
0.932584269663,0.134831460674,0.0112715147395,-0.397341737718,-0.164518375129,-0.129321363991
0.943820224719,0.134831460674,0.00931866854495,-0.332237106318,-0.136559938287,-0.105731785653
0.955056179775,0.134831460674,0.00744487231503,-0.266489935915,-0.110087452793,-0.0832142631406
0.966292134831,0.134831460674,0.00557832084772,-0.200156355175,-0.0834708564159,-0.0622427116444
0.977528089888,0.134831460674,0.00368147985218,-0.133454891821,-0.0561623881981,-0.0422447000449
0.988764044944,0.134831460674,0.00179135322314,-0.0666512579831,-0.0283048675807,-0.0219979248372
1,0.134831460674,5.91000273e-18,-2.30702346694e-16,-9.84178418091e-17,-8.11810876168e-17
0,0.14606741573,0,0,0,0
0.0112359550562,0.14606741573,0.000897652392498,-0.0681666643419,0.045505991885,-0.0423706713209
0.0224719101124,0.14606741573,0.00189702366006,-0.135625025305,0.0916289337366,-0.0865494125945
0.0337078651685,0.14606741573,0.00254813471039,-0.202988576085,0.138265386766,-0.131779067003
0.0449438202247,0.14606741573,0.00263959422226,-0.270713323169,0.184926604503,-0.17675482161
0.0561797752809,0.14606741573,0.00215852414554,-0.338973010174,0.230961241694,-0.220229733865
0.0674157303371,0.14606741573,0.00123945612635,-0.407541910515,0.276237519731,-0.261971158494
0.0786516853933,0.14606741573,9.62392669947e-05,-0.475836128097,0.32117629761,-0.303163613412
0.0898876404494,0.14606741573,-0.00105534800236,-0.543183204383,0.365718837185,-0.345606870064
0.101123595506,0.14606741573,-0.00205668367304,-0.609185303668,0.408813414705,-0.390184358176
0.112359550562,0.14606741573,-0.00282361308471,-0.673911109649,0.449810192147,-0.435936948314
0.123595505618,0.14606741573,-0.00333298209035,-0.7377661228,0.489534581362,-0.480631708152
0.134831460674,0.14606741573,-0.00361865860816,-0.801170259758,0.528982421785,-0.52231920206
0.14606741573,0.14606741573,-0.00378686304071,-0.864308816079,0.568330202363,-0.560501449753
0.157303370787,0.14606741573,-0.00399756377358,-0.927078596306,0.607722415459,-0.596061559583
0.168539325843,0.14606741573,-0.00437430348697,-0.989156945167,0.647375716293,-0.630273482349
0.179775280899,0.14606741573,-0.00492025024338,-1.0501227353,0.686659283929,-0.663799574076
0.191011235955,0.14606741573,-0.00554931295719,-1.1096211588,0.724675646043,-0.696348177576
0.202247191011,0.14606741573,-0.00619190167521,-1.16747195812,0.761563828641,-0.727194595201
0.213483146067,0.14606741573,-0.00683504975513,-1.2235822168,0.797106522263,-0.756253819548
0.224719101124,0.14606741573,-0.00748520933157,-1.27779882737,0.829762331172,-0.784596208924
0.23595505618,0.14606741573,-0.00817155106319,-1.33001173529,0.859311020589,-0.813468706178
0.247191011236,0.14606741573,-0.00900368720301,-1.38043861599,0.887364337101,-0.842787213443
0.258426966292,0.14606741573,-0.0101923957014,-1.42969440897,0.915567141761,-0.870894852711
0.269662921348,0.14606741573,-0.0120012604338,-1.47852820925,0.942297691107,-0.895862833318
0.280898876404,0.14606741573,-0.0146037562038,-1.52740961738,0.958746839195,-0.916974218767
0.292134831461,0.14606741573,-0.0178321758467,-1.57614657585,0.965105840554,-0.934776481178
0.303370786517,0.14606741573,-0.0210925062536,-1.62385007577,0.97299606677,-0.950515889073
0.314606741573,0.14606741573,-0.0237899820592,-1.66953234125,0.976403591716,-0.965919195682
0.325842696629,0.14606741573,-0.0258450065143,-1.71278279692,0.971882916165,-0.981893591462
0.337078651685,0.14606741573,-0.0276112843304,-1.75372711773,0.968772132272,-0.998018315369
0.348314606742,0.14606741573,-0.0294046417388,-1.79251499314,0.969489770508,-1.01330450853
0.359550561798,0.14606741573,-0.0312489990131,-1.82901819411,0.966401366206,-1.02678728088
0.370786516854,0.14606741573,-0.0330776650175,-1.86300786988,0.954598983587,-1.0377448257
0.38202247191,0.14606741573,-0.0350862024271,-1.89449722273,0.939800142902,-1.04593669331
0.393258426966,0.14606741573,-0.0375207741889,-1.92348309953,0.926297477286,-1.05207314562
0.404494382022,0.14606741573,-0.0399786534574,-1.9491992061,0.888483015107,-1.05823613871
0.415730337079,0.14606741573,-0.0415786600906,-1.97040495601,0.792328780269,-1.06660787113
0.426966292135,0.14606741573,-0.0422172928902,-1.98689479663,0.702703582296,-1.07607474413
0.438202247191,0.14606741573,-0.042742375886,-1.99970989939,0.676645540459,-1.08485761067
0.449438202247,0.14606741573,-0.043675983578,-2.00967017876,0.520540732252,-1.09707035051
0.460674157303,0.14606741573,-0.0449624977454,-2.01710745506,0.311855382954,-1.10990760208
0.47191011236,0.14606741573,-0.0465088126339,-2.02247708848,0.212913741518,-1.11840942549
0.483146067416,0.14606741573,-0.0481959395012,-2.02628151789,0.190382920327,-1.12268927837
0.494382022472,0.14606741573,-0.0496570208018,-2.02868101185,0.0792951855858,-1.12641814687
0.505617977528,0.14606741573,-0.0505234609186,-2.02966889321,-0.112336975763,-1.12898758278
0.516853932584,0.14606741573,-0.0508772897907,-2.02954373431,-0.21657954293,-1.12558394164
0.52808988764,0.14606741573,-0.0509050756425,-2.02849286241,-0.236552729783,-1.11564306729
0.539325842697,0.14606741573,-0.0498175755679,-2.02531462443,-0.35313389577,-1.10365551633
0.550561797753,0.14606741573,-0.0461453809281,-2.01774413222,-0.551063617057,-1.09019586313
0.561797752809,0.14606741573,-0.0399449914225,-2.00510440864,-0.626747159444,-1.0716695838
0.573033707865,0.14606741573,-0.0332649659091,-1.98909630663,-0.63277053033,-1.05066917898
0.584269662921,0.14606741573,-0.0276765861509,-1.9712110574,-0.6466277152,-1.02966941446
0.595505617978,0.14606741573,-0.0230636773579,-1.95141397522,-0.672169420955,-1.00826366416
0.606741573034,0.14606741573,-0.0188238623392,-1.92934767996,-0.694367220962,-0.984826238996
0.61797752809,0.14606741573,-0.0148901012335,-1.90519521272,-0.71104641345,-0.958350004106
0.629213483146,0.14606741573,-0.011703859452,-1.87943833535,-0.733586164268,-0.929381336163
0.640449438202,0.14606741573,-0.00958164827943,-1.85213925066,-0.760855897507,-0.899434673885
0.651685393258,0.14606741573,-0.00834095828963,-1.82268968692,-0.768685494015,-0.86998302903
0.662921348315,0.14606741573,-0.00754157422925,-1.79032167687,-0.762730890379,-0.842693130298
0.674157303371,0.14606741573,-0.00686547530981,-1.75473225855,-0.7581763875,-0.818010148197
0.685393258427,0.14606741573,-0.00618622216825,-1.71621515012,-0.746733690893,-0.794103918132
0.696629213483,0.14606741573,-0.00537615197395,-1.67529846522,-0.730959084801,-0.768470205298
0.707865168539,0.14606741573,-0.0042006677651,-1.6323495266,-0.71463270451,-0.739034727734
0.719101123596,0.14606741573,-0.0024986609219,-1.58754016953,-0.696795406638,-0.70504918371
0.730337078652,0.14606741573,-0.000454086736489,-1.54107712453,-0.676254503911,-0.667343834231
0.741573033708,0.14606741573,0.00142443227193,-1.49325146958,-0.652637054308,-0.627784685319
0.752808988764,0.14606741573,0.00270482126394,-1.44412488525,-0.626335055684,-0.588555661957
0.76404494382,0.14606741573,0.00339534804134,-1.39328524197,-0.598617002719,-0.551520308195
0.775280898876,0.14606741573,0.00387710753553,-1.34009976706,-0.570641678036,-0.517571779632
0.786516853933,0.14606741573,0.00456997318805,-1.28419980328,-0.542525644218,-0.486250367219
0.797752808989,0.14606741573,0.00569349832177,-1.22569098752,-0.514969040048,-0.45615835271
0.808988764045,0.14606741573,0.00722497510181,-1.16499945261,-0.489359470632,-0.425979955132
0.820224719101,0.14606741573,0.00898892561277,-1.10258257341,-0.465121271333,-0.395294509421
0.831460674157,0.14606741573,0.010772482578,-1.03874837678,-0.440115933647,-0.364660227261
0.842696629213,0.14606741573,0.0123675043973,-0.973684831854,-0.413492885453,-0.335056704601
0.85393258427,0.14606741573,0.0135562968365,-0.907578346843,-0.386154134765,-0.307248351443
0.865168539326,0.14606741573,0.0141358315662,-0.84063873877,-0.358943510569,-0.281577746505
0.876404494382,0.14606741573,0.0139943205346,-0.773036782673,-0.331779560008,-0.25806648619
0.887640449438,0.14606741573,0.0131714856699,-0.70488531133,-0.304079104596,-0.23632268719
0.898876404494,0.14606741573,0.0118484843484,-0.636288268055,-0.275056777238,-0.215289741705
0.910112359551,0.14606741573,0.010270660002,-0.567356077599,-0.243994980595,-0.193473368319
0.921348314607,0.14606741573,0.00865581583818,-0.498129665279,-0.211237390725,-0.169854261067
0.932584269663,0.14606741573,0.0071416097101,-0.428501842783,-0.178766260413,-0.144692310673
0.943820224719,0.14606741573,0.005777015295,-0.358271201922,-0.148469754037,-0.11928637813
0.955056179775,0.14606741573,0.00453500094322,-0.28732032543,-0.119800150866,-0.0948564857044
0.966292134831,0.14606741573,0.0033499720217,-0.215741943334,-0.0909035309614,-0.0716620518487
0.977528089888,0.14606741573,0.00218076725213,-0.143793395887,-0.0611681161105,-0.0489868016061
0.988764044944,0.14606741573,0.0010453556623,-0.0717797594488,-0.0308083516887,-0.0255817708858
1,0.14606741573,3.387240198e-18,-2.48298499223e-16,-1.0701838269e-16,-9.4262408821e-17
0,0.157303370787,-0,-0,0,0
0.0112359550562,0.157303370787,-0.000187224930058,-0.0734110754035,0.0490785676512,-0.044536126064
0.0224719101124,0.157303370787,-0.000249876122665,-0.146075412946,0.0987777849883,-0.0907701773442
0.0337078651685,0.157303370787,-0.000612486098123,-0.21861084979,0.149015601036,-0.137875387582
0.0449438202247,0.157303370787,-0.00144921616299,-0.291436742306,0.199349652227,-0.184629561566
0.0561797752809,0.157303370787,-0.00276518660416,-0.364692011341,0.249182468417,-0.229932822223
0.0674157303371,0.157303370787,-0.00446862046319,-0.438151641302,0.298422348802,-0.273679229715
0.0786516853933,0.157303370787,-0.00642607214194,-0.511270144165,0.347473520552,-0.317107305397
0.0898876404494,0.157303370787,-0.00850240831265,-0.583426302918,0.396140845972,-0.362003067236
0.101123595506,0.157303370787,-0.0105835809855,-0.65426061569,0.443121636429,-0.409209369119
0.112359550562,0.157303370787,-0.0125810570837,-0.723861161295,0.487568918811,-0.457703363542
0.123595505618,0.157303370787,-0.0144330342006,-0.792640795103,0.530302493393,-0.505143857828
0.134831460674,0.157303370787,-0.0161274177142,-0.861014722,0.572397525536,-0.549481245034
0.14606741573,0.157303370787,-0.017739868126,-0.929148123953,0.614073915872,-0.590217373264
0.157303370787,0.157303370787,-0.0194259373943,-0.996911436888,0.655532940379,-0.62833890786
0.168539325843,0.157303370787,-0.0213189924954,-1.06395779925,0.697095777428,-0.665222319011
0.179775280899,0.157303370787,-0.0234099710895,-1.12982894311,0.738235671651,-0.701513870255
0.191011235955,0.157303370787,-0.0255501453363,-1.19409723922,0.778182389749,-0.736774680616
0.202247191011,0.157303370787,-0.0275691333746,-1.25647411384,0.81721108573,-0.770129494581
0.213483146067,0.157303370787,-0.0293557161679,-1.31675066555,0.855025351772,-0.801475405438
0.224719101124,0.157303370787,-0.0308562417058,-1.37469666666,0.889866734674,-0.831950726719
0.23595505618,0.157303370787,-0.032091970464,-1.43020586638,0.92165799944,-0.86278839066
0.247191011236,0.157303370787,-0.0332102234295,-1.48358258428,0.952460852986,-0.893789219333
0.258426966292,0.157303370787,-0.0344894232901,-1.53557522396,0.98407704832,-0.923224924026
0.269662921348,0.157303370787,-0.0362774375008,-1.58707153703,1.01422208236,-0.949238996886
0.280898876404,0.157303370787,-0.0388349228541,-1.63864640356,1.03260853538,-0.971317862086
0.292134831461,0.157303370787,-0.0420672503481,-1.69014839718,1.03932043702,-0.990249127424
0.303370786517,0.157303370787,-0.0454280861306,-1.74066277843,1.04764500786,-1.00749087346
0.314606741573,0.157303370787,-0.0483425790114,-1.78914133419,1.05148979484,-1.02493291106
0.325842696629,0.157303370787,-0.0507235868591,-1.83511657058,1.04716901716,-1.0434404821
0.337078651685,0.157303370787,-0.0529008899246,-1.87869162243,1.04464208182,-1.06230951462
0.348314606742,0.157303370787,-0.0551765793956,-1.92004687552,1.04599800611,-1.08019406846
0.359550561798,0.157303370787,-0.057587468832,-1.95912259552,1.04235765766,-1.09585697852
0.370786516854,0.157303370787,-0.0600899534505,-1.99574095235,1.02818852284,-1.10845250249
0.38202247191,0.157303370787,-0.0628790385947,-2.02989382004,1.00990921863,-1.11776998005
0.393258426966,0.157303370787,-0.0661628029651,-2.06148148354,0.992244958598,-1.12469145249
0.404494382022,0.157303370787,-0.0694749127116,-2.08961153472,0.946987395527,-1.13156284363
0.415730337079,0.157303370787,-0.0718552268563,-2.11292967337,0.837776765532,-1.14070054908
0.426966292135,0.157303370787,-0.0731310774663,-2.13116814595,0.737735318713,-1.15066380987
0.438202247191,0.157303370787,-0.0741338096644,-2.14539153055,0.709335902453,-1.15928748059
0.449438202247,0.157303370787,-0.0754017283559,-2.15648049841,0.53933122195,-1.17098113488
0.460674157303,0.157303370787,-0.0768688379429,-2.1647861326,0.313885627333,-1.18273565025
0.47191011236,0.157303370787,-0.0783996210288,-2.17074314851,0.210537188593,-1.1894503495
0.483146067416,0.157303370787,-0.079845582976,-2.1748487666,0.191022529386,-1.19172449193
0.494382022472,0.157303370787,-0.0808709020156,-2.17731191116,0.0736572218287,-1.19399787412
0.505617977528,0.157303370787,-0.0811985126792,-2.17820562951,-0.132678430789,-1.1958933442
0.516853932584,0.157303370787,-0.081015638033,-2.1778819949,-0.243970534239,-1.19232433008
0.52808988764,0.157303370787,-0.0805643451954,-2.17650581161,-0.262443557091,-1.18270657909
0.539325842697,0.157303370787,-0.0789875766275,-2.1727244749,-0.384240974699,-1.17179641768
0.550561797753,0.157303370787,-0.0746333855611,-2.16402628719,-0.594907289022,-1.15998246631
0.561797752809,0.157303370787,-0.0674317968045,-2.14959794672,-0.67512109547,-1.14302020246
0.573033707865,0.157303370787,-0.0596109862272,-2.13140329372,-0.68122313854,-1.12331595784
0.584269662921,0.157303370787,-0.0530831097823,-2.11141614681,-0.696699982865,-1.10326948726
0.595505617978,0.157303370787,-0.0478075021002,-2.08978466204,-0.725334022825,-1.08239133124
0.606741573034,0.157303370787,-0.0430533943282,-2.06607641545,-0.750485478665,-1.05900411819
0.61797752809,0.157303370787,-0.0386096389512,-2.04033749096,-0.769571100074,-1.03204855431
0.629213483146,0.157303370787,-0.0348213407055,-2.01291825023,-0.79476343114,-1.00201714664
0.640449438202,0.157303370787,-0.0319915139182,-1.98380730324,-0.82444705268,-0.970378118397
0.651685393258,0.157303370787,-0.0300088926188,-1.9524045289,-0.831943211058,-0.938612971968
0.662921348315,0.157303370787,-0.0285563846761,-1.9180139227,-0.823559703637,-0.908576919441
0.674157303371,0.157303370787,-0.0274454159694,-1.88042620352,-0.816811857406,-0.88098472671
0.685393258427,0.157303370787,-0.0266219188794,-1.83997837363,-0.803941996303,-0.854223132305
0.696629213483,0.157303370787,-0.025912679016,-1.79711828685,-0.787570235928,-0.825986162301
0.707865168539,0.157303370787,-0.0249157830203,-1.75200380371,-0.770742383916,-0.794376913018
0.719101123596,0.157303370787,-0.0232625519909,-1.70456480269,-0.751772206628,-0.758789047497
0.730337078652,0.157303370787,-0.0210073172863,-1.65487499692,-0.729454465373,-0.720109709498
0.741573033708,0.157303370787,-0.0186654352151,-1.60327241772,-0.703821805232,-0.680115104955
0.752808988764,0.157303370787,-0.0167776445757,-1.55000317843,-0.675664638627,-0.640746676345
0.76404494382,0.157303370787,-0.0154677114085,-1.49487486793,-0.646441891278,-0.603550947791
0.775280898876,0.157303370787,-0.0144410161284,-1.4374153247,-0.617202976716,-0.569146355632
0.786516853933,0.157303370787,-0.0132953127441,-1.37732178557,-0.587698212758,-0.5369069263
0.797752808989,0.157303370787,-0.0117810532475,-1.31469478614,-0.558345446169,-0.50536936371
0.808988764045,0.157303370787,-0.00987403855776,-1.24992169975,-0.530547610812,-0.47322459012
0.820224719101,0.157303370787,-0.00770374896622,-1.1834115184,-0.503862395344,-0.44011461753
0.831460674157,0.157303370787,-0.00544024351727,-1.11542425243,-0.47629091723,-0.406695061632
0.842696629213,0.157303370787,-0.00325044338218,-1.0461049991,-0.447147944982,-0.374039041104
0.85393258427,0.157303370787,-0.00132418058978,-0.97561298733,-0.417425844108,-0.342973480266
0.865168539326,0.157303370787,0.000133802418922,-0.904153185275,-0.387889381045,-0.313889285361
0.876404494382,0.157303370787,0.000985070930757,-0.831899863565,-0.3583154189,-0.286889061171
0.887640449438,0.157303370787,0.00123693392424,-0.758960175185,-0.328079019444,-0.261718115437
0.898876404494,0.157303370787,0.00104168380999,-0.685426092781,-0.296468927015,-0.237479570189
0.910112359551,0.157303370787,0.000618549339509,-0.611402251999,-0.262857632673,-0.212800575834
0.921348314607,0.157303370787,0.000164521820651,-0.536932793265,-0.227647197685,-0.186714129676
0.932584269663,0.157303370787,-0.000190912414466,-0.46191961736,-0.192876423834,-0.159458759575
0.943820224719,0.157303370787,-0.000391698525425,-0.386179707964,-0.160440243775,-0.132214741291
0.955056179775,0.157303370787,-0.000448796674246,-0.30962938463,-0.129645810074,-0.105972613747
0.966292134831,0.157303370787,-0.000412954019621,-0.232406911121,-0.0984570571831,-0.0807180301211
0.977528089888,0.157303370787,-0.000323720798775,-0.154819100526,-0.0662504643115,-0.0555352420531
0.988764044944,0.157303370787,-0.00018743736803,-0.0772271086022,-0.0333424342663,-0.0291071087082
1,0.157303370787,-7.48036062884e-19,-2.66879617852e-16,-1.1568640392e-16,-1.07335035947e-16
0,0.168539325843,-0,-0,0,0
0.0112359550562,0.168539325843,-0.000907989370508,-0.0778307142731,0.0527442764915,-0.0474838013751
0.0224719101124,0.168539325843,-0.00168732544469,-0.154937176853,0.106037175536,-0.0963400038901
0.0337078651685,0.168539325843,-0.00273373385773,-0.231953417945,0.159794958744,-0.145610942372
0.0449438202247,0.168539325843,-0.00418330691515,-0.30926098567,0.213632281985,-0.194194866353
0.0561797752809,0.168539325843,-0.00601823277439,-0.386935023368,0.267035360958,-0.241211336308
0.0674157303371,0.168539325843,-0.00815943477767,-0.464701154838,0.319985494818,-0.286730362246
0.0786516853933,0.168539325843,-0.0105214131073,-0.542001641527,0.372900228045,-0.332054176647
0.0898876404494,0.168539325843,-0.0130309672199,-0.618235731363,0.425481110214,-0.378958158578
0.101123595506,0.168539325843,-0.0156253547034,-0.693082406555,0.476209183938,-0.428282516656
0.112359550562,0.168539325843,-0.0182448339927,-0.766679128255,0.524050518489,-0.479007032482
0.123595505618,0.168539325843,-0.0208359756871,-0.839493102684,0.569780877318,-0.528732716654
0.134831460674,0.168539325843,-0.0233802536963,-0.911976902797,0.614492169966,-0.575320416645
0.14606741573,0.168539325843,-0.025936212901,-0.984290984683,0.658405130106,-0.618261646517
0.157303370787,0.168539325843,-0.0286373653183,-1.05626098961,0.70176023932,-0.658645424737
0.168539325843,0.168539325843,-0.0315923250402,-1.12748111,0.744980870664,-0.697959754721
0.179775280899,0.168539325843,-0.0347547721342,-1.1974371217,0.787674574135,-0.736837511294
0.191011235955,0.168539325843,-0.0379175333112,-1.26564504315,0.829279253067,-0.774692201377
0.202247191011,0.168539325843,-0.0408424467419,-1.33175274087,0.870312469531,-0.81051038928
0.213483146067,0.168539325843,-0.0433639943845,-1.39548732308,0.910466920608,-0.844183861476
0.224719101124,0.168539325843,-0.0453971960784,-1.45657704469,0.947723651582,-0.87690345306
0.23595505618,0.168539325843,-0.0469493491206,-1.51491699198,0.981992080966,-0.909862068212
0.247191011236,0.168539325843,-0.0481674101549,-1.57085300804,1.01560370829,-0.942763914678
0.258426966292,0.168539325843,-0.0493496723858,-1.6252017673,1.05039549328,-0.973878883478
0.269662921348,0.168539325843,-0.0508933815038,-1.67893862391,1.08350773903,-1.00146789559
0.280898876404,0.168539325843,-0.0531344776311,-1.73272898067,1.1035885001,-1.0251511371
0.292134831461,0.168539325843,-0.0560585179273,-1.7864812119,1.11095863601,-1.04575977371
0.303370786517,0.168539325843,-0.05918082983,-1.83928661806,1.12034323088,-1.06472439021
0.314606741573,0.168539325843,-0.0619589979682,-1.89006152658,1.12526092428,-1.08392724033
0.325842696629,0.168539325843,-0.0643076133257,-1.93829334768,1.12168280127,-1.10418067452
0.337078651685,0.168539325843,-0.066539389285,-1.98406455719,1.12007885368,-1.12466682923
0.348314606742,0.168539325843,-0.06895540237,-2.02759132904,1.12215941282,-1.14395835077
0.359550561798,0.168539325843,-0.071630535242,-2.06889923312,1.11796698048,-1.16081469666
0.370786516854,0.168539325843,-0.0745603150695,-2.10786550034,1.10168938151,-1.1744502403
0.38202247191,0.168539325843,-0.077911845188,-2.14441648487,1.08073888953,-1.1847567996
0.393258426966,0.168539325843,-0.0817985128477,-2.17828617162,1.06016773804,-1.19275043622
0.404494382022,0.168539325843,-0.0856575722555,-2.20842527571,1.00868803423,-1.20091210154
0.415730337079,0.168539325843,-0.088471435601,-2.23340743244,0.887246660874,-1.21151451622
0.426966292135,0.168539325843,-0.0900679655832,-2.25300515276,0.776546025394,-1.22263837668
0.438202247191,0.168539325843,-0.0913295179069,-2.26840519934,0.745271370253,-1.23161627426
0.449438202247,0.168539325843,-0.0928231382895,-2.28057462334,0.561567943895,-1.24312328358
0.460674157303,0.168539325843,-0.0944427494875,-2.28984414572,0.318861375589,-1.25403675423
0.47191011236,0.168539325843,-0.0959863330645,-2.29657951763,0.210041090774,-1.25915605262
0.483146067416,0.168539325843,-0.0972861532316,-2.30125859729,0.193027484757,-1.25952292275
0.494382022472,0.168539325843,-0.0980723201374,-2.30415787091,0.0696968178124,-1.26027054806
0.505617977528,0.168539325843,-0.0981772975329,-2.30543660439,-0.151396292994,-1.26121737109
0.516853932584,0.168539325843,-0.0978596479792,-2.30544877994,-0.270693956246,-1.25701893826
0.52808988764,0.168539325843,-0.0973398600175,-2.30423242529,-0.288898924736,-1.24714649445
0.539325842697,0.168539325843,-0.0956134153134,-2.3001791237,-0.416847018899,-1.23674689712
0.550561797753,0.168539325843,-0.0907913586837,-2.29046910576,-0.639802100941,-1.22610962583
0.561797752809,0.168539325843,-0.0826398877107,-2.27413190098,-0.724241503867,-1.21042462055
0.573033707865,0.168539325843,-0.0735788231869,-2.25344356595,-0.731105207221,-1.1919156495
0.584269662921,0.168539325843,-0.065985095078,-2.23103637329,-0.748808301904,-1.17283383515
0.595505617978,0.168539325843,-0.0600057459716,-2.20738814552,-0.78035738297,-1.15258274682
0.606741573034,0.168539325843,-0.0548044217587,-2.18201812648,-0.807473044381,-1.12948777062
0.61797752809,0.168539325843,-0.0500191659189,-2.15482141361,-0.827541352811,-1.10250600947
0.629213483146,0.168539325843,-0.0458923747042,-2.12601091767,-0.853997224774,-1.07207072386
0.640449438202,0.168539325843,-0.0426942617372,-2.09549685732,-0.885268670149,-1.03948230989
0.651685393258,0.168539325843,-0.0403338558356,-2.06265690799,-0.89260753069,-1.00603800777
0.662921348315,0.168539325843,-0.0385373279246,-2.02679574204,-0.882428130456,-0.973613680115
0.674157303371,0.168539325843,-0.0371693927902,-1.9877043915,-0.873951162681,-0.943165607029
0.685393258427,0.168539325843,-0.0362228684095,-1.94569856676,-0.859910303247,-0.913411224332
0.696629213483,0.168539325843,-0.0355263225998,-1.90115057643,-0.843114940863,-0.882387227414
0.707865168539,0.168539325843,-0.0346075354946,-1.85407663118,-0.825941236958,-0.848452077666
0.719101123596,0.168539325843,-0.0329919138975,-1.8042554258,-0.805902649278,-0.811134928997
0.730337078652,0.168539325843,-0.030672368464,-1.75169770303,-0.781783499901,-0.771340130853
0.741573033708,0.168539325843,-0.0281819203241,-1.69680563633,-0.754099368537,-0.730737015625
0.752808988764,0.168539325843,-0.0261211094744,-1.63996724397,-0.724075016634,-0.691054384258
0.76404494382,0.168539325843,-0.0246676555264,-1.58113878724,-0.693333813784,-0.653588557845
0.775280898876,0.168539325843,-0.0235535981033,-1.51995680283,-0.662780637316,-0.618760496654
0.786516853933,0.168539325843,-0.0223766836779,-1.45617157437,-0.631798477851,-0.585844141888
0.797752808989,0.168539325843,-0.0208714526633,-1.38989196488,-0.60053381877,-0.553349797229
0.808988764045,0.168539325843,-0.0189903715072,-1.32148953656,-0.570403715005,-0.519967960936
0.820224719101,0.168539325843,-0.0168340742092,-1.25135036837,-0.541120434996,-0.485336306735
0.831460674157,0.168539325843,-0.014534903533,-1.17971300623,-0.510865237504,-0.450087676472
0.842696629213,0.168539325843,-0.0122136459116,-1.10670622276,-0.479135835919,-0.415240988907
0.85393258427,0.168539325843,-0.0100223149225,-1.03248438342,-0.447022040329,-0.381546022602
0.865168539326,0.168539325843,-0.00815616883357,-0.957256930339,-0.415224740432,-0.349349086007
0.876404494382,0.168539325843,-0.00677064881253,-0.881190431373,-0.383384079356,-0.318819532368
0.887640449438,0.168539325843,-0.00588630477786,-0.804356797307,-0.350821176452,-0.289911288849
0.898876404494,0.168539325843,-0.0053828895839,-0.726800952809,-0.316884385615,-0.262008184999
0.910112359551,0.168539325843,-0.00507774139417,-0.648596726886,-0.281023565374,-0.233967665433
0.921348314607,0.168539325843,-0.00480835944543,-0.56978285773,-0.243669968048,-0.204937873436
0.932584269663,0.168539325843,-0.00446456989795,-0.490271648529,-0.206863223005,-0.175167189263
0.943820224719,0.168539325843,-0.00398766587417,-0.40990038581,-0.172449262667,-0.145740030514
0.955056179775,0.168539325843,-0.00336926753182,-0.328618732321,-0.139581542341,-0.11742869818
0.966292134831,0.168539325843,-0.00263607511761,-0.246608795185,-0.106088636619,-0.0899376545808
0.977528089888,0.168539325843,-0.00181440771894,-0.164223963395,-0.071383499627,-0.0621381401004
0.988764044944,0.168539325843,-0.000923534411494,-0.0818768263048,-0.0359014331473,-0.0326366942989
1,0.168539325843,-3.20969136371e-18,-2.82745890785e-16,-1.24446328351e-16,-1.2037825838e-16
0,0.179775280899,-0,-0,0,0
0.0112359550562,0.179775280899,-0.00139312129639,-0.0815656318371,0.0564565174953,-0.0510776594828
0.0224719101124,0.179775280899,-0.00268858713734,-0.162503545735,0.113333031207,-0.103029000785
0.0337078651685,0.179775280899,-0.00423923493367,-0.243454064706,0.170519130854,-0.154752461822
0.0449438202247,0.179775280899,-0.00613182249973,-0.324745792183,0.227685993467,-0.205321316673
0.0561797752809,0.179775280899,-0.00830967858518,-0.406366829388,0.284411890269,-0.254119904722
0.0674157303371,0.179775280899,-0.0106857398088,-0.487965474462,0.340761571792,-0.301391135566
0.0786516853933,0.179775280899,-0.0132014790122,-0.568945335556,0.397184910283,-0.348463017049
0.0898876404494,0.179775280899,-0.0158319565241,-0.648708726979,0.453321413782,-0.397071726188
0.101123595506,0.179775280899,-0.0185665004593,-0.726969200183,0.507496285501,-0.44807124543
0.112359550562,0.179775280899,-0.0213895818715,-0.803920656013,0.558532563402,-0.500505028995
0.123595505618,0.179775280899,-0.0242775175659,-0.880095825551,0.607155096498,-0.551987442152
0.134831460674,0.179775280899,-0.0272210576378,-0.95599368408,0.654431562768,-0.60032830608
0.14606741573,0.179775280899,-0.0302646602937,-1.03177222893,0.700548552424,-0.645003302559
0.157303370787,0.179775280899,-0.0335111795432,-1.10720681166,0.745759366327,-0.687180710366
0.168539325843,0.179775280899,-0.0370341795697,-1.18182799993,0.790555783428,-0.728447769441
0.179775280899,0.179775280899,-0.040753497062,-1.25507810798,0.834659698582,-0.769431576492
0.191011235955,0.179775280899,-0.0444309268317,-1.32645567037,0.877755479962,-0.809424414376
0.202247191011,0.179775280899,-0.0478074521755,-1.39560149814,0.920704031092,-0.847310558792
0.213483146067,0.179775280899,-0.0507103351128,-1.46223122671,0.963290570333,-0.882997274822
0.224719101124,0.179775280899,-0.0530465207517,-1.52605600908,1.00322590036,-0.917721628956
0.23595505618,0.179775280899,-0.0547961468528,-1.58695196041,1.04022508355,-0.952640556571
0.247191011236,0.179775280899,-0.0560640265785,-1.64524468149,1.07663451293,-0.987422780004
0.258426966292,0.179775280899,-0.0571178794068,-1.70174049251,1.11416558411,-1.02043794075
0.269662921348,0.179775280899,-0.0583632854618,-1.75743900811,1.14953523546,-1.05012312008
0.280898876404,0.179775280899,-0.0601913373446,-1.81307375492,1.17085385415,-1.07616353493
0.292134831461,0.179775280899,-0.0626708347521,-1.86863766896,1.17903688208,-1.09922939505
0.303370786517,0.179775280899,-0.0653954114921,-1.92328044045,1.18992942381,-1.12046585273
0.314606741573,0.179775280899,-0.0678735859921,-1.97593506346,1.19630533949,-1.14154646058
0.325842696629,0.179775280899,-0.0700367792723,-2.02607994607,1.19371606333,-1.1631787249
0.337078651685,0.179775280899,-0.0721852424069,-2.07378776534,1.1931053278,-1.18454602326
0.348314606742,0.179775280899,-0.0746048197838,-2.1192896513,1.19586519845,-1.20434865844
0.359550561798,0.179775280899,-0.0773791557661,-2.16265003947,1.19122444394,-1.22155204762
0.370786516854,0.179775280899,-0.0805169212924,-2.20375168161,1.1734748397,-1.23558710328
0.38202247191,0.179775280899,-0.0841526803203,-2.24242826353,1.15129204113,-1.24652871697
0.393258426966,0.179775280899,-0.0883186849025,-2.27824634615,1.12987886406,-1.25551948684
0.404494382022,0.179775280899,-0.0923731848681,-2.31001313995,1.07429801479,-1.265090679
0.415730337079,0.179775280899,-0.0952703845007,-2.33626776062,0.94232303708,-1.27735297118
0.426966292135,0.179775280899,-0.096889384838,-2.35689321818,0.821359015353,-1.28983682915
0.438202247191,0.179775280899,-0.098201758725,-2.37325752206,0.786895742957,-1.29934439419
0.449438202247,0.179775280899,-0.0998006781899,-2.3864217623,0.589677944993,-1.31084631231
0.460674157303,0.179775280899,-0.10152259569,-2.39667415397,0.328878033963,-1.32122164584
0.47191011236,0.179775280899,-0.103098518755,-2.40429389021,0.212834604221,-1.32519131527
0.483146067416,0.179775280899,-0.104360752777,-2.40973828818,0.197026584802,-1.32414074636
0.494382022472,0.179775280899,-0.105124128632,-2.4133564127,0.0673413248478,-1.32375752804
0.505617977528,0.179775280899,-0.105329639473,-2.41538863206,-0.16891811379,-1.32395172108
0.516853932584,0.179775280899,-0.105283153983,-2.4161663032,-0.297187846436,-1.31907210929
0.52808988764,0.179775280899,-0.105146991762,-2.41556051479,-0.316454959772,-1.30867261753
0.539325842697,0.179775280899,-0.103737414883,-2.41167224422,-0.451812017224,-1.29837772522
0.550561797753,0.179775280899,-0.0989066637921,-2.40135990116,-0.687075534216,-1.28844606072
0.561797752809,0.179775280899,-0.0902234250879,-2.38348254512,-0.775715527658,-1.27358490972
0.573033707865,0.179775280899,-0.0802305986528,-2.36057851271,-0.783980442826,-1.25587501857
0.584269662921,0.179775280899,-0.0717498779657,-2.33593037609,-0.804241364406,-1.23741207811
0.595505617978,0.179775280899,-0.0651625656174,-2.31038991169,-0.838122291968,-1.21752381369
0.606741573034,0.179775280899,-0.0595618230573,-2.28344084051,-0.865762224256,-1.19463351929
0.61797752809,0.179775280899,-0.054465070656,-2.25483508925,-0.884977215609,-1.16782228868
0.629213483146,0.179775280899,-0.0500466032264,-2.22468101308,-0.91098840192,-1.13749731847
0.640449438202,0.179775280899,-0.0465548016486,-2.19284381106,-0.942822855025,-1.10470007215
0.651685393258,0.179775280899,-0.0438847222951,-2.15867827135,-0.950144053694,-1.07036303389
0.662921348315,0.179775280899,-0.0417399351917,-2.1214483538,-0.938936798921,-1.03620220539
0.674157303371,0.179775280899,-0.0399794135401,-2.08088705992,-0.929352478894,-1.00334780879
0.685393258427,0.179775280899,-0.0386325313769,-2.03725725914,-0.914450825155,-0.970903756219
0.696629213483,0.179775280899,-0.0375850485144,-1.9908833752,-0.897375344622,-0.937330139519
0.707865168539,0.179775280899,-0.0363934566549,-1.94171917242,-0.880002061346,-0.901267388447
0.719101123596,0.179775280899,-0.0345790445002,-1.88948640064,-0.859022068736,-0.862348894645
0.730337078652,0.179775280899,-0.0321419813404,-1.83420220209,-0.833161406955,-0.821456518419
0.741573033708,0.179775280899,-0.0296461318339,-1.77634957104,-0.803422380417,-0.780142368381
0.752808988764,0.179775280899,-0.0277067193518,-1.71641740521,-0.771466062216,-0.739946170435
0.76404494382,0.179775280899,-0.0264769302664,-1.65443716184,-0.73907095411,-0.70195658982
0.775280898876,0.179775280899,-0.0256467992446,-1.59008959989,-0.70701157238,-0.666445176546
0.786516853933,0.179775280899,-0.0247838782676,-1.52314552585,-0.674362263974,-0.632642937658
0.797752808989,0.179775280899,-0.0236110642273,-1.45371436491,-0.641054572536,-0.599108681849
0.808988764045,0.179775280899,-0.0220738737951,-1.3821524472,-0.608528710668,-0.564610852461
0.820224719101,0.179775280899,-0.0202538713903,-1.30882452335,-0.576641681648,-0.528825854703
0.831460674157,0.179775280899,-0.0182438666636,-1.23395375041,-0.543739588871,-0.49233651613
0.842696629213,0.179775280899,-0.0161102644236,-1.1576693069,-0.50947595669,-0.456004861443
0.85393258427,0.179775280899,-0.0139588949175,-1.08014723402,-0.475035456354,-0.420358027254
0.865168539326,0.179775280899,-0.0119708289704,-1.00162856401,-0.441087950578,-0.385567136136
0.876404494382,0.179775280899,-0.010320015401,-0.922288874127,-0.407163411858,-0.351805824444
0.887640449438,0.179775280899,-0.00906349350313,-0.842165191158,-0.37252161216,-0.319256817918
0.898876404494,0.179775280899,-0.00812664838966,-0.761243066901,-0.336538383002,-0.287649460271
0.910112359551,0.179775280899,-0.00737779102502,-0.679551924724,-0.298704077727,-0.256125887599
0.921348314607,0.179775280899,-0.0067005248289,-0.597118441161,-0.25944388661,-0.223974279371
0.932584269663,0.179775280899,-0.0060112107805,-0.513863507988,-0.220764738432,-0.191470809206
0.943820224719,0.179775280899,-0.00525095768608,-0.429641245136,-0.184444449564,-0.159635946785
0.955056179775,0.179775280899,-0.00438926086256,-0.344427343874,-0.149501800122,-0.129057703486
0.966292134831,0.179775280899,-0.0034211958021,-0.258438892217,-0.113684221334,-0.0991774176134
0.977528089888,0.179775280899,-0.00234934324313,-0.172067094979,-0.0764810247456,-0.0686641149019
0.988764044944,0.179775280899,-0.00119123093261,-0.085763412222,-0.0384451798334,-0.0360710995698
1,0.179775280899,-4.1168609075e-18,-2.960653644e-16,-1.33197261548e-16,-1.32864547144e-16
0,0.191011235955,-0,-0,0,0
0.0112359550562,0.191011235955,-0.00186967582865,-0.0849131123222,0.0601402248091,-0.0548449330982
0.0224719101124,0.191011235955,-0.00372678528575,-0.169376422135,0.120553056145,-0.109985580406
0.0337078651685,0.191011235955,-0.00586077046299,-0.254008476275,0.181075042936,-0.164204374507
0.0449438202247,0.191011235955,-0.00829194929726,-0.339061087779,0.241418946946,-0.216808816531
0.0561797752809,0.191011235955,-0.010911363734,-0.424422520361,0.301237979122,-0.267466301969
0.0674157303371,0.191011235955,-0.0136135421757,-0.509661294006,0.360665076567,-0.316544584004
0.0786516853933,0.191011235955,-0.0163572899682,-0.594142724448,0.420190477798,-0.365315187172
0.0898876404494,0.191011235955,-0.0191560444067,-0.677268188752,0.479442590386,-0.415408461193
0.101123595506,0.191011235955,-0.0220429562949,-0.758774958467,0.536671074547,-0.467676094694
0.112359550562,0.191011235955,-0.0250420586471,-0.83889626039,0.590618342402,-0.521277588374
0.123595505618,0.191011235955,-0.0281576730733,-0.918210533997,0.641970242712,-0.573943707178
0.134831460674,0.191011235955,-0.0313893355542,-0.997248207557,0.691746523696,-0.623523719462
0.14606741573,0.191011235955,-0.0347679919294,-1.0761610583,0.740071509245,-0.669501396492
0.157303370787,0.191011235955,-0.0383686359032,-1.15468169061,0.787180375849,-0.713083626079
0.168539325843,0.191011235955,-0.0422370605087,-1.23229400022,0.833581396535,-0.755890544306
0.179775280899,0.191011235955,-0.0462746610689,-1.30842417784,0.879054147872,-0.798489787588
0.191011235955,0.191011235955,-0.0502378594493,-1.38259007495,0.923525789436,-0.840034592667
0.202247191011,0.191011235955,-0.0538779583406,-1.45446205413,0.968285265218,-0.879329553315
0.213483146067,0.191011235955,-0.0570395008491,-1.52376530101,1.01333998563,-0.91634381333
0.224719101124,0.191011235955,-0.0596279552437,-1.59018797344,1.05616478571,-0.95241409415
0.23595505618,0.191011235955,-0.0615837793293,-1.65355365527,1.09610916101,-0.988728962996
0.247191011236,0.191011235955,-0.0629460280485,-1.7141168501,1.13524860899,-1.02500888174
0.258426966292,0.191011235955,-0.0639267652396,-1.77262184332,1.17500370018,-1.05980451746
0.269662921348,0.191011235955,-0.0649206261149,-1.83005746421,1.2118714563,-1.09175774287
0.280898876404,0.191011235955,-0.0663664687178,-1.88722301899,1.23397714909,-1.12055647329
0.292134831461,0.191011235955,-0.0684220306739,-1.94423044147,1.24311036116,-1.14656559757
0.303370786517,0.191011235955,-0.0707691237378,-2.00034082137,1.2558355383,-1.17047840442
0.314606741573,0.191011235955,-0.072973780968,-2.05455247556,1.26382507258,-1.19363892932
0.325842696629,0.191011235955,-0.0749914997283,-2.10637279785,1.26217677416,-1.21662454126
0.337078651685,0.191011235955,-0.0771163351395,-2.15588764378,1.26235274519,-1.23867785004
0.348314606742,0.191011235955,-0.0796105130774,-2.20333723482,1.26558571357,-1.2586998792
0.359550561798,0.191011235955,-0.0825392611856,-2.2487858837,1.26060145967,-1.27590790192
0.370786516854,0.191011235955,-0.0858992563951,-2.29207356367,1.24214632781,-1.28998272357
0.38202247191,0.191011235955,-0.0897944814278,-2.33291639164,1.22037745887,-1.30121475334
0.393258426966,0.191011235955,-0.0941959094948,-2.37070954053,1.20047665343,-1.31088531265
0.404494382022,0.191011235955,-0.0983947944177,-2.40411146767,1.14333846172,-1.3215556177
0.415730337079,0.191011235955,-0.101327956771,-2.43163050538,1.00306225754,-1.33514769535
0.426966292135,0.191011235955,-0.102949524303,-2.45328736888,0.87280743113,-1.34867588475
0.438202247191,0.191011235955,-0.104328710191,-2.47064589118,0.835134758526,-1.35849102537
0.449438202247,0.191011235955,-0.106060216711,-2.48483834408,0.624662446557,-1.36995566313
0.460674157303,0.191011235955,-0.107899047938,-2.4960827852,0.345011225363,-1.38008250841
0.47191011236,0.191011235955,-0.109510294036,-2.50456366932,0.219905087717,-1.38352596123
0.483146067416,0.191011235955,-0.110745278561,-2.51072565881,0.203698280535,-1.38188579475
0.494382022472,0.191011235955,-0.111521470856,-2.51500400866,0.0668223933736,-1.38122196253
0.505617977528,0.191011235955,-0.111897372477,-2.51773802532,-0.185146273631,-1.38137142907
0.516853932584,0.191011235955,-0.112235020227,-2.51926538372,-0.323123835603,-1.37626469848
0.52808988764,0.191011235955,-0.11265325817,-2.51932819298,-0.344662340116,-1.3655082397
0.539325842697,0.191011235955,-0.111794528426,-2.51576234121,-0.488757336909,-1.35523524729
0.550561797753,0.191011235955,-0.107230352777,-2.50509990945,-0.73671197451,-1.34571817668
0.561797752809,0.191011235955,-0.0983070599955,-2.48602401717,-0.829837119275,-1.33126057507
0.573033707865,0.191011235955,-0.0876578931714,-2.46131241106,-0.84013887562,-1.31385917753
0.584269662921,0.191011235955,-0.0784938385681,-2.43482449898,-0.863190624911,-1.29550219899
0.595505617978,0.191011235955,-0.0714008740322,-2.40771353128,-0.898817287023,-1.27552093565
0.606741573034,0.191011235955,-0.0654020034697,-2.37937502778,-0.925655983954,-1.25254202322
0.61797752809,0.191011235955,-0.0599213065369,-2.34940629285,-0.942340615983,-1.22586638894
0.629213483146,0.191011235955,-0.0551074028511,-2.31784717108,-0.966340076074,-1.19591539856
0.640449438202,0.191011235955,-0.0512107738811,-2.28456634131,-0.99778789598,-1.16343589067
0.651685393258,0.191011235955,-0.0481050648696,-2.24892858693,-1.00520143956,-1.12890149898
0.662921348315,0.191011235955,-0.0454526539643,-2.21017625916,-0.993708726588,-1.09374940746
0.674157303371,0.191011235955,-0.0430980615325,-2.16799680537,-0.983634965853,-1.05919887317
0.685393258427,0.191011235955,-0.0411193925266,-2.12261472886,-0.968109057663,-1.0247066528
0.696629213483,0.191011235955,-0.0394949961184,-2.07433356921,-0.950744462834,-0.989133571277
0.707865168539,0.191011235955,-0.0378522469487,-2.02307603231,-0.933176542651,-0.951366701209
0.719101123596,0.191011235955,-0.0357317456209,-1.96851976675,-0.91132496016,-0.911111114266
0.730337078652,0.191011235955,-0.0331339647279,-1.91067127956,-0.883784117032,-0.869226741316
0.741573033708,0.191011235955,-0.0306254443748,-1.85005923289,-0.851987619948,-0.827181788667
0.752808988764,0.191011235955,-0.028803114501,-1.78724026609,-0.818003801291,-0.786361744142
0.76404494382,0.191011235955,-0.0277713248873,-1.72230379616,-0.783764113294,-0.747654942282
0.775280898876,0.191011235955,-0.027173256406,-1.65497831857,-0.749955945146,-0.711166395704
0.786516853933,0.191011235955,-0.0265629130678,-1.58507123147,-0.715432641638,-0.676084643034
0.797752808989,0.191011235955,-0.0256775724434,-1.51270311628,-0.679984345062,-0.641080184075
0.808988764045,0.191011235955,-0.0244735943435,-1.43820787777,-0.645085874163,-0.605122638339
0.820224719101,0.191011235955,-0.0230131796508,-1.36190702713,-0.610706952656,-0.568054017584
0.831460674157,0.191011235955,-0.0213343028591,-1.28398641114,-0.575300695007,-0.530470696808
0.842696629213,0.191011235955,-0.01942866808,-1.20456784844,-0.538615009692,-0.493048005485
0.85393258427,0.191011235955,-0.0173384904782,-1.12385890299,-0.50191770435,-0.455991836052
0.865168539326,0.191011235955,-0.0152208769726,-1.0421544737,-0.465892893731,-0.419187275874
0.876404494382,0.191011235955,-0.0132699236858,-0.959665761042,-0.430012569424,-0.382735238465
0.887640449438,0.191011235955,-0.0115920664503,-0.87641593224,-0.393490017043,-0.347012732094
0.898876404494,0.191011235955,-0.0101760339991,-0.792339509696,-0.355696861774,-0.312082486302
0.910112359551,0.191011235955,-0.00895488951119,-0.707418720084,-0.316107607005,-0.277364876251
0.921348314607,0.191011235955,-0.00786411672837,-0.621661077515,-0.275090224857,-0.242289293186
0.932584269663,0.191011235955,-0.00684756132309,-0.534989745064,-0.234594281787,-0.207177555712
0.943820224719,0.191011235955,-0.00584753939651,-0.447271609235,-0.196342393523,-0.173017264311
0.955056179775,0.191011235955,-0.00481448900294,-0.358505949137,-0.159268834499,-0.140237472824
0.966292134831,0.191011235955,-0.0037152408126,-0.268943561511,-0.121102533462,-0.108027064024
0.977528089888,0.191011235955,-0.00253136499814,-0.179013618577,-0.0814374952168,-0.0748644237072
0.988764044944,0.191011235955,-0.00127572628991,-0.0892023148152,-0.040923086516,-0.0392865966368
1,0.191011235955,-4.40278628092e-18,-3.07878844704e-16,-1.41798772863e-16,-1.44306267117e-16
0,0.202247191011,-0,-0,0,0
0.0112359550562,0.202247191011,-0.00210192731759,-0.0876659814795,0.0637097798661,-0.0582803941602
0.0224719101124,0.202247191011,-0.00433809526253,-0.175133091873,0.127561128719,-0.11632018928
0.0337078651685,0.202247191011,-0.00692290152051,-0.262971899113,0.191311036937,-0.172822734999
0.0449438202247,0.202247191011,-0.0097962753634,-0.351335377547,0.254687556427,-0.227369938624
0.0561797752809,0.202247191011,-0.0127845255063,-0.440005029214,0.317386101417,-0.279914599934
0.0674157303371,0.202247191011,-0.0157530515555,-0.528476656989,0.379582685784,-0.330890714041
0.0786516853933,0.202247191011,-0.0186667421597,-0.616086851629,0.441819402141,-0.381414687025
0.0898876404494,0.202247191011,-0.0215630361073,-0.702235177434,0.503771681696,-0.432913423007
0.101123595506,0.202247191011,-0.0245016820256,-0.786666172099,0.563684578228,-0.486183194419
0.112359550562,0.202247191011,-0.0275296194438,-0.869623587868,0.620262976906,-0.540536640957
0.123595505618,0.202247191011,-0.0306670855829,-0.951698951981,0.67416588503,-0.593949141389
0.134831460674,0.202247191011,-0.0339181715778,-1.03343046539,0.726360080264,-0.644454029017
0.14606741573,0.202247191011,-0.0373059821148,-1.11495991071,0.776892181886,-0.691614417855
0.157303370787,0.202247191011,-0.0408924220536,-1.19599443504,0.825951707847,-0.736637620193
0.168539325843,0.202247191011,-0.044715533315,-1.27600251832,0.874013536667,-0.781054519391
0.179775280899,0.202247191011,-0.0486797594306,-1.35443168181,0.920850261816,-0.82522614588
0.191011235955,0.202247191011,-0.0525568195652,-1.43085501402,0.966599205833,-0.868058575837
0.202247191011,0.202247191011,-0.0561244431601,-1.50499505543,1.01302643834,-0.908251240334
0.213483146067,0.202247191011,-0.059251291986,-1.57658486073,1.06047864936,-0.945892881013
0.224719101124,0.202247191011,-0.0618395635921,-1.64526442186,1.106255449,-0.982525669689
0.23595505618,0.202247191011,-0.0637857900116,-1.71076921992,1.14921222181,-1.01948148322
0.247191011236,0.202247191011,-0.0650607537507,-1.77325084429,1.19089824482,-1.0566115578
0.258426966292,0.202247191011,-0.0658201099096,-1.83337117826,1.23231780824,-1.09267312692
0.269662921348,0.202247191011,-0.0664484950055,-1.89210353314,1.2699922813,-1.12649352995
0.280898876404,0.202247191011,-0.0674362678464,-1.95032825381,1.29256934051,-1.15772458508
0.292134831461,0.202247191011,-0.0690326988201,-2.00830739884,1.30286294851,-1.1863993367
0.303370786517,0.202247191011,-0.0709975598133,-2.06544073058,1.31770854455,-1.21276925994
0.314606741573,0.202247191011,-0.0729302443809,-2.12080278223,1.327346029,-1.2378977012
0.325842696629,0.202247191011,-0.0747922921989,-2.17393868354,1.32640595204,-1.26230421785
0.337078651685,0.202247191011,-0.0768715809464,-2.22496567292,1.32696566565,-1.28532799551
0.348314606742,0.202247191011,-0.0794129388091,-2.27414840197,1.33032215938,-1.30600405556
0.359550561798,0.202247191011,-0.082463886554,-2.32154971475,1.32500329618,-1.32364716302
0.370786516854,0.202247191011,-0.0860130150664,-2.36695741004,1.30647286479,-1.33804230821
0.38202247191,0.202247191011,-0.0901531301761,-2.40996893598,1.28652098948,-1.34962380155
0.393258426966,0.202247191011,-0.0948133611953,-2.44980433918,1.27021431183,-1.35980906744
0.404494382022,0.202247191011,-0.0992167792505,-2.48495032505,1.21393404333,-1.37122547227
0.415730337079,0.202247191011,-0.102276100233,-2.51386207377,1.06766751498,-1.38567038858
0.426966292135,0.202247191011,-0.104026113442,-2.53669478419,0.929439214939,-1.39975810189
0.438202247191,0.202247191011,-0.105621222579,-2.55518691009,0.888780861727,-1.40952902524
0.449438202247,0.202247191011,-0.107614486034,-2.57048866209,0.665406768902,-1.42084817415
0.460674157303,0.202247191011,-0.109646872802,-2.58270989007,0.366542298369,-1.43096317629
0.47191011236,0.202247191011,-0.111314565043,-2.59193625849,0.230994808483,-1.434455125
0.483146067416,0.202247191011,-0.112499609512,-2.59861214031,0.212956563555,-1.43301248848
0.494382022472,0.202247191011,-0.113228662739,-2.60327087607,0.0679098496324,-1.43290419891
0.505617977528,0.202247191011,-0.113674890301,-2.60636449198,-0.200219050162,-1.43374202248
0.516853932584,0.202247191011,-0.114264807214,-2.60827704496,-0.348217812521,-1.42893662815
0.52808988764,0.202247191011,-0.115112151508,-2.6087028453,-0.372920448052,-1.41811055755
0.539325842697,0.202247191011,-0.114726276094,-2.60529395302,-0.526872060667,-1.40789830284
0.550561797753,0.202247191011,-0.110395683383,-2.59427872202,-0.788018606487,-1.39860523803
0.561797752809,0.202247191011,-0.101247358363,-2.57417951728,-0.88603431482,-1.3841952417
0.573033707865,0.202247191011,-0.0900398219124,-2.54804483632,-0.8988631279,-1.36664466298
0.584269662921,0.202247191011,-0.0803333885343,-2.5202280758,-0.924868788987,-1.34791560772
0.595505617978,0.202247191011,-0.0728378771722,-2.49203098195,-0.961901665369,-1.32743849693
0.606741573034,0.202247191011,-0.0664786820831,-2.46266580056,-0.987136203788,-1.3041093731
0.61797752809,0.202247191011,-0.0606154844155,-2.43156456335,-1.00022444932,-1.27747304727
0.629213483146,0.202247191011,-0.0554215137867,-2.39874526026,-1.02119342103,-1.24796651184
0.640449438202,0.202247191011,-0.0511791775009,-2.36413296163,-1.05166027638,-1.21605494441
0.651685393258,0.202247191011,-0.0477413231979,-2.32713736691,-1.05929346396,-1.18178294203
0.662921348315,0.202247191011,-0.0447251433603,-2.28700964482,-1.04809123886,-1.1463110127
0.674157303371,0.202247191011,-0.0419629319058,-2.24342182465,-1.03798739796,-1.11088957507
0.685393258427,0.202247191011,-0.0395811553304,-2.19657847908,-1.02190540586,-1.0752178577
0.696629213483,0.202247191011,-0.0376472991319,-2.14677040992,-1.00401997104,-1.03842573616
0.707865168539,0.202247191011,-0.0358520205746,-2.09388731767,-0.986009624407,-0.999537691849
0.719101123596,0.202247191011,-0.033729467713,-2.03753465003,-0.96315373271,-0.958278828965
0.730337078652,0.202247191011,-0.0312314758192,-1.97764880357,-0.9338787622,-0.91550439236
0.741573033708,0.202247191011,-0.0288773976226,-1.91474117639,-0.899986528576,-0.872657859674
0.752808988764,0.202247191011,-0.0272240984212,-1.84940603149,-0.863905698083,-0.83102355779
0.76404494382,0.202247191011,-0.0263436520532,-1.78180605568,-0.827702866609,-0.791303541289
0.775280898876,0.202247191011,-0.0258791357166,-1.71176560944,-0.792007060305,-0.753417678648
0.786516853933,0.202247191011,-0.0254296394926,-1.6391826987,-0.755515665872,-0.716505499892
0.797752808989,0.202247191011,-0.0247953414423,-1.56422123113,-0.717927630185,-0.679400403526
0.808988764045,0.202247191011,-0.0239664442129,-1.48719097166,-0.680755710255,-0.641383333417
0.820224719101,0.202247191011,-0.0229816975342,-1.40834351795,-0.644047269338,-0.602585072469
0.831460674157,0.202247191011,-0.0218032027297,-1.3277955619,-0.606298341434,-0.563696964307
0.842696629213,0.202247191011,-0.0203217016347,-1.24563879425,-0.567287094599,-0.525224070387
0.85393258427,0.202247191011,-0.0184903051235,-1.16210099103,-0.528348739215,-0.487020695336
0.865168539326,0.202247191011,-0.0164223567048,-1.07753203975,-0.490221649184,-0.448637181245
0.876404494382,0.202247191011,-0.0143252656294,-0.992195773448,-0.452382725523,-0.41004030663
0.887640449438,0.202247191011,-0.0123623164393,-0.906128206913,-0.414042978857,-0.3717216431
0.898876404494,0.202247191011,-0.0105978038124,-0.819232263379,-0.374563083397,-0.333998046827
0.910112359551,0.202247191011,-0.00903478688894,-0.731443945858,-0.333347503933,-0.296528070787
0.921348314607,0.202247191011,-0.00765668597545,-0.642739650705,-0.290643137262,-0.258894597173
0.932584269663,0.202247191011,-0.00643060348349,-0.553035841411,-0.248311793438,-0.221499740113
0.943820224719,0.202247191011,-0.00530543475628,-0.46221749337,-0.20804662567,-0.185314251411
0.955056179775,0.202247191011,-0.00422903196442,-0.370324542386,-0.168764826778,-0.150596970778
0.966292134831,0.202247191011,-0.00316235430016,-0.277660620807,-0.128239349482,-0.116271572383
0.977528089888,0.202247191011,-0.00208711247487,-0.184708097635,-0.0861830802873,-0.0806347099677
0.988764044944,0.202247191011,-0.00102092717431,-0.091991936452,-0.0433049953283,-0.0422481156125
1,0.202247191011,-3.46094631527e-18,-3.17410836868e-16,-1.50179602278e-16,-1.54623041148e-16
0,0.213483146067,-0,-0,0,0
0.0112359550562,0.213483146067,-0.00194805399935,-0.0897350607883,0.0671077452509,-0.0609550984537
0.0224719101124,0.213483146067,-0.00420741686952,-0.17954399699,0.134258173897,-0.121299904814
0.0337078651685,0.213483146067,-0.00692053164817,-0.269936099757,0.201104534551,-0.179676354451
0.0449438202247,0.213483146067,-0.00994266049753,-0.360953684791,0.267359047986,-0.235934702932
0.0561797752809,0.213483146067,-0.0130284141259,-0.45227183545,0.332727604596,-0.290300074221
0.0674157303371,0.213483146067,-0.0160064536525,-0.543327293636,0.397418703581,-0.343231332124
0.0786516853933,0.213483146067,-0.0188400860681,-0.633446447226,0.462058321826,-0.395607011434
0.0898876404494,0.213483146067,-0.0215811238486,-0.722037138924,0.526424299473,-0.448542237098
0.101123595506,0.213483146067,-0.024302376999,-0.808844579417,0.588784552308,-0.502691385743
0.112359550562,0.213483146067,-0.0270581684435,-0.894100848615,0.647801162486,-0.557522770773
0.123595505618,0.213483146067,-0.0298729166643,-0.978381020201,0.704109004806,-0.61136978314
0.134831460674,0.213483146067,-0.0327537433951,-1.0622079457,0.758636396544,-0.662610722437
0.14606741573,0.213483146067,-0.0357276333479,-1.14570984994,0.811353884434,-0.710996699883
0.157303370787,0.213483146067,-0.0388645050526,-1.22858641069,0.862390784218,-0.757727061019
0.168539325843,0.213483146067,-0.0422151257138,-1.31031978095,0.91216200682,-0.804123807414
0.179775280899,0.213483146067,-0.0456984133782,-1.39040689254,0.96038917609,-0.850174323627
0.191011235955,0.213483146067,-0.0491026278267,-1.46849571883,1.00737028531,-0.894401699774
0.202247191011,0.213483146067,-0.052225588681,-1.54436517661,1.05533605267,-0.935348509755
0.213483146067,0.213483146067,-0.0549501131287,-1.61773978862,1.10502221135,-0.973260507427
0.224719101124,0.213483146067,-0.0571695792729,-1.68818125779,1.15360359043,-1.00997231047
0.23595505618,0.213483146067,-0.0587424942034,-1.75531052762,1.19938009154,-1.04703482853
0.247191011236,0.213483146067,-0.0595859974981,-1.81916553236,1.24321397661,-1.08444203623
0.258426966292,0.213483146067,-0.059814703989,-1.88033018254,1.28564922803,-1.12109973298
0.269662921348,0.213483146067,-0.0598157120719,-1.93977716064,1.32350444566,-1.15594727095
0.280898876404,0.213483146067,-0.0601401298808,-1.99849000401,1.34636754948,-1.18859121571
0.292134831461,0.213483146067,-0.0611283116652,-2.05690079711,1.35810126506,-1.21883820949
0.303370786517,0.213483146067,-0.0625949381231,-2.11454677736,1.37538546678,-1.24670121185
0.314606741573,0.213483146067,-0.0641314279467,-2.1705546434,1.38674295732,-1.27319550441
0.325842696629,0.213483146067,-0.0656774522677,-2.22449162929,1.38630165019,-1.2989635318
0.337078651685,0.213483146067,-0.0675204387217,-2.2765223191,1.38684520861,-1.32347362103
0.348314606742,0.213483146067,-0.0699146479342,-2.3269719309,1.38996587005,-1.34572061045
0.359550561798,0.213483146067,-0.0729187620473,-2.37593761742,1.38424314041,-1.36480635716
0.370786516854,0.213483146067,-0.0765409490268,-2.42318532562,1.36599518209,-1.38032969268
0.38202247191,0.213483146067,-0.0808896461738,-2.4682179025,1.34871375198,-1.39270929364
0.393258426966,0.213483146067,-0.0858598904283,-2.5100784564,1.337368237,-1.4034912952
0.404494382022,0.213483146067,-0.0905829732664,-2.54704269753,1.28372347494,-1.41547095281
0.415730337079,0.213483146067,-0.0939197916205,-2.57746805517,1.13334137396,-1.43046482806
0.426966292135,0.213483146067,-0.0959786079652,-2.60162114736,0.988409983958,-1.44483072485
0.438202247191,0.213483146067,-0.0979769997738,-2.62137333419,0.945035803248,-1.45441155582
0.449438202247,0.213483146067,-0.10037840326,-2.63782523958,0.709063733298,-1.46560972888
0.460674157303,0.213483146067,-0.102683162226,-2.65094519002,0.391051343177,-1.47590770639
0.47191011236,0.213483146067,-0.104426414462,-2.66073437516,0.244348731688,-1.47976218105
0.483146067416,0.213483146067,-0.105538479432,-2.66766499768,0.223424116764,-1.47885699315
0.494382022472,0.213483146067,-0.106157200302,-2.67238128503,0.0692216727194,-1.47959716103
0.505617977528,0.213483146067,-0.106552265118,-2.67544691494,-0.215334475932,-1.48132238917
0.516853932584,0.213483146067,-0.107204856561,-2.67731572696,-0.373171262656,-1.47691823195
0.52808988764,0.213483146067,-0.108253505275,-2.67771430227,-0.401447502317,-1.4660406852
0.539325842697,0.213483146067,-0.108115954128,-2.67420126972,-0.565845369409,-1.4558125572
0.550561797753,0.213483146067,-0.103793734915,-2.66271980885,-0.840411687408,-1.44657497838
0.561797752809,0.213483146067,-0.0942147604857,-2.64164889901,-0.943440946769,-1.4319866622
0.573033707865,0.213483146067,-0.0823650828546,-2.61439023403,-0.958799775661,-1.41403821788
0.584269662921,0.213483146067,-0.0721566920071,-2.5857356849,-0.987635949895,-1.39473278504
0.595505617978,0.213483146067,-0.0643219082961,-2.55695306641,-1.02589596787,-1.37366496314
0.606741573034,0.213483146067,-0.0576474954693,-2.52697055623,-1.04927488318,-1.34999778636
0.61797752809,0.213483146067,-0.0514649426562,-2.49506845138,-1.0584339899,-1.32346238244
0.629213483146,0.213483146067,-0.04602913568,-2.4613070806,-1.07607414896,-1.29446597783
0.640449438202,0.213483146067,-0.0416806098096,-2.4257137114,-1.10546441526,-1.26322451536
0.651685393258,0.213483146067,-0.0382434684354,-2.38775486944,-1.11349125901,-1.22946195349
0.662921348315,0.213483146067,-0.0352810917699,-2.34670210406,-1.10291674097,-1.19416157108
0.674157303371,0.213483146067,-0.0326131848542,-2.30223561665,-1.09304080356,-1.15860176154
0.685393258427,0.213483146067,-0.0303996553519,-2.25455166619,-1.07636795803,-1.12260599139
0.696629213483,0.213483146067,-0.0287629517675,-2.20391996662,-1.0576403963,-1.08540768103
0.707865168539,0.213483146067,-0.0274166902333,-2.15017784467,-1.03878469527,-1.04603253344
0.719101123596,0.213483146067,-0.0258393938689,-2.09281966541,-1.01461612637,-1.00415680667
0.730337078652,0.213483146067,-0.0238729486416,-2.03164735721,-0.983437387615,-0.960626343491
0.741573033708,0.213483146067,-0.0219404609264,-1.96709375166,-0.947391195032,-0.916890768579
0.752808988764,0.213483146067,-0.0205533497112,-1.89977005173,-0.909216127138,-0.874172362049
0.76404494382,0.213483146067,-0.0197958311374,-1.82994118488,-0.871074086633,-0.833026552222
0.775280898876,0.213483146067,-0.0193869480229,-1.75758813035,-0.83353324956,-0.793233801787
0.786516853933,0.213483146067,-0.0190500600197,-1.68276252396,-0.795154258113,-0.753941152153
0.797752808989,0.213483146067,-0.0187040364011,-1.60570952318,-0.755550716684,-0.714206975385
0.808988764045,0.213483146067,-0.0183934564609,-1.52671787675,-0.716260165076,-0.673676474054
0.820224719101,0.213483146067,-0.0181246766703,-1.44594843549,-0.677380528515,-0.632801074064
0.831460674157,0.213483146067,-0.01776052529,-1.36342163963,-0.637410858351,-0.59237926543
0.842696629213,0.213483146067,-0.0170640915263,-1.27917324162,-0.596123422827,-0.552755215335
0.85393258427,0.213483146067,-0.0158711926099,-1.19342382487,-0.554908126539,-0.513456891681
0.865168539326,0.213483146067,-0.0142240149553,-1.10655436768,-0.514573266,-0.473728600552
0.876404494382,0.213483146067,-0.0123260330538,-1.01887746805,-0.474646552642,-0.433386856475
0.887640449438,0.213483146067,-0.0103951007215,-0.930462129567,-0.434397087819,-0.392951418128
0.898876404494,0.213483146067,-0.00857556798648,-0.841204177901,-0.393204738129,-0.352888939832
0.910112359551,0.213483146067,-0.00694026848477,-0.751001006395,-0.350378779868,-0.313056924389
0.921348314607,0.213483146067,-0.00551422544599,-0.659790142635,-0.305990870208,-0.273230795603
0.932584269663,0.213483146067,-0.00428482084952,-0.567479357107,-0.261781874827,-0.233937276295
0.943820224719,0.213483146067,-0.00321782226268,-0.473990827121,-0.219434354467,-0.1961151791
0.955056179775,0.213483146067,-0.00228395876545,-0.379438460531,-0.177902788556,-0.159805908236
0.966292134831,0.213483146067,-0.00147337026839,-0.284210597797,-0.135046000703,-0.123653425208
0.977528089888,0.213483146067,-0.0008017167341,-0.18886574575,-0.0906962011531,-0.0857998060205
0.988764044944,0.213483146067,-0.000308319382733,-0.0939746116004,-0.045584719461,-0.0448747716335
1,0.213483146067,-8.48032992813e-19,-3.2406874456e-16,-1.58334877464e-16,-1.63599294014e-16
0,0.224719101124,-0,-0,0,0
0.0112359550562,0.224719101124,-0.00166038596975,-0.0914632797012,0.070342894239,-0.0626425839139
0.0224719101124,0.224719101124,-0.00378594219761,-0.183223049052,0.140656520364,-0.124547771348
0.0337078651685,0.224719101124,-0.00646190393584,-0.275727984412,0.21047305991,-0.184290460097
0.0449438202247,0.224719101124,-0.00946592616712,-0.368912477943,0.279459530087,-0.241924981058
0.0561797752809,0.224719101124,-0.0124839432157,-0.462356275887,0.347312589248,-0.29791035238
0.0674157303371,0.224719101124,-0.0153101976034,-0.555459166256,0.414287461731,-0.352715093567
0.0786516853933,0.224719101124,-0.0179119678069,-0.647568388092,0.481143798587,-0.406943675177
0.0898876404494,0.224719101124,-0.0203633149604,-0.738130304785,0.547799494369,-0.461319275069
0.101123595506,0.224719101124,-0.0227539223345,-0.826907621317,0.612526691991,-0.5162544094
0.112359550562,0.224719101124,-0.0251409943567,-0.914116932767,0.673905266016,-0.571319823856
0.123595505618,0.224719101124,-0.0275441430925,-1.00029523445,0.732541456713,-0.625250647953
0.134831460674,0.224719101124,-0.0299694731665,-1.08592442634,0.789344350537,-0.676886349101
0.14606741573,0.224719101124,-0.0324552503173,-1.17110664043,0.844216803558,-0.72627508889
0.157303370787,0.224719101124,-0.0350935313558,-1.25553901341,0.897230648238,-0.774644173227
0.168539325843,0.224719101124,-0.0379536954386,-1.3387268236,0.948751613371,-0.823069642162
0.179775280899,0.224719101124,-0.0409561401361,-1.42021679274,0.998442552097,-0.871106328399
0.191011235955,0.224719101124,-0.0438784544204,-1.49972279039,1.0467053099,-0.916852680556
0.202247191011,0.224719101124,-0.0465098027792,-1.57706662896,1.0961586477,-0.958671046746
0.213483146067,0.224719101124,-0.0487277949554,-1.65194706543,1.1478911991,-0.996950818684
0.224719101124,0.224719101124,-0.0504154365811,-1.72383019058,1.19896815782,-1.03381200149
0.23595505618,0.224719101124,-0.0514114253171,-1.79221616433,1.24713748852,-1.07100092371
0.247191011236,0.224719101124,-0.0516073139723,-1.85704056655,1.29253496398,-1.10857701661
0.258426966292,0.224719101124,-0.0511008848374,-1.91883171301,1.33529306976,-1.1454640944
0.269662921348,0.224719101124,-0.0502969119596,-1.9785848682,1.37279412459,-1.1805976801
0.280898876404,0.224719101124,-0.0498153333704,-2.03740479776,1.39585066056,-1.2135386199
0.292134831461,0.224719101124,-0.0500845994059,-2.09589753389,1.40930522792,-1.24403690869
0.303370786517,0.224719101124,-0.0509493685639,-2.15371326877,1.42937132992,-1.27216124944
0.314606741573,0.224719101124,-0.0519549954455,-2.2099859137,1.44265962663,-1.29918686917
0.325842696629,0.224719101124,-0.0530056452194,-2.26428194525,1.44272066927,-1.32608871767
0.337078651685,0.224719101124,-0.0544179931398,-2.31683803145,1.44307554437,-1.35248176236
0.348314606742,0.224719101124,-0.0565068526591,-2.36809444433,1.4457854357,-1.37711689599
0.359550561798,0.224719101124,-0.059386292784,-2.41824009225,1.43963523875,-1.39854754271
0.370786516854,0.224719101124,-0.0631117853439,-2.46706796078,1.42179035687,-1.41587503528
0.38202247191,0.224719101124,-0.0678159479637,-2.51401679019,1.40740224828,-1.42934057256
0.393258426966,0.224719101124,-0.0733345016143,-2.55793960522,1.40143731787,-1.44065437945
0.404494382022,0.224719101124,-0.0786455774203,-2.59683623796,1.35117495164,-1.45296252806
0.415730337079,0.224719101124,-0.0825050053666,-2.62889948391,1.19761929844,-1.46830991841
0.426966292135,0.224719101124,-0.0850865774127,-2.6544827523,1.04675891887,-1.48292590985
0.438202247191,0.224719101124,-0.0876597472269,-2.67555653934,1.00074856555,-1.49248286889
0.449438202247,0.224719101124,-0.0905617092945,-2.69311291468,0.752252237144,-1.50383330085
0.460674157303,0.224719101124,-0.0931453367346,-2.70696615442,0.41541756495,-1.51455811801
0.47191011236,0.224719101124,-0.094921125678,-2.71708088876,0.257411049202,-1.5188737922
0.483146067416,0.224719101124,-0.0959097832653,-2.72401372985,0.232868228056,-1.51840042326
0.494382022472,0.224719101124,-0.0963702742428,-2.72853792529,0.0685172119511,-1.51971896929
0.505617977528,0.224719101124,-0.0966423077892,-2.73131105364,-0.232564376633,-1.52198599504
0.516853932584,0.224719101124,-0.0972373942714,-2.73285761079,-0.399595524914,-1.51767059369
0.52808988764,0.224719101124,-0.0983308274863,-2.73299416472,-0.43127019811,-1.50653570992
0.539325842697,0.224719101124,-0.0982600994473,-2.7292406605,-0.605927238466,-1.49618212741
0.550561797753,0.224719101124,-0.0936946398843,-2.71721888852,-0.893539164733,-1.48698447233
0.561797752809,0.224719101124,-0.08337370814,-2.69515427905,-1.00108892606,-1.47229295204
0.573033707865,0.224719101124,-0.0706670686383,-2.66692890949,-1.0182158063,-1.45407951418
0.584269662921,0.224719101124,-0.0598883039817,-2.63776643806,-1.04920995646,-1.43438572983
0.595505617978,0.224719101124,-0.0516911735873,-2.6087311412,-1.08840209989,-1.41296896667
0.606741573034,0.224719101124,-0.0446770226573,-2.57838566589,-1.10997932945,-1.38920599062
0.61797752809,0.224719101124,-0.0381887472018,-2.54590190153,-1.11545462014,-1.36293885979
0.629213483146,0.224719101124,-0.0326201750924,-2.51146064712,-1.13012013159,-1.33450948642
0.640449438202,0.224719101124,-0.0283840339148,-2.47522087567,-1.15881107074,-1.30392699597
0.651685393258,0.224719101124,-0.0252496838511,-2.43668380171,-1.16745435022,-1.27070088004
0.662921348315,0.224719101124,-0.0227072717655,-2.39512553969,-1.15763294112,-1.23574577068
0.674157303371,0.224719101124,-0.020564712986,-2.35025014536,-1.14812580776,-1.20040130725
0.685393258427,0.224719101124,-0.0190038157075,-2.30225952069,-1.13091364919,-1.16455729951
0.696629213483,0.224719101124,-0.0181609289271,-2.25138983064,-1.1112047577,-1.12745989774
0.707865168539,0.224719101124,-0.0177180969556,-2.19739663305,-1.09121112329,-1.08806535874
0.719101123596,0.224719101124,-0.0170407892795,-2.1396222058,-1.06543965204,-1.04595919163
0.730337078652,0.224719101124,-0.0158067649317,-2.07768496324,-1.03218434074,-1.00194340448
0.741573033708,0.224719101124,-0.0143158056591,-2.01190700009,-0.993942492914,-0.957434728034
0.752808988764,0.224719101124,-0.0130550704531,-1.94292301097,-0.953717641451,-0.913571613811
0.76404494382,0.224719101124,-0.0121840354743,-1.87113884211,-0.913726841899,-0.870797710252
0.775280898876,0.224719101124,-0.0115784952252,-1.79674257914,-0.874473099294,-0.828853831039
0.786516853933,0.224719101124,-0.0111566969614,-1.71998184982,-0.834379449778,-0.787012496283
0.797752808989,0.224719101124,-0.0109959273348,-1.64120286669,-0.792951852542,-0.744623839353
0.808988764045,0.224719101124,-0.0112007831134,-1.56067006858,-0.751726152737,-0.701676855957
0.820224719101,0.224719101124,-0.0117288868054,-1.47843880925,-0.71082826461,-0.658859839659
0.831460674157,0.224719101124,-0.0123212885398,-1.39441747869,-0.668744866608,-0.616994146063
0.842696629213,0.224719101124,-0.0125926989607,-1.30856698084,-0.62523665575,-0.57624007359
0.85393258427,0.224719101124,-0.0122390778722,-1.22106924217,-0.581737289183,-0.535859011087
0.865168539326,0.224719101124,-0.0112036944609,-1.13229615629,-0.539107462096,-0.494885456501
0.876404494382,0.224719101124,-0.00966175020401,-1.04258399692,-0.496933526584,-0.453030238014
0.887640449438,0.224719101124,-0.00787558629318,-0.952042486058,-0.454593281517,-0.410791856058
0.898876404494,0.224719101124,-0.00607274375689,-0.860589982168,-0.411542147324,-0.368703851475
0.910112359551,0.224719101124,-0.00440280086863,-0.768112138192,-0.367012669679,-0.326799287719
0.921348314607,0.224719101124,-0.00293712982729,-0.674523253516,-0.320887408241,-0.285086138443
0.932584269663,0.224719101124,-0.00168791911595,-0.579739222698,-0.274774142528,-0.24423228452
0.943820224719,0.224719101124,-0.000648376672274,-0.483746404053,-0.230350498933,-0.205097243006
0.955056179775,0.224719101124,0.000166690132974,-0.386761087828,-0.186616820832,-0.167468994857
0.966292134831,0.224719101124,0.000706847191751,-0.28927729045,-0.141513822144,-0.129751326223
0.977528089888,0.224719101124,0.000890621107113,-0.191944124828,-0.0949835410956,-0.0900050800718
0.988764044944,0.224719101124,0.000641639814986,-0.0953808551113,-0.0477639218444,-0.0469698615724
1,0.224719101124,2.65168470414e-18,-3.28663495374e-16,-1.66247834736e-16,-1.70573924516e-16
0,0.23595505618,-0,-0,0,0
0.0112359550562,0.23595505618,-0.000415791689526,-0.0918907082404,0.0734760384668,-0.0637110029585
0.0224719101124,0.23595505618,-0.00140092468114,-0.18421631163,0.146862013963,-0.126759505395
0.0337078651685,0.23595505618,-0.00299220968605,-0.27736310668,0.21956306684,-0.187644616723
0.0449438202247,0.23595505618,-0.00489916935702,-0.37116762439,0.29117697193,-0.246521651604
0.0561797752809,0.23595505618,-0.00674786356523,-0.465131836312,0.361381587371,-0.304020642077
0.0674157303371,0.23595505618,-0.00830747282967,-0.558642190246,0.430505730907,-0.360635129078
0.0786516853933,0.23595505618,-0.0095671733049,-0.65110234262,0.499490567702,-0.416737557064
0.0898876404494,0.23595505618,-0.0106533798513,-0.742045514936,0.568412859127,-0.472659057665
0.101123595506,0.23595505618,-0.0117044260658,-0.831298799115,0.635520371064,-0.528495696318
0.112359550562,0.23595505618,-0.0127967951839,-0.919086227271,0.699274220366,-0.583811748208
0.123595505618,0.23595505618,-0.0139396111903,-1.00589341412,0.760238119792,-0.637683234013
0.134831460674,0.23595505618,-0.0151209926927,-1.09212418876,0.819299437746,-0.689429362339
0.14606741573,0.23595505618,-0.0163789756193,-1.17782170054,0.876290641733,-0.739453040621
0.157303370787,0.23595505618,-0.0178252990208,-1.26266726898,0.931243975329,-0.789064389366
0.168539325843,0.23595505618,-0.0195421497141,-1.34618667311,0.984524128148,-0.839157369663
0.179775280899,0.23595505618,-0.0214336492244,-1.42797291485,1.03576002461,-0.888958284455
0.191011235955,0.23595505618,-0.0232447638338,-1.50780541663,1.0854014101,-0.936255868874
0.202247191011,0.23595505618,-0.0247418969288,-1.58555842859,1.13634798225,-0.979274222979
0.213483146067,0.23595505618,-0.0257960554431,-1.66091859151,1.18996370265,-1.01848015208
0.224719101124,0.23595505618,-0.0262913180256,-1.73326469517,1.24320295854,-1.05616082098
0.23595505618,0.23595505618,-0.0260672136388,-1.80198091117,1.29331167417,-1.09414525003
0.247191011236,0.23595505618,-0.0250107064479,-1.86691051395,1.33974892461,-1.13244714228
0.258426966292,0.23595505618,-0.0232138439969,-1.92854031871,1.38233078824,-1.16988630737
0.269662921348,0.23595505618,-0.0210956491863,-1.98789429444,1.41918736776,-1.20529700919
0.280898876404,0.23595505618,-0.0193323806229,-2.0461901593,1.44244779228,-1.23818714523
0.292134831461,0.23595505618,-0.0184242102392,-2.10418408587,1.45780392896,-1.26836389471
0.303370786517,0.23595505618,-0.0182182508489,-2.16159049401,1.48089530713,-1.29614312724
0.314606741573,0.23595505618,-0.0181792552272,-2.21748297807,1.4963806911,-1.32324887565
0.325842696629,0.23595505618,-0.0181724320459,-2.2713886619,1.49715304333,-1.35110454379
0.337078651685,0.23595505618,-0.0185896872107,-2.32363658745,1.49743332859,-1.37947347104
0.348314606742,0.23595505618,-0.0198659969278,-2.37483304918,1.49983221138,-1.40674905951
0.359550561798,0.23595505618,-0.0222044186623,-2.42530596324,1.49338533299,-1.43075047763
0.370786516854,0.23595505618,-0.0257132112799,-2.47491749814,1.4759672075,-1.4499000983
0.38202247191,0.23595505618,-0.0305378207196,-2.52307967144,1.46421034636,-1.46417903947
0.393258426966,0.23595505618,-0.036413554361,-2.56845366876,1.46314549003,-1.47554370519
0.404494382022,0.23595505618,-0.0420963269959,-2.60871022091,1.41583455454,-1.4877054149
0.415730337079,0.23595505618,-0.0462085714305,-2.64184896136,1.25881070937,-1.50315363268
0.426966292135,0.23595505618,-0.0490394391146,-2.66835485503,1.10198934145,-1.51807797645
0.438202247191,0.23595505618,-0.0519367628422,-2.69030746529,1.05312357771,-1.52794601833
0.449438202247,0.23595505618,-0.0550794462899,-2.7085356466,0.791906342355,-1.53991235209
0.460674157303,0.23595505618,-0.0576750011313,-2.72269512189,0.436695530988,-1.55144083976
0.47191011236,0.23595505618,-0.0592738126345,-2.73278994812,0.267630102299,-1.55634937697
0.483146067416,0.23595505618,-0.0600590549397,-2.73954523559,0.238961440919,-1.55615241052
0.494382022472,0.23595505618,-0.0604247986001,-2.74387586586,0.0635024854418,-1.55771028734
0.505617977528,0.23595505618,-0.0607264103552,-2.74647055534,-0.254011139213,-1.56015723154
0.516853932584,0.23595505618,-0.0614481275258,-2.74787339635,-0.429199147581,-1.55569604398
0.52808988764,0.23595505618,-0.062799257629,-2.74801957228,-0.463501291642,-1.54425941966
0.539325842697,0.23595505618,-0.0630526079692,-2.74443957804,-0.647421751366,-1.53388476892
0.550561797753,0.23595505618,-0.0585063286372,-2.73239482642,-0.947110316416,-1.52496684962
0.561797752809,0.23595505618,-0.0477203502114,-2.7099380992,-1.05815592653,-1.51051016738
0.573033707865,0.23595505618,-0.0345561058442,-2.68150274898,-1.07565394097,-1.49237530407
0.584269662921,0.23595505618,-0.0236645928162,-2.6526180565,-1.10760887683,-1.47258348613
0.595505617978,0.23595505618,-0.0154599374991,-2.62393193726,-1.14717593989,-1.45101024653
0.606741573034,0.23595505618,-0.00832202648501,-2.59360422007,-1.16706198675,-1.42720033187
0.61797752809,0.23595505618,-0.00167519927199,-2.56080228244,-1.16943052781,-1.40110145312
0.629213483146,0.23595505618,0.00385796783591,-2.52595444494,-1.1819246078,-1.37303413013
0.640449438202,0.23595505618,0.00775161564976,-2.48940939156,-1.21062048926,-1.34286088568
0.651685393258,0.23595505618,0.0102998020049,-2.45069028812,-1.22012117055,-1.30992234883
0.662921348315,0.23595505618,0.0120969902111,-2.40905888541,-1.2110244401,-1.27509412012
0.674157303371,0.23595505618,0.0133446206184,-2.36424944755,-1.20198303911,-1.23978619931
0.685393258427,0.23595505618,0.0138465678155,-2.31647793137,-1.1844763768,-1.20395624186
0.696629213483,0.23595505618,0.0134747185051,-2.26594679051,-1.16399006985,-1.16688889756
0.707865168539,0.23595505618,0.0125888071747,-2.21234357861,-1.1428669457,-1.12751751204
0.719101123596,0.23595505618,0.0119262516327,-2.15489118295,-1.11538671191,-1.08536238972
0.730337078652,0.23595505618,0.0119585347343,-2.09305572711,-1.07997240465,-1.04114285327
0.741573033708,0.23595505618,0.0124971589694,-2.02706562232,-1.03950429587,-0.996146731994
0.752808988764,0.23595505618,0.0130696517277,-1.95757650578,-0.99721632317,-0.951343273808
0.76404494382,0.23595505618,0.0134367302581,-1.88510815547,-0.955373890304,-0.907064246792
0.775280898876,0.23595505618,0.013566926844,-1.81001185004,-0.914451272209,-0.863102687715
0.786516853933,0.23595505618,0.0133549163297,-1.73268446356,-0.872752873523,-0.818963605615
0.797752808989,0.23595505618,0.0125822470859,-1.65353249819,-0.829658843262,-0.774318235381
0.808988764045,0.23595505618,0.0111073173465,-1.57276763099,-0.786678312163,-0.729420670483
0.820224719101,0.23595505618,0.00903853870043,-1.49033056414,-0.743941819458,-0.685056299954
0.831460674157,0.23595505618,0.00675630451946,-1.40603009074,-0.69991197908,-0.64195231644
0.842696629213,0.23595505618,0.0047755389119,-1.31977542284,-0.654336677832,-0.600060283144
0.85393258427,0.23595505618,0.00352083693289,-1.23171952308,-0.608670570358,-0.558452819334
0.865168539326,0.23595505618,0.00314873151858,-1.14220646303,-0.563780213356,-0.51607400717
0.876404494382,0.23595505618,0.00352996006201,-1.05156815656,-0.51928176843,-0.472604223787
0.887640449438,0.23595505618,0.00436956587612,-0.959953047909,-0.474683733818,-0.428519078462
0.898876404494,0.23595505618,0.00534922249665,-0.867337232371,-0.429574325367,-0.384384343096
0.910112359551,0.23595505618,0.00622112109671,-0.773648136697,-0.383163989918,-0.340393134302
0.921348314607,0.23595505618,0.00684771059319,-0.678825107344,-0.335188591004,-0.296775658692
0.932584269663,0.23595505618,0.00718606232042,-0.582822452381,-0.287154934478,-0.254291392204
0.943820224719,0.23595505618,0.00722386114667,-0.485695690907,-0.240736154339,-0.213667801341
0.955056179775,0.23595505618,0.00691424542721,-0.387742984571,-0.194930667863,-0.174480105754
0.966292134831,0.23595505618,0.00615035012218,-0.289535140591,-0.147701973339,-0.135031215497
0.977528089888,0.23595505618,0.00478017217847,-0.191793211998,-0.0990879194599,-0.0934345849394
0.988764044944,0.23595505618,0.00269199210297,-0.0951713887561,-0.0498532681278,-0.0485806746405
1,0.23595505618,9.91410107759e-18,-3.27716393002e-16,-1.73889149578e-16,-1.75651212835e-16
0,0.247191011236,0,0,0,0
0.0112359550562,0.247191011236,0.00568158283614,-0.0864357829774,0.0765400558592,-0.0654516636785
0.0224719101124,0.247191011236,0.0108110999267,-0.17328219494,0.152926765437,-0.130388052854
0.0337078651685,0.247191011236,0.0153340851744,-0.260934910265,0.228445041596,-0.193216415515
0.0449438202247,0.247191011236,0.019559811406,-0.349195161659,0.302603872358,-0.254074620109
0.0561797752809,0.247191011236,0.0238950417936,-0.437526600489,0.375052507858,-0.313689945972
0.0674157303371,0.247191011236,0.0285903219215,-0.525313313737,0.446214883367,-0.37263621223
0.0786516853933,0.247191011236,0.0336278084473,-0.612024003056,0.517249957385,-0.43120017315
0.0898876404494,0.247191011236,0.0387940878001,-0.697319065265,0.588411423694,-0.489443260762
0.101123595506,0.247191011236,0.0438423591339,-0.781161714144,0.657916886223,-0.547138347803
0.112359550562,0.247191011236,0.0486264732046,-0.863843924054,0.724088471221,-0.603705753921
0.123595505618,0.247191011236,0.0531403341404,-0.945803819833,0.787415084864,-0.658399537767
0.134831460674,0.247191011236,0.0574474306303,-1.02731500217,0.84872612331,-0.710915227809
0.14606741573,0.247191011236,0.0615524084517,-1.10829900235,0.907765542274,-0.76196877354
0.157303370787,0.247191011236,0.0653483411319,-1.18839006948,0.964556657683,-0.812965788572
0.168539325843,0.247191011236,0.0687415943251,-1.26714435435,1.01953526291,-0.864719843239
0.179775280899,0.247191011236,0.0718239404284,-1.34424632351,1.07233495239,-0.916340081445
0.191011235955,0.247191011236,0.0748435562829,-1.41961312036,1.12340081266,-0.965546203666
0.202247191011,0.247191011236,0.0780119676222,-1.49325121795,1.17581410344,-1.0105388015
0.213483146067,0.247191011236,0.0814345171968,-1.56489166196,1.2311524788,-1.05177852412
0.224719101124,0.247191011236,0.0852242300194,-1.63383178241,1.28628287348,-1.09153703418
0.23595505618,0.247191011236,0.0895705933246,-1.69929263487,1.33804246517,-1.13158612391
0.247191011236,0.247191011236,0.0946375049703,-1.76096076229,1.38531041147,-1.17183319222
0.258426966292,0.247191011236,0.100377504809,-1.81924020917,1.42765742934,-1.21097366106
0.269662921348,0.247191011236,0.106380185758,-1.87516929719,1.46397749427,-1.24773017563
0.280898876404,0.247191011236,0.111917663977,-1.93007881602,1.48756916008,-1.28154755961
0.292134831461,0.247191011236,0.11639926852,-1.98488582928,1.50480158337,-1.31226632327
0.303370786517,0.247191011236,0.119953081689,-2.03936502143,1.53086862672,-1.34039865555
0.314606741573,0.247191011236,0.123207650707,-2.09246867826,1.54863285691,-1.36805495759
0.325842696629,0.247191011236,0.126374895485,-2.14358443107,1.55030234414,-1.39706331301
0.337078651685,0.247191011236,0.129025289735,-2.19303736303,1.55073280074,-1.42734818714
0.348314606742,0.247191011236,0.130668219063,-2.24149333144,1.55308214167,-1.45703204402
0.359550561798,0.247191011236,0.131114292175,-2.28930610835,1.54659423122,-1.48330912668
0.370786516854,0.247191011236,0.130253076938,-2.33639538586,1.52963132549,-1.50397733309
0.38202247191,0.247191011236,0.127831455863,-2.38232883205,1.52000551637,-1.51875236941
0.393258426966,0.247191011236,0.124051895887,-2.42583454873,1.52276056599,-1.52984904129
0.404494382022,0.247191011236,0.120271169039,-2.46442666088,1.4770106215,-1.54162408072
0.415730337079,0.247191011236,0.117895964612,-2.49604707478,1.31509492263,-1.55710862474
0.426966292135,0.247191011236,0.116409614174,-2.52143323503,1.15151606912,-1.57248472718
0.438202247191,0.247191011236,0.114421325228,-2.54271227885,1.09939982944,-1.58301267038
0.449438202247,0.247191011236,0.112039149936,-2.56038070603,0.825157462668,-1.59608328741
0.460674157303,0.247191011236,0.110218610012,-2.57390247865,0.45215257549,-1.60887201931
0.47191011236,0.247191011236,0.109251500085,-2.58345092318,0.272611112239,-1.61465523256
0.483146067416,0.247191011236,0.10866909078,-2.59005503226,0.23957889707,-1.61480227445
0.494382022472,0.247191011236,0.107960534106,-2.59473950255,0.0522974220941,-1.6165498778
0.505617977528,0.247191011236,0.106910803214,-2.59803489398,-0.281241754947,-1.61915239873
0.516853932584,0.247191011236,0.105188201128,-2.60036202455,-0.463223985926,-1.6146478582
0.52808988764,0.247191011236,0.102514585537,-2.60182922443,-0.498890137359,-1.60311932765
0.539325842697,0.247191011236,0.100498845972,-2.60020338419,-0.690508012129,-1.59292702916
0.550561797753,0.247191011236,0.103033269763,-2.59059079497,-1.00109757832,-1.58444143959
0.561797752809,0.247191011236,0.111690955768,-2.57089650856,-1.11460611549,-1.57028200229
0.573033707865,0.247191011236,0.122402559695,-2.54573645624,-1.13101616753,-1.55215441059
0.584269662921,0.247191011236,0.130795480379,-2.52020524036,-1.1626305052,-1.53206444006
0.595505617978,0.247191011236,0.137012736437,-2.49417079318,-1.20191469056,-1.509967119
0.606741573034,0.247191011236,0.142813338051,-2.46551758161,-1.22020786298,-1.4855474422
0.61797752809,0.247191011236,0.148486706569,-2.4336856415,-1.22017246506,-1.45892969549
0.629213483146,0.247191011236,0.152997822529,-2.39959148219,-1.23148072578,-1.43054188008
0.640449438202,0.247191011236,0.155611126063,-2.36389130927,-1.26096371293,-1.40018568165
0.651685393258,0.247191011236,0.156660810472,-2.32614546784,-1.27145348538,-1.36702047071
0.662921348315,0.247191011236,0.156814087322,-2.2855993065,-1.26285388794,-1.33180960467
0.674157303371,0.247191011236,0.156263055147,-2.24203184048,-1.25424642966,-1.29596568611
0.685393258427,0.247191011236,0.154791454018,-2.1956849083,-1.23676205531,-1.25951467011
0.696629213483,0.247191011236,0.152254168352,-2.14676862017,-1.21594168633,-1.22186670131
0.707865168539,0.247191011236,0.148932402847,-2.09505452064,-1.19395877096,-1.18204988366
0.719101123596,0.247191011236,0.145446685846,-2.0399113567,-1.16486018897,-1.13958405149
0.730337078652,0.247191011236,0.14220069057,-1.98091301866,-1.12730741872,-1.09506854929
0.741573033708,0.247191011236,0.13902061474,-1.91831020382,-1.08457250191,-1.04955572758
0.752808988764,0.247191011236,0.135518652213,-1.8526923296,-1.04009403811,-1.0037603319
0.76404494382,0.247191011236,0.131569990753,-1.78444870879,-0.996226173109,-0.957904446599
0.775280898876,0.247191011236,0.127214112064,-1.7138042216,-0.953503679312,-0.911899107638
0.786516853933,0.247191011236,0.12234276396,-1.64106872575,-0.910165946504,-0.865520440328
0.797752808989,0.247191011236,0.116715959225,-1.56656026134,-0.865471985052,-0.818711243175
0.808988764045,0.247191011236,0.110218640785,-1.49036616222,-0.820893736431,-0.771876201552
0.820224719101,0.247191011236,0.103031376785,-1.41231210078,-0.776543397331,-0.725785412278
0.831460674157,0.247191011236,0.0955857422314,-1.33219084504,-0.730834715574,-0.681014890014
0.842696629213,0.247191011236,0.0883802759797,-1.25002078441,-0.683478335536,-0.637322735735
0.85393258427,0.247191011236,0.0817980416458,-1.16609579902,-0.635901541966,-0.593657123976
0.865168539326,0.247191011236,0.0760040404361,-1.08081779494,-0.588914701809,-0.548942318849
0.876404494382,0.247191011236,0.0709213642599,-0.994495162616,-0.542121734017,-0.502883686593
0.887640449438,0.247191011236,0.0662767467268,-0.907258166024,-0.49515884906,-0.455981440533
0.898876404494,0.247191011236,0.0617046140908,-0.819115558217,-0.447784468866,-0.408867406276
0.910112359551,0.247191011236,0.0568741925286,-0.730056018664,-0.399253029546,-0.361879018957
0.921348314607,0.247191011236,0.0515906127858,-0.640071799727,-0.349236839358,-0.315380722665
0.932584269663,0.247191011236,0.0458158627862,-0.549141269109,-0.299213735398,-0.27011160814
0.943820224719,0.247191011236,0.03959446484,-0.457304104126,-0.250859236834,-0.226645236458
0.955056179775,0.247191011236,0.0329449285138,-0.364805754645,-0.203092237471,-0.184476715077
0.966292134831,0.247191011236,0.0257871680232,-0.272168350678,-0.153808436829,-0.142028273157
0.977528089888,0.247191011236,0.0179450736742,-0.180112522936,-0.103129025984,-0.0976469646142
0.988764044944,0.247191011236,0.00928635351393,-0.0893059646776,-0.0518956287072,-0.0504291468557
1,0.247191011236,3.26207188887e-17,-3.07513235406e-16,-1.81318724727e-16,-1.81198771622e-16
0,0.258426966292,0,0,0,0
0.0112359550562,0.258426966292,0.00851386753301,-0.084461977012,0.0796211325998,-0.0663353900851
0.0224719101124,0.258426966292,0.0167634708729,-0.168986127411,0.159021789381,-0.132269902573
0.0337078651685,0.258426966292,0.0245645278553,-0.254109876086,0.237382989635,-0.196088407517
0.0449438202247,0.258426966292,0.0321329198298,-0.339739844421,0.314105976978,-0.257792577609
0.0561797752809,0.258426966292,0.0398116426458,-0.425422019355,0.388792402338,-0.318124532336
0.0674157303371,0.258426966292,0.0478040333841,-0.510613627684,0.461969902532,-0.377809994521
0.0786516853933,0.258426966292,0.0560258301759,-0.594880239395,0.535045263785,-0.437270354327
0.0898876404494,0.258426966292,0.0641528509012,-0.678024247426,0.608479224237,-0.496530383046
0.101123595506,0.258426966292,0.0718094282913,-0.760162122239,0.680475466066,-0.5551258016
0.112359550562,0.258426966292,0.0787677989285,-0.841664880334,0.749202690018,-0.612223063583
0.123595505618,0.258426966292,0.0850359205527,-0.922904204252,0.815026755203,-0.667041754704
0.134831460674,0.258426966292,0.0907737527557,-1.00396124694,0.878666032321,-0.719449196676
0.14606741573,0.258426966292,0.0961072219551,-1.08453911236,0.939758764022,-0.770324157023
0.157303370787,0.258426966292,0.101037552791,-1.16411279219,0.998362727781,-0.821111711938
0.168539325843,0.258426966292,0.105570068542,-1.24216133682,1.05505798651,-0.872646818064
0.179775280899,0.258426966292,0.109883104015,-1.31838026566,1.10950640816,-0.92419562775
0.191011235955,0.258426966292,0.114267282947,-1.39278996932,1.16208938258,-0.973738388647
0.202247191011,0.258426966292,0.118919170165,-1.46554365599,1.215986186,-1.01962951324
0.213483146067,0.258426966292,0.123899505355,-1.53646361632,1.27295369321,-1.06224159623
0.224719101124,0.258426966292,0.129282987079,-1.60481830942,1.32982918572,-1.10361264157
0.23595505618,0.258426966292,0.135247166265,-1.66970782757,1.38318504882,-1.14531119381
0.247191011236,0.258426966292,0.141971223254,-1.73069361982,1.4314642282,-1.18714089774
0.258426966292,0.258426966292,0.149433704816,-1.78811920708,1.47402895661,-1.22776329222
0.269662921348,0.258426966292,0.15723310118,-1.8430464308,1.51037278725,-1.26587703787
0.280898876404,0.258426966292,0.164601102745,-1.89691168092,1.53458642294,-1.30087643048
0.292134831461,0.258426966292,0.170860506309,-1.95077859462,1.55350265045,-1.33252648056
0.303370786517,0.258426966292,0.176080493674,-2.00449185383,1.58217786757,-1.36130547152
0.314606741573,0.258426966292,0.180898919496,-2.05693089925,1.60199828125,-1.38942783519
0.325842696629,0.258426966292,0.185509815129,-2.10739250087,1.60454706156,-1.41890641631
0.337078651685,0.258426966292,0.189400627373,-2.15618927029,1.60527811245,-1.44980025111
0.348314606742,0.258426966292,0.192068654024,-2.20395454845,1.60785088115,-1.48018360832
0.359550561798,0.258426966292,0.19346134078,-2.25092272228,1.60162404151,-1.50698385259
0.370786516854,0.258426966292,0.193596682963,-2.29696387075,1.58520421851,-1.52766619637
0.38202247191,0.258426966292,0.192149632024,-2.34183726865,1.57722054821,-1.54178742278
0.393258426966,0.258426966292,0.189184444907,-2.38450744909,1.58255910107,-1.55176382915
0.404494382022,0.258426966292,0.186088900815,-2.42248488505,1.53658418035,-1.56248547985
0.415730337079,0.258426966292,0.184306184124,-2.45366902362,1.36781481357,-1.57745711683
0.426966292135,0.258426966292,0.183219678551,-2.47889634348,1.19638971279,-1.59284834513
0.438202247191,0.258426966292,0.181542884608,-2.50014862507,1.14080519855,-1.60376998081
0.449438202247,0.258426966292,0.179685935572,-2.51754581003,0.853422042556,-1.61788715401
0.460674157303,0.258426966292,0.178665621941,-2.53045498405,0.463476726679,-1.63201991462
0.47191011236,0.258426966292,0.178500971653,-2.53933564773,0.274465948976,-1.6388539152
0.483146067416,0.258426966292,0.178397082672,-2.54555723613,0.237305438488,-1.63961586633
0.494382022472,0.258426966292,0.177772409673,-2.5501937103,0.038027341031,-1.64196011474
0.505617977528,0.258426966292,0.176582165216,-2.55357798245,-0.310737203145,-1.64526991377
0.516853932584,0.258426966292,0.17457452385,-2.55608966185,-0.498004133199,-1.64137617305
0.52808988764,0.258426966292,0.171273857108,-2.55815823048,-0.533561633969,-1.63041507044
0.539325842697,0.258426966292,0.16804950987,-2.5579215077,-0.731206373366,-1.62099073888
0.550561797753,0.258426966292,0.168876584772,-2.55043872464,-1.05187206552,-1.61349723122
0.561797752809,0.258426966292,0.175428057599,-2.53348091106,-1.1674503223,-1.60020052503
0.573033707865,0.258426966292,0.183589681585,-2.51163813483,-1.18196061127,-1.58260154307
0.584269662921,0.258426966292,0.18946497348,-2.48934303712,-1.21242870128,-1.56257843254
0.595505617978,0.258426966292,0.193762980133,-2.46570284272,-1.25104827641,-1.54003149315
0.606741573034,0.258426966292,0.198345082887,-2.43841615871,-1.26795439767,-1.51476814616
0.61797752809,0.258426966292,0.203248395847,-2.40720132351,-1.26623963364,-1.48723795075
0.629213483146,0.258426966292,0.207141533994,-2.37335348723,-1.27728533237,-1.45820768033
0.640449438202,0.258426966292,0.20923193802,-2.33765825908,-1.30814990136,-1.42758395234
0.651685393258,0.258426966292,0.209974613558,-2.29960010827,-1.31948248665,-1.39434584226
0.662921348315,0.258426966292,0.210051754516,-2.25845189053,-1.31085055615,-1.35901337515
0.674157303371,0.258426966292,0.209508205048,-2.21418283729,-1.30236687484,-1.32285009718
0.685393258427,0.258426966292,0.207994816167,-2.16718893293,-1.2850778977,-1.28589524835
0.696629213483,0.258426966292,0.205340347403,-2.11770319784,-1.26438188729,-1.24777204982
0.707865168539,0.258426966292,0.201852201393,-2.06546466389,-1.24192958914,-1.20778214441
0.719101123596,0.258426966292,0.198171009982,-2.00983121923,-1.21147890948,-1.16560419074
0.730337078652,0.258426966292,0.194689797065,-1.95041852571,-1.17198910415,-1.12176376015
0.741573033708,0.258426966292,0.19117511365,-1.88758509453,-1.12709042977,-1.077016634
0.752808988764,0.258426966292,0.187149994144,-1.82205285629,-1.08039094762,-1.03173792223
0.76404494382,0.258426966292,0.182414991087,-1.75429421566,-1.03438948691,-0.98599172542
0.775280898876,0.258426966292,0.176958890705,-1.68454280353,-0.989785813071,-0.93976981249
0.786516853933,0.258426966292,0.170652564845,-1.61304070715,-0.944822422429,-0.893024764139
0.797752808989,0.258426966292,0.163293454721,-1.5399530815,-0.898661541626,-0.845810719505
0.808988764045,0.258426966292,0.154866552515,-1.46516259922,-0.852745413912,-0.798534090933
0.820224719101,0.258426966292,0.145666895408,-1.38832956962,-0.807151284029,-0.75189502386
0.831460674157,0.258426966292,0.136183681101,-1.3092116091,-0.760207694054,-0.706375936681
0.842696629213,0.258426966292,0.126889805609,-1.22792698798,-0.711538681639,-0.661659512269
0.85393258427,0.258426966292,0.118117947629,-1.14489855743,-0.662476628179,-0.616666996309
0.865168539326,0.258426966292,0.110034916427,-1.06057525994,-0.613718696663,-0.570343595646
0.876404494382,0.258426966292,0.102608225813,-0.975241523339,-0.56483072892,-0.522452017812
0.887640449438,0.258426966292,0.0955746308461,-0.889028809385,-0.515568466313,-0.473590992482
0.898876404494,0.258426966292,0.0885080844692,-0.802019586757,-0.465871460239,-0.424519686595
0.910112359551,0.258426966292,0.0809905813499,-0.714309003367,-0.415085870305,-0.375667210765
0.921348314607,0.258426966292,0.0727871427426,-0.625960394741,-0.362904362579,-0.327366141321
0.932584269663,0.258426966292,0.0639055146748,-0.536944779594,-0.310856431945,-0.280183954336
0.943820224719,0.258426966292,0.0544997754878,-0.447210904331,-0.260637093887,-0.234530308852
0.955056179775,0.258426966292,0.0447019200438,-0.356866108111,-0.211019731722,-0.189953805782
0.966292134831,0.258426966292,0.0344914915686,-0.26632283944,-0.159750971772,-0.145186106083
0.977528089888,0.258426966292,0.0236823762747,-0.176277939923,-0.107030470521,-0.098971413439
0.988764044944,0.258426966292,0.012112490722,-0.0874267148073,-0.0538368972522,-0.0506865022411
1,0.258426966292,4.21617149454e-17,-3.01241728895e-16,-1.88270673481e-16,-1.8087582733e-16
0,0.269662921348,0,0,0,0
0.0112359550562,0.269662921348,0.00910567581068,-0.0847283875581,0.0826104186174,-0.0667045818448
0.0224719101124,0.269662921348,0.0182665464356,-0.169136630659,0.164948290946,-0.132993612433
0.0337078651685,0.269662921348,0.0272500298612,-0.253816509178,0.246111181288,-0.197040742085
0.0449438202247,0.269662921348,0.0361945531904,-0.338774073083,0.325370273246,-0.25865471663
0.0561797752809,0.269662921348,0.0453568313746,-0.423671582293,0.402246579352,-0.318538487404
0.0674157303371,0.269662921348,0.0548653507516,-0.508065123239,0.477363043034,-0.377637511551
0.0786516853933,0.269662921348,0.0645589762294,-0.591610395148,0.552396163811,-0.436728309523
0.0898876404494,0.269662921348,0.0740013866127,-0.674233497842,0.628047397769,-0.496054250728
0.101123595506,0.269662921348,0.082666714744,-0.75621644263,0.702528215695,-0.555040797433
0.112359550562,0.269662921348,0.0901851824886,-0.838071788864,0.773842188324,-0.612530768855
0.123595505618,0.269662921348,0.0964925657532,-0.920196615385,0.842191936863,-0.667501712819
0.134831460674,0.269662921348,0.101775091013,-1.00255453245,0.908152375602,-0.719741589379
0.14606741573,0.269662921348,0.106268550111,-1.08464688416,0.971267274637,-0.770065472073
0.157303370787,0.269662921348,0.110141416365,-1.16573856693,1.03168402795,-0.819832472038
0.168539325843,0.269662921348,0.113596896848,-1.24514230655,1.09017251149,-0.869955567081
0.179775280899,0.269662921348,0.116991490676,-1.32247837926,1.14640200966,-0.920104104782
0.191011235955,0.269662921348,0.120719992051,-1.39780769294,1.20061178083,-0.968824062016
0.202247191011,0.269662921348,0.125002598352,-1.47139349612,1.25599883434,-1.01476997762
0.213483146067,0.269662921348,0.129876351372,-1.54314286098,1.31446590362,-1.0581078557
0.224719101124,0.269662921348,0.135370379572,-1.6123228966,1.37288560642,-1.10040786036
0.23595505618,0.269662921348,0.141606840899,-1.67796789801,1.42774944206,-1.14293227599
0.247191011236,0.269662921348,0.148718893993,-1.73957755808,1.47727341185,-1.18548776015
0.258426966292,0.269662921348,0.156673256672,-1.79747323557,1.52067057057,-1.22691281447
0.269662921348,0.269662921348,0.165098782506,-1.85271863463,1.55777317989,-1.26606197776
0.280898876404,0.269662921348,0.173269069979,-1.90676609258,1.58292965789,-1.30234306891
0.292134831461,0.269662921348,0.180500916243,-1.96073074589,1.60317137744,-1.33534975788
0.303370786517,0.269662921348,0.186774316116,-2.01454581171,1.63379694706,-1.36526942649
0.314606741573,0.269662921348,0.192568773253,-2.06717815018,1.65511461273,-1.3940768003
0.325842696629,0.269662921348,0.197880046133,-2.11799359485,1.65821652853,-1.42367786245
0.337078651685,0.269662921348,0.202041921907,-2.1673186717,1.65917237655,-1.45419441469
0.348314606742,0.269662921348,0.204590540399,-2.21564971208,1.66207990469,-1.48388892789
0.359550561798,0.269662921348,0.205740362242,-2.26293553543,1.65628790255,-1.5098567791
0.370786516854,0.269662921348,0.205796996056,-2.30883945609,1.64042413723,-1.52962293014
0.38202247191,0.269662921348,0.204474292449,-2.35324781398,1.63359472855,-1.54274578419
0.393258426966,0.269662921348,0.201680562892,-2.39545914655,1.64032847689,-1.55172669953
0.404494382022,0.269662921348,0.198717551166,-2.43317860103,1.59239677519,-1.56170009227
0.415730337079,0.269662921348,0.197002950099,-2.46436648467,1.41488499669,-1.57637154064
0.426966292135,0.269662921348,0.195910531882,-2.4898525955,1.23474333973,-1.5917627728
0.438202247191,0.269662921348,0.194308832046,-2.51139013095,1.17593128687,-1.60286633989
0.449438202247,0.269662921348,0.192777325618,-2.52884039271,0.875655648003,-1.61773669749
0.460674157303,0.269662921348,0.19226483864,-2.54158765507,0.469929834378,-1.63291562046
0.47191011236,0.269662921348,0.192556597791,-2.55030761592,0.27292595584,-1.64060629629
0.483146067416,0.269662921348,0.192710025193,-2.55649493319,0.232533819177,-1.64198394003
0.494382022472,0.269662921348,0.192245667639,-2.56107759438,0.0218358811232,-1.64512643341
0.505617977528,0.269662921348,0.191343039988,-2.56413688886,-0.341009681398,-1.64945847227
0.516853932584,0.269662921348,0.189797606685,-2.56605149444,-0.532154880796,-1.64650071533
0.52808988764,0.269662921348,0.186874580762,-2.56763480823,-0.566230803781,-1.63636140307
0.539325842697,0.269662921348,0.183506451622,-2.5676047875,-0.76849531372,-1.62786304084
0.550561797753,0.269662921348,0.183321806798,-2.56144643236,-1.09898874664,-1.62148299129
0.561797752809,0.269662921348,0.187835240214,-2.54707500468,-1.21704769531,-1.60919773789
0.573033707865,0.269662921348,0.193273084751,-2.52860084096,-1.22971602537,-1.59238234997
0.584269662921,0.269662921348,0.196690715523,-2.50925897269,-1.25896224735,-1.57279022784
0.595505617978,0.269662921348,0.19938285812,-2.48741144619,-1.2970066863,-1.55014119612
0.606741573034,0.269662921348,0.203166710341,-2.46078935632,-1.31292386724,-1.52426585935
0.61797752809,0.269662921348,0.207765470791,-2.42950178871,-1.31020093472,-1.49596126608
0.629213483146,0.269662921348,0.211585586385,-2.39520218533,-1.32164934091,-1.46644966232
0.640449438202,0.269662921348,0.213804613164,-2.35876823519,-1.35409430137,-1.43584142769
0.651685393258,0.269662921348,0.214934267313,-2.31966038637,-1.36571273855,-1.40291807391
0.662921348315,0.269662921348,0.215580849005,-2.27725937598,-1.35612551217,-1.36784771827
0.674157303371,0.269662921348,0.215646761919,-2.23170293049,-1.34703805192,-1.33164716575
0.685393258427,0.269662921348,0.214730127315,-2.18344536205,-1.32974838171,-1.29436171721
0.696629213483,0.269662921348,0.212684291554,-2.13269097596,-1.30937978703,-1.25589742358
0.707865168539,0.269662921348,0.209846452822,-2.07915128847,-1.28674425303,-1.21591331109
0.719101123596,0.269662921348,0.206887090781,-2.02216587168,-1.25524541359,-1.17428858544
0.730337078652,0.269662921348,0.20422742063,-1.96134297495,-1.21414556981,-1.1314600206
0.741573033708,0.269662921348,0.20160758777,-1.89710021986,-1.16735394435,-1.08786846719
0.752808988764,0.269662921348,0.198438521144,-1.8303076779,-1.11859146807,-1.0435922057
0.76404494382,0.269662921348,0.19437808346,-1.76159459773,-1.07053644562,-0.998630566229
0.775280898876,0.269662921348,0.189323500493,-1.69125605256,-1.02412895146,-0.953105839916
0.786516853933,0.269662921348,0.18314708967,-1.6194550859,-0.977666576829,-0.907070032491
0.797752808989,0.269662921348,0.175724767244,-1.54617291396,-0.930241483264,-0.860509183232
0.808988764045,0.269662921348,0.167137714914,-1.47110097189,-0.883284566983,-0.813662701768
0.820224719101,0.269662921348,0.157736480285,-1.39379763188,-0.836831867194,-0.767100345686
0.831460674157,0.269662921348,0.148003018875,-1.31404235114,-0.789090259729,-0.72127155301
0.842696629213,0.269662921348,0.138369528349,-1.23204653679,-0.739539877074,-0.67589841997
0.85393258427,0.269662921348,0.129158489591,-1.14829400741,-0.689352028107,-0.629960156794
0.865168539326,0.269662921348,0.12058676879,-1.06321089018,-0.639077592567,-0.582460910575
0.876404494382,0.269662921348,0.11268093645,-0.977036008518,-0.588255136342,-0.533273961221
0.887640449438,0.269662921348,0.105172330134,-0.889927958438,-0.536768346924,-0.483193047808
0.898876404494,0.269662921348,0.0975539797078,-0.802090498365,-0.484728772481,-0.433152482213
0.910112359551,0.269662921348,0.0893071994977,-0.713773874706,-0.431583366718,-0.38356908676
0.921348314607,0.269662921348,0.080146356431,-0.625147752321,-0.377092611501,-0.33453626909
0.932584269663,0.269662921348,0.0701125463001,-0.53618604323,-0.322896197885,-0.286300485695
0.943820224719,0.269662921348,0.0594588743232,-0.446731788874,-0.270732889929,-0.239102794282
0.955056179775,0.269662921348,0.0484314289354,-0.356726721883,-0.21920144609,-0.192634860267
0.966292134831,0.269662921348,0.0370888387443,-0.266441549026,-0.165856524811,-0.146047813938
0.977528089888,0.269662921348,0.0252722605688,-0.176511742132,-0.110985268915,-0.0985890800306
0.988764044944,0.269662921348,0.0128265481354,-0.0876266635278,-0.05576012372,-0.049997287049
1,0.269662921348,4.42966777415e-17,-3.02276205159e-16,-1.94969059063e-16,-1.77001038083e-16
0,0.280898876404,0,0,0,0
0.0112359550562,0.280898876404,0.0106892412721,-0.0834690153227,0.0853331869406,-0.0671056421263
0.0224719101124,0.280898876404,0.0215525416615,-0.166479250595,0.170383719994,-0.133640073371
0.0337078651685,0.280898876404,0.0324026945066,-0.249577816281,0.254193171338,-0.197716221375
0.0449438202247,0.280898876404,0.0433692545825,-0.332802434763,0.335882371694,-0.258973252099
0.0561797752809,0.280898876404,0.0546830027341,-0.415868059778,0.414848144926,-0.318056994081
0.0674157303371,0.280898876404,0.0664655179629,-0.498344073148,0.491779006747,-0.376149404349
0.0786516853933,0.280898876404,0.0785627735292,-0.579860193772,0.568619784839,-0.434494785998
0.0898876404494,0.280898876404,0.0905126248518,-0.660345470631,0.646328100417,-0.49371638074
0.101123595506,0.280898876404,0.101690430682,-0.740172630961,0.723136845428,-0.553244561295
0.112359550562,0.280898876404,0.111562124927,-0.820010972244,0.796884968762,-0.61161676444
0.123595505618,0.280898876404,0.119886070981,-0.900398010045,0.867609627142,-0.667488719219
0.134831460674,0.280898876404,0.126725453284,-0.981354688794,0.935763915093,-0.720408763459
0.14606741573,0.280898876404,0.132299951307,-1.06234179799,1.00085238278,-0.770927740117
0.157303370787,0.280898876404,0.136884841521,-1.14250921615,1.0631617553,-0.820159184719
0.168539325843,0.280898876404,0.140872180648,-1.22103537037,1.12363415688,-0.869061445088
0.179775280899,0.280898876404,0.144802086058,-1.29746173812,1.18186191702,-0.917819942293
0.191011235955,0.280898876404,0.14918108157,-1.37186425792,1.23784648913,-0.965706350076
0.202247191011,0.280898876404,0.15427003628,-1.44458096664,1.29472322365,-1.01170856706
0.213483146067,0.280898876404,0.160106499736,-1.51558292443,1.35449152144,-1.05561839188
0.224719101124,0.280898876404,0.166691441345,-1.58414084974,1.4141082961,-1.09832670744
0.23595505618,0.280898876404,0.174091145217,-1.64924165662,1.47018409402,-1.1407703489
0.247191011236,0.280898876404,0.182373587065,-1.71034411656,1.52097500703,-1.18297590977
0.258426966292,0.280898876404,0.191468046095,-1.76776805829,1.56566869694,-1.22425167906
0.269662921348,0.280898876404,0.201026410335,-1.82258526482,1.60418102411,-1.26381608545
0.280898876404,0.280898876404,0.210394068739,-1.87623630859,1.63053400092,-1.3011621178
0.292134831461,0.280898876404,0.218919998503,-1.92985281024,1.65165951333,-1.33565886554
0.303370786517,0.280898876404,0.22646931756,-1.98348936602,1.68346597091,-1.36704859405
0.314606741573,0.280898876404,0.233277986618,-2.03628994401,1.70558025378,-1.39685961302
0.325842696629,0.280898876404,0.23913024496,-2.08768093188,1.70877037918,-1.42670479139
0.337078651685,0.280898876404,0.243340650582,-2.13781027843,1.70977831232,-1.45670314319
0.348314606742,0.280898876404,0.245688540561,-2.18676058924,1.71305293656,-1.48543968661
0.359550561798,0.280898876404,0.246824091385,-2.23397331513,1.70776557864,-1.51046617781
0.370786516854,0.280898876404,0.247428655123,-2.27880598262,1.69237008204,-1.52964068794
0.38202247191,0.280898876404,0.24722102828,-2.32134780117,1.6862004871,-1.54260926903
0.393258426966,0.280898876404,0.245750117358,-2.36152448507,1.69330591875,-1.55178276692
0.404494382022,0.280898876404,0.243961551277,-2.39760444206,1.64204006409,-1.56218622143
0.415730337079,0.280898876404,0.243132730617,-2.4277754573,1.45440394198,-1.57739018407
0.426966292135,0.280898876404,0.242705468944,-2.45277370217,1.26521029364,-1.59308562622
0.438202247191,0.280898876404,0.241709883165,-2.47409159349,1.2039184064,-1.60416718677
0.449438202247,0.280898876404,0.24073269456,-2.49147718292,0.891316218677,-1.61925513699
0.460674157303,0.280898876404,0.240544592643,-2.50441466069,0.471076688091,-1.63480494761
0.47191011236,0.280898876404,0.24078726526,-2.5136618247,0.267806136393,-1.64274833503
0.483146067416,0.280898876404,0.240629371503,-2.52053526449,0.22563652369,-1.64434345213
0.494382022472,0.280898876404,0.239971929899,-2.52551297374,0.0047547114187,-1.64807448031
0.505617977528,0.280898876404,0.239366991355,-2.52827649789,-0.370925227757,-1.65328684872
0.516853932584,0.280898876404,0.238686243001,-2.52918136157,-0.564907833566,-1.65108676177
0.52808988764,0.280898876404,0.23690660523,-2.52945003088,-0.596441365183,-1.64152110679
0.539325842697,0.280898876404,0.234290043895,-2.52862799035,-0.80230427977,-1.6336514294
0.550561797753,0.280898876404,0.233575313351,-2.52323028751,-1.14277317157,-1.62807083638
0.561797752809,0.280898876404,0.235882599611,-2.51157382354,-1.2642044594,-1.61653033586
0.573033707865,0.280898876404,0.238365152308,-2.4966085826,-1.27570917497,-1.60046263998
0.584269662921,0.280898876404,0.239508754752,-2.47983425594,-1.30425324367,-1.58161170889
0.595505617978,0.280898876404,0.241044885176,-2.45907147664,-1.34226883976,-1.55944269451
0.606741573034,0.280898876404,0.244435155727,-2.43247996347,-1.35783096137,-1.53365337377
0.61797752809,0.280898876404,0.248888794918,-2.40081887354,-1.35473226357,-1.50523706809
0.629213483146,0.280898876404,0.252483458023,-2.36618733008,-1.36697051187,-1.47578770835
0.640449438202,0.280898876404,0.254355787341,-2.32955901502,-1.40081822298,-1.44560621022
0.651685393258,0.280898876404,0.255056558715,-2.29037042985,-1.41186565068,-1.41327923177
0.662921348315,0.280898876404,0.255159182178,-2.2480400399,-1.40015610872,-1.3786251669
0.674157303371,0.280898876404,0.254603399295,-2.20265512522,-1.38942689246,-1.34244566634
0.685393258427,0.280898876404,0.253144654496,-2.15448883666,-1.37157810268,-1.30486295985
0.696629213483,0.280898876404,0.250713639497,-2.1036720947,-1.35141335689,-1.26611125374
0.707865168539,0.280898876404,0.247535043531,-2.05007368242,-1.32869546546,-1.22616562838
0.719101123596,0.280898876404,0.244105778237,-1.99326200079,-1.29643079167,-1.18498528557
0.730337078652,0.280898876404,0.240770470607,-1.93295442347,-1.25414772536,-1.14279936503
0.741573033708,0.280898876404,0.237297313515,-1.86954421128,-1.20592803056,-1.09973242928
0.752808988764,0.280898876404,0.233143271341,-1.80384097698,-1.15553354123,-1.05572528023
0.76404494382,0.280898876404,0.228003554388,-1.73640740935,-1.10581699894,-1.01093438299
0.775280898876,0.280898876404,0.22184012046,-1.66742485302,-1.05797357165,-0.96573831863
0.786516853933,0.280898876404,0.21462469042,-1.59688681969,-1.01036088889,-0.920253809992
0.797752808989,0.280898876404,0.206317147651,-1.52460955597,-0.962005301607,-0.874275042532
0.808988764045,0.280898876404,0.197000459358,-1.45021580525,-0.914341347479,-0.827766671515
0.820224719101,0.280898876404,0.186921235084,-1.37334256076,-0.867367346639,-0.78112608288
0.831460674157,0.280898876404,0.176392318667,-1.29396177583,-0.819144336693,-0.734787166482
0.842696629213,0.280898876404,0.165695664018,-1.21248470675,-0.768966494649,-0.688554318534
0.85393258427,0.280898876404,0.155103675293,-1.12948683781,-0.717804462265,-0.641501654922
0.865168539326,0.280898876404,0.144895144358,-1.04535004765,-0.666067650837,-0.592725500863
0.876404494382,0.280898876404,0.135198499971,-0.960218019907,-0.613319824309,-0.542264363
0.887640449438,0.280898876404,0.125809831859,-0.87420364093,-0.559606886321,-0.491170218364
0.898876404494,0.280898876404,0.116233455826,-0.787541956849,-0.50519321621,-0.440550172441
0.910112359551,0.280898876404,0.105935453665,-0.700556369546,-0.44959419512,-0.390694635532
0.921348314607,0.280898876404,0.0946201317632,-0.613477017311,-0.392635105966,-0.341308172324
0.932584269663,0.280898876404,0.08234487188,-0.526278324446,-0.336089572658,-0.292252490922
0.943820224719,0.280898876404,0.0694117204654,-0.438724722487,-0.281765166149,-0.243635606824
0.955056179775,0.280898876404,0.056135911885,-0.350627679424,-0.228092864866,-0.195343458822
0.966292134831,0.280898876404,0.0426389092819,-0.262139845594,-0.172432926255,-0.146964501556
0.977528089888,0.280898876404,0.0288027518825,-0.173835155786,-0.115181244177,-0.0982552976371
0.988764044944,0.280898876404,0.0145005772208,-0.0863846288242,-0.0577513393777,-0.0493330887997
1,0.280898876404,4.97917008924e-17,-2.98282275095e-16,-2.01673204652e-16,-1.73210165953e-16
0,0.292134831461,0,0,0,0
0.0112359550562,0.292134831461,0.012085413135,-0.08207970293,0.087698586867,-0.0668653752281
0.0224719101124,0.292134831461,0.024121612896,-0.163970997661,0.175164102563,-0.132906152704
0.0337078651685,0.292134831461,0.0360536532517,-0.246084690501,0.261421621844,-0.196305143552
0.0449438202247,0.292134831461,0.0480872008106,-0.328400575907,0.345435356438,-0.256642774505
0.0561797752809,0.292134831461,0.0605013919818,-0.4106051227,0.426435510016,-0.314501322575
0.0674157303371,0.292134831461,0.0734717677194,-0.492206398535,0.50512500964,-0.371200026155
0.0786516853933,0.292134831461,0.0869103605566,-0.572726358373,0.583676896986,-0.428353534705
0.0898876404494,0.292134831461,0.10040313308,-0.65199399828,0.663283066623,-0.486930452449
0.101123595506,0.292134831461,0.113316383134,-0.730353227012,0.742198082871,-0.546419250143
0.112359550562,0.292134831461,0.125033589126,-0.808524678047,0.818121383097,-0.60519154397
0.123595505618,0.292134831461,0.135176751112,-0.887138341109,0.890978497894,-0.6617434559
0.134831460674,0.292134831461,0.14367247653,-0.966303100995,0.961183774386,-0.715466748997
0.14606741573,0.292134831461,0.15067339357,-1.04552543717,1.02828466685,-0.766596779094
0.157303370787,0.292134831461,0.156496749796,-1.12394188092,1.09271527623,-0.815848797921
0.168539325843,0.292134831461,0.161648334592,-1.20069154413,1.15548953591,-0.864058365559
0.179775280899,0.292134831461,0.166762335993,-1.27531802154,1.21599289986,-0.911813888914
0.191011235955,0.292134831461,0.172363510586,-1.34797501227,1.27390666781,-0.959051901664
0.202247191011,0.292134831461,0.178677005352,-1.4191248579,1.33224497113,-1.00501590139
0.213483146067,0.292134831461,0.185696790324,-1.48884886972,1.39305171772,-1.04899823176
0.224719101124,0.292134831461,0.193383144575,-1.55646358522,1.45340807519,-1.09113140741
0.23595505618,0.292134831461,0.201748889363,-1.62093649475,1.51024086359,-1.13212062366
0.247191011236,0.292134831461,0.210796268202,-1.68169619303,1.56212456156,-1.17246016621
0.258426966292,0.292134831461,0.220406909477,-1.73906650238,1.60837596598,-1.21216546412
0.269662921348,0.292134831461,0.230242511111,-1.79413765662,1.64877986041,-1.2509265803
0.280898876404,0.292134831461,0.239726256576,-1.84833779244,1.67649196467,-1.28833066606
0.292134831461,0.292134831461,0.248291010784,-1.90277078426,1.6980706415,-1.32352692516
0.303370786517,0.292134831461,0.255785370227,-1.95751717956,1.73036516766,-1.35586125399
0.314606741573,0.292134831461,0.262318864413,-2.01177759264,1.7526776848,-1.3864845534
0.325842696629,0.292134831461,0.267578624065,-2.06491267089,1.75561728715,-1.41673094996
0.337078651685,0.292134831461,0.270943444175,-2.11678747163,1.75666121828,-1.4466424807
0.348314606742,0.292134831461,0.272432368635,-2.16705331977,1.7604773592,-1.47502482044
0.359550561798,0.292134831461,0.273031551054,-2.21473266746,1.75582740781,-1.49982997751
0.370786516854,0.292134831461,0.273709358473,-2.25896170999,1.74081479629,-1.51923883396
0.38202247191,0.292134831461,0.274223991062,-2.29999517261,1.73488202726,-1.53296276939
0.393258426966,0.292134831461,0.273847185466,-2.33831530492,1.74161194845,-1.54321683082
0.404494382022,0.292134831461,0.273186750869,-2.37276724257,1.68614769182,-1.55472247735
0.415730337079,0.292134831461,0.273385869253,-2.40178585944,1.4876895477,-1.57072772499
0.426966292135,0.292134831461,0.273933741176,-2.42604283457,1.28968139225,-1.58649426402
0.438202247191,0.292134831461,0.273869596621,-2.4469259219,1.22698943497,-1.59687485941
0.449438202247,0.292134831461,0.27359427263,-2.46425268981,0.902768788706,-1.61126778254
0.460674157303,0.292134831461,0.273620075696,-2.47765467391,0.469074480278,-1.62626815128
0.47191011236,0.292134831461,0.273508014727,-2.48787030742,0.261083805342,-1.63372619393
0.483146067416,0.292134831461,0.272692736339,-2.49586053662,0.218749840604,-1.635046199
0.494382022472,0.292134831461,0.271588516739,-2.50152650302,-0.010766127929,-1.63902246139
0.505617977528,0.292134831461,0.271149810889,-2.50414739113,-0.398231302969,-1.64477834022
0.516853932584,0.292134831461,0.271317847614,-2.50407956849,-0.594531642974,-1.6429424514
0.52808988764,0.292134831461,0.270829888674,-2.50289125636,-0.622837411945,-1.63355314332
0.539325842697,0.292134831461,0.269365819707,-2.50083152414,-0.831591044177,-1.62602342569
0.550561797753,0.292134831461,0.268826895621,-2.49536560341,-1.1822034504,-1.62112804101
0.561797752809,0.292134831461,0.270001441571,-2.48513425373,-1.30785347224,-1.61039420617
0.573033707865,0.292134831461,0.270926022236,-2.47198681379,-1.31903434255,-1.59531569221
0.584269662921,0.292134831461,0.271139828178,-2.45614133834,-1.34767016705,-1.57763806297
0.595505617978,0.292134831461,0.27247254224,-2.43528560686,-1.38650846442,-1.55659682913
0.606741573034,0.292134831461,0.275941451638,-2.40812249576,-1.4025782565,-1.53172230723
0.61797752809,0.292134831461,0.280333843197,-2.37595969989,-1.39977141584,-1.50406304437
0.629213483146,0.292134831461,0.283559525833,-2.34115173287,-1.4130329391,-1.47542418324
0.640449438202,0.292134831461,0.284791007794,-2.30466724044,-1.4479322647,-1.44621221488
0.651685393258,0.292134831461,0.284578272399,-2.26594999959,-1.45755475776,-1.41482330412
0.662921348315,0.292134831461,0.283449362488,-2.22446020241,-1.44265204222,-1.38079047913
0.674157303371,0.292134831461,0.281480735902,-2.1801198145,-1.42924109157,-1.34478890521
0.685393258427,0.292134831461,0.278721041069,-2.13287751664,-1.41012729486,-1.30709532735
0.696629213483,0.292134831461,0.27525722755,-2.08272489069,-1.38983912639,-1.26828550734
0.707865168539,0.292134831461,0.271195546852,-2.02972223202,-1.36701180645,-1.22857730583
0.719101123596,0.292134831461,0.266805735805,-1.97374494342,-1.33423506783,-1.18788866471
0.730337078652,0.292134831461,0.262336311282,-1.9146367619,-1.29123750158,-1.14617065497
0.741573033708,0.292134831461,0.257647233912,-1.85266585971,-1.24217314043,-1.10330611461
0.752808988764,0.292134831461,0.252342366391,-1.78842938656,-1.19078551143,-1.05928680393
0.76404494382,0.292134831461,0.246219087628,-1.72232607001,-1.14006900005,-1.01456413304
0.775280898876,0.292134831461,0.239323402179,-1.65440599036,-1.09142799758,-0.969741190124
0.786516853933,0.292134831461,0.231722635828,-1.58452508019,-1.04323142971,-0.924866784439
0.797752808989,0.292134831461,0.223433000338,-1.51239733932,-0.994412844777,-0.879465377248
0.808988764045,0.292134831461,0.214468542044,-1.43767429941,-0.946412029823,-0.833259232577
0.820224719101,0.292134831461,0.204854167614,-1.36020407976,-0.899195761887,-0.78655294593
0.831460674157,0.292134831461,0.194602253421,-1.28028787239,-0.850669815634,-0.739825243021
0.842696629213,0.292134831461,0.183747044593,-1.19863347571,-0.799928469804,-0.692993960365
0.85393258427,0.292134831461,0.172467282119,-1.11594827324,-0.747743926883,-0.6452448813
0.865168539326,0.292134831461,0.161106883124,-1.03256346275,-0.694429680572,-0.595770021919
0.876404494382,0.292134831461,0.14994194283,-0.948477661423,-0.639656095951,-0.544747840636
0.887640449438,0.292134831461,0.138925691802,-0.863657778424,-0.583681124988,-0.493424581551
0.898876404494,0.292134831461,0.12770179074,-0.778229030512,-0.526898712115,-0.442989200821
0.910112359551,0.292134831461,0.115844252542,-0.692445288801,-0.46883301125,-0.393526425683
0.921348314607,0.292134831461,0.103110380116,-0.606507620433,-0.409331065181,-0.344343662403
0.932584269663,0.292134831461,0.0895444174302,-0.520394833047,-0.35029221616,-0.294998114184
0.943820224719,0.292134831461,0.0753928190446,-0.433888791866,-0.293612103585,-0.245558314576
0.955056179775,0.292134831461,0.0609148963902,-0.346812409645,-0.237582512387,-0.196119384144
0.966292134831,0.292134831461,0.0462035286993,-0.259322406071,-0.17939179403,-0.14663608012
0.977528089888,0.292134831461,0.031146862029,-0.171991790514,-0.119565499932,-0.0972749934649
0.988764044944,0.292134831461,0.0156498328016,-0.0854812517324,-0.0597890110016,-0.0484512551187
1,0.292134831461,5.37286426249e-17,-2.95171973934e-16,-2.08317961859e-16,-1.69028383801e-16
0,0.303370786517,0,0,0,0
0.0112359550562,0.303370786517,0.0127186510864,-0.0812668467944,0.0896925875803,-0.0654905280973
0.0224719101124,0.303370786517,0.0249895909741,-0.162827332764,0.179254940745,-0.129963895084
0.0337078651685,0.303370786517,0.036918057293,-0.244930654365,0.267751204861,-0.191855307618
0.0449438202247,0.303370786517,0.0488236474123,-0.327459898363,0.354009952472,-0.250813385199
0.0561797752809,0.303370786517,0.0610631480067,-0.410042128915,0.437069234499,-0.307303079063
0.0674157303371,0.303370786517,0.0738780054418,-0.492109337908,0.517580917195,-0.362556929573
0.0786516853933,0.303370786517,0.0872522788573,-0.573061786458,0.597861680367,-0.418284105314
0.0898876404494,0.303370786517,0.100844324931,-0.652587834132,0.67926895954,-0.475601974036
0.101123595506,0.303370786517,0.114067360832,-0.730924332358,0.760063716696,-0.534043580161
0.112359550562,0.303370786517,0.126299815016,-0.808747668529,0.837858755006,-0.592021599192
0.123595505618,0.303370786517,0.13710164843,-0.886705109747,0.91257303989,-0.648210853614
0.134831460674,0.303370786517,0.14631147952,-0.964965860933,0.984701498381,-0.702141304587
0.14606741573,0.303370786517,0.154024509061,-1.04310479446,1.05390239953,-0.753837474578
0.157303370787,0.303370786517,0.160565482206,-1.12030432225,1.12070220182,-0.803490453619
0.168539325843,0.303370786517,0.166479694992,-1.19573827281,1.18603516004,-0.851532129193
0.179775280899,0.303370786517,0.172399913938,-1.26901638231,1.24896148621,-0.89865207731
0.191011235955,0.303370786517,0.178779202153,-1.34041012478,1.30880665918,-0.945239280225
0.202247191011,0.303370786517,0.185746560356,-1.4105254665,1.36843778417,-0.990715614444
0.213483146067,0.303370786517,0.193238036848,-1.47955822473,1.4299107786,-1.0339290547
0.224719101124,0.303370786517,0.201204652891,-1.54686035796,1.49048645359,-1.0744129199
0.23595505618,0.303370786517,0.209656387551,-1.61135971133,1.54759575356,-1.11285144274
0.247191011236,0.303370786517,0.218564643148,-1.67243674596,1.60036744544,-1.15037363598
0.258426966292,0.303370786517,0.227765023367,-1.73041884516,1.64835732042,-1.18771658091
0.269662921348,0.303370786517,0.236901999602,-1.78644085805,1.69101401795,-1.22490158324
0.280898876404,0.303370786517,0.245447872558,-1.84195355457,1.72018060177,-1.2614616894
0.292134831461,0.303370786517,0.252938541092,-1.89802409734,1.74184950671,-1.29633034424
0.303370786517,0.303370786517,0.259306987363,-1.95466565631,1.77410766342,-1.32865065321
0.314606741573,0.303370786517,0.264674424383,-2.01100656529,1.79624320227,-1.35947883238
0.325842696629,0.303370786517,0.268708491426,-2.06628431083,1.79885571372,-1.39006541008
0.337078651685,0.303370786517,0.270811132265,-2.12015209529,1.8001976428,-1.42036046129
0.348314606742,0.303370786517,0.271084943404,-2.1720148545,1.80496351834,-1.44919426816
0.359550561798,0.303370786517,0.270639471201,-2.22070430305,1.80120540558,-1.47466845164
0.370786516854,0.303370786517,0.270589888805,-2.26526688098,1.78652083661,-1.49507935941
0.38202247191,0.303370786517,0.270802091497,-2.30601635729,1.780491708,-1.51007036763
0.393258426966,0.303370786517,0.270506369686,-2.34370731125,1.7863974009,-1.5215882687
0.404494382022,0.303370786517,0.270185750271,-2.3775204301,1.72638593255,-1.53401909926
0.415730337079,0.303370786517,0.270949847788,-2.40603260814,1.51705473857,-1.55030933862
0.426966292135,0.303370786517,0.272300704036,-2.42989487413,1.31089711401,-1.56537355178
0.438202247191,0.303370786517,0.273149129254,-2.45053671938,1.24799581843,-1.57418135858
0.449438202247,0.303370786517,0.273604693366,-2.46793762257,0.912905542478,-1.58712012794
0.460674157303,0.303370786517,0.273890781592,-2.48187715384,0.466457464984,-1.60106041577
0.47191011236,0.303370786517,0.273484442462,-2.49305715095,0.254813510336,-1.60779104578
0.483146067416,0.303370786517,0.272066893231,-2.50211049225,0.213717759181,-1.60875663684
0.494382022472,0.303370786517,0.270496026299,-2.50846877752,-0.0229006387206,-1.61287845882
0.505617977528,0.303370786517,0.270038057259,-2.5111429512,-0.421495402552,-1.61894429442
0.516853932584,0.303370786517,0.27067843838,-2.5105322578,-0.620170496681,-1.61712728599
0.52808988764,0.303370786517,0.27101225425,-2.50842938092,-0.644985894163,-1.60759867044
0.539325842697,0.303370786517,0.270410417889,-2.50545306669,-0.856209743364,-1.60028953973
0.550561797753,0.303370786517,0.270331189732,-2.49955340314,-1.2169126532,-1.59619876902
0.561797752809,0.303370786517,0.27139611161,-2.48951464838,-1.34720291659,-1.58651989562
0.573033707865,0.303370786517,0.272106562891,-2.47659418927,-1.35868653044,-1.57265004515
0.584269662921,0.303370786517,0.272437052577,-2.46046461396,-1.38816559146,-1.5563165355
0.595505617978,0.303370786517,0.274090134716,-2.43894639168,-1.42874645866,-1.53666822203
0.606741573034,0.303370786517,0.27774545479,-2.41115194292,-1.44628475139,-1.51316314615
0.61797752809,0.303370786517,0.282020946745,-2.37862722531,-1.44446139725,-1.48683427207
0.629213483146,0.303370786517,0.284903827511,-2.3436785199,-1.45892057237,-1.4595479202
0.640449438202,0.303370786517,0.285670335227,-2.30717367509,-1.4945388557,-1.43172561185
0.651685393258,0.303370786517,0.284772165885,-2.26866582477,-1.50216595006,-1.40159598819
0.662921348315,0.303370786517,0.282591714369,-2.22777192994,-1.48341421027,-1.36848999578
0.674157303371,0.303370786517,0.279294343336,-2.1843147252,-1.46660072485,-1.33301405927
0.685393258427,0.303370786517,0.275212785879,-2.13795096019,-1.44564360069,-1.29559198634
0.696629213483,0.303370786517,0.270646738241,-2.0884961574,-1.42491084447,-1.25707367098
0.707865168539,0.303370786517,0.26569572023,-2.03609948645,-1.4019413148,-1.21783634732
0.719101123596,0.303370786517,0.260499597189,-1.98084481291,-1.36887994358,-1.17771768024
0.730337078652,0.303370786517,0.255256759642,-1.92264259637,-1.32556245195,-1.13645862656
0.741573033708,0.303370786517,0.249932522759,-1.86159379443,-1.27614888958,-1.09388407346
0.752808988764,0.303370786517,0.244269532022,-1.79805886956,-1.22434988187,-1.05021567518
0.76404494382,0.303370786517,0.23812988796,-1.73229558017,-1.17327278808,-1.00619183322
0.775280898876,0.303370786517,0.231597082727,-1.66428386361,-1.12445700051,-0.962416629924
0.786516853933,0.303370786517,0.224805597898,-1.59380572895,-1.07620940219,-0.918620567299
0.797752808989,0.303370786517,0.217815387757,-1.52052144902,-1.02733196723,-0.873982731983
0.808988764045,0.303370786517,0.210555846415,-1.44414642971,-0.979260558266,-0.828103893017
0.820224719101,0.303370786517,0.202799306222,-1.36476998002,-0.931931423931,-0.7813890937
0.831460674157,0.303370786517,0.1942169927,-1.28305063923,-0.883095131516,-0.734512273397
0.842696629213,0.303370786517,0.184555359077,-1.20001973286,-0.831659698267,-0.687581592852
0.85393258427,0.303370786517,0.173861964095,-1.11654821782,-0.778241096279,-0.639910172064
0.865168539326,0.303370786517,0.162517974907,-1.0329464979,-0.723129474519,-0.590735040557
0.876404494382,0.303370786517,0.15095147373,-0.949067008752,-0.666182273238,-0.540236359857
0.887640449438,0.303370786517,0.13932467372,-0.864675450733,-0.6079080096,-0.489654760233
0.898876404494,0.303370786517,0.127505391775,-0.779688875609,-0.548803355833,-0.440102974899
0.910112359551,0.303370786517,0.115255376029,-0.694188129769,-0.488339695759,-0.391449502437
0.921348314607,0.303370786517,0.102420096513,-0.608280505479,-0.426330826133,-0.342755798671
0.932584269663,0.303370786517,0.0890020698331,-0.52195544629,-0.364775842477,-0.293492497436
0.943820224719,0.303370786517,0.0751146057126,-0.435090291893,-0.305669399492,-0.24383218838
0.955056179775,0.303370786517,0.0608753261073,-0.347629759687,-0.247200438069,-0.194072532606
0.966292134831,0.303370786517,0.0462941725368,-0.259820635709,-0.186413126684,-0.144413837771
0.977528089888,0.303370786517,0.0312553554149,-0.172265367463,-0.123963397648,-0.0952738850679
0.988764044944,0.303370786517,0.0157137902001,-0.0855999918932,-0.0618091266319,-0.0472145261505
1,0.303370786517,5.39916462426e-17,-2.95518832774e-16,-2.14757165167e-16,-1.64187258117e-16
0,0.314606741573,0,0,0,0
0.0112359550562,0.314606741573,0.0141452940372,-0.0792454958723,0.0913604976964,-0.0632697117731
0.0224719101124,0.314606741573,0.0274579036385,-0.15925531865,0.182719663226,-0.125587490858
0.0337078651685,0.314606741573,0.0401773961132,-0.240152777305,0.273247716341,-0.185784110892
0.0449438202247,0.314606741573,0.0527320249608,-0.321731714,0.36168885609,-0.243624439073
0.0561797752809,0.314606741573,0.0655544024475,-0.403561852274,0.446891941268,-0.299327019521
0.0674157303371,0.314606741573,0.0789410206987,-0.485011482755,0.529392962708,-0.353761403025
0.0786516853933,0.314606741573,0.0929321342519,-0.565374715673,0.61153531508,-0.408418858955
0.0898876404494,0.314606741573,0.107255137019,-0.644195420523,0.694732704286,-0.464342004477
0.101123595506,0.314606741573,0.121390195649,-0.721571639163,0.7772200777,-0.521069782183
0.112359550562,0.314606741573,0.134745568032,-0.798097523885,0.856589580439,-0.577231057137
0.123595505618,0.314606741573,0.146849906793,-0.874424624166,0.932876601655,-0.631997745282
0.134831460674,0.314606741573,0.157465050984,-0.950806067923,1.00676498796,-0.685364269917
0.14606741573,0.314606741573,0.166611391177,-1.02693555094,1.07804681337,-0.737335334339
0.157303370787,0.314606741573,0.174574187368,-1.10209935709,1.14725142335,-0.787540494668
0.168539325843,0.314606741573,0.181877788906,-1.17554439399,1.21510814727,-0.835767482715
0.179775280899,0.314606741573,0.189109636487,-1.24693887671,1.28029984405,-0.882499839478
0.191011235955,0.314606741573,0.19664297592,-1.31661798274,1.34180920737,-0.928367075912
0.202247191011,0.314606741573,0.204533703979,-1.3852598254,1.40235310534,-0.972966447204
0.213483146067,0.314606741573,0.212702944271,-1.45311319616,1.46399255827,-1.01491996775
0.224719101124,0.314606741573,0.221149327068,-1.51952124793,1.52424893206,-1.05347639538
0.23595505618,0.314606741573,0.22993693691,-1.5833449733,1.58123168299,-1.08951471322
0.247191011236,0.314606741573,0.239039385656,-1.64390950857,1.63479399414,-1.12478015213
0.258426966292,0.314606741573,0.248240896521,-1.70156258678,1.68475731305,-1.16046869782
0.269662921348,0.314606741573,0.257129699872,-1.75752493852,1.73001256471,-1.19656189932
0.280898876404,0.314606741573,0.265175871997,-1.81332376356,1.76075014178,-1.23227921223
0.292134831461,0.314606741573,0.271994442467,-1.87001979806,1.78229763787,-1.26632881805
0.303370786517,0.314606741573,0.277641713647,-1.9275312261,1.81421470863,-1.29785903592
0.314606741573,0.314606741573,0.282328414473,-1.98485910396,1.8360315087,-1.32811609561
0.325842696629,0.314606741573,0.285744555684,-2.04111743298,1.83847657679,-1.35848322925
0.337078651685,0.314606741573,0.287276005842,-2.09584020877,1.84058603444,-1.38889229746
0.348314606742,0.314606741573,0.287000987477,-2.14833884451,1.84684008057,-1.41814914729
0.359550561798,0.314606741573,0.286020037605,-2.19740360448,1.84424857787,-1.44439985619
0.370786516854,0.314606741573,0.285497520366,-2.2420703382,1.82979461047,-1.46593237024
0.38202247191,0.314606741573,0.285411948125,-2.28265869511,1.82337851015,-1.4821919469
0.393258426966,0.314606741573,0.285078812872,-2.32000761208,1.828260109,-1.49476805927
0.404494382022,0.314606741573,0.285017728468,-2.35342272053,1.76377946655,-1.507724292
0.415730337079,0.314606741573,0.286401793971,-2.38150347418,1.54402219462,-1.52383317547
0.426966292135,0.314606741573,0.288742416914,-2.40488508424,1.33058921083,-1.53785004536
0.438202247191,0.314606741573,0.290772180935,-2.42509522442,1.2686078756,-1.54502834101
0.449438202247,0.314606741573,0.292304675124,-2.44227188893,0.923451180657,-1.556820355
0.460674157303,0.314606741573,0.293292483857,-2.45630800467,0.464691541264,-1.57029771672
0.47191011236,0.314606741573,0.293098068173,-2.46789571572,0.250010513978,-1.57699458508
0.483146067416,0.314606741573,0.291543382159,-2.47746779551,0.211256213777,-1.57817574608
0.494382022472,0.314606741573,0.289781898475,-2.4841752388,-0.0310640160497,-1.58272967305
0.505617977528,0.314606741573,0.289284453809,-2.48690154147,-0.440541486994,-1.58910351871
0.516853932584,0.314606741573,0.290069243398,-2.48610509336,-0.64223312786,-1.58711554916
0.52808988764,0.314606741573,0.290688909287,-2.48367566254,-0.663847817491,-1.57722903141
0.539325842697,0.314606741573,0.290461938005,-2.48029089677,-0.877555622056,-1.5700405183
0.550561797753,0.314606741573,0.290752580406,-2.47398370375,-1.24813353159,-1.56677370873
0.561797752809,0.314606741573,0.292097153416,-2.4636126858,-1.38302973954,-1.55815628938
0.573033707865,0.314606741573,0.293070256785,-2.45033429494,-1.3951172449,-1.54534856791
0.584269662921,0.314606741573,0.293687274084,-2.43375992972,-1.42593495957,-1.53009330566
0.595505617978,0.314606741573,0.295464483049,-2.41191383726,-1.46893452334,-1.51163116099
0.606741573034,0.314606741573,0.298860909343,-2.3841617641,-1.48867944946,-1.4894524533
0.61797752809,0.314606741573,0.302483833852,-2.3520715536,-1.48834407285,-1.4645128308
0.629213483146,0.314606741573,0.304532937579,-2.31771241644,-1.50405822795,-1.43861385945
0.640449438202,0.314606741573,0.304440586593,-2.28176668693,-1.54014889362,-1.41215546632
0.651685393258,0.314606741573,0.302551763921,-2.24389528268,-1.54563311057,-1.38329555653
0.662921348315,0.314606741573,0.29906766701,-2.20391583231,-1.52296293213,-1.35128455607
0.674157303371,0.314606741573,0.294155238114,-2.16166813025,-1.50254650429,-1.3166840565
0.685393258427,0.314606741573,0.288330963051,-2.11665591383,-1.47949916318,-1.27996222027
0.696629213483,0.314606741573,0.282089094006,-2.06856325898,-1.45818468634,-1.24207117501
0.707865168539,0.314606741573,0.275602671843,-2.0175531193,-1.43514597528,-1.20341413043
0.719101123596,0.314606741573,0.268983953537,-1.96380650484,-1.40201817562,-1.16374430533
0.730337078652,0.314606741573,0.262425987372,-1.90724249219,-1.35862899858,-1.12274282714
0.741573033708,0.314606741573,0.255975898364,-1.84780448919,-1.30912539472,-1.08040665193
0.752808988764,0.314606741573,0.249472446915,-1.78564565542,-1.25722515325,-1.03733594321
0.76404494382,0.314606741573,0.242821904199,-1.72089789269,-1.20614074344,-0.994496315643
0.775280898876,0.314606741573,0.236146781735,-1.65348202477,-1.15747337137,-0.95227064968
0.786516853933,0.314606741573,0.229651540065,-1.58313467637,-1.10940536891,-0.909861148847
0.797752808989,0.314606741573,0.223435029948,-1.5095027839,-1.06058589986,-0.866034025789
0.808988764045,0.314606741573,0.217343926743,-1.43238178378,-1.01244003271,-0.820351316062
0.820224719101,0.314606741573,0.210920899031,-1.3520688672,-0.964870806919,-0.773478645023
0.831460674157,0.314606741573,0.203527921892,-1.26951748112,-0.915483249549,-0.726440791184
0.842696629213,0.314606741573,0.194633033202,-1.18604169541,-0.863037905489,-0.679637799894
0.85393258427,0.314606741573,0.184119946603,-1.10269183206,-0.808066076722,-0.63253528196
0.865168539326,0.314606741573,0.172348767259,-1.01981604798,-0.750911189066,-0.584344384883
0.876404494382,0.314606741573,0.159855649935,-0.937172832578,-0.691662447859,-0.535064928444
0.887640449438,0.314606741573,0.147006722266,-0.854336525107,-0.631076881355,-0.485685148681
0.898876404494,0.314606741573,0.133917885002,-0.770986460176,-0.56972188766,-0.437072319957
0.910112359551,0.314606741573,0.120566373018,-0.686985613343,-0.506977490896,-0.388920146679
0.921348314607,0.314606741573,0.106901838041,-0.602308396013,-0.442587275489,-0.340279023361
0.932584269663,0.314606741573,0.0928895322893,-0.516934545404,-0.378623178078,-0.290806180645
0.943820224719,0.314606741573,0.078510425134,-0.430840265992,-0.317181564983,-0.24092952151
0.955056179775,0.314606741573,0.0637447142263,-0.34411036153,-0.256381559722,-0.191127915
0.966292134831,0.314606741573,0.0485296607125,-0.257095577117,-0.193139385293,-0.141713443547
0.977528089888,0.314606741573,0.0327590372114,-0.170424842994,-0.128204964051,-0.093186258194
0.988764044944,0.314606741573,0.0164516316597,-0.0846904918824,-0.0637667167729,-0.0460899388441
1,0.314606741573,5.64761824757e-17,-2.92455251099e-16,-2.20968177866e-16,-1.60314904741e-16
0,0.325842696629,0,0,0,0
0.0112359550562,0.325842696629,0.0188460109419,-0.0731311639866,0.0927836023509,-0.0610461296133
0.0224719101124,0.325842696629,0.0365555837405,-0.147405845069,0.185683899201,-0.121540971962
0.0337078651685,0.325842696629,0.0534542858495,-0.222884213945,0.278041355817,-0.180738178792
0.0449438202247,0.325842696629,0.0700554851106,-0.299297184508,0.368586340465,-0.238466512403
0.0561797752809,0.325842696629,0.0868568483898,-0.376165749684,0.456012386303,-0.294549574092
0.0674157303371,0.325842696629,0.104197112779,-0.452806761133,0.540695704498,-0.349283962491
0.0786516853933,0.325842696629,0.122154605955,-0.528427163861,0.624887535284,-0.403736847103
0.0898876404494,0.325842696629,0.140513043806,-0.602436943499,0.709931453768,-0.458747658172
0.101123595506,0.325842696629,0.158821789378,-0.674790449624,0.793987469691,-0.513847838886
0.112359550562,0.325842696629,0.176530203989,-0.745997745925,0.87467878855,-0.567957115268
0.123595505618,0.325842696629,0.193139536123,-0.816740072767,0.952251620908,-0.620858270232
0.134831460674,0.325842696629,0.208317686741,-0.887409779612,1.02763653862,-0.673156392177
0.14606741573,0.325842696629,0.221966673996,-0.957887297937,1.10074337797,-0.725004437797
0.157303370787,0.325842696629,0.234270908107,-1.02761826345,1.17204328871,-0.775582621597
0.168539325843,0.325842696629,0.245683886654,-1.09593545963,1.24202931002,-0.824020496953
0.179775280899,0.325842696629,0.256744516126,-1.16251367441,1.30903652472,-0.870480052361
0.191011235955,0.325842696629,0.267796402133,-1.22764786914,1.37174057104,-0.915725052332
0.202247191011,0.325842696629,0.278894154564,-1.29197922486,1.43269981229,-0.95956642087
0.213483146067,0.325842696629,0.290000123223,-1.35573972413,1.49397736339,-1.00062973115
0.224719101124,0.325842696629,0.301191073773,-1.41824520091,1.5534355726,-1.03815269107
0.23595505618,0.325842696629,0.312599973517,-1.47830678717,1.61000438662,-1.07328109161
0.247191011236,0.325842696629,0.324204783721,-1.53522676677,1.66437072515,-1.1081380983
0.258426966292,0.325842696629,0.335721613458,-1.5894108533,1.71658911315,-1.14395029906
0.269662921348,0.325842696629,0.3466428204,-1.64220933416,1.7647809569,-1.18028728826
0.280898876404,0.325842696629,0.356378629486,-1.69527873944,1.79726329669,-1.21592159893
0.292134831461,0.325842696629,0.364572598394,-1.74972032154,1.81867010179,-1.24942709886
0.303370786517,0.325842696629,0.371398564109,-1.80536832454,1.85015328085,-1.28010849982
0.314606741573,0.325842696629,0.377200689585,-1.86107477117,1.87167017953,-1.30946829384
0.325842696629,0.325842696629,0.381742030739,-1.91582308956,1.87422177845,-1.33900142455
0.337078651685,0.325842696629,0.384413657584,-1.96906215475,1.87761490368,-1.36862719739
0.348314606742,0.325842696629,0.385264762866,-2.02005804227,1.88585545403,-1.39726204092
0.359550561798,0.325842696629,0.385371347541,-2.06758513033,1.88459880102,-1.42333939485
0.370786516854,0.325842696629,0.385909206501,-2.11068065314,1.87017761536,-1.44533874778
0.38202247191,0.325842696629,0.386900326858,-2.14969261615,1.86310033805,-1.46253106878
0.393258426966,0.325842696629,0.387707401197,-2.18552700378,1.8669522877,-1.47605196893
0.404494382022,0.325842696629,0.388931391918,-2.21751625689,1.79840312077,-1.48960377854
0.415730337079,0.325842696629,0.391877317829,-2.24418061885,1.56900533618,-1.50588073911
0.426966292135,0.325842696629,0.396091629549,-2.26610968916,1.34917650909,-1.5196210574
0.438202247191,0.325842696629,0.400151346154,-2.28491734481,1.28903989344,-1.52638470531
0.449438202247,0.325842696629,0.403641155838,-2.30083999184,0.934684919092,-1.53851816927
0.460674157303,0.325842696629,0.406290226286,-2.31384106943,0.463958893151,-1.55299717939
0.47191011236,0.325842696629,0.407300897741,-2.32466038217,0.246575294987,-1.56080760668
0.483146067416,0.325842696629,0.406499316309,-2.33369045099,0.211030262067,-1.56289642459
0.494382022472,0.325842696629,0.405182904372,-2.33997948946,-0.03567729702,-1.56816604404
0.505617977528,0.325842696629,0.404942034122,-2.34238205812,-0.456058938826,-1.57490573625
0.516853932584,0.325842696629,0.405818855314,-2.34141880764,-0.661936231089,-1.57271205371
0.52808988764,0.325842696629,0.406388608785,-2.33898841238,-0.681314189934,-1.56238707882
0.539325842697,0.325842696629,0.406095772458,-2.33561248574,-0.898128407459,-1.55519739079
0.550561797753,0.325842696629,0.406445095006,-2.32914457123,-1.27839921817,-1.55252727416
0.561797752809,0.325842696629,0.407896097604,-2.3185397317,-1.41759905321,-1.5445797982
0.573033707865,0.325842696629,0.408800837414,-2.30523942138,-1.43033226103,-1.53227900682
0.584269662921,0.325842696629,0.409018532181,-2.28905546295,-1.4626009089,-1.51750282717
0.595505617978,0.325842696629,0.409904815211,-2.26819366014,-1.50813118959,-1.49973817381
0.606741573034,0.325842696629,0.411763537057,-2.24217761344,-1.53019629016,-1.47853774839
0.61797752809,0.325842696629,0.413229296815,-2.21251696913,-1.5313411778,-1.45466769706
0.629213483146,0.325842696629,0.412766546863,-2.18094521608,-1.5480774848,-1.42973584605
0.640449438202,0.325842696629,0.410072562462,-2.1478043256,-1.58442348888,-1.40412469894
0.651685393258,0.325842696629,0.405522274819,-2.11269055198,-1.58802303069,-1.37608409106
0.662921348315,0.325842696629,0.399187701594,-2.07556275246,-1.56195677894,-1.34496487794
0.674157303371,0.325842696629,0.391141651374,-2.03639996086,-1.53829741958,-1.31134114955
0.685393258427,0.325842696629,0.381934063185,-1.99474105911,-1.5132990687,-1.2756122907
0.696629213483,0.325842696629,0.372176636722,-1.95023783893,-1.4914893654,-1.23860990452
0.707865168539,0.325842696629,0.3621434486,-1.90303839522,-1.4685656078,-1.20056703317
0.719101123596,0.325842696629,0.35199925865,-1.85332667173,-1.43556965108,-1.16109666103
0.730337078652,0.325842696629,0.341983067748,-1.80096819528,-1.39221117583,-1.11991670653
0.741573033708,0.325842696629,0.332201957176,-1.74577267758,-1.3426516275,-1.07734329232
0.752808988764,0.325842696629,0.322536730984,-1.68775079639,-1.29069026924,-1.03443086379
0.76404494382,0.325842696629,0.312919308505,-1.62693892993,-1.23964135673,-0.992358934738
0.775280898876,0.325842696629,0.303530455042,-1.56319507598,-1.19109586522,-0.951268288059
0.786516853933,0.325842696629,0.294655367257,-1.4962260809,-1.1430720224,-0.909850320493
0.797752808989,0.325842696629,0.286420948529,-1.42570837968,-1.09407864354,-0.866474163446
0.808988764045,0.325842696629,0.278597152547,-1.35152918155,-1.04554026334,-0.820647547675
0.820224719101,0.325842696629,0.27055153172,-1.27412562771,-0.997332459203,-0.773283378511
0.831460674157,0.325842696629,0.261415772456,-1.19462604598,-0.946942133323,-0.725783680014
0.842696629213,0.325842696629,0.250425551064,-1.11453342811,-0.893043876874,-0.678895020924
0.85393258427,0.325842696629,0.237282030864,-1.03506298742,-0.836169504725,-0.632272066127
0.865168539326,0.325842696629,0.222259923882,-0.956654389767,-0.776773702752,-0.585071876847
0.876404494382,0.325842696629,0.205937998029,-0.879043348868,-0.715164987489,-0.536994186853
0.887640449438,0.325842696629,0.188846950998,-0.801661946247,-0.652294380954,-0.488592795534
0.898876404494,0.325842696629,0.171334492208,-0.723972152317,-0.588765456549,-0.440358040815
0.910112359551,0.325842696629,0.153588674282,-0.645618621685,-0.523865449132,-0.391841593476
0.921348314607,0.325842696629,0.135671454334,-0.566424536726,-0.457265827965,-0.342267414657
0.932584269663,0.325842696629,0.117541037459,-0.486324976101,-0.391094135751,-0.291689410549
0.943820224719,0.325842696629,0.099097564305,-0.405353387609,-0.327543497374,-0.240904137394
0.955056179775,0.325842696629,0.0802402139094,-0.323699736145,-0.264686720043,-0.190553625822
0.966292134831,0.325842696629,0.0608752094989,-0.241795473709,-0.199311048438,-0.140958393112
0.977528089888,0.325842696629,0.0409244217741,-0.160279870623,-0.132186813453,-0.0925736457931
0.988764044944,0.325842696629,0.0204757893186,-0.0796816371201,-0.0656506522956,-0.0458122575479
1,0.325842696629,7.01618271163e-17,-2.75429392797e-16,-2.27048085703e-16,-1.59754512059e-16
0,0.337078651685,0,0,0,0
0.0112359550562,0.337078651685,0.0265289461318,-0.0632499415731,0.0940714048404,-0.0591755644528
0.0224719101124,0.337078651685,0.0519865459874,-0.127598012298,0.188327123197,-0.118451471006
0.0337078651685,0.337078651685,0.0766000094864,-0.193264849438,0.282320965613,-0.177411488317
0.0449438202247,0.337078651685,0.100839029316,-0.260066459828,0.374840862661,-0.235856946219
0.0561797752809,0.337078651685,0.125186165057,-0.327560914152,0.464484733334,-0.293130064253
0.0674157303371,0.337078651685,0.149975936215,-0.395060981393,0.551466124919,-0.348876627201
0.0786516853933,0.337078651685,0.175301014282,-0.461710201812,0.637862837566,-0.403684031162
0.0898876404494,0.337078651685,0.200998931626,-0.526785590679,0.724839075784,-0.458193988759
0.101123595506,0.337078651685,0.226706205611,-0.590080219036,0.810420052556,-0.511989172351
0.112359550562,0.337078651685,0.251942618633,-0.65200308915,0.892271867247,-0.564290307435
0.123595505618,0.337078651685,0.27620659124,-0.713267298173,0.970881601879,-0.615379141678
0.134831460674,0.337078651685,0.299074673816,-0.774428346887,1.04742050196,-0.666341347006
0.14606741573,0.337078651685,0.320300970552,-0.835588913713,1.12188799637,-0.717505056924
0.157303370787,0.337078651685,0.339916694732,-0.896383365694,1.19470844149,-0.767806858654
0.168539325843,0.337078651685,0.35826175703,-0.956230850208,1.26621861074,-0.81595588896
0.179775280899,0.337078651685,0.37582792547,-1.01476901828,1.33450132924,-0.861912130874
0.191011235955,0.337078651685,0.392978905218,-1.0721741843,1.39796114352,-0.906568594541
0.202247191011,0.337078651685,0.409832699476,-1.12897200705,1.45896449628,-0.949960842606
0.213483146067,0.337078651685,0.426432061821,-1.18533651583,1.51954438984,-0.990844462525
0.224719101124,0.337078651685,0.442935875843,-1.24056546003,1.57793621672,-1.02856244534
0.23595505618,0.337078651685,0.459536481457,-1.29346055185,1.63396601447,-1.06440120703
0.247191011236,0.337078651685,0.47621088248,-1.34334378856,1.68920861226,-1.10046779629
0.258426966292,0.337078651685,0.492600865317,-1.39070920329,1.74390344503,-1.13762294897
0.269662921348,0.337078651685,0.508081364796,-1.43705976346,1.79525282392,-1.17492124679
0.280898876404,0.337078651685,0.52196080654,-1.48420817501,1.82962202191,-1.2109114864
0.292134831461,0.337078651685,0.53386632518,-1.5333227242,1.85097484633,-1.24433602209
0.303370786517,0.337078651685,0.54407243026,-1.58416267735,1.88203599825,-1.27474629761
0.314606741573,0.337078651685,0.55307597292,-1.63542619926,1.90330906557,-1.30367386302
0.325842696629,0.337078651685,0.560742736711,-1.68597718191,1.90622940616,-1.33234772745
0.337078651685,0.337078651685,0.566488122227,-1.73521521062,1.91134710666,-1.36046030417
0.348314606742,0.337078651685,0.57034285628,-1.78239470677,1.92194394406,-1.38720606134
0.359550561798,0.337078651685,0.573360094491,-1.82628409616,1.92207395133,-1.4117878452
0.370786516854,0.337078651685,0.576687796506,-1.86593786493,1.90745761287,-1.43334955927
0.38202247191,0.337078651685,0.580286547462,-1.90179329383,1.89953701906,-1.45116016686
0.393258426966,0.337078651685,0.58346831618,-1.93486691329,1.90255235352,-1.46579862616
0.404494382022,0.337078651685,0.586912359887,-1.96446435948,1.83060707794,-1.48048221048
0.415730337079,0.337078651685,0.592118808453,-1.98892432611,1.59263132122,-1.49783020729
0.426966292135,0.337078651685,0.598740551286,-2.00871202298,1.36722855338,-1.51260999445
0.438202247191,0.337078651685,0.605289867039,-2.02545391177,1.30957065303,-1.52055555059
0.449438202247,0.337078651685,0.611247128282,-2.0393846284,0.946905451783,-1.5345420203
0.460674157303,0.337078651685,0.616217529286,-2.05045958273,0.464515327855,-1.55106191669
0.47191011236,0.337078651685,0.619246885579,-2.05947746869,0.24451145219,-1.56035343254
0.483146067416,0.337078651685,0.620057077408,-2.06691096806,0.212735646609,-1.56317883887
0.494382022472,0.337078651685,0.619935264804,-2.07186861937,-0.037142477415,-1.56881556052
0.505617977528,0.337078651685,0.620477775119,-2.07329099827,-0.468506609854,-1.57577275814
0.516853932584,0.337078651685,0.621692725287,-2.07181438685,-0.680074778736,-1.57353275368
0.52808988764,0.337078651685,0.622165979341,-2.06935129276,-0.698795436549,-1.56306515412
0.539325842697,0.337078651685,0.621531221264,-2.06619402067,-0.919921399547,-1.55604607542
0.550561797753,0.337078651685,0.621570922403,-2.05987159708,-1.30983026725,-1.5538156723
0.561797752809,0.337078651685,0.622715052177,-2.04940970829,-1.45295588649,-1.54606936464
0.573033707865,0.337078651685,0.622934109567,-2.03675610321,-1.46623763502,-1.53366394732
0.584269662921,0.337078651685,0.621815903665,-2.02208728002,-1.49967795025,-1.5188182979
0.595505617978,0.337078651685,0.620595958374,-2.00375483786,-1.54715988972,-1.5013931361
0.606741573034,0.337078651685,0.619478597546,-1.98136368288,-1.57085467397,-1.48097287476
0.61797752809,0.337078651685,0.617146645457,-1.95631250073,-1.57280899723,-1.45798881484
0.629213483146,0.337078651685,0.612374224904,-1.9299146007,-1.58994235496,-1.43370590889
0.640449438202,0.337078651685,0.60524532076,-1.90200508003,-1.62625594396,-1.40845905861
0.651685393258,0.337078651685,0.596311769425,-1.87193160202,-1.6284980505,-1.38072621106
0.662921348315,0.337078651685,0.585560186244,-1.83973995534,-1.60002978024,-1.35016568356
0.674157303371,0.337078651685,0.572865919594,-1.80566864186,-1.57396401286,-1.31750415721
0.685393258427,0.337078651685,0.558660762172,-1.76946465473,-1.54746633739,-1.28304652515
0.696629213483,0.337078651685,0.543585215165,-1.73084059381,-1.52537840977,-1.24732707721
0.707865168539,0.337078651685,0.528015085007,-1.68991567691,-1.50276080097,-1.21019804857
0.719101123596,0.337078651685,0.512224509195,-1.64680250745,-1.470018827,-1.17099779083
0.730337078652,0.337078651685,0.496550024181,-1.60125724351,-1.4266798498,-1.12944395906
0.741573033708,0.337078651685,0.481154748256,-1.55297825077,-1.37698314423,-1.08616340163
0.752808988764,0.337078651685,0.465918144112,-1.50191035733,-1.32488210042,-1.04264334334
0.76404494382,0.337078651685,0.450773878192,-1.44804855138,-1.27376425791,-1.00031790146
0.775280898876,0.337078651685,0.435969987374,-1.39119886186,-1.22512434795,-0.959278624739
0.786516853933,0.337078651685,0.421872983186,-1.33105546901,-1.17679296174,-0.917986666612
0.797752808989,0.337078651685,0.408616192814,-1.26736719324,-1.12718423937,-0.874586144184
0.808988764045,0.337078651685,0.395894129797,-1.20012588911,-1.0777586589,-0.828474512569
0.820224719101,0.337078651685,0.382963198439,-1.12983415008,-1.02839111256,-0.780609284963
0.831460674157,0.337078651685,0.368827832468,-1.05765242148,-0.976499105991,-0.732592580489
0.842696629213,0.337078651685,0.352570896264,-0.985138692412,-0.920742025657,-0.685458898653
0.85393258427,0.337078651685,0.333727954953,-0.913608922866,-0.861725950551,-0.639087628143
0.865168539326,0.337078651685,0.312452626419,-0.843604062931,-0.800038686132,-0.592636538454
0.876404494382,0.337078651685,0.289313252208,-0.774885885989,-0.736141429537,-0.545517363706
0.887640449438,0.337078651685,0.264957520903,-0.706800820416,-0.671085409112,-0.497805052587
0.898876404494,0.337078651685,0.239922613442,-0.638648653653,-0.605478860687,-0.449554600006
0.910112359551,0.337078651685,0.214567186481,-0.569907587111,-0.538549142148,-0.400158293962
0.921348314607,0.337078651685,0.189038217159,-0.50028786511,-0.469927881028,-0.349048348898
0.932584269663,0.337078651685,0.163289405071,-0.42969148511,-0.401794237518,-0.296733725044
0.943820224719,0.337078651685,0.137176234443,-0.358192705375,-0.336428136301,-0.244423749289
0.955056179775,0.337078651685,0.110572597805,-0.286052136429,-0.271870991287,-0.192923900136
0.966292134831,0.337078651685,0.0834117268431,-0.21373499507,-0.204771735042,-0.142519802328
0.977528089888,0.337078651685,0.0557007680218,-0.141823332537,-0.135832957822,-0.0935708809258
0.988764044944,0.337078651685,0.0276715914069,-0.0706734801655,-0.0674399436585,-0.0463515250248
1,0.337078651685,9.41702285002e-17,-2.45350590514e-16,-2.32982148626e-16,-1.61946754198e-16
0,0.348314606742,0,0,0,0
0.0112359550562,0.348314606742,0.0290493079782,-0.0590745437288,0.0953824052885,-0.0561892440846
0.0224719101124,0.348314606742,0.0571831234141,-0.119102966628,0.190946189596,-0.112997084656
0.0337078651685,0.348314606742,0.0845600591643,-0.180443611525,0.286456670683,-0.170295870291
0.0449438202247,0.348314606742,0.111579697734,-0.243027052934,0.380807959202,-0.227880427201
0.0561797752809,0.348314606742,0.138666978645,-0.306488284768,0.472573962894,-0.284668565725
0.0674157303371,0.348314606742,0.166118049225,-0.370165338477,0.561852244041,-0.339710746654
0.0786516853933,0.348314606742,0.194017443895,-0.433158133678,0.65053553903,-0.393162966275
0.0898876404494,0.348314606742,0.222238187311,-0.494630813146,0.739552618654,-0.445559693676
0.101123595506,0.348314606742,0.250486283908,-0.554242196171,0.826739381351,-0.496658804866
0.112359550562,0.348314606742,0.278345248299,-0.612326475908,0.909770315149,-0.54599148881
0.123595505618,0.348314606742,0.305329208352,-0.669632995156,0.989329995105,-0.594116546028
0.134831460674,0.348314606742,0.330965679323,-0.726846953187,1.06676708884,-0.642283788043
0.14606741573,0.348314606742,0.354910482011,-0.784223915857,1.14214318516,-0.690869414217
0.157303370787,0.348314606742,0.377085631623,-0.841497279091,1.21591173943,-0.738750660817
0.168539325843,0.348314606742,0.397754071277,-0.898085779103,1.28841317839,-0.784553089511
0.179775280899,0.348314606742,0.417391343813,-0.953529426073,1.3576143777,-0.828258856794
0.191011235955,0.348314606742,0.436404215339,-1.00786124984,1.42168381408,-0.870904953357
0.202247191011,0.348314606742,0.454982504787,-1.06149588041,1.48274443144,-0.912700339686
0.213483146067,0.348314606742,0.4732406677,-1.11457155538,1.54272753169,-0.952553283301
0.224719101124,0.348314606742,0.491404619996,-1.16639948494,1.6001948984,-0.989907395154
0.23595505618,0.348314606742,0.509721024002,-1.21580619704,1.65584732552,-1.02595980866
0.247191011236,0.348314606742,0.528173922404,-1.26216195235,1.71213468797,-1.06240972747
0.258426966292,0.348314606742,0.546340148865,-1.30606276132,1.7694331362,-1.09955357202
0.269662921348,0.348314606742,0.563485866027,-1.3491492539,1.82396736779,-1.13617590094
0.280898876404,0.348314606742,0.578846377312,-1.39332672279,1.86022493059,-1.17113474075
0.292134831461,0.348314606742,0.592096811652,-1.43971846002,1.88157449876,-1.20375599667
0.303370786517,0.348314606742,0.603676738547,-1.48791082103,1.91219158574,-1.23383437164
0.314606741573,0.348314606742,0.6142289645,-1.53646100673,1.93321369605,-1.26250276953
0.325842696629,0.348314606742,0.623632293064,-1.58425137852,1.93668350474,-1.29015646938
0.337078651685,0.348314606742,0.631202723517,-1.63082372546,1.94384524076,-1.31593086773
0.348314606742,0.348314606742,0.636817327236,-1.67561579332,1.9570494101,-1.33941713044
0.359550561798,0.348314606742,0.641354540682,-1.71757372264,1.95860671311,-1.3610400256
0.370786516854,0.348314606742,0.645796710793,-1.75589875801,1.94371713045,-1.38104247306
0.38202247191,0.348314606742,0.649996724762,-1.79111223747,1.93502298993,-1.3988371986
0.393258426966,0.348314606742,0.653268448551,-1.82421248098,1.93765819504,-1.41432999592
0.404494382022,0.348314606742,0.656420091527,-1.85436498498,1.86328249339,-1.43008894385
0.415730337079,0.348314606742,0.661198507941,-1.87964238175,1.61814171957,-1.44860558694
0.426966292135,0.348314606742,0.66749413503,-1.90024655911,1.38807208043,-1.46469621737
0.438202247191,0.348314606742,0.673898787956,-1.9176973394,1.33328214733,-1.4741159573
0.449438202247,0.348314606742,0.67993148085,-1.93212826521,0.96318101895,-1.48989697748
0.460674157303,0.348314606742,0.685287239322,-1.94329575327,0.469378727652,-1.50777604024
0.47191011236,0.348314606742,0.689076934911,-1.95182432263,0.246495919402,-1.51728619969
0.483146067416,0.348314606742,0.691007055879,-1.95815141942,0.218515748839,-1.51943026053
0.494382022472,0.348314606742,0.692263794549,-1.96151900317,-0.0335722594432,-1.52442775499
0.505617977528,0.348314606742,0.694268699933,-1.96113201898,-0.475862663336,-1.53142403887
0.516853932584,0.348314606742,0.696804015917,-1.95794665606,-0.694635859791,-1.52976933309
0.52808988764,0.348314606742,0.698258027664,-1.95412763985,-0.714598505879,-1.52017983134
0.539325842697,0.348314606742,0.698270883989,-1.94995817059,-0.941539994044,-1.51421937125
0.550561797753,0.348314606742,0.6989016303,-1.94265852418,-1.34108786578,-1.51286181869
0.561797752809,0.348314606742,0.700788893191,-1.93106591051,-1.48779017626,-1.50541109338
0.573033707865,0.348314606742,0.701564754407,-1.91760318221,-1.50149196963,-1.49295300531
0.584269662921,0.348314606742,0.700285226735,-1.90313088054,-1.535560032,-1.47822588435
0.595505617978,0.348314606742,0.698044278259,-1.88618060774,-1.58391102326,-1.46152879304
0.606741573034,0.348314606742,0.695155627858,-1.86619381072,-1.6079900093,-1.44246891019
0.61797752809,0.348314606742,0.690549745798,-1.84421492707,-1.60967244283,-1.42108599359
0.629213483146,0.348314606742,0.683391845844,-1.82102819654,-1.62634518992,-1.39819516461
0.640449438202,0.348314606742,0.674096032446,-1.79601702711,-1.66225952756,-1.37396744089
0.651685393258,0.348314606742,0.663263060203,-1.76842305164,-1.66378180237,-1.34709105173
0.662921348315,0.348314606742,0.650686716694,-1.73849741515,-1.63419681491,-1.31764964031
0.674157303371,0.348314606742,0.635999701996,-1.70677802375,-1.6068828974,-1.28669901202
0.685393258427,0.348314606742,0.619520838073,-1.67319180745,-1.57951960552,-1.25454826345
0.696629213483,0.348314606742,0.601946491576,-1.6374512244,-1.55738147109,-1.22139789002
0.707865168539,0.348314606742,0.583784972776,-1.59958322932,-1.53517313805,-1.18659722714
0.719101123596,0.348314606742,0.565440363766,-1.55959202997,-1.50270682075,-1.14907187951
0.730337078652,0.348314606742,0.547339223153,-1.51714336109,-1.45932557345,-1.108414256
0.741573033708,0.348314606742,0.529668450447,-1.47189468218,-1.40942121529,-1.06543367615
0.752808988764,0.348314606742,0.512279360882,-1.4238002538,-1.35714257511,-1.02193882811
0.76404494382,0.348314606742,0.495111535425,-1.37284660427,-1.30588714166,-0.979632024926
0.775280898876,0.348314606742,0.478515212148,-1.31876602623,-1.2569580625,-0.938793539804
0.786516853933,0.348314606742,0.462971872949,-1.26120267851,-1.20799102123,-0.898056251145
0.797752808989,0.348314606742,0.448617273538,-1.19998057754,-1.15737752149,-0.855664465071
0.808988764045,0.348314606742,0.435031959198,-1.13524521373,-1.10667407629,-0.810919667926
0.820224719101,0.348314606742,0.421322803806,-1.06761413977,-1.05580121013,-0.764531554592
0.831460674157,0.348314606742,0.406353297667,-0.998287784734,-1.00216334139,-0.717932136644
0.842696629213,0.348314606742,0.389062257201,-0.928841822889,-0.94445618097,-0.672218491077
0.85393258427,0.348314606742,0.368834163349,-0.860637900981,-0.883392752477,-0.627475459725
0.865168539326,0.348314606742,0.345709130636,-0.794275209762,-0.819672999946,-0.58297897341
0.876404494382,0.348314606742,0.320245399368,-0.729521663143,-0.753814912244,-0.538010112104
0.887640449438,0.348314606742,0.293203273324,-0.665639344252,-0.686865329386,-0.492295780833
0.898876404494,0.348314606742,0.265296236633,-0.601788290669,-0.619409028928,-0.445518367791
0.910112359551,0.348314606742,0.2370274345,-0.537325057169,-0.55065951826,-0.39688160922
0.921348314607,0.348314606742,0.208594789286,-0.471907407911,-0.480259507501,-0.345926518404
0.932584269663,0.348314606742,0.179919135903,-0.405462206285,-0.410449864866,-0.293520409689
0.943820224719,0.348314606742,0.150804188781,-0.338138041598,-0.343590048048,-0.241245744015
0.955056179775,0.348314606742,0.121122680865,-0.270259493413,-0.277704644268,-0.190067578967
0.966292134831,0.348314606742,0.0908880972096,-0.202274494215,-0.209305805846,-0.140225701841
0.977528089888,0.348314606742,0.0602582659207,-0.134624683568,-0.138961941482,-0.0919823524452
0.988764044944,0.348314606742,0.0296625586358,-0.0674068180443,-0.069024660945,-0.0455429230889
1,0.348314606742,9.98204308403e-17,-2.35572066966e-16,-2.38336120031e-16,-1.59111614525e-16
0,0.359550561798,0,0,0,0
0.0112359550562,0.359550561798,0.0505290279411,-0.0326223797318,0.0964816655411,-0.0580427728869
0.0224719101124,0.359550561798,0.0999580715819,-0.0664582115103,0.1930828447,-0.116670913074
0.0337078651685,0.359550561798,0.148582855909,-0.101776019607,0.289722276473,-0.176085316126
0.0449438202247,0.359550561798,0.196865187166,-0.138466200815,0.385407173192,-0.236253881671
0.0561797752809,0.359550561798,0.245243376929,-0.176148095472,0.478749315451,-0.295897019111
0.0674157303371,0.359550561798,0.293990581117,-0.214155155193,0.569813213321,-0.353639168953
0.0786516853933,0.359550561798,0.343153106108,-0.251570843165,0.660371034937,-0.40929662335
0.0898876404494,0.359550561798,0.392581181052,-0.287513042199,0.75113687615,-0.463390678216
0.101123595506,0.359550561798,0.441983508457,-0.321591029279,0.839733371138,-0.515974923373
0.112359550562,0.359550561798,0.490946900902,-0.354150419012,0.923781587332,-0.566898134635
0.123595505618,0.359550561798,0.538948466084,-0.38605629245,1.00406653513,-0.616766740327
0.134831460674,0.359550561798,0.585408153968,-0.418197290644,1.08201179473,-0.666644840877
0.14606741573,0.359550561798,0.629804191779,-0.451056260513,1.15770626792,-0.716745799603
0.157303370787,0.359550561798,0.671852819489,-0.484541768852,1.23172575146,-0.765948626947
0.168539325843,0.359550561798,0.711660117524,-0.518132138953,1.30459715407,-0.813010171743
0.179775280899,0.359550561798,0.749670997454,-0.551278177789,1.37432269531,-0.858069729507
0.191011235955,0.359550561798,0.786405396978,-0.583805427452,1.43888196948,-0.902274003463
0.202247191011,0.359550561798,0.822232650334,-0.615916752168,1.5001165904,-0.945930312238
0.213483146067,0.359550561798,0.857388285994,-0.647674466328,1.55977401796,-0.988101348281
0.224719101124,0.359550561798,0.892100541576,-0.678495290644,1.6166306227,-1.02831565873
0.23595505618,0.359550561798,0.926548747434,-0.707402357627,1.67213719876,-1.06750377097
0.247191011236,0.359550561798,0.960646498456,-0.733942356468,1.72951806341,-1.10672880847
0.258426966292,0.359550561798,0.993899177821,-0.758841719354,1.78922391747,-1.14574998385
0.269662921348,0.359550561798,1.02546439061,-0.78386570065,1.84653224118,-1.18345803811
0.280898876404,0.359550561798,1.05441497334,-0.811076548443,1.88426588615,-1.21946044503
0.292134831461,0.359550561798,1.08025360038,-0.841763743572,1.90532394717,-1.25381568427
0.303370786517,0.359550561798,1.10334393138,-0.875590665019,1.93516944912,-1.28633571968
0.314606741573,0.359550561798,1.12444079754,-0.911009202878,1.95565291574,-1.31735399296
0.325842696629,0.359550561798,1.1437016631,-0.946632859967,1.95956131511,-1.34614993732
0.337078651685,0.359550561798,1.16078851027,-0.981660637526,1.96874678798,-1.37131740716
0.348314606742,0.359550561798,1.17591113526,-1.01517138663,1.98450675924,-1.39313205266
0.359550561798,0.359550561798,1.19018688043,-1.04580514502,1.9874051186,-1.41358514595
0.370786516854,0.359550561798,1.20457180458,-1.07271523793,1.97223768454,-1.43416046918
0.38202247191,0.359550561798,1.21851861486,-1.0967942857,1.96298331729,-1.45426950703
0.393258426966,0.359550561798,1.23085725981,-1.11953118363,1.96578075515,-1.47288152439
0.404494382022,0.359550561798,1.24219293439,-1.14029594855,1.8900419407,-1.49174371943
0.415730337079,0.359550561798,1.25432159643,-1.157112706,1.63937968913,-1.51317707893
0.426966292135,0.359550561798,1.26728404901,-1.17004611861,1.40565467989,-1.53207739071
0.438202247191,0.359550561798,1.2798398511,-1.18046714324,1.35385973088,-1.54417291183
0.449438202247,0.359550561798,1.29157658803,-1.18845396364,0.977057294679,-1.56244396012
0.460674157303,0.359550561798,1.30209517781,-1.19384893418,0.471995657635,-1.58173931545
0.47191011236,0.359550561798,1.31029114476,-1.19746063379,0.245599042038,-1.59097615937
0.483146067416,0.359550561798,1.31558972676,-1.1999857853,0.22076308554,-1.59175104096
0.494382022472,0.359550561798,1.31895968018,-1.20089228703,-0.0330221267328,-1.59563867943
0.505617977528,0.359550561798,1.321814234,-1.19941331167,-0.485918831299,-1.60269840296
0.516853932584,0.359550561798,1.32410796311,-1.19633885909,-0.713017553104,-1.60210430544
0.52808988764,0.359550561798,1.32441849027,-1.1936347504,-0.735963706489,-1.59397043126
0.539325842697,0.359550561798,1.3224121341,-1.19156235038,-0.970040055533,-1.58931512477
0.550561797753,0.359550561798,1.32005663284,-1.1874692094,-1.3790451005,-1.58846884223
0.561797752809,0.359550561798,1.31796087841,-1.1802811924,-1.52890917332,-1.58044990035
0.573033707865,0.359550561798,1.3137897129,-1.17245966223,-1.54279406202,-1.56688718665
0.584269662921,0.359550561798,1.30668601056,-1.16482727248,-1.57674552694,-1.55122529734
0.595505617978,0.359550561798,1.29760092509,-1.15610075981,-1.62466241104,-1.53410327172
0.606741573034,0.359550561798,1.28651540189,-1.14608087273,-1.64775884039,-1.51500090573
0.61797752809,0.359550561798,1.27224006338,-1.13589570775,-1.6480839977,-1.49354783437
0.629213483146,0.359550561798,1.25429014173,-1.12585959543,-1.66341971461,-1.47015012313
0.640449438202,0.359550561798,1.23377747553,-1.11448804311,-1.69842866887,-1.4448465927
0.651685393258,0.359550561798,1.2118962696,-1.10029004376,-1.69966603856,-1.41658720286
0.662921348315,0.359550561798,1.18854459062,-1.08337156024,-1.67011202157,-1.385955673
0.674157303371,0.359550561798,1.16296393365,-1.0647214254,-1.64258413678,-1.35440147497
0.685393258427,0.359550561798,1.13494661542,-1.04489117072,-1.61477289875,-1.32226346013
0.696629213483,0.359550561798,1.10488970805,-1.02396278326,-1.59249028275,-1.28940507123
0.707865168539,0.359550561798,1.07328411384,-1.00200807459,-1.57043132269,-1.25465620303
0.719101123596,0.359550561798,1.04068885698,-0.978876584234,-1.53793972279,-1.21650261865
0.730337078652,0.359550561798,1.00774700587,-0.954007621686,-1.49420611178,-1.17436869914
0.741573033708,0.359550561798,0.974795647326,-0.926907971062,-1.44382495499,-1.12915407916
0.752808988764,0.359550561798,0.941693620445,-0.897548822534,-1.39113742581,-1.08284158303
0.76404494382,0.359550561798,0.90832390042,-0.86601941559,-1.33947219908,-1.03728290511
0.775280898876,0.359550561798,0.875017713271,-0.832129647798,-1.2898677486,-0.992978522343
0.786516853933,0.359550561798,0.842229279281,-0.795622488762,-1.23978623489,-0.948959930785
0.797752808989,0.359550561798,0.810017733207,-0.756466081469,-1.18768248788,-0.903881435457
0.808988764045,0.359550561798,0.77796361375,-0.714819452491,-1.13527603136,-0.857119721689
0.820224719101,0.359550561798,0.745371937805,-0.671022139144,-1.08258479442,-0.809040391314
0.831460674157,0.359550561798,0.711413150247,-0.625808841952,-1.02704638457,-0.760633850647
0.842696629213,0.359550561798,0.675227220176,-0.580373546274,-0.967406487391,-0.71281473462
0.85393258427,0.359550561798,0.636179050571,-0.535955055602,-0.904467157896,-0.665788812189
0.865168539326,0.359550561798,0.594136412766,-0.493254197563,-0.838989426707,-0.619039857456
0.876404494382,0.359550561798,0.549481426826,-0.452215856497,-0.771456555788,-0.571924974978
0.887640449438,0.359550561798,0.502876942963,-0.412250470824,-0.702819688516,-0.524058813829
0.898876404494,0.359550561798,0.454999019501,-0.372628519226,-0.633604136142,-0.474905210839
0.910112359551,0.359550561798,0.406332881674,-0.332789779861,-0.563035477069,-0.423468933655
0.921348314607,0.359550561798,0.357081442765,-0.29242107339,-0.490814281207,-0.369251823228
0.932584269663,0.359550561798,0.307230018384,-0.251390576449,-0.419268185348,-0.313320792212
0.943820224719,0.359550561798,0.256723545426,-0.20971610169,-0.350843561332,-0.257559650472
0.955056179775,0.359550561798,0.205619618448,-0.167576287534,-0.28357264711,-0.203078440846
0.966292134831,0.359550561798,0.154092497113,-0.12530418005,-0.213858607952,-0.150036329179
0.977528089888,0.359550561798,0.102363848148,-0.0832874924574,-0.142118980754,-0.0985577966286
0.988764044944,0.359550561798,0.0507777393647,-0.041668742082,-0.0706328194446,-0.0488212422094
1,0.359550561798,1.73649615053e-16,-1.45735691859e-16,-2.4377427681e-16,-1.70343894834e-16
0,0.370786516854,0,0,0,0
0.0112359550562,0.370786516854,0.0788844345229,0.00196528429921,0.0974637319835,-0.0620610291557
0.0224719101124,0.370786516854,0.15732713501,0.00342954570431,0.194956694279,-0.124235480806
0.0337078651685,0.370786516854,0.235471791349,0.0038715426764,0.292453076485,-0.186975890364
0.0449438202247,0.370786516854,0.31353738878,0.00308852326693,0.389038363857,-0.250576928895
0.0561797752809,0.370786516854,0.391707991511,0.0011746639114,0.483396470579,-0.313839837315
0.0674157303371,0.370786516854,0.470048343686,-0.00140408825992,0.57564748569,-0.375194698907
0.0786516853933,0.370786516854,0.548483417929,-0.00380498074568,0.66755675745,-0.434230275394
0.0898876404494,0.370786516854,0.626834472574,-0.00510693390419,0.759714905718,-0.491506317499
0.101123595506,0.370786516854,0.70484027081,-0.00484478229066,0.8495543482,-0.547406409003
0.112359550562,0.370786516854,0.782137359862,-0.00333341971845,0.934584784515,-0.602047984324
0.123595505618,0.370786516854,0.858249496807,-0.00146640591631,1.01557801157,-0.655916314791
0.134831460674,0.370786516854,0.932623395837,-0.000178148345178,1.09391507337,-0.709707892935
0.14606741573,0.370786516854,1.00471689833,2.14676288663e-05,1.16965348352,-0.763417850489
0.157303370787,0.370786516854,1.07414745434,-0.000800515348313,1.24354107196,-0.816018931278
0.168539325843,0.370786516854,1.14084529002,-0.00218560722354,1.31643203477,-0.866511020872
0.179775280899,0.370786516854,1.20506488856,-0.00368505487835,1.38650470632,-0.915164527191
0.191011235955,0.370786516854,1.26720368179,-0.00521484462483,1.45162568883,-0.963055756195
0.202247191011,0.370786516854,1.32758918858,-0.00705066942566,1.51336958043,-1.01040323787
0.213483146067,0.370786516854,1.38641631721,-0.00938658359876,1.5732542245,-1.05635733054
0.224719101124,0.370786516854,1.44381892271,-0.0118769036253,1.63013671078,-1.10055047144
0.23595505618,0.370786516854,1.49990970734,-0.0137712444798,1.68600940442,-1.14366633166
0.247191011236,0.370786516854,1.55468245622,-0.0146503367248,1.74467553407,-1.18619705378
0.258426966292,0.370786516854,1.60786533071,-0.0150394048376,1.80657402046,-1.22757777215
0.269662921348,0.370786516854,1.65887158612,-0.0163807703742,1.86614761818,-1.26710489754
0.280898876404,0.370786516854,1.70693349686,-0.0204723978096,1.90487207063,-1.30530737024
0.292134831461,0.370786516854,1.75150846329,-0.0285750201046,1.9253156885,-1.34290161266
0.303370786517,0.370786516854,1.7927217143,-0.0405883221077,1.9540333906,-1.37949020338
0.314606741573,0.370786516854,1.83113218952,-0.0552107811537,1.97362459494,-1.41444346587
0.325842696629,0.370786516854,1.86697784541,-0.0710304763316,1.9776689751,-1.44599643261
0.337078651685,0.370786516854,1.9002056817,-0.086993804619,1.98853194112,-1.4724361744
0.348314606742,0.370786516854,1.9312761108,-0.101925677134,2.00649829984,-1.49482311453
0.359550561798,0.370786516854,1.96134675971,-0.114379942099,2.01056569742,-1.51645686218
0.370786516854,0.370786516854,1.99111686973,-0.123698809625,1.9952597211,-1.53957962787
0.38202247191,0.370786516854,2.01962214674,-0.13112366901,1.98587298698,-1.56327457315
0.393258426966,0.370786516854,2.04541958189,-0.138348856357,1.98951302934,-1.58558168206
0.404494382022,0.370786516854,2.06885942036,-0.144984609034,1.91360102794,-1.60756864844
0.415730337079,0.370786516854,2.09133947109,-0.149527470557,1.65927968119,-1.63147447605
0.426966292135,0.370786516854,2.11280608404,-0.152221917552,1.423121951,-1.65239279275
0.438202247191,0.370786516854,2.13230972143,-0.154209820508,1.37439906979,-1.66615149989
0.449438202247,0.370786516854,2.14962315994,-0.155459889148,0.99163198562,-1.68572768542
0.460674157303,0.370786516854,2.16441548921,-0.155785822673,0.475646372561,-1.70524437894
0.47191011236,0.370786516854,2.17564952162,-0.155888760118,0.245103466958,-1.71323751619
0.483146067416,0.370786516854,2.18257101793,-0.156594430273,0.222356838607,-1.71206906621
0.494382022472,0.370786516854,2.18575073439,-0.157761326934,-0.0330641852823,-1.71463956744
0.505617977528,0.370786516854,2.18657221063,-0.158627571617,-0.495943115028,-1.7218017172
0.516853932584,0.370786516854,2.18560966526,-0.159269065588,-0.731814821322,-1.72244676449
0.52808988764,0.370786516854,2.18215531871,-0.160838011805,-0.7589527848,-1.71597329452
0.539325842697,0.370786516854,2.17574776391,-0.163758973818,-1.00094082118,-1.71273405692
0.550561797753,0.370786516854,2.16732859715,-0.166591661309,-1.41891502102,-1.71233906048
0.561797752809,0.370786516854,2.15702164894,-0.168861948949,-1.57145092073,-1.70365374033
0.573033707865,0.370786516854,2.14340411054,-0.172020748776,-1.58523843078,-1.68902168116
0.584269662921,0.370786516854,2.12674789762,-0.175622190693,-1.61842052209,-1.67245879725
0.595505617978,0.370786516854,2.10799314215,-0.178414815952,-1.6649429457,-1.65458148951
0.606741573034,0.370786516854,2.08650851703,-0.180903186684,-1.68627785124,-1.63461801129
0.61797752809,0.370786516854,2.06078353747,-0.184564845759,-1.68483266369,-1.61201951555
0.629213483146,0.370786516854,2.03034110964,-0.189677348757,-1.69849422232,-1.58701587907
0.640449438202,0.370786516854,1.99648585173,-0.194506117578,-1.73233495749,-1.55950230778
0.651685393258,0.370786516854,1.96079339111,-0.197092627452,-1.73364448774,-1.52856616397
0.662921348315,0.370786516854,1.92353874095,-0.197080142515,-1.70505210091,-1.49525325567
0.674157303371,0.370786516854,1.88399637475,-0.19539293421,-1.67810380723,-1.46149732081
0.685393258427,0.370786516854,1.84163688031,-0.192928820158,-1.65003543593,-1.42781656038
0.696629213483,0.370786516854,1.79649755355,-0.190161875263,-1.62732448017,-1.39387507925
0.707865168539,0.370786516854,1.74880455374,-0.18745514166,-1.60503334897,-1.35806290044
0.719101123596,0.370786516854,1.69886093477,-0.184959353139,-1.57219413544,-1.31842605085
0.730337078652,0.370786516854,1.64709263223,-0.18239592488,-1.52785519921,-1.27416711978
0.741573033708,0.370786516854,1.59378707866,-0.179382029024,-1.47680214447,-1.22620069128
0.752808988764,0.370786516854,1.53893610424,-0.175799901551,-1.42352508626,-1.17658522201
0.76404494382,0.370786516854,1.4826006819,-0.171597855117,-1.37122597942,-1.12717594184
0.775280898876,0.370786516854,1.4251812325,-0.166559968057,-1.32066519085,-1.07852877567
0.786516853933,0.370786516854,1.36706946325,-0.160538587807,-1.26918945212,-1.03000903607
0.797752808989,0.370786516854,1.30827827476,-0.153574395699,-1.21539300003,-0.980795724513
0.808988764045,0.370786516854,1.24857369548,-0.145610982475,-1.16119858502,-0.930533097445
0.820224719101,0.370786516854,1.18774292638,-0.13639940908,-1.10674771373,-0.879314285714
0.831460674157,0.370786516854,1.12555114037,-0.125912960504,-1.04952560974,-0.827563945569
0.842696629213,0.370786516854,1.06157438583,-0.114725354047,-0.988302651058,-0.775806350029
0.85393258427,0.370786516854,0.995312506227,-0.103787283875,-0.923922336182,-0.724247056938
0.865168539326,0.370786516854,0.926512187783,-0.0938345284294,-0.857159584445,-0.672643730657
0.876404494382,0.370786516854,0.855314558535,-0.0850454301943,-0.788410017204,-0.620676220359
0.887640449438,0.370786516854,0.78212165603,-0.0771499960865,-0.718470171601,-0.568171396035
0.898876404494,0.370786516854,0.707372164369,-0.0697525858168,-0.647759526716,-0.514621763628
0.910112359551,0.370786516854,0.631383108971,-0.0625584378072,-0.575506141156,-0.458896063034
0.921348314607,0.370786516854,0.554316495693,-0.0553607852498,-0.501496888909,-0.400346130836
0.932584269663,0.370786516854,0.476263798832,-0.0479473596803,-0.428180349879,-0.340052053866
0.943820224719,0.370786516854,0.397370288077,-0.040147335272,-0.358108804945,-0.28003407026
0.955056179775,0.370786516854,0.317894728724,-0.0319649339472,-0.289348420426,-0.221413097571
0.966292134831,0.370786516854,0.238147821088,-0.0236260183094,-0.218239020759,-0.164130428234
0.977528089888,0.370786516854,0.15839202612,-0.015468752753,-0.145082624276,-0.10808837911
0.988764044944,0.370786516854,0.0788753370989,-0.00767566296253,-0.0721014702019,-0.0535339595483
1,0.370786516854,2.71850130123e-16,-2.71185760446e-17,-2.4857210127e-16,-1.86051326247e-16
0,0.38202247191,0,0,0,0
0.0112359550562,0.38202247191,0.0966106079489,0.0242299914482,0.0984299268425,-0.0638555821488
0.0224719101124,0.38202247191,0.193166481266,0.0483522892073,0.196843609866,-0.126717053415
0.0337078651685,0.38202247191,0.289720713204,0.0716680241573,0.295154716324,-0.18924684414
0.0449438202247,0.38202247191,0.386351913853,0.0937862683358,0.392453905644,-0.252301769884
0.0561797752809,0.38202247191,0.483081567634,0.114627901789,0.487486088362,-0.315181734717
0.0674157303371,0.38202247191,0.579823013989,0.134529977501,0.580483903611,-0.376491908696
0.0786516853933,0.38202247191,0.676393608489,0.154278328563,0.673322135373,-0.435756855862
0.0898876404494,0.38202247191,0.77255673984,0.174794574222,0.766593443661,-0.4935419404
0.101123595506,0.38202247191,0.868027759905,0.19654733051,0.857602080325,-0.550412766588
0.112359550562,0.38202247191,0.962450769604,0.219194938734,0.943715143554,-0.60655789546
0.123595505618,0.38202247191,1.05540736124,0.241825983811,1.02560332854,-0.662179900553
0.134831460674,0.38202247191,1.14646249983,0.263573492283,1.10451326583,-0.717572868232
0.14606741573,0.38202247191,1.23521165648,0.284097795188,1.18040205532,-0.772616448261
0.157303370787,0.38202247191,1.3213408578,0.303649226748,1.25417137863,-0.826533606814
0.168539325843,0.38202247191,1.40471676666,0.322757424921,1.32706074453,-0.878658791027
0.179775280899,0.38202247191,1.48543045138,0.341790711682,1.39752836824,-0.929346845084
0.191011235955,0.38202247191,1.56371186652,0.360667080608,1.46342206614,-0.979446971312
0.202247191011,0.38202247191,1.63977317207,0.378928250442,1.52611115731,-1.02892545484
0.213483146067,0.38202247191,1.71371668221,0.396169057173,1.58688501494,-1.07693043021
0.224719101124,0.38202247191,1.78556823333,0.412462758577,1.64456273177,-1.12319247736
0.23595505618,0.38202247191,1.85537352094,0.428309140462,1.70143482849,-1.16822332053
0.247191011236,0.38202247191,1.92320821378,0.444078003486,1.76163312832,-1.21209968627
0.258426966292,0.38202247191,1.98905114896,0.45948484355,1.82550651032,-1.25409631707
0.269662921348,0.38202247191,2.05264913581,0.473536250711,1.88687633726,-1.29394562576
0.280898876404,0.38202247191,2.11352189716,0.484895590907,1.92627346824,-1.33294247251
0.292134831461,0.38202247191,2.17121689533,0.492528605481,1.94604784249,-1.3722629308
0.303370786517,0.38202247191,2.22567101503,0.496378433514,1.97358000562,-1.41127153298
0.314606741573,0.38202247191,2.2771410688,0.497377907985,1.99212837665,-1.44861616968
0.325842696629,0.38202247191,2.32571490654,0.4966853624,1.99598088947,-1.4819250838
0.337078651685,0.38202247191,2.37133111247,0.49525278159,2.00794791843,-1.50950501775
0.348314606742,0.38202247191,2.41435814136,0.494105643437,2.02753539302,-1.53301384783
0.359550561798,0.38202247191,2.45565103577,0.494386020137,2.03253061137,-1.5563133652
0.370786516854,0.38202247191,2.49552958609,0.496441512776,2.01732803845,-1.58161475661
0.38202247191,0.38202247191,2.53296974458,0.499125419599,2.00837210576,-1.60742169106
0.393258426966,0.38202247191,2.56684340111,0.501247133925,2.01357127281,-1.6311522728
0.404494382022,0.38202247191,2.59747337048,0.5032337096,1.93859836509,-1.65362678441
0.415730337079,0.38202247191,2.62572190889,0.50594870512,1.68231742187,-1.67728861096
0.426966292135,0.38202247191,2.65134871946,0.508829207462,1.44483278743,-1.69763524773
0.438202247191,0.38202247191,2.67374109428,0.510962545336,1.39912105694,-1.71077851603
0.449438202247,0.38202247191,2.69296214182,0.512544711996,1.01104713689,-1.72985747017
0.460674157303,0.38202247191,2.70894728581,0.513958560987,0.484707635143,-1.74850589067
0.47191011236,0.38202247191,2.72097619637,0.514866622291,0.24955067463,-1.7549908181
0.483146067416,0.38202247191,2.72826729297,0.514499084872,0.227616366193,-1.75228835688
0.494382022472,0.38202247191,2.73089254629,0.512530086325,-0.0298614616884,-1.75422986616
0.505617977528,0.38202247191,2.72991008312,0.509419645491,-0.501913070657,-1.76207041712
0.516853932584,0.38202247191,2.72625092133,0.505530823318,-0.746223436261,-1.76426698222
0.52808988764,0.38202247191,2.71980637573,0.500399009392,-0.777969881955,-1.75960810698
0.539325842697,0.38202247191,2.71006754364,0.493528206218,-1.0278493747,-1.75812650545
0.550561797753,0.38202247191,2.69715757916,0.485395912748,-1.45390414477,-1.75917146505
0.561797752809,0.38202247191,2.68082070375,0.476025581751,-1.60852587076,-1.75168756596
0.573033707865,0.38202247191,2.66027160685,0.464693887207,-1.6219639127,-1.7383548524
0.584269662921,0.38202247191,2.6365557583,0.45272821993,-1.65406340317,-1.72298776265
0.595505617978,0.38202247191,2.61081710261,0.441597948915,-1.69893186163,-1.705659481
0.606741573034,0.38202247191,2.58228382772,0.430615652489,-1.71860598254,-1.68536963809
0.61797752809,0.38202247191,2.5494322667,0.418267917938,-1.71579788112,-1.66179522292
0.629213483146,0.38202247191,2.51172639133,0.404188624722,-1.72809125594,-1.63537973455
0.640449438202,0.38202247191,2.47021598356,0.389801548294,-1.7608437298,-1.60597538594
0.651685393258,0.38202247191,2.426367936,0.376937877881,-1.76246825317,-1.57267839117
0.662921348315,0.38202247191,2.3806725595,0.366224939844,-1.73536240205,-1.53686787119
0.674157303371,0.38202247191,2.33265505793,0.357074095919,-1.7093812053,-1.50098717969
0.685393258427,0.38202247191,2.28181481377,0.348684678434,-1.68098399678,-1.46590042636
0.696629213483,0.38202247191,2.2280544544,0.340496668392,-1.65743735544,-1.43126735519
0.707865168539,0.38202247191,2.17136546927,0.331931488224,-1.63450168708,-1.39518385583
0.719101123596,0.38202247191,2.11167934256,0.322429394052,-1.60104784536,-1.35535361234
0.730337078652,0.38202247191,2.04903097507,0.311791299224,-1.55596656023,-1.31083584149
0.741573033708,0.38202247191,1.98353616999,0.30013491988,-1.50417458215,-1.2626152994
0.752808988764,0.38202247191,1.91530670232,0.287628797333,-1.45024976446,-1.2128089477
0.76404494382,0.38202247191,1.84460546132,0.274478417548,-1.3972472382,-1.16312110962
0.775280898876,0.38202247191,1.77188882117,0.260919801773,-1.34569234953,-1.11386937282
0.786516853933,0.38202247191,1.69749922044,0.247039826915,-1.29288428584,-1.06443862102
0.797752808989,0.38202247191,1.62149136254,0.232861642242,-1.23758442373,-1.0143531015
0.808988764045,0.38202247191,1.54386345933,0.218718799109,-1.18190119479,-0.963521516619
0.820224719101,0.38202247191,1.4647616542,0.205276301472,-1.12608469701,-0.911830770733
0.831460674157,0.38202247191,1.38430626035,0.192990734368,-1.06765459728,-0.85914361918
0.842696629213,0.38202247191,1.30233222734,0.18164861791,-1.00536859642,-0.805514500721
0.85393258427,0.38202247191,1.21846739433,0.170543015986,-0.940070934443,-0.751083117093
0.865168539326,0.38202247191,1.13245759518,0.159032194924,-0.872533636608,-0.695947580353
0.876404494382,0.38202247191,1.04433812937,0.146872151778,-0.803060998462,-0.640342352771
0.887640449438,0.38202247191,0.954339526054,0.134138206955,-0.732275421916,-0.58461217834
0.898876404494,0.38202247191,0.862723010149,0.120981087162,-0.660449575951,-0.5285181722
0.910112359551,0.38202247191,0.7696935583,0.107502208044,-0.586786376812,-0.470897293146
0.921348314607,0.38202247191,0.675408732605,0.0938344359235,-0.51117317971,-0.410920374875
0.932584269663,0.38202247191,0.580042879985,0.0802273447334,-0.436212892853,-0.349537192435
0.943820224719,0.38202247191,0.483840566143,0.0669208591826,-0.364579920958,-0.28870509116
0.955056179775,0.38202247191,0.387110588693,0.0539301212421,-0.294383763336,-0.229348979673
0.966292134831,0.38202247191,0.290158080674,0.0410038093131,-0.221935899054,-0.170981492653
0.977528089888,0.38202247191,0.193209977274,0.0277917170134,-0.147478602212,-0.11311650277
0.988764044944,0.38202247191,0.096425390618,0.0140899812671,-0.0732250603864,-0.0560779850155
1,0.38202247191,3.33587468502e-16,4.92037904378e-17,-2.51977557051e-16,-1.94125255165e-16
0,0.393258426966,0,0,0,0
0.0112359550562,0.393258426966,0.0992002686406,0.028839123892,0.099332675789,-0.0618132616687
0.0224719101124,0.393258426966,0.198278371235,0.0574377992287,0.198696125148,-0.121131382607
0.0337078651685,0.393258426966,0.297314430643,0.0850721485129,0.297847660072,-0.178777865414
0.0449438202247,0.393258426966,0.396427579226,0.111382550175,0.395801118166,-0.236324576676
0.0561797752809,0.393258426966,0.495651999267,0.136324321417,0.491319240222,-0.293895008999
0.0674157303371,0.393258426966,0.594854208369,0.160226122204,0.584764523211,-0.350578293476
0.0786516853933,0.393258426966,0.693743535187,0.183809194177,0.678207300692,-0.405955221084
0.0898876404494,0.393258426966,0.79194995215,0.207895059468,0.772355802089,-0.460496316344
0.101123595506,0.393258426966,0.889088361786,0.23285259191,0.864452358295,-0.514715633773
0.112359550562,0.393258426966,0.98478938635,0.258282132876,0.951711003047,-0.568648930374
0.123595505618,0.393258426966,1.07873806567,0.283311712406,1.03465774904,-0.622131450087
0.134831460674,0.393258426966,1.17070735331,0.307257036289,1.11436874062,-0.675142034912
0.14606741573,0.393258426966,1.26053137106,0.330073974551,1.19065392971,-0.727628994864
0.157303370787,0.393258426966,1.34805191281,0.35229626487,1.26450477764,-0.779233225064
0.168539325843,0.393258426966,1.43314479745,0.374599696359,1.33752235613,-0.829692942498
0.179775280899,0.393258426966,1.51581710645,0.397350076398,1.40849678152,-0.879406221403
0.191011235955,0.393258426966,1.59623057976,0.420398276215,1.47534400174,-0.928895326732
0.202247191011,0.393258426966,1.67459202292,0.443215418836,1.53930114874,-0.97777743821
0.213483146067,0.393258426966,1.75101893601,0.465296577624,1.60145053805,-1.02512173412
0.224719101124,0.393258426966,1.82551215322,0.48652670723,1.66048393563,-1.0706989236
0.23595505618,0.393258426966,1.89805783826,0.50715627588,1.71876846191,-1.11486408884
0.247191011236,0.393258426966,1.96871839875,0.527401993677,1.78052624067,-1.15741061192
0.258426966292,0.393258426966,2.03756224988,0.547060028404,1.845987529,-1.19758424554
0.269662921348,0.393258426966,2.10448671497,0.565413687271,1.90866662235,-1.23548808714
0.280898876404,0.393258426966,2.16911988653,0.581417809143,1.94860593629,-1.27290416493
0.292134831461,0.393258426966,2.23096833578,0.594135760438,1.96799487812,-1.31121810182
0.303370786517,0.393258426966,2.2897423208,0.603314741624,1.99467680506,-1.34961553871
0.314606741573,0.393258426966,2.34542270483,0.609542470972,2.01231791817,-1.38644965857
0.325842696629,0.393258426966,2.39795883745,0.613724282604,2.01570974213,-1.4193066509
0.337078651685,0.393258426966,2.44724033905,0.616649017173,2.02808240781,-1.44676340983
0.348314606742,0.393258426966,2.49346251721,0.619085743101,2.04854564494,-1.47067687641
0.359550561798,0.393258426966,2.53711757274,0.621796036887,2.054147739,-1.49465654562
0.370786516854,0.393258426966,2.57825285697,0.624945276673,2.03928618719,-1.52031718614
0.38202247191,0.393258426966,2.61611487643,0.627879181004,2.03130197233,-1.54564551163
0.393258426966,0.393258426966,2.65021677474,0.63030770817,2.03862838802,-1.56789281006
0.404494382022,0.393258426966,2.68108936344,0.63297894886,1.96533038391,-1.58806853545
0.415730337079,0.393258426966,2.70931660556,0.636410224764,1.70814545435,-1.60907175299
0.426966292135,0.393258426966,2.73459970566,0.639847846369,1.46989534189,-1.62690719823
0.438202247191,0.393258426966,2.75658238367,0.642481713337,1.42683843584,-1.63802293555
0.449438202247,0.393258426966,2.77549261776,0.64448708007,1.03393901493,-1.65578982994
0.460674157303,0.393258426966,2.79136839217,0.646216186743,0.497960870466,-1.67346624913
0.47191011236,0.393258426966,2.8036205775,0.64745930174,0.25777205493,-1.67898696307
0.483146067416,0.393258426966,2.81138974006,0.647450908648,0.235122801218,-1.67561213805
0.494382022472,0.393258426966,2.81428027855,0.645465229063,-0.0253477021573,-1.67764707148
0.505617977528,0.393258426966,2.81288064624,0.641531045803,-0.505712724784,-1.68641735028
0.516853932584,0.393258426966,2.80815132931,0.636096417473,-0.757336924277,-1.68994024374
0.52808988764,0.393258426966,2.80036102805,0.629133773719,-0.793179314729,-1.68667546237
0.539325842697,0.393258426966,2.78921866061,0.620380640655,-1.05001356414,-1.68682541275
0.550561797753,0.393258426966,2.77480022702,0.610252018392,-1.48278584283,-1.69004741618
0.561797752809,0.393258426966,2.75700330543,0.598962154137,-1.63872447031,-1.68560825115
0.573033707865,0.393258426966,2.73516295045,0.585947374684,-1.6515508065,-1.6761084069
0.584269662921,0.393258426966,2.71012073319,0.57230489782,-1.68260790041,-1.66443913609
0.595505617978,0.393258426966,2.68317075628,0.559658943087,-1.72620378389,-1.64976220644
0.606741573034,0.393258426966,2.65391098023,0.547704866586,-1.74495291009,-1.63091107582
0.61797752809,0.393258426966,2.62106506565,0.53515270767,-1.74165946169,-1.60800414013
0.629213483146,0.393258426966,2.58399403125,0.521450846563,-1.75327326562,-1.5818683553
0.640449438202,0.393258426966,2.54328184186,0.507429275686,-1.7852482274,-1.55234501096
0.651685393258,0.393258426966,2.49994726588,0.49437348305,-1.78722182732,-1.51844049925
0.662921348315,0.393258426966,2.4543319383,0.482751179231,-1.76159354305,-1.48174128042
0.674157303371,0.393258426966,2.40601836541,0.472094994501,-1.73652079255,-1.44515867952
0.685393258427,0.393258426966,2.35457410454,0.461773263054,-1.70754486348,-1.40996582936
0.696629213483,0.393258426966,2.29991441484,0.451346819797,-1.68275249715,-1.37591950132
0.707865168539,0.393258426966,2.24197643655,0.440267455846,-1.65878005544,-1.34091896863
0.719101123596,0.393258426966,2.18056665471,0.427882025324,-1.62444901222,-1.30244657636
0.730337078652,0.393258426966,2.11561449247,0.413862169501,-1.57848605204,-1.25958559316
0.741573033708,0.393258426966,2.0472894498,0.398325154954,-1.52588349821,-1.21356763429
0.752808988764,0.393258426966,1.9759381665,0.381618290864,-1.47126646208,-1.16668273841
0.76404494382,0.393258426966,1.90206361376,0.364143366876,-1.41756256381,-1.12047662036
0.775280898876,0.393258426966,1.82619034495,0.346183040238,-1.36512796164,-1.07486928196
0.786516853933,0.393258426966,1.7486059053,0.327780283264,-1.31125160747,-1.0289751932
0.797752808989,0.393258426966,1.6693372352,0.30895801818,-1.25482001616,-0.982337742497
0.808988764045,0.393258426966,1.58841164555,0.290083326617,-1.19805132726,-0.934909651653
0.820224719101,0.393258426966,1.50599198765,0.271804765276,-1.14126092985,-0.886341377417
0.831460674157,0.393258426966,1.42217986901,0.254524005329,-1.08198868918,-0.836041865422
0.842696629213,0.393258426966,1.33681267148,0.238038836175,-1.01896645046,-0.78372073686
0.85393258427,0.393258426966,1.24958370405,0.221773680471,-0.953032766435,-0.729533698995
0.865168539326,0.393258426966,1.16032822102,0.205265237252,-0.884971697154,-0.673985564999
0.876404494382,0.393258426966,1.06912117472,0.188373857421,-0.815023811093,-0.617943600077
0.887640449438,0.393258426966,0.976167888259,0.171167552814,-0.743649527023,-0.562332537008
0.898876404494,0.393258426966,0.881697390569,0.153744730707,-0.670959078205,-0.507212261804
0.910112359551,0.393258426966,0.785931725027,0.136182336929,-0.59611341234,-0.451426427614
0.921348314607,0.393258426966,0.689093599247,0.118626497059,-0.51910933961,-0.394008473364
0.932584269663,0.393258426966,0.591424154316,0.10134353782,-0.442723766584,-0.335753322266
0.943820224719,0.393258426966,0.493183655065,0.0845513753309,-0.369750724726,-0.278447403731
0.955056179775,0.393258426966,0.39462197351,0.0681825959325,-0.298323056913,-0.222685701746
0.966292134831,0.393258426966,0.295938528461,0.0518787306756,-0.224726029201,-0.1674130132
0.977528089888,0.393258426966,0.197253851136,0.0352199161571,-0.14918499375,-0.111601263839
0.988764044944,0.393258426966,0.0986088056247,0.0179471110118,-0.0739570895457,-0.0555397757773
1,0.393258426966,3.42054697715e-16,6.3432038289e-17,-2.53898655733e-16,-1.91962572541e-16
0,0.404494382022,0,0,0,0
0.0112359550562,0.404494382022,0.105106579917,0.0371830351675,0.0999376502774,-0.0599200637912
0.0224719101124,0.404494382022,0.210198037931,0.0742046507725,0.200041784643,-0.116055482897
0.0337078651685,0.404494382022,0.315272563886,0.110213987834,0.299859840044,-0.169316940282
0.0449438202247,0.404494382022,0.420393973555,0.144783029304,0.398266883076,-0.221912110451
0.0561797752809,0.404494382022,0.525577650807,0.17786627858,0.493996456697,-0.274779537667
0.0674157303371,0.404494382022,0.630693450402,0.209835616193,0.587534320458,-0.327538524965
0.0786516853933,0.404494382022,0.735444754837,0.241451898608,0.681193134181,-0.379850494787
0.0898876404494,0.404494382022,0.839423874866,0.273527515384,0.775866375569,-0.432027594678
0.101123595506,0.404494382022,0.942184723075,0.306359225931,0.868771983611,-0.484394631464
0.112359550562,0.404494382022,1.04331172321,0.339446037613,0.956964780458,-0.536722760423
0.123595505618,0.404494382022,1.1425045656,0.3718620982,1.04082269348,-0.588474165175
0.134831460674,0.404494382022,1.23963426988,0.402991193932,1.12127479919,-0.639387972631
0.14606741573,0.404494382022,1.33468769426,0.432985578017,1.19798339848,-0.689572007017
0.157303370787,0.404494382022,1.42763639809,0.462616598049,1.27196412156,-0.739156786278
0.168539325843,0.404494382022,1.51838492737,0.492707929813,1.3451077593,-0.788316086927
0.179775280899,0.404494382022,1.60684971394,0.523600982824,1.41653763953,-0.837460508449
0.191011235955,0.404494382022,1.69303655351,0.554972142221,1.48429457262,-0.886703101678
0.202247191011,0.404494382022,1.77701220147,0.586062504005,1.54953235518,-0.935231019194
0.213483146067,0.404494382022,1.85881988021,0.61615923077,1.61313301901,-0.981992080444
0.224719101124,0.404494382022,1.9384481456,0.644973566195,1.67359640092,-1.02678906194
0.23595505618,0.404494382022,2.01590649305,0.672617471349,1.73320882953,-1.06987639627
0.247191011236,0.404494382022,2.0913045923,0.699258209698,1.79611665381,-1.11092589289
0.258426966292,0.404494382022,2.16477038858,0.72477997419,1.86247192078,-1.14930791264
0.269662921348,0.404494382022,2.23625407385,0.748663935258,1.92585253717,-1.18542788579
0.280898876404,0.404494382022,2.30542834158,0.770098347321,1.96626469782,-1.22124567001
0.292134831461,0.404494382022,2.37183732926,0.788333210694,1.9857279812,-1.25808975236
0.303370786517,0.404494382022,2.43521367641,0.803197000272,2.01211732536,-1.29506752028
0.314606741573,0.404494382022,2.49556192277,0.815266661749,2.02914829738,-1.33072502604
0.325842696629,0.404494382022,2.55286434206,0.82538051813,2.03185665447,-1.36311466164
0.337078651685,0.404494382022,2.60697094382,0.834158894421,2.04389684971,-1.39112303939
0.348314606742,0.404494382022,2.65785986954,0.842040868234,2.06440887968,-1.4162737062
0.359550561798,0.404494382022,2.70565283322,0.849374315465,2.07019728654,-1.44131932942
0.370786516854,0.404494382022,2.75013644992,0.856140583286,2.05578858241,-1.46715858666
0.38202247191,0.404494382022,2.79074040215,0.862077296902,2.04913523805,-1.4916264913
0.393258426966,0.404494382022,2.82740122233,0.867554910746,2.05885317427,-1.51224316605
0.404494382022,0.404494382022,2.86072932887,0.873505601577,1.98740821202,-1.53040816122
0.415730337079,0.404494382022,2.8910382799,0.880111679822,1.72952394282,-1.54940843242
0.426966292135,0.404494382022,2.91785719138,0.886289735287,1.49038953747,-1.56552881338
0.438202247191,0.404494382022,2.9408887526,0.891093717415,1.44932441033,-1.57535027203
0.449438202247,0.404494382022,2.96047930633,0.894617522992,1.0519184021,-1.59241566367
0.460674157303,0.404494382022,2.97682646063,0.897245705777,0.507086735914,-1.60971856438
0.47191011236,0.404494382022,2.98954118669,0.898977210872,0.261367619102,-1.61491910766
0.483146067416,0.404494382022,2.99783475371,0.899232374848,0.236227978883,-1.61141176931
0.494382022472,0.404494382022,3.00106911996,0.897165880017,-0.0285785077332,-1.61374520803
0.505617977528,0.404494382022,2.99946594195,0.892517149548,-0.516429291753,-1.62319433395
0.516853932584,0.404494382022,2.99393044418,0.885734710735,-0.7736276243,-1.62744036035
0.52808988764,0.404494382022,2.98497823867,0.877074298217,-0.812276112086,-1.62480942677
0.539325842697,0.404494382022,2.97247514252,0.866423071183,-1.07439540049,-1.62580365425
0.550561797753,0.404494382022,2.95644324943,0.85411731647,-1.51217185391,-1.63046345378
0.561797752809,0.404494382022,2.93683700743,0.840458959661,-1.66847698768,-1.62836527273
0.573033707865,0.404494382022,2.91301607962,0.824955802588,-1.680308503,-1.62200977289
0.584269662921,0.404494382022,2.88556885747,0.808438112457,-1.71044303937,-1.61346025269
0.595505617978,0.404494382022,2.85579483011,0.792519517243,-1.75330195275,-1.60109884824
0.606741573034,0.404494382022,2.82353878645,0.777117668591,-1.77185176613,-1.58364800396
0.61797752809,0.404494382022,2.7878074389,0.761177463103,-1.76878997733,-1.56160822973
0.629213483146,0.404494382022,2.74804508711,0.744146249536,-1.78033308813,-1.53607171536
0.640449438202,0.404494382022,2.70460294706,0.726504769495,-1.81182351867,-1.50675751012
0.651685393258,0.404494382022,2.65826038186,0.70921764347,-1.8138863442,-1.47250915785
0.662921348315,0.404494382022,2.60937548186,0.692776445536,-1.78918684515,-1.43509354967
0.674157303371,0.404494382022,2.55769866052,0.676965380796,-1.76457558931,-1.39788158796
0.685393258427,0.404494382022,2.50291863318,0.661395851985,-1.73471018888,-1.36253994556
0.696629213483,0.404494382022,2.44497845343,0.645788442919,-1.70838271162,-1.32891116208
0.707865168539,0.404494382022,2.38377120384,0.629662857108,-1.68306455626,-1.29471645767
0.719101123596,0.404494382022,2.31897004241,0.612287714446,-1.64758148603,-1.25726692094
0.730337078652,0.404494382022,2.25030657397,0.593118150512,-1.60052891864,-1.21571710884
0.741573033708,0.404494382022,2.17780719015,0.572055754473,-1.54696113299,-1.17155506493
0.752808988764,0.404494382022,2.10182219958,0.549366661659,-1.49154053372,-1.12722257474
0.76404494382,0.404494382022,2.0229232502,0.525458378105,-1.43709661414,-1.08410081497
0.775280898876,0.404494382022,1.94164427632,0.500602301167,-1.38386070439,-1.04173856275
0.786516853933,0.404494382022,1.85826850224,0.47486311282,-1.3291046504,-0.99897822049
0.797752808989,0.404494382022,1.77291112139,0.44839250316,-1.2717593846,-0.955295979693
0.808988764045,0.404494382022,1.6857567189,0.421718506051,-1.21406194599,-0.910586036585
0.820224719101,0.404494382022,1.59709064489,0.395565529769,-1.15635179584,-0.864293484455
0.831460674157,0.404494382022,1.50706374308,0.370327836102,-1.09619463589,-0.815582108785
0.842696629213,0.404494382022,1.41553178365,0.345802956101,-1.0323224076,-0.764074710316
0.85393258427,0.404494382022,1.3222174166,0.321476125918,-0.96559494079,-0.710084915465
0.865168539326,0.404494382022,1.22699833746,0.296986294347,-0.896832967248,-0.654482070901
0.876404494382,0.404494382022,1.12998372297,0.272285310668,-0.82624239194,-0.598569417963
0.887640449438,0.404494382022,1.03138524897,0.247481452024,-0.754150774802,-0.543586415754
0.898876404494,0.404494382022,0.931412298059,0.222657830643,-0.680522548921,-0.48969890817
0.910112359551,0.404494382022,0.830262401872,0.197842053961,-0.604482433944,-0.435747047722
0.921348314607,0.404494382022,0.728141364971,0.173113947276,-0.526140625585,-0.380743360233
0.932584269663,0.404494382022,0.6252668935,0.148660013236,-0.448444655454,-0.325412443302
0.943820224719,0.404494382022,0.521844321544,0.124604877816,-0.37428289372,-0.271361121654
0.955056179775,0.404494382022,0.418029727756,0.100780302003,-0.301769092853,-0.218826806199
0.966292134831,0.404494382022,0.313914359825,0.0767458609795,-0.227135406405,-0.166194807801
0.977528089888,0.404494382022,0.209538104608,0.0520581857466,-0.150608449222,-0.111884679892
0.988764044944,0.404494382022,0.104906507223,0.0264902603469,-0.0745309031787,-0.0560563338296
1,0.404494382022,3.64471541338e-16,9.35463381648e-17,-2.55255819173e-16,-1.94048794747e-16
0,0.415730337079,0,0,0,0
0.0112359550562,0.415730337079,0.108304104868,0.0422289072967,0.100368110401,-0.0568488733618
0.0224719101124,0.415730337079,0.216616329261,0.0842925523525,0.201088492399,-0.109258965654
0.0337078651685,0.415730337079,0.324879537878,0.125269853889,0.301481273716,-0.158188299257
0.0449438202247,0.415730337079,0.433134223157,0.164712088306,0.400250512817,-0.206229071432
0.0561797752809,0.415730337079,0.541399378033,0.20259806874,0.496071954733,-0.254828985012
0.0674157303371,0.415730337079,0.649561595386,0.239349333293,0.589546957146,-0.303922406206
0.0786516853933,0.415730337079,0.757331357894,0.275764422119,0.683248762855,-0.353160724986
0.0898876404494,0.415730337079,0.864281185926,0.312644560939,0.778279606333,-0.402673844478
0.101123595506,0.415730337079,0.969923569731,0.350218580833,0.871835893863,-0.452606998649
0.112359550562,0.415730337079,1.07380873538,0.387896071217,0.960803878211,-0.502537988752
0.123595505618,0.415730337079,1.17564575187,0.424705328019,1.04543064323,-0.551672797483
0.134831460674,0.415730337079,1.27537934788,0.460082659673,1.12655139752,-0.599567672469
0.14606741573,0.415730337079,1.37311750019,0.494332273915,1.20371501753,-0.646423091728
0.157303370787,0.415730337079,1.46894146665,0.528411014604,1.2779225364,-0.692738756656
0.168539325843,0.415730337079,1.5627850319,0.563260223659,1.35127837363,-0.739059207369
0.179775280899,0.415730337079,1.65448772881,0.599199720272,1.42320918008,-0.785826030756
0.191011235955,0.415730337079,1.74391493335,0.635755661237,1.49189943892,-0.83280768748
0.202247191011,0.415730337079,1.83100914372,0.671969615021,1.55842474072,-0.878853657186
0.213483146067,0.415730337079,1.91576344025,0.706958016302,1.62343593553,-0.922923192713
0.224719101124,0.415730337079,1.99818744264,0.740312016787,1.68518862406,-0.96502012762
0.23595505618,0.415730337079,2.07833524084,0.772065127668,1.7458112521,-1.00548286458
0.247191011236,0.415730337079,2.1563450248,0.802365907114,1.80931026276,-1.04403937423
0.258426966292,0.415730337079,2.23234234628,0.831160406274,1.87585322538,-1.08024985421
0.269662921348,0.415730337079,2.30625030289,0.858051856854,1.93942444194,-1.11460981916
0.280898876404,0.415730337079,2.3777238255,0.882375612719,1.98036519587,-1.14878966247
0.292134831461,0.415730337079,2.44633012945,0.903521468948,2.00046911439,-1.18366033377
0.303370786517,0.415730337079,2.51186775331,0.921421860387,2.02724490022,-1.21826510955
0.314606741573,0.415730337079,2.57443920571,0.936713287093,2.04411504522,-1.25176493846
0.325842696629,0.415730337079,2.6341171537,0.950226585186,2.04612441133,-1.28307464162
0.337078651685,0.415730337079,2.69074113592,0.962436976723,2.05735407935,-1.31130899393
0.348314606742,0.415730337079,2.74410806842,0.973471917049,2.07732695938,-1.3371924786
0.359550561798,0.415730337079,2.79404862207,0.983324613755,2.08302778634,-1.36232849747
0.370786516854,0.415730337079,2.84019259008,0.991884976383,2.06922702771,-1.38710582765
0.38202247191,0.415730337079,2.88217103501,0.999293782613,2.06423501918,-1.40970668386
0.393258426966,0.415730337079,2.92024095004,1.0064694576,2.07649373394,-1.42831979988
0.404494382022,0.415730337079,2.95504565904,1.01448562678,2.0067687709,-1.44483693643
0.415730337079,0.415730337079,2.98669264034,1.02327142378,1.74786392427,-1.46275297238
0.426966292135,0.415730337079,3.01455768702,1.03144092579,1.50734766807,-1.47827888311
0.438202247191,0.415730337079,3.03834446323,1.03785786059,1.46746359427,-1.4877763321
0.449438202247,0.415730337079,3.05846338964,1.04249655597,1.06578735643,-1.50474694493
0.460674157303,0.415730337079,3.0752164339,1.04573884132,0.512998913509,-1.52195251751
0.47191011236,0.415730337079,3.08836571932,1.04775672476,0.2613646734,-1.52691927175
0.483146067416,0.415730337079,3.09723020492,1.04820831204,0.232115731743,-1.52323785944
0.494382022472,0.415730337079,3.10105116199,1.0462722024,-0.0383035802459,-1.52574128211
0.505617977528,0.415730337079,3.09972185252,1.04144264669,-0.532721949526,-1.5357416335
0.516853932584,0.415730337079,3.09397898813,1.03403101012,-0.793423657284,-1.54071585503
0.52808988764,0.415730337079,3.08447036161,1.02442624142,-0.833232282309,-1.53885133966
0.539325842697,0.415730337079,3.07123700871,1.01266198819,-1.09872072047,-1.54069121491
0.550561797753,0.415730337079,3.05436519492,0.999113994352,-1.53985845226,-1.54633727492
0.561797752809,0.415730337079,3.03390937864,0.98422065113,-1.69571246477,-1.5454940524
0.573033707865,0.415730337079,3.00917990176,0.967491005929,-1.706209549,-1.54073992428
0.584269662921,0.415730337079,2.98036856397,0.949341689026,-1.73555587723,-1.53385833101
0.595505617978,0.415730337079,2.94868290853,0.93127425473,-1.77811911464,-1.52303221147
0.606741573034,0.415730337079,2.91423382678,0.913450217109,-1.79691045545,-1.50713568852
0.61797752809,0.415730337079,2.87635761362,0.895093320349,-1.79446654794,-1.4869211957
0.629213483146,0.415730337079,2.83465392197,0.875720042923,-1.80643438443,-1.46343981064
0.640449438202,0.415730337079,2.78931515117,0.855535155298,-1.8378524824,-1.43602010158
0.651685393258,0.415730337079,2.74088910878,0.835181373132,-1.83980949772,-1.40316287856
0.662921348315,0.415730337079,2.68970518975,0.815113694266,-1.81541391441,-1.3666894665
0.674157303371,0.415730337079,2.63565687942,0.795333324842,-1.79082964455,-1.33031439738
0.685393258427,0.415730337079,2.5785857778,0.775729067528,-1.76001749583,-1.29600116329
0.696629213483,0.415730337079,2.51852382268,0.756253872176,-1.73224856057,-1.26365916318
0.707865168539,0.415730337079,2.45539100654,0.736584094137,-1.70559383619,-1.23092258705
0.719101123596,0.415730337079,2.38881037359,0.716017536024,-1.66889160434,-1.19508202333
0.730337078652,0.415730337079,2.31837964389,0.693881610089,-1.62069509055,-1.1554520469
0.741573033708,0.415730337079,2.24398413206,0.669882097627,-1.56615875928,-1.11370994361
0.752808988764,0.415730337079,2.16590808739,0.644142267839,-1.50998912357,-1.0722624113
0.76404494382,0.415730337079,2.08468885345,0.616973251352,-1.45492664053,-1.03219356186
0.775280898876,0.415730337079,2.00079787379,0.588560358236,-1.40108300837,-0.992751241822
0.786516853933,0.415730337079,1.91449116272,0.558956524445,-1.34568399453,-0.952720695497
0.797752808989,0.415730337079,1.82596086054,0.528408052583,-1.28763893591,-0.91168338339
0.808988764045,0.415730337079,1.73551996477,0.497546461415,-1.22914173353,-0.869537299815
0.820224719101,0.415730337079,1.64353636173,0.467110581185,-1.17052816454,-0.825584872313
0.831460674157,0.415730337079,1.55017946422,0.437445946267,-1.10940377057,-0.778900476445
0.842696629213,0.415730337079,1.4553137818,0.408331340994,-1.0445427189,-0.729196672832
0.85393258427,0.415730337079,1.35870215048,0.379308760907,-0.976858297062,-0.676981930968
0.865168539326,0.415730337079,1.26028655868,0.35012466266,-0.907216464949,-0.62329207197
0.876404494382,0.415730337079,1.16023245359,0.320837754038,-0.835801911577,-0.569481859648
0.887640449438,0.415730337079,1.05877543325,0.291623946441,-0.762848029271,-0.516725362024
0.898876404494,0.415730337079,0.956116121459,0.262583702567,-0.688220119395,-0.465143561959
0.910112359551,0.415730337079,0.852425981232,0.233715902574,-0.611033142384,-0.413707077335
0.921348314607,0.415730337079,0.747875115142,0.205028703682,-0.531507824401,-0.361655422566
0.932584269663,0.415730337079,0.642627448717,0.17660329807,-0.452737535582,-0.309799115911
0.943820224719,0.415730337079,0.53680912851,0.148451942769,-0.377667157063,-0.259582606704
0.955056179775,0.415730337079,0.430481054264,0.120318449721,-0.304348116066,-0.210881298541
0.966292134831,0.415730337079,0.323646229283,0.0917203051067,-0.228927151142,-0.161607868965
0.977528089888,0.415730337079,0.21628881618,0.0622256649232,-0.151633581425,-0.109754530689
0.988764044944,0.415730337079,0.108404494017,0.0316543178933,-0.0749157143801,-0.0553475159767
1,0.415730337079,3.76985207443e-16,1.11738568149e-16,-2.56044575913e-16,-1.92126988653e-16
0,0.426966292135,0,0,0,0
0.0112359550562,0.426966292135,0.108923541155,0.0440958822844,0.100739105109,-0.0525571319362
0.0224719101124,0.426966292135,0.217883089042,0.088044181619,0.202004925918,-0.100969953124
0.0337078651685,0.426966292135,0.326772524435,0.130881178707,0.302897029931,-0.146131500172
0.0449438202247,0.426966292135,0.4356049574,0.17213951527,0.40194922237,-0.190600586248
0.0561797752809,0.426966292135,0.544385661797,0.211800592803,0.497782648193,-0.23586504301
0.0674157303371,0.426966292135,0.652998982789,0.250306362321,0.591118104687,-0.281870206886
0.0786516853933,0.426966292135,0.761156654699,0.288472292164,0.684786536612,-0.328162178751
0.0898876404494,0.426966292135,0.868426107924,0.327086205461,0.78008495515,-0.374728624311
0.101123595506,0.426966292135,0.974308430389,0.366329431003,0.874170934839,-0.421658452351
0.112359550562,0.426966292135,1.07834923225,0.405558790227,0.963758974463,-0.468533954436
0.123595505618,0.426966292135,1.18027762656,0.443785372463,1.04899168433,-0.514508222705
0.134831460674,0.426966292135,1.28009473153,0.480487918219,1.13066152111,-0.559005571135
0.14606741573,0.426966292135,1.37799483931,0.51606682364,1.20824260852,-0.602128037591
0.157303370787,0.426966292135,1.47414212375,0.551594589868,1.28270726557,-0.64442676821
0.168539325843,0.426966292135,1.56850155025,0.588093886837,1.35631891724,-0.686599839267
0.179775280899,0.426966292135,1.66086738906,0.625885630945,1.4287726682,-0.729131270772
0.191011235955,0.426966292135,1.75101149163,0.664414171235,1.49839342009,-0.771636961106
0.202247191011,0.426966292135,1.83879848528,0.702600608705,1.56615678569,-0.812873637117
0.213483146067,0.426966292135,1.92420858963,0.73945703717,1.63243112148,-0.852033755518
0.224719101124,0.426966292135,2.00729668565,0.774511767294,1.69519289006,-0.889539859529
0.23595505618,0.426966292135,2.08816511773,0.807773434545,1.75641190945,-0.926046978601
0.247191011236,0.426966292135,2.16695508698,0.839401571919,1.81998127117,-0.961515530229
0.258426966292,0.426966292135,2.24373923675,0.869382637285,1.88617865375,-0.995682130722
0.269662921348,0.426966292135,2.31835445847,0.897367025221,1.94960101391,-1.02883515788
0.280898876404,0.426966292135,2.39038621938,0.922735130601,1.99112752416,-1.06186958428
0.292134831461,0.426966292135,2.45939114287,0.944925920483,2.01225528457,-1.09482779005
0.303370786517,0.426966292135,2.52522363032,0.963927373665,2.03988106982,-1.12669702656
0.314606741573,0.426966292135,2.58809771067,0.980438634465,2.05691880521,-1.15758042255
0.325842696629,0.426966292135,2.64820740252,0.995323343912,2.05826026975,-1.18751909733
0.337078651685,0.426966292135,2.70542522439,1.00896637706,2.06839448378,-1.21577827018
0.348314606742,0.426966292135,2.75942805037,1.02124382591,2.08744595767,-1.24205504163
0.359550561798,0.426966292135,2.80984189087,1.03186712168,2.09288090892,-1.26676183971
0.370786516854,0.426966292135,2.85621808217,1.04069471023,2.0798174278,-1.28995760012
0.38202247191,0.426966292135,2.89836677091,1.04822498479,2.07673823253,-1.31040073892
0.393258426966,0.426966292135,2.93675928438,1.05579639086,2.091579002,-1.32710198021
0.404494382022,0.426966292135,2.97204682893,1.06459807133,2.02323720445,-1.34247941012
0.415730337079,0.426966292135,3.00420802851,1.07440124064,1.76269563406,-1.36011477756
0.426966292135,0.426966292135,3.03252482087,1.08359945842,1.52010136576,-1.37586891182
0.438202247191,0.426966292135,3.0566934068,1.09088710861,1.48044723762,-1.38557224604
0.449438202247,0.426966292135,3.07713545465,1.09610769767,1.07462435626,-1.40246720092
0.460674157303,0.426966292135,3.09417837881,1.09960225399,0.514985834796,-1.4191079723
0.47191011236,0.426966292135,3.10766433032,1.10166667737,0.257636028901,-1.42307816553
0.483146067416,0.426966292135,3.11701991628,1.10219974548,0.22351025474,-1.41835517833
0.494382022472,0.426966292135,3.12145414211,1.10048820812,-0.0530564616976,-1.42029667359
0.505617977528,0.426966292135,3.12059073294,1.09582351601,-0.552774399118,-1.43054653636
0.516853932584,0.426966292135,3.11493453371,1.08827809817,-0.814839972734,-1.43661600208
0.52808988764,0.426966292135,3.10518465829,1.07824916363,-0.854238832007,-1.43649106299
0.539325842697,0.426966292135,3.09157461976,1.06590619241,-1.12138661071,-1.44028973317
0.550561797753,0.426966292135,3.07434680334,1.05175039923,-1.56466127611,-1.44758242418
0.561797752809,0.426966292135,3.0537183773,1.03642698845,-1.71963004972,-1.44779720127
0.573033707865,0.426966292135,3.0289617888,1.0194744353,-1.72863360908,-1.44367367021
0.584269662921,0.426966292135,2.9998002134,1.00083535154,-1.75732249768,-1.43726703733
0.595505617978,0.426966292135,2.96723623837,0.981790408669,-1.79983373904,-1.4271550871
0.606741573034,0.426966292135,2.93163507418,0.962747844114,-1.81894369521,-1.41263151697
0.61797752809,0.426966292135,2.89268822507,0.943248918769,-1.81713292793,-1.39459567904
0.629213483146,0.426966292135,2.85019853763,0.922937141207,-1.82984519933,-1.37382689282
0.640449438202,0.426966292135,2.80426398117,0.901814846421,-1.86167292657,-1.34911703115
0.651685393258,0.426966292135,2.75519777594,0.880196799464,-1.86348902723,-1.31855162437
0.662921348315,0.426966292135,2.7032182153,0.858401590675,-1.83887546626,-1.28391950917
0.674157303371,0.426966292135,2.64827319338,0.83653617551,-1.81397091109,-1.24915501119
0.685393258427,0.426966292135,2.59031130859,0.81469882411,-1.78234857475,-1.21643151035
0.696629213483,0.426966292135,2.52944884353,0.793049889103,-1.75350040643,-1.18576262751
0.707865168539,0.426966292135,2.46566788396,0.771443820211,-1.72574831213,-1.15486332396
0.719101123596,0.426966292135,2.39862309069,0.749289983964,-1.68792679405,-1.12120673045
0.730337078652,0.426966292135,2.32788342736,0.725909687431,-1.63867067958,-1.08435246295
0.741573033708,0.426966292135,2.25327253799,0.700918940313,-1.58329149914,-1.04602711889
0.752808988764,0.426966292135,2.1750191832,0.674335463409,-1.52653414703,-1.00827799409
0.76404494382,0.426966292135,2.09358308029,0.64634934147,-1.47102863372,-0.97159583192
0.775280898876,0.426966292135,2.00933751824,0.61703004164,-1.41674932952,-0.934880533572
0.786516853933,0.426966292135,1.92249765703,0.586393713193,-1.3608611699,-0.897062932045
0.797752808989,0.426966292135,1.83330570506,0.554729869095,-1.3022407305,-0.858095563175
0.808988764045,0.426966292135,1.74215278557,0.522703314805,-1.24302997632,-0.818083351626
0.820224719101,0.426966292135,1.64944157079,0.491018177944,-1.18354779655,-0.776348987466
0.831460674157,0.426966292135,1.55533644866,0.459958173229,-1.12144085828,-0.732025563038
0.842696629213,0.426966292135,1.45971057625,0.429286672199,-1.05554696121,-0.684975493697
0.85393258427,0.426966292135,1.36237663255,0.398599092293,-0.986836426337,-0.635778036683
0.865168539326,0.426966292135,1.26334281174,0.367730243633,-0.916200548038,-0.585324790389
0.876404494382,0.426966292135,1.16281631515,0.336817769639,-0.843806682641,-0.534652182121
0.887640449438,0.426966292135,1.06103556423,0.306087576827,-0.769848717377,-0.484644117756
0.898876404494,0.426966292135,0.95818085378,0.275662922292,-0.694166137739,-0.435430479971
0.910112359551,0.426966292135,0.85440011956,0.24553633797,-0.61590299431,-0.386372068709
0.921348314607,0.426966292135,0.749838503042,0.215669514698,-0.535375145762,-0.337195160749
0.932584269663,0.426966292135,0.644620368436,0.186060562393,-0.455774998963,-0.288906971282
0.943820224719,0.426966292135,0.53881160771,0.156633892281,-0.380059562342,-0.242755019498
0.955056179775,0.426966292135,0.432404815791,0.127080414509,-0.306189400223,-0.198212664644
0.966292134831,0.426966292135,0.325346747853,0.0969175133711,-0.230210478209,-0.152817511066
0.977528089888,0.426966292135,0.217590991515,0.0657521826442,-0.152355205224,-0.104341146254
0.988764044944,0.426966292135,0.109132069314,0.033445798191,-0.0751770760116,-0.0527957186951
1,0.426966292135,3.79732236405e-16,1.1808227711e-16,-2.56564756705e-16,-1.83435732837e-16
0,0.438202247191,0,0,0,0
0.0112359550562,0.438202247191,0.108579433561,0.0446050854798,0.101119263428,-0.0469433071359
0.0224719101124,0.438202247191,0.217254570687,0.0891307072137,0.202879796079,-0.0909700984214
0.0337078651685,0.438202247191,0.325843117909,0.132551864933,0.30418267028,-0.13269799017
0.0449438202247,0.438202247191,0.434304652814,0.174356230463,0.403419765696,-0.174194845823
0.0561797752809,0.438202247191,0.542605773693,0.214499488285,0.499188470371,-0.21657430393
0.0674157303371,0.438202247191,0.650609455107,0.253420309822,0.592339665744,-0.259584443767
0.0786516853933,0.438202247191,0.75802460697,0.291939020284,0.685937910811,-0.302633909198
0.0898876404494,0.438202247191,0.864432396826,0.330838293431,0.78143557186,-0.345621700056
0.101123595506,0.438202247191,0.969361126194,0.370286360436,0.875933789034,-0.38870254938
0.112359550562,0.438202247191,1.07239378961,0.40963992669,0.965990232737,-0.431678673955
0.123595505618,0.438202247191,1.17330404851,0.447936038137,1.05167340811,-0.473902021119
0.134831460674,0.438202247191,1.27214482997,0.484696740848,1.13376270189,-0.514785232761
0.14606741573,0.438202247191,1.36916946182,0.520367591925,1.21167469457,-0.554186498448
0.157303370787,0.438202247191,1.46459461638,0.55605918152,1.28634419959,-0.592360619523
0.168539325843,0.438202247191,1.55840033816,0.59281443661,1.36015910442,-0.629849986087
0.179775280899,0.438202247191,1.65033871295,0.630941941836,1.43305353665,-0.667128966927
0.191011235955,0.438202247191,1.74010592465,0.669840176013,1.50348362251,-0.703876038727
0.202247191011,0.438202247191,1.82751521007,0.708372786417,1.57230806907,-0.739037485788
0.213483146067,0.438202247191,1.91256177034,0.745513496258,1.63958386535,-0.772187814258
0.224719101124,0.438202247191,1.9953649493,0.780788908775,1.70301554013,-0.804203986472
0.23595505618,0.438202247191,2.07607710799,0.814238494358,1.76448421533,-0.836118988286
0.247191011236,0.438202247191,2.15482680074,0.846068882466,1.82785952072,-0.868210417968
0.258426966292,0.438202247191,2.23161318799,0.876305324077,1.89356964535,-0.900384991197
0.269662921348,0.438202247191,2.3061763627,0.904607197208,1.95680575857,-0.932579228644
0.280898876404,0.438202247191,2.37803643824,0.930346410089,1.99895064136,-0.964708130627
0.292134831461,0.438202247191,2.44675200308,0.952966307455,2.02114885662,-0.995858760082
0.303370786517,0.438202247191,2.51224111055,0.972483165772,2.04967881358,-1.02498056643
0.314606741573,0.438202247191,2.57482355513,0.989645736769,2.06691859052,-1.05320649357
0.325842696629,0.438202247191,2.63480058573,1.00534935309,2.06752730018,-1.08172132556
0.337078651685,0.438202247191,2.69206255616,1.01989116492,2.0763573308,-1.1099058039
0.348314606742,0.438202247191,2.74615484952,1.03289089,2.09421971252,-1.13650118397
0.359550561798,0.438202247191,2.79650643678,1.0437754944,2.0992359041,-1.16087922025
0.370786516854,0.438202247191,2.84261584136,1.0523759261,2.08695487568,-1.18279999969
0.38202247191,0.438202247191,2.88446255478,1.05950968532,2.08590494247,-1.2014667658
0.393258426966,0.438202247191,2.92269328172,1.06687038499,2.10321698335,-1.21656263949
0.404494382022,0.438202247191,2.95798382975,1.07577164297,2.03573471537,-1.23095867997
0.415730337079,0.438202247191,2.99025662345,1.0859107609,1.77275696854,-1.24827596217
0.426966292135,0.438202247191,3.01875735972,1.09554438476,1.527273752,-1.26394412022
0.438202247191,0.438202247191,3.0431708452,1.10323581443,1.48678654471,-1.27320404782
0.449438202247,0.438202247191,3.0638820722,1.10870791904,1.07685853091,-1.28904812599
0.460674157303,0.438202247191,3.08119047697,1.11226392486,0.511796903679,-1.30396215624
0.47191011236,0.438202247191,3.09498436195,1.11431824971,0.24986768061,-1.30576200409
0.483146067416,0.438202247191,3.10480236261,1.115006846,0.211354973428,-1.29890394816
0.494382022472,0.438202247191,3.10986510181,1.11373761208,-0.0708378654784,-1.29940322739
0.505617977528,0.438202247191,3.10954374465,1.10957166105,-0.574240534379,-1.30948003077
0.516853932584,0.438202247191,3.10403761405,1.10221164143,-0.835824382244,-1.31693859482
0.52808988764,0.438202247191,3.0940188574,1.09193246172,-0.873702410132,-1.31958884361
0.539325842697,0.438202247191,3.07994424243,1.07904532285,-1.14128275779,-1.32681388395
0.550561797753,0.438202247191,3.06233853919,1.06430909071,-1.58600472085,-1.33721849645
0.561797752809,0.438202247191,3.04169761106,1.04871387963,-1.74010229298,-1.33958451846
0.573033707865,0.438202247191,3.0172938275,1.03188989862,-1.74769393517,-1.33671032209
0.584269662921,0.438202247191,2.98827926411,1.01321438617,-1.77589625714,-1.3310955799
0.595505617978,0.438202247191,2.95528744095,0.993587798697,-1.81848981952,-1.3218979383
0.606741573034,0.438202247191,2.9189394309,0.973696105568,-1.83780778664,-1.30885385216
0.61797752809,0.438202247191,2.87936649153,0.953517832035,-1.83645921907,-1.29290086419
0.629213483146,0.438202247191,2.83663178859,0.932901753179,-1.85012291423,-1.27449339874
0.640449438202,0.438202247191,2.79075835047,0.911676029507,-1.88284408991,-1.25199055949
0.651685393258,0.438202247191,2.74178729306,0.889788187598,-1.88457945914,-1.22321572803
0.662921348315,0.438202247191,2.68975719836,0.867344075308,-1.85930539074,-1.1899958918
0.674157303371,0.438202247191,2.63462064529,0.844494835513,-1.83373885992,-1.15647576626
0.685393258427,0.438202247191,2.5764068704,0.821498768077,-1.80145786345,-1.12505186416
0.696629213483,0.438202247191,2.51530935384,0.798680208204,-1.77194806319,-1.09593686299
0.707865168539,0.438202247191,2.45139515996,0.776054946926,-1.74340962672,-1.06706433037
0.719101123596,0.438202247191,2.38439858351,0.753161065386,-1.70465185241,-1.03618571893
0.730337078652,0.438202247191,2.31391294976,0.729353550191,-1.65451317738,-1.00308946689
0.741573033708,0.438202247191,2.23973710075,0.704203367451,-1.5984986027,-0.969407511864
0.752808988764,0.438202247191,2.16203982981,0.677641170665,-1.54135719926,-0.936595352315
0.76404494382,0.438202247191,2.08116774198,0.649726456952,-1.48556926999,-0.904323809994
0.775280898876,0.438202247191,1.99737408749,0.620408347886,-1.43095693483,-0.871029741938
0.786516853933,0.438202247191,1.91083700025,0.589673213815,-1.37463869223,-0.835807887433
0.797752808989,0.438202247191,1.82185795991,0.557860773018,-1.3154987439,-0.799074878101
0.808988764045,0.438202247191,1.73091087474,0.525682812062,-1.25566054432,-0.761272362878
0.820224719101,0.438202247191,1.63843838012,0.493837192179,-1.19541712907,-0.721900276631
0.831460674157,0.438202247191,1.54460882052,0.462575403139,-1.13242894374,-0.68027412714
0.842696629213,0.438202247191,1.4493128032,0.431653973186,-1.06557657971,-0.636400144865
0.85393258427,0.438202247191,1.35241200671,0.400699163264,-0.995854226133,-0.590769377434
0.865168539326,0.438202247191,1.25395948549,0.369585035661,-0.924145700401,-0.543912331916
0.876404494382,0.438202247191,1.15416287448,0.338470021694,-0.850618627562,-0.496415650608
0.887640449438,0.438202247191,1.05321964152,0.307586846849,-0.77550839972,-0.448915389036
0.898876404494,0.438202247191,0.951262552922,0.277066871082,-0.698724611528,-0.401730740283
0.910112359551,0.438202247191,0.848411002579,0.246906189557,-0.619484603766,-0.354799105269
0.921348314607,0.438202247191,0.744797243138,0.217043804503,-0.538166476165,-0.30841836402
0.932584269663,0.438202247191,0.640528379615,0.187423519755,-0.457986833309,-0.263757950371
0.943820224719,0.438202247191,0.535636722782,0.157909553603,-0.381855838721,-0.221771085511
0.955056179775,0.438202247191,0.430072882002,0.128164676882,-0.307624962491,-0.181489215041
0.966292134831,0.438202247191,0.323750857121,0.0977285443765,-0.231245695514,-0.1402059627
0.977528089888,0.438202247191,0.216613638734,0.0662635704886,-0.152962956352,-0.0957446338943
0.988764044944,0.438202247191,0.108672547736,0.0336814948697,-0.075423108439,-0.0483314142818
1,0.438202247191,3.78173117896e-16,1.18845734017e-16,-2.57242422062e-16,-1.67203377506e-16
0,0.449438202247,0,0,0,0
0.0112359550562,0.449438202247,0.108003893414,0.0445387688524,0.101500300239,-0.0400111915251
0.0224719101124,0.449438202247,0.215943638095,0.0888203261006,0.203680161054,-0.0789006108811
0.0337078651685,0.449438202247,0.323632715296,0.131851113953,0.305278193734,-0.116759120112
0.0449438202247,0.449438202247,0.43104441641,0.173156816166,0.404591072459,-0.154820112541
0.0561797752809,0.449438202247,0.538157376534,0.212731716901,0.500234741463,-0.193622403927
0.0674157303371,0.449438202247,0.644840672723,0.251048162298,0.593193157613,-0.232705901292
0.0786516853933,0.449438202247,0.750811207336,0.288942315868,0.68671791302,-0.271403483224
0.0898876404494,0.449438202247,0.855674451783,0.327193385978,0.782364252112,-0.309557001796
0.101123595506,0.449438202247,0.959007092032,0.365970141873,0.877170633987,-0.347419120592
0.112359550562,0.449438202247,1.06045523018,0.40465912354,0.967571165495,-0.385136906634
0.123595505618,0.449438202247,1.15984964172,0.442347171143,1.05358951,-0.422481125497
0.134831460674,0.449438202247,1.25728188496,0.478587049982,1.13599891784,-0.459038983611
0.14606741573,0.449438202247,1.35302938592,0.51381119641,1.21415354107,-0.494426070824
0.157303370787,0.449438202247,1.44732037919,0.549083519122,1.28893970037,-0.528395070187
0.168539325843,0.449438202247,1.54011687835,0.585389141927,1.36284262836,-0.56108386274
0.179775280899,0.449438202247,1.63110973367,0.622982781859,1.43600025062,-0.592891292819
0.191011235955,0.449438202247,1.71991838248,0.661226861988,1.50698306479,-0.623728647919
0.202247191011,0.449438202247,1.80632330957,0.698981180077,1.57653921976,-0.652918936961
0.213483146067,0.449438202247,1.89036358839,0.735252382181,1.64443993496,-0.680363199313
0.224719101124,0.449438202247,1.97224296502,0.769629958697,1.70818579574,-0.707126102042
0.23595505618,0.449438202247,2.05216459017,0.802233628148,1.76970161764,-0.734394263497
0.247191011236,0.449438202247,2.13023786869,0.83335090768,1.83296470537,-0.762700962732
0.258426966292,0.449438202247,2.20639858416,0.863065132216,1.89852353269,-0.792172334016
0.269662921348,0.449438202247,2.28032790524,0.891053642616,1.96190967717,-0.822525492294
0.280898876404,0.449438202247,2.35153428856,0.916684136053,2.00473065258,-0.85290903913
0.292134831461,0.449438202247,2.4196234832,0.939404903514,2.02774986766,-0.88165909776
0.303370786517,0.449438202247,2.48458664004,0.959244088489,2.05687438319,-0.907722148982
0.314606741573,0.449438202247,2.54681183947,0.976956164763,2.07410769671,-0.933058643043
0.325842696629,0.449438202247,2.60664688601,0.993417178117,2.0738596521,-0.959716169687
0.337078651685,0.449438202247,2.66394125721,1.00879620868,2.08126415148,-0.987143438184
0.348314606742,0.449438202247,2.71805214579,1.02241306433,2.09777878107,-1.01341623244
0.359550561798,0.449438202247,2.76816981026,1.03336629147,2.10222668259,-1.03719679779
0.370786516854,0.449438202247,2.81373625675,1.04143825721,2.09063196292,-1.0579792498
0.38202247191,0.449438202247,2.85490727135,1.04774378046,2.0914861859,-1.07514674901
0.393258426966,0.449438202247,2.89250490239,1.05430143498,2.11088370919,-1.08873729866
0.404494382022,0.449438202247,2.92726514551,1.06256997461,2.0434938001,-1.10188235267
0.415730337079,0.449438202247,2.95915640678,1.07228694485,1.77716109986,-1.11819406216
0.426966292135,0.449438202247,2.98750830614,1.08173060324,1.52798448813,-1.13275547394
0.438202247191,0.449438202247,3.01202233669,1.08941371225,1.48567485094,-1.14045722195
0.449438202247,0.449438202247,3.03297984713,1.09492921315,1.07177196138,-1.15434935451
0.460674157303,0.449438202247,3.05057343051,1.09851207086,0.503043151484,-1.16711167321
0.47191011236,0.449438202247,3.06469537202,1.10067000723,0.238501844728,-1.16682510662
0.483146067416,0.449438202247,3.07499863306,1.10175738907,0.197114856954,-1.15816285293
0.494382022472,0.449438202247,3.08075485155,1.10129868267,-0.0894026562585,-1.15748374438
0.505617977528,0.449438202247,3.08111212362,1.09810134495,-0.594881985822,-1.16745372117
0.516853932584,0.449438202247,3.07591532195,1.09138980138,-0.854847910064,-1.17625168116
0.52808988764,0.449438202247,3.06573351824,1.08118874254,-0.890818806365,-1.18163995136
0.539325842697,0.449438202247,3.05126336975,1.06794716964,-1.15815789093,-1.19236066789
0.550561797753,0.449438202247,3.03343663963,1.05282077334,-1.60404004671,-1.20617534492
0.561797752809,0.449438202247,3.01316696127,1.03731551597,-1.75758402244,-1.21129250616
0.573033707865,0.449438202247,2.98976718731,1.02122109391,-1.76400121775,-1.21055055034
0.584269662921,0.449438202247,2.96162350872,1.00315272575,-1.79189543193,-1.2067665019
0.595505617978,0.449438202247,2.92870982209,0.983328925446,-1.83467579253,-1.19941633538
0.606741573034,0.449438202247,2.8918835714,0.962726474454,-1.85411480059,-1.18840189392
0.61797752809,0.449438202247,2.85186026717,0.941956501623,-1.85309750606,-1.17454331132
0.629213483146,0.449438202247,2.80906125702,0.92120220945,-1.86787748853,-1.15804745417
0.640449438202,0.449438202247,2.7634706675,0.900167158557,-1.90184219185,-1.13713215395
0.651685393258,0.449438202247,2.71485365274,0.878434837617,-1.90342972875,-1.10967087592
0.662921348315,0.449438202247,2.66305075295,0.855886930756,-1.8769451599,-1.07768801468
0.674157303371,0.449438202247,2.60800649655,0.832708033437,-1.85023023293,-1.0455427322
0.685393258427,0.449438202247,2.54981357115,0.809282200777,-1.8172889872,-1.01580943546
0.696629213483,0.449438202247,2.48873862471,0.786054762626,-1.78741850708,-0.988856634679
0.707865168539,0.449438202247,2.42496756248,0.76318678467,-1.75836133797,-0.962765306362
0.719101123596,0.449438202247,2.35835307667,0.740332907965,-1.71888169641,-0.935434611194
0.730337078652,0.449438202247,2.28851435559,0.716841278533,-1.66810695646,-0.906732526883
0.741573033708,0.449438202247,2.21518655416,0.692177821886,-1.61172599112,-0.878139242332
0.752808988764,0.449438202247,2.1384178732,0.666130723278,-1.55442773787,-0.850624368962
0.76404494382,0.449438202247,2.0583980186,0.638611389084,-1.49850102278,-0.823238692778
0.775280898876,0.449438202247,1.97526278119,0.609484597113,-1.44361606434,-0.794086040871
0.786516853933,0.449438202247,1.88919244423,0.57877549951,-1.38687789489,-0.762381059928
0.797752808989,0.449438202247,1.80060119388,0.546956004425,-1.3272393832,-0.728840731049
0.808988764045,0.449438202247,1.71009875159,0.514872379497,-1.26685684068,-0.694113827219
0.820224719101,0.449438202247,1.61821007963,0.48329123511,-1.20599171904,-0.657870469825
0.831460674157,0.449438202247,1.52513208309,0.452469109529,-1.14227326723,-0.619661073441
0.842696629213,0.449438202247,1.43077505232,0.422142115901,-1.07457464931,-0.579638222862
0.85393258427,0.449438202247,1.33502399692,0.391907450954,-1.00386349725,-0.538153320989
0.865168539326,0.449438202247,1.23792126452,0.361588933556,-0.930993315657,-0.495367302587
0.876404494382,0.449438202247,1.13960420011,0.331275190815,-0.856174462607,-0.45151254526
0.887640449438,0.449438202247,1.04017253201,0.301145727213,-0.779783864709,-0.407117347073
0.898876404494,0.449438202247,0.93968938098,0.271325533448,-0.70190437515,-0.362746461346
0.910112359551,0.449438202247,0.838257859611,0.241839259001,-0.621867052104,-0.318818337703
0.921348314607,0.449438202247,0.736031365654,0.212651963006,-0.540061615077,-0.276013832782
0.932584269663,0.449438202247,0.633142225603,0.183707177023,-0.459625925242,-0.23549349623
0.943820224719,0.449438202247,0.529627684593,0.154849557661,-0.383341964701,-0.197843432456
0.955056179775,0.449438202247,0.425418891843,0.125729295425,-0.308931277284,-0.161738911
0.966292134831,0.449438202247,0.320397190511,0.095897938737,-0.232270278213,-0.124499207621
0.977528089888,0.449438202247,0.214475161479,0.0650419650589,-0.153636151233,-0.0843735416827
0.988764044944,0.449438202247,0.107649525134,0.0330797238486,-0.0757545922786,-0.0421024342588
1,0.449438202247,3.74760071412e-16,1.16852152515e-16,-2.58458959772e-16,-1.43703222855e-16
0,0.460674157303,0,0,0,0
0.0112359550562,0.460674157303,0.106666454762,0.0432319783703,0.101817682192,-0.0326959549243
0.0224719101124,0.460674157303,0.213273230913,0.0862276315852,0.204284625141,-0.0662441338376
0.0337078651685,0.460674157303,0.319610808509,0.128012128892,0.30602805062,-0.0999180158555
0.0449438202247,0.460674157303,0.425612719554,0.16809466371,0.405304096295,-0.133912057373
0.0561797752809,0.460674157303,0.531218719924,0.206458144308,0.500783038653,-0.168195839306
0.0674157303371,0.460674157303,0.636276332923,0.243584796725,0.593566491669,-0.202258890297
0.0786516853933,0.460674157303,0.74051044424,0.280326748875,0.687031168136,-0.235508887615
0.0898876404494,0.460674157303,0.84356813027,0.317468401653,0.782785031693,-0.267761629807
0.101123595506,0.460674157303,0.94508951988,0.355181483288,0.877812096654,-0.299315757583
0.112359550562,0.460674157303,1.04477719313,0.392867810332,0.968462887688,-0.330654139046
0.123595505618,0.460674157303,1.14248069349,0.429621773985,1.05473616319,-0.362069995109
0.134831460674,0.460674157303,1.23826466528,0.464951595433,1.13739362258,-0.393497527907
0.14606741573,0.460674157303,1.3323576248,0.499180730747,1.21572394096,-0.424437571366
0.157303370787,0.460674157303,1.42495300951,0.533247373925,1.29056807224,-0.454143297577
0.168539325843,0.460674157303,1.51601386219,0.568070731563,1.36448281472,-0.482281817628
0.179775280899,0.460674157303,1.60526761742,0.603946827185,1.43774612515,-0.509193074759
0.191011235955,0.460674157303,1.69239480115,0.640367670502,1.50899518726,-0.535147976169
0.202247191011,0.460674157303,1.77724666764,0.676336121568,1.57888388724,-0.559870965211
0.213483146067,0.460674157303,1.8599190318,0.710942395598,1.64697214152,-0.58329710169
0.224719101124,0.460674157303,1.94063087416,0.743795865739,1.71067652306,-0.606162088976
0.23595505618,0.460674157303,2.01954904612,0.77503147833,1.77213950333,-0.62938065509
0.247191011236,0.460674157303,2.09671110016,0.80498032679,1.83560109464,-0.653582853389
0.258426966292,0.460674157303,2.17197621739,0.833763990297,1.90165821152,-0.67919596158
0.269662921348,0.460674157303,2.244976264,0.86105480246,1.96578126643,-0.706022815543
0.280898876404,0.460674157303,2.31521516413,0.886179310967,2.00936292797,-0.732937646166
0.292134831461,0.460674157303,2.38232524254,0.908532356351,2.0327893243,-0.75797510687
0.303370786517,0.460674157303,2.44632043682,0.92808134544,2.06202865436,-0.780160051446
0.314606741573,0.460674157303,2.50760382283,0.945528374026,2.07900675695,-0.801905056658
0.325842696629,0.460674157303,2.56656112993,0.96173649473,2.07790058596,-0.825621232768
0.337078651685,0.460674157303,2.62309483575,0.976880088617,2.08398727708,-0.850707852008
0.348314606742,0.460674157303,2.67658805229,0.990252640285,2.0991990676,-0.874977304615
0.359550561798,0.460674157303,2.7262119729,1.00089253136,2.10296639032,-0.89692059711
0.370786516854,0.460674157303,2.77134951655,1.00852270679,2.09177756368,-0.915989900531
0.38202247191,0.460674157303,2.81206777786,1.01422185356,2.0940648521,-0.93158862921
0.393258426966,0.460674157303,2.8491220571,1.02002238033,2.11479534814,-0.943818250655
0.404494382022,0.460674157303,2.88324898629,1.02743860341,2.04650749963,-0.955843498085
0.415730337079,0.460674157303,2.91446898333,1.03625277797,1.77596059658,-0.971145482049
0.426966292135,0.460674157303,2.94220565542,1.04479656662,1.52256490412,-0.984513999907
0.438202247191,0.460674157303,2.96622811546,1.05163516609,1.47784312729,-0.990802079724
0.449438202247,0.460674157303,2.98679232573,1.05637895497,1.06041912993,-1.00353317693
0.460674157303,0.460674157303,3.00405261919,1.05931779072,0.489944699957,-1.0158356759
0.47191011236,0.460674157303,3.01793166579,1.06109058815,0.225030820373,-1.01588351367
0.483146067416,0.460674157303,3.0281566339,1.06219235472,0.182592009954,-1.00794069109
0.494382022472,0.460674157303,3.03401806148,1.062173978,-0.106742832625,-1.00795057521
0.505617977528,0.460674157303,3.03456142787,1.05967401328,-0.613070793528,-1.01851833918
0.516853932584,0.460674157303,3.02949606556,1.05364769673,-0.871161137914,-1.02808740245
0.52808988764,0.460674157303,3.01938524567,1.04395320695,-0.905545109328,-1.03454269244
0.539325842697,0.460674157303,3.0050571716,1.03103987116,-1.1723832475,-1.04636239503
0.550561797753,0.460674157303,2.98759361102,1.01616409658,-1.61927264702,-1.06102081155
0.561797752809,0.460674157303,2.9680510689,1.00103898719,-1.77267435229,-1.06666639263
0.573033707865,0.460674157303,2.94578221787,0.985630346571,-1.77819509439,-1.06648438546
0.584269662921,0.460674157303,2.91889605791,0.968385852299,-1.80589399741,-1.06373060636
0.595505617978,0.460674157303,2.88705184699,0.949278371216,-1.84894679264,-1.05806361439
0.606741573034,0.460674157303,2.85105980114,0.929283150158,-1.86856823193,-1.04922302371
0.61797752809,0.460674157303,2.81172612156,0.909099562746,-1.86793949278,-1.03768059491
0.629213483146,0.460674157303,2.76960259948,0.88899635461,-1.88398014578,-1.02346082746
0.640449438202,0.460674157303,2.72479577905,0.868745693838,-1.9192596867,-1.00493927415
0.651685393258,0.460674157303,2.67711050016,0.847938577457,-1.92030816824,-0.980294485734
0.662921348315,0.460674157303,2.62633587552,0.826411976478,-1.8918307435,-0.951715611836
0.674157303371,0.460674157303,2.57231545429,0.804283948913,-1.86330233252,-0.923464829612
0.685393258427,0.460674157303,2.51502514461,0.781848783761,-1.82953232743,-0.897901726267
0.696629213483,0.460674157303,2.45465009414,0.759463514208,-1.79947050012,-0.875210524957
0.707865168539,0.460674157303,2.39139074538,0.737262404138,-1.77012709947,-0.853334648683
0.719101123596,0.460674157303,2.32521488606,0.714952953772,-1.73019031256,-0.830069149064
0.730337078652,0.460674157303,2.25589503678,0.691972521355,-1.67909941649,-0.805195586501
0.741573033708,0.460674157303,2.18328444941,0.66786471593,-1.62267050219,-0.780110982274
0.752808988764,0.460674157303,2.10746000095,0.642451778042,-1.56545512336,-0.755729305166
0.76404494382,0.460674157303,2.02855647932,0.615644968039,-1.50952341312,-0.73116749299
0.775280898876,0.460674157303,1.94663682756,0.587317818461,-1.45441272584,-0.704776493263
0.786516853933,0.460674157303,1.86183412924,0.557518648495,-1.39724785343,-0.676051775088
0.797752808989,0.460674157303,1.77453245445,0.526725291549,-1.33709894679,-0.645783272
0.808988764045,0.460674157303,1.68531056237,0.495759211835,-1.27620449635,-0.614513804745
0.820224719101,0.460674157303,1.59466658939,0.465346664915,-1.21480319804,-0.581927518126
0.831460674157,0.460674157303,1.50279844584,0.435708174516,-1.15046059516,-0.547807457933
0.842696629213,0.460674157303,1.40966197489,0.406559264123,-1.08199330374,-0.512488373179
0.85393258427,0.460674157303,1.3152139938,0.377491100646,-1.01029793371,-0.476222762697
0.865168539326,0.460674157303,1.2195444983,0.348323887991,-0.936193261973,-0.438883726759
0.876404494382,0.460674157303,1.12277924596,0.319138088003,-0.859987760563,-0.400441209238
0.887640449438,0.460674157303,1.02496174407,0.290109152994,-0.782292206482,-0.361290805557
0.898876404494,0.460674157303,0.926093810995,0.261367469774,-0.703445777128,-0.321996693709
0.910112359551,0.460674157303,0.826238195759,0.232942635377,-0.622916109678,-0.283040972882
0.921348314607,0.460674157303,0.725534722596,0.204795057743,-0.541040988668,-0.245088250959
0.932584269663,0.460674157303,0.62412496538,0.176859069722,-0.460763340595,-0.209086112074
0.943820224719,0.460674157303,0.522068662812,0.148980627628,-0.384643654411,-0.175313247108
0.955056179775,0.460674157303,0.419320329106,0.120838054999,-0.310250290007,-0.142397013795
0.966292134831,0.460674157303,0.31577843542,0.0920414926466,-0.233412536675,-0.108161961559
0.977528089888,0.460674157303,0.211366012734,0.0623409842375,-0.154469071097,-0.0717861521369
0.988764044944,0.460674157303,0.106082449678,0.0316785305408,-0.0762189744696,-0.0348599666182
1,0.460674157303,3.69295988309e-16,1.11915085314e-16,-2.60361933868e-16,-1.155416927e-16
0,0.47191011236,0,0,0,0
0.0112359550562,0.47191011236,0.106053241709,0.0424167578196,0.101971414371,-0.0270057558166
0.0224719101124,0.47191011236,0.21207393861,0.0846550958881,0.204529014533,-0.0564926119518
0.0337078651685,0.47191011236,0.31782946379,0.125767707179,0.306243844774,-0.0866966936437
0.0449438202247,0.47191011236,0.423203948129,0.16524417414,0.405375303927,-0.116781037161
0.0561797752809,0.47191011236,0.52809055685,0.203055332675,0.500659397461,-0.146338379666
0.0674157303371,0.47191011236,0.632314754661,0.23969877831,0.593278492636,-0.175059919791
0.0786516853933,0.47191011236,0.735613972478,0.276045893274,0.686671632487,-0.20261813377
0.0898876404494,0.47191011236,0.837679166352,0.312876066458,0.782467454439,-0.228848614222
0.101123595506,0.47191011236,0.938208120898,0.350340177577,0.877617878109,-0.254013967878
0.112359550562,0.47191011236,1.03694703484,0.387829517387,0.968423327998,-0.278828475534
0.123595505618,0.47191011236,1.1337496339,0.424427236285,1.0548601918,-0.304085509555
0.134831460674,0.47191011236,1.22863963192,0.45958227846,1.13767172271,-0.330176132884
0.14606741573,0.47191011236,1.32178159691,0.493489204025,1.21610696382,-0.356691241777
0.157303370787,0.47191011236,1.41332169979,0.526934537552,1.29100265236,-0.382572246353
0.168539325843,0.47191011236,1.50322727821,0.560756846446,1.36496763185,-0.407114148683
0.179775280899,0.47191011236,1.59129032204,0.595311561767,1.43831681226,-0.430637315502
0.191011235955,0.47191011236,1.67729257232,0.630268969557,1.50965700261,-0.453757559377
0.202247191011,0.47191011236,1.76117894819,0.664822591819,1.57954684977,-0.476420234927
0.213483146067,0.47191011236,1.84308671999,0.698159965879,1.6474253339,-0.498181229533
0.224719101124,0.47191011236,1.92320622832,0.729889886223,1.71076263127,-0.518951951156
0.23595505618,0.47191011236,2.00162892778,0.760137911299,1.7720923647,-0.539043264653
0.247191011236,0.47191011236,2.07830993203,0.789270971402,1.83606346286,-0.559096122257
0.258426966292,0.47191011236,2.15305124788,0.817456064688,1.90324558489,-0.579935526645
0.269662921348,0.47191011236,2.22547724989,0.844379403056,1.9686415448,-0.601740731327
0.280898876404,0.47191011236,2.2951339011,0.869351243404,2.01298558844,-0.623622757521
0.292134831461,0.47191011236,2.36170878423,0.89172994185,2.03632888976,-0.643836548408
0.303370786517,0.47191011236,2.42523817934,0.911419799841,2.065185276,-0.661644529084
0.314606741573,0.47191011236,2.48611004335,0.929042224587,2.0817470147,-0.679561042952
0.325842696629,0.47191011236,2.54470257719,0.945405139795,2.07999057647,-0.699809596073
0.337078651685,0.47191011236,2.60095129949,0.96067990677,2.08514809099,-0.721491298261
0.348314606742,0.47191011236,2.65430363548,0.974196241144,2.09933990117,-0.742390216792
0.359550561798,0.47191011236,2.70397280374,0.98501631727,2.10238061795,-0.761283990227
0.370786516854,0.47191011236,2.74926861074,0.992786071141,2.09115983941,-0.777913244153
0.38202247191,0.47191011236,2.79006056949,0.998406233767,2.09410630869,-0.791789020738
0.393258426966,0.47191011236,2.82695440255,1.00380848417,2.11515880455,-0.80301935154
0.404494382022,0.47191011236,2.86068206196,1.01054743132,2.04497860998,-0.814687930308
0.415730337079,0.47191011236,2.89131454827,1.0184538939,1.76974318762,-0.829999964434
0.426966292135,0.47191011236,2.91834354219,1.0259024008,1.51221882509,-0.843383027654
0.438202247191,0.47191011236,2.94160768463,1.03154326143,1.46517236232,-0.849783907465
0.449438202247,0.47191011236,2.96140257232,1.03511202595,1.0451318181,-0.863432062457
0.460674157303,0.47191011236,2.97794166654,1.0370838572,0.474681376051,-0.87802871957
0.47191011236,0.47191011236,2.99124748245,1.03829905927,0.21118375154,-0.88162437572
0.483146067416,0.47191011236,3.00111595199,1.03935100788,0.169102198898,-0.877493490028
0.494382022472,0.47191011236,3.00681070387,1.03971653581,-0.121751230632,-0.880440233214
0.505617977528,0.47191011236,3.00730401389,1.03785631562,-0.628144299356,-0.892455109429
0.516853932584,0.47191011236,3.00227262029,1.03254763604,-0.884731290576,-0.902020920213
0.52808988764,0.47191011236,2.99230725866,1.02351150715,-0.918210565292,-0.907228692284
0.539325842697,0.47191011236,2.97828942586,1.01111257383,-1.1844284326,-0.916677103143
0.550561797753,0.47191011236,2.96131749456,0.996563558774,-1.63205652174,-0.928185983221
0.561797752809,0.47191011236,2.94243293585,0.981608615452,-1.78570220847,-0.930467350798
0.573033707865,0.47191011236,2.9209773963,0.966337863507,-1.7906715725,-0.927435304044
0.584269662921,0.47191011236,2.89505637016,0.949365847616,-1.81826256135,-0.922981738933
0.595505617978,0.47191011236,2.86429412963,0.930773536844,-1.861649917,-0.917023419922
0.606741573034,0.47191011236,2.82936642565,0.911467841312,-1.88163629686,-0.90915872883
0.61797752809,0.47191011236,2.79091546274,0.891969589521,-1.88160780327,-0.899598417597
0.629213483146,0.47191011236,2.74945396892,0.872451670093,-1.8989682334,-0.888358912444
0.640449438202,0.47191011236,2.70520679148,0.852751954092,-1.9352832294,-0.874109133252
0.651685393258,0.47191011236,2.65812708819,0.832591014995,-1.93508443704,-0.855235297318
0.662921348315,0.47191011236,2.60805591507,0.811879710572,-1.90370709595,-0.83366184391
0.674157303371,0.47191011236,2.55477466773,0.790717031682,-1.87268350891,-0.812919919459
0.685393258427,0.47191011236,2.49814300791,0.769306268371,-1.83789255875,-0.794583307185
0.696629213483,0.47191011236,2.43824224302,0.74787421535,-1.80778607058,-0.778307751647
0.707865168539,0.47191011236,2.37523877888,0.726438644778,-1.7784385006,-0.761747015071
0.719101123596,0.47191011236,2.30917318675,0.704665822698,-1.73839952586,-0.74248993261
0.730337078652,0.47191011236,2.23996895739,0.68203464137,-1.6873668967,-0.720107534352
0.741573033708,0.47191011236,2.16762719258,0.658170204974,-1.63119810461,-0.695890863842
0.752808988764,0.47191011236,2.09229665817,0.632973300261,-1.57424874388,-0.670998783108
0.76404494382,0.47191011236,2.01409720779,0.606422302681,-1.51837899167,-0.645263307254
0.775280898876,0.47191011236,1.93302928958,0.57845132747,-1.46303600728,-0.617973920557
0.786516853933,0.47191011236,1.84914430204,0.549140524666,-1.40539027534,-0.589282571979
0.797752808989,0.47191011236,1.7627311173,0.51894585843,-1.34464997034,-0.560070410121
0.808988764045,0.47191011236,1.6742767446,0.488627125371,-1.28317416002,-0.530688786631
0.820224719101,0.47191011236,1.58422548901,0.458844778664,-1.22121335609,-0.500844710839
0.831460674157,0.47191011236,1.49278540623,0.429770719361,-1.1562738558,-0.470619208183
0.842696629213,0.47191011236,1.39998594857,0.401096363489,-1.08708947455,-0.44054251218
0.85393258427,0.47191011236,1.30588925607,0.372416873483,-1.01445535491,-0.41071963952
0.865168539326,0.47191011236,1.21067070454,0.34357863755,-0.939157995089,-0.380663595129
0.876404494382,0.47191011236,1.11448692265,0.314697961241,-0.861644012799,-0.349966145967
0.887640449438,0.47191011236,1.01736376688,0.285985105842,-0.782809283991,-0.318650779752
0.898876404494,0.47191011236,0.919261180814,0.257590353576,-0.703285839696,-0.286869775463
0.910112359551,0.47191011236,0.820193325261,0.229536383444,-0.622673383916,-0.254671418659
0.921348314607,0.47191011236,0.720258678606,0.20175617405,-0.54119361451,-0.222316906765
0.932584269663,0.47191011236,0.619580048252,0.174157157154,-0.461493569743,-0.190426209879
0.943820224719,0.47191011236,0.51822608533,0.146578843516,-0.385835652945,-0.159165136784
0.955056179775,0.47191011236,0.416176043997,0.118726545064,-0.311626057068,-0.127545411911
0.966292134831,0.47191011236,0.313353605372,0.0902698032505,-0.234686423117,-0.094426025152
0.977528089888,0.47191011236,0.209700698743,0.0610244365724,-0.155451799007,-0.0603608998296
0.988764044944,0.47191011236,0.105226367903,0.030962832182,-0.0767963075846,-0.0279739877967
1,0.47191011236,3.66258952988e-16,1.09317195801e-16,-2.62811703448e-16,-8.83273203983e-17
0,0.483146067416,0,0,0,0
0.0112359550562,0.483146067416,0.105757582714,0.0416879004421,0.101916805306,-0.0232510414597
0.0224719101124,0.483146067416,0.211491376685,0.0832502964478,0.204362732277,-0.0498956406997
0.0337078651685,0.483146067416,0.316957411455,0.123785578475,0.305899549447,-0.077080649894
0.0449438202247,0.483146067416,0.422002158566,0.162780350845,0.404811610694,-0.103156063664
0.0561797752809,0.483146067416,0.526487474441,0.200212252352,0.499884341217,-0.127630713798
0.0674157303371,0.483146067416,0.630233414921,0.236612144632,0.592330255718,-0.150640198212
0.0786516853933,0.483146067416,0.732999535324,0.272876026619,0.685599136797,-0.172290174596
0.0898876404494,0.483146067416,0.834513986865,0.30976006876,0.781331628105,-0.192496379754
0.101123595506,0.483146067416,0.9345093811,0.347356542054,0.876480509695,-0.211412717812
0.112359550562,0.483146067416,1.03274902211,0.385008950105,0.96731905456,-0.229825745701
0.123595505618,0.483146067416,1.12907450932,0.421770566558,1.05378849267,-0.248885506102
0.134831460674,0.483146067416,1.22346384652,0.457030460621,1.13661308844,-0.269428321887
0.14606741573,0.483146067416,1.31601499883,0.49085585384,1.21506457941,-0.291300932623
0.157303370787,0.483146067416,1.40682146592,0.523873356119,1.29005605523,-0.313376118975
0.168539325843,0.483146067416,1.49585297182,0.556828586294,1.36423607214,-0.334734458734
0.179775280899,0.483146067416,1.58297394605,0.590135219529,1.43782479862,-0.355676117638
0.191011235955,0.483146067416,1.66807918923,0.623656682208,1.50926217991,-0.377024166169
0.202247191011,0.483146067416,1.75120902354,0.656797064174,1.5789816577,-0.398709543985
0.213483146067,0.483146067416,1.83252795616,0.688853777785,1.64637794572,-0.419653458991
0.224719101124,0.483146067416,1.91218014205,0.719440235398,1.70909546175,-0.43878951188
0.23595505618,0.483146067416,1.99017979019,0.748678089304,1.77018530322,-0.45582429373
0.247191011236,0.483146067416,2.06641917396,0.776979240381,1.83479757065,-0.471469478682
0.258426966292,0.483146067416,2.14068026704,0.804572218814,1.90341278873,-0.486968942555
0.269662921348,0.483146067416,2.2126274452,0.831183918865,1.97028348508,-0.50293623206
0.280898876404,0.483146067416,2.28188802249,0.856134872483,2.01519906189,-0.518947580478
0.292134831461,0.483146067416,2.3482151023,0.87875370535,2.03795602617,-0.533797888205
0.303370786517,0.483146067416,2.41164325876,0.898859525524,2.06599215482,-0.547132966211
0.314606741573,0.483146067416,2.4724943476,0.916943637865,2.08206138678,-0.561399515126
0.325842696629,0.483146067416,2.53107863882,0.933697574254,2.07999546213,-0.578311235133
0.337078651685,0.483146067416,2.58732933216,0.949257042816,2.08479012982,-0.596480380848
0.348314606742,0.483146067416,2.64077531648,0.963017636184,2.09840836533,-0.613710956739
0.359550561798,0.483146067416,2.69072604344,0.974136597988,2.10074395678,-0.629247329032
0.370786516854,0.483146067416,2.73644453,0.982215186611,2.08899715879,-0.643274918381
0.38202247191,0.483146067416,2.77754975202,0.987910193649,2.09172922786,-0.655478788635
0.393258426966,0.483146067416,2.81441752138,0.992956573156,2.11211800161,-0.665983112795
0.404494382022,0.483146067416,2.84774747275,0.998924229449,2.03937004571,-0.677764483719
0.415730337079,0.483146067416,2.87768321445,1.00573446087,1.75966350878,-0.693667066199
0.426966292135,0.483146067416,2.90381669622,1.01185978336,1.49891454974,-0.707671400984
0.438202247191,0.483146067416,2.92608880795,1.01608562504,1.4503673865,-0.714833205906
0.449438202247,0.483146067416,2.94488338879,1.01833147088,1.02903170636,-0.730179021435
0.460674157303,0.483146067416,2.96052266388,1.01930432324,0.459956975492,-0.74808818285
0.47191011236,0.483146067416,2.97313970932,1.02003198222,0.198799980655,-0.756453810135
0.483146067416,0.483146067416,2.98255419578,1.02111676681,0.157835539353,-0.757340850427
0.494382022472,0.483146067416,2.98796358263,1.02187830594,-0.133404657632,-0.764073138943
0.505617977528,0.483146067416,2.9883293021,1.02064636289,-0.639237906329,-0.777736514065
0.516853932584,0.483146067416,2.98340887396,1.01614826317,-0.894835276905,-0.786722407878
0.52808988764,0.483146067416,2.9738387558,1.0080077265,-0.928029571507,-0.789388239194
0.539325842697,0.483146067416,2.96046027991,0.996424866936,-1.1934532459,-0.79470859804
0.550561797753,0.483146067416,2.94425133057,0.982429136884,-1.64136126284,-0.801202108515
0.561797752809,0.483146067416,2.92609111952,0.967625685242,-1.79561640785,-0.798399621737
0.573033707865,0.483146067416,2.90526780525,0.952170903167,-1.80058276055,-0.790957889986
0.584269662921,0.483146067416,2.88010433531,0.935101898249,-1.82830223459,-0.783340416595
0.595505617978,0.483146067416,2.85041559719,0.916885459268,-1.87214073979,-0.775743671002
0.606741573034,0.483146067416,2.81671786561,0.898358855468,-1.89272692589,-0.767797195558
0.61797752809,0.483146067416,2.77933335576,0.879711283706,-1.89352920383,-0.759756526488
0.629213483146,0.483146067416,2.73858931641,0.860866631779,-1.91210832086,-0.751935930807
0.640449438202,0.483146067416,2.69476526416,0.841654455978,-1.94892057221,-0.743419297412
0.651685393258,0.483146067416,2.64799529748,0.821948653692,-1.9467416382,-0.732600875895
0.662921348315,0.483146067416,2.59825692039,0.801813776281,-1.91181051195,-0.720640942546
0.674157303371,0.483146067416,2.54536484348,0.78142709238,-1.87792307567,-0.709761719037
0.685393258427,0.483146067416,2.48914905674,0.760993963125,-1.84211634782,-0.700359919782
0.696629213483,0.483146067416,2.42962527867,0.740648601589,-1.81221373653,-0.691469649083
0.707865168539,0.483146067416,2.36689317288,0.720242825651,-1.78323761771,-0.680575118091
0.719101123596,0.483146067416,2.3009955332,0.699301996333,-1.74350574294,-0.665187598306
0.730337078652,0.483146067416,2.23194338356,0.677251831526,-1.69286433845,-0.644654658598
0.741573033708,0.483146067416,2.15984745162,0.65373697865,-1.63713946798,-0.620062521924
0.752808988764,0.483146067416,2.08492309251,0.628724337295,-1.58049106562,-0.592838468824
0.76404494382,0.483146067416,2.00729834106,0.602296071194,-1.52463243847,-0.563779634861
0.775280898876,0.483146067416,1.92693447371,0.57450026284,-1.46898738681,-0.533439490025
0.786516853933,0.483146067416,1.84379803648,0.545484040459,-1.41078707497,-0.502815100139
0.797752808989,0.483146067416,1.75805198053,0.515687067652,-1.34936143329,-0.472940180913
0.808988764045,0.483146067416,1.67005704084,0.485794477505,-1.28720027162,-0.444077338618
0.820224719101,0.483146067416,1.58019202022,0.456386753579,-1.22461269727,-0.41612825303
0.831460674157,0.483146067416,1.48869154617,0.427581279712,-1.15908726371,-0.389569057774
0.842696629213,0.483146067416,1.3956876678,0.399049043068,-1.08927965355,-0.365074341362
0.85393258427,0.483146067416,1.30137388415,0.370401214627,-1.01586941279,-0.342475235933
0.865168539326,0.483146067416,1.20603182736,0.341528452392,-0.939608385011,-0.320813166876
0.876404494382,0.483146067416,1.10987226276,0.312604609274,-0.861085664204,-0.299226169544
0.887640449438,0.483146067416,1.01293271903,0.283895938682,-0.781475208657,-0.277266007131
0.898876404494,0.483146067416,0.915156703746,0.255585468891,-0.701683968574,-0.254459500186
0.910112359551,0.483146067416,0.816515904669,0.22768810638,-0.621414776025,-0.230104381925
0.921348314607,0.483146067416,0.717050185954,0.200097712907,-0.54072438369,-0.20379255499
0.932584269663,0.483146067416,0.616834486816,0.172679338172,-0.461905230635,-0.175765669208
0.943820224719,0.483146067416,0.51592061269,0.145251318787,-0.386890251183,-0.14627949061
0.955056179775,0.483146067416,0.414296893505,0.11753192806,-0.312946863042,-0.115080707906
0.966292134831,0.483146067416,0.311904634974,0.0892351142915,-0.235941876029,-0.082376330925
0.977528089888,0.483146067416,0.208701570045,0.0602297187803,-0.1564381475,-0.050192860931
0.988764044944,0.483146067416,0.104708130683,0.0305174446231,-0.0773861380255,-0.0219557170454
1,0.483146067416,3.64394306358e-16,1.07655785949e-16,-2.65350277705e-16,-6.56253160638e-17
0,0.494382022472,0,0,0,0
0.0112359550562,0.494382022472,0.104842397356,0.0400661463242,0.101675226184,-0.0197170571077
0.0224719101124,0.494382022472,0.209658722583,0.0800664117738,0.203847237077,-0.0429248193354
0.0337078651685,0.494382022472,0.314202611697,0.119151068022,0.305102335205,-0.0658746406449
0.0449438202247,0.494382022472,0.418299407055,0.156816541394,0.403753478495,-0.0865100449064
0.0561797752809,0.494382022472,0.521799076406,0.193059967296,0.498603642045,-0.104596877601
0.0674157303371,0.494382022472,0.624531751133,0.228451881614,0.590842595919,-0.120905309766
0.0786516853933,0.494382022472,0.726282331622,0.263907620357,0.683890802849,-0.136069514612
0.0898876404494,0.494382022472,0.826801979507,0.300140871118,0.779406618921,-0.150088429472
0.101123595506,0.494382022472,0.925831704679,0.337158183489,0.874383031328,-0.162873200853
0.112359550562,0.494382022472,1.02312823974,0.374235146392,0.965087851515,-0.175037190369
0.123595505618,0.494382022472,1.11851303318,0.410395134196,1.05141401979,-0.187838301871
0.134831460674,0.494382022472,1.21192525314,0.444985910035,1.13407523771,-0.202425389981
0.14606741573,0.494382022472,1.30340714655,0.477968775834,1.21244225006,-0.218943304138
0.157303370787,0.494382022472,1.3930065133,0.5098198562,1.28758739065,-0.236347065023
0.168539325843,0.494382022472,1.48069811869,0.541187226472,1.36217789887,-0.25359896617
0.179775280899,0.494382022472,1.56641733575,0.572531222768,1.43620758449,-0.270921656512
0.191011235955,0.494382022472,1.65016295302,0.603896651985,1.5078208658,-0.289205337186
0.202247191011,0.494382022472,1.73205341682,0.634892514173,1.57729121306,-0.30831558554
0.213483146067,0.494382022472,1.81226542192,0.664935832924,1.64402849378,-0.326711895475
0.224719101124,0.494382022472,1.89090042901,0.693672643722,1.70593954055,-0.342716090237
0.23595505618,0.494382022472,1.96792071983,0.721250980721,1.76664489343,-0.35576985345
0.247191011236,0.494382022472,2.04318965603,0.748141279689,1.83180143839,-0.366735395074
0.258426966292,0.494382022472,2.11650151436,0.774633841158,1.90174733048,-0.377067933914
0.269662921348,0.494382022472,2.18758570947,0.80049410986,1.96988065287,-0.387511825445
0.280898876404,0.494382022472,2.25615650791,0.825042878807,2.01499659928,-0.397914807196
0.292134831461,0.494382022472,2.32200901274,0.847550177489,2.03673272864,-0.407565966504
0.303370786517,0.494382022472,2.38512829406,0.867703756812,2.06359862698,-0.416513063141
0.314606741573,0.494382022472,2.44571039252,0.885809661191,2.07908620318,-0.42716426571
0.325842696629,0.494382022472,2.50394044797,0.902389870364,2.07698459242,-0.440775996292
0.337078651685,0.494382022472,2.55972290087,0.917523324149,2.08193186258,-0.455534060335
0.348314606742,0.494382022472,2.61270145174,0.930716484662,2.09541336217,-0.469278429878
0.359550561798,0.494382022472,2.66237214054,0.941330102383,2.09708533112,-0.48167265805
0.370786516854,0.494382022472,2.70804191399,0.949026813828,2.08437089773,-0.493259902012
0.38202247191,0.494382022472,2.74908541921,0.954227289172,2.08615070822,-0.50379957316
0.393258426966,0.494382022472,2.78558073752,0.958398654741,2.10519116404,-0.513365630463
0.404494382022,0.494382022472,2.81816710123,0.96311342009,2.0297373341,-0.524822870049
0.415730337079,0.494382022472,2.84710348173,0.968459272817,1.74654441102,-0.54066753971
0.426966292135,0.494382022472,2.87212966731,0.973078777153,1.48415939272,-0.554445579722
0.438202247191,0.494382022472,2.89331459122,0.975917560092,1.43540908431,-0.561343568819
0.449438202247,0.494382022472,2.91114717055,0.977072828368,1.01432829155,-0.577217317232
0.460674157303,0.494382022472,2.92604451122,0.977429988624,0.447519135252,-0.597241818548
0.47191011236,0.494382022472,2.93818155396,0.978084392736,0.188878161835,-0.609282899314
0.483146067416,0.494382022472,2.94730434442,0.979497257574,0.14940161402,-0.614293739845
0.494382022472,0.494382022472,2.95251408674,0.980769812593,-0.140998485281,-0.62414829558
0.505617977528,0.494382022472,2.95286101047,0.980211866062,-0.645520123684,-0.63905110996
0.516853932584,0.494382022472,2.94830022055,0.976661318937,-0.900447602903,-0.647364114554
0.52808988764,0.494382022472,2.93951556809,0.969696400158,-0.933699668585,-0.647853793483
0.539325842697,0.494382022472,2.9272147035,0.959297127986,-1.19808763429,-0.650050970736
0.550561797753,0.494382022472,2.91214339952,0.946208922185,-1.64570730851,-0.653218622395
0.561797752809,0.494382022472,2.89491714432,0.931773468744,-1.8009420157,-0.647505412095
0.573033707865,0.494382022472,2.87475558074,0.916167872623,-1.80671814608,-0.637844694897
0.584269662921,0.494382022472,2.85035568925,0.899009513062,-1.83507098529,-0.628780238231
0.595505617978,0.494382022472,2.82185933738,0.881305597816,-1.87959145235,-0.620495439485
0.606741573034,0.494382022472,2.78962294462,0.863840206861,-1.90096389646,-0.6126601889
0.61797752809,0.494382022472,2.75356910511,0.846405220363,-1.90266222501,-0.605846894485
0.629213483146,0.494382022472,2.71373092214,0.828571189421,-1.92213047235,-0.601017619405
0.640449438202,0.494382022472,2.67037317243,0.810082773936,-1.9588172804,-0.597880960193
0.651685393258,0.494382022472,2.62381947657,0.790958595471,-1.95427083334,-0.59479458014
0.662921348315,0.494382022472,2.57425231522,0.771462371806,-1.91575689898,-0.591938007329
0.674157303371,0.494382022472,2.52162529991,0.751937386694,-1.87917534516,-0.590069248096
0.685393258427,0.494382022472,2.46585255394,0.732700245408,-1.84262506773,-0.588475010568
0.696629213483,0.494382022472,2.4069515425,0.71386392952,-1.81324000225,-0.585850240222
0.707865168539,0.494382022472,2.34494646188,0.695110404333,-1.78499820403,-0.579888482041
0.719101123596,0.494382022472,2.27981842384,0.675762606052,-1.7458993086,-0.568320665937
0.730337078652,0.494382022472,2.21158502759,0.655111317474,-1.69581783886,-0.550360446673
0.741573033708,0.494382022472,2.14039278082,0.632742218587,-1.64052454819,-0.52679248883
0.752808988764,0.494382022472,2.06648076285,0.608639845133,-1.58405418014,-0.499152365718
0.76404494382,0.494382022472,1.98999012864,0.58299446196,-1.52807599882,-0.469040579326
0.775280898876,0.494382022472,1.91087508775,0.556008132403,-1.47206044815,-0.438049737021
0.786516853933,0.494382022472,1.82903617395,0.527929928879,-1.41329799952,-0.407711638909
0.797752808989,0.494382022472,1.74449604316,0.49918814118,-1.35118916972,-0.378968030177
0.808988764045,0.494382022472,1.65745581378,0.470372938024,-1.28832190991,-0.351956853731
0.820224719101,0.494382022472,1.56820604201,0.441961755305,-1.22509375593,-0.326850680086
0.831460674157,0.494382022472,1.47701169416,0.414010925775,-1.15903446078,-0.30452134073
0.842696629213,0.494382022472,1.38413076845,0.386185816905,-1.0887564777,-0.285702139089
0.85393258427,0.494382022472,1.28991440089,0.358140011525,-1.01483116782,-0.269907038198
0.865168539326,0.494382022472,1.19476940539,0.329830613111,-0.937968299366,-0.255805702492
0.876404494382,0.494382022472,1.09897618828,0.301500511965,-0.858866878227,-0.242348255433
0.887640449438,0.494382022472,1.00260507306,0.273478370339,-0.778920350825,-0.228962073136
0.898876404494,0.494382022472,0.905607190079,0.245985958945,-0.699252308188,-0.214793110066
0.910112359551,0.494382022472,0.80792449137,0.219033731216,-0.619630906484,-0.198415292687
0.921348314607,0.494382022472,0.709529506089,0.192472701869,-0.539928796691,-0.178647904541
0.932584269663,0.494382022472,0.610423238676,0.166113768749,-0.462081169884,-0.155297949243
0.943820224719,0.494382022472,0.510610629053,0.139737243165,-0.387716536843,-0.12876494081
0.955056179775,0.494382022472,0.410066427026,0.113055017857,-0.314021246932,-0.0995752580717
0.966292134831,0.494382022472,0.308736825838,0.0858040402736,-0.236962300293,-0.0691198718692
0.977528089888,0.494382022472,0.206588017478,0.0578852107956,-0.157240675921,-0.0404101055679
0.988764044944,0.494382022472,0.103647334733,0.0293179221946,-0.0778703859822,-0.0169458234468
1,0.494382022472,3.60683745652e-16,1.03417576211e-16,-2.67466081435e-16,-4.96833708805e-17
0,0.505617977528,0,0,0,0
0.0112359550562,0.505617977528,0.102587523438,0.0368294822062,0.101320189314,-0.0143577018959
0.0224719101124,0.505617977528,0.205123532108,0.0736413175459,0.203116484259,-0.0317125945918
0.0337078651685,0.505617977528,0.307373025242,0.109639886706,0.304024587585,-0.0479332841804
0.0449438202247,0.505617977528,0.409165590237,0.144345498521,0.402387989721,-0.0611179043918
0.0561797752809,0.505617977528,0.510361515025,0.177780977305,0.496999498874,-0.0716113114521
0.0674157303371,0.505617977528,0.610810151245,0.210546945013,0.588979444669,-0.0808457553449
0.0786516853933,0.505617977528,0.710315285821,0.243560095262,0.681681117716,-0.089829930628
0.0898876404494,0.505617977528,0.808634166918,0.277479668061,0.776785169199,-0.0984074059246
0.101123595506,0.505617977528,0.905499639972,0.312229816944,0.871367992299,-0.105958632411
0.112359550562,0.505617977528,1.00065611069,0.347037313553,0.961728028757,-0.112640877801
0.123595505618,0.505617977528,1.0939131389,0.380926756165,1.04771601871,-0.119614995344
0.134831460674,0.505617977528,1.1851882717,0.413241284146,1.13005203548,-0.128226525498
0.14606741573,0.505617977528,1.2744861541,0.443868120368,1.20826246859,-0.138871096926
0.157303370787,0.505617977528,1.36182123673,0.473148654051,1.28361593991,-0.150592353665
0.168539325843,0.505617977528,1.44717366559,0.501625122556,1.35874776509,-0.162232128566
0.179775280899,0.505617977528,1.5305316765,0.529770052281,1.4333203574,-0.173869492821
0.191011235955,0.505617977528,1.61196173027,0.557758421446,1.50511036607,-0.186425929605
0.202247191011,0.505617977528,1.6916209827,0.585362829041,1.57422741598,-0.199913053799
0.213483146067,0.505617977528,1.76968199052,0.612120920022,1.64015302548,-0.212895781099
0.224719101124,0.505617977528,1.84622567943,0.637758991135,1.70111700498,-0.223803088987
0.23595505618,0.505617977528,1.92120854549,0.662506073958,1.76129082042,-0.232266399623
0.247191011236,0.505617977528,1.99450599183,0.686911019986,1.82675690674,-0.239238014426
0.258426966292,0.505617977528,2.06594463953,0.711308719454,1.89765370726,-0.245929023875
0.269662921348,0.505617977528,2.135314753,0.735465805674,1.96657159637,-0.252655839861
0.280898876404,0.505617977528,2.20239057898,0.758656416788,2.01147326777,-0.259065898456
0.292134831461,0.505617977528,2.26696867005,0.780044945189,2.0319246304,-0.264613678839
0.303370786517,0.505617977528,2.32894519963,0.799153707521,2.05739873353,-0.269604896676
0.314606741573,0.505617977528,2.38835800547,0.816084695363,2.07216286089,-0.276501395504
0.325842696629,0.505617977528,2.44523599306,0.831174387623,2.07011650237,-0.286392414177
0.337078651685,0.505617977528,2.49943670317,0.844439591411,2.07553465804,-0.297341669957
0.348314606742,0.505617977528,2.55074571049,0.855537313877,2.08919896992,-0.307365824159
0.359550561798,0.505617977528,2.59893619813,0.86413813564,2.09025905678,-0.316511383363
0.370786516854,0.505617977528,2.64348303294,0.870106382222,2.07629002775,-0.325553643632
0.38202247191,0.505617977528,2.68358509743,0.873702694561,2.07667794757,-0.334176264103
0.393258426966,0.505617977528,2.7190034383,0.876109815362,2.09411408924,-0.342287835151
0.404494382022,0.505617977528,2.7503105284,0.878917809175,2.01635724218,-0.352628157633
0.415730337079,0.505617977528,2.77792008494,0.882458044728,1.73122149656,-0.367415270762
0.426966292135,0.505617977528,2.80173006174,0.885573625283,1.46903500887,-0.379834920397
0.438202247191,0.505617977528,2.82192186777,0.887338246195,1.42134444724,-0.385184421292
0.449438202247,0.505617977528,2.83907185636,0.887961043891,1.00201729615,-0.400033166805
0.460674157303,0.505617977528,2.85363106705,0.888377428295,0.438047312602,-0.420348894539
0.47191011236,0.505617977528,2.86570076905,0.88956478667,0.181741958389,-0.434105247114
0.483146067416,0.505617977528,2.87484719471,0.891684303218,0.144012305514,-0.441403067814
0.494382022472,0.505617977528,2.88007848493,0.893608986739,-0.144213952046,-0.452954479535
0.505617977528,0.505617977528,2.88064182986,0.893771324606,-0.646573796701,-0.468364978005
0.516853932584,0.505617977528,2.87675944831,0.891252703979,-0.900961555424,-0.476218192501
0.52808988764,0.505617977528,2.86913110582,0.885625955321,-0.934398308269,-0.475925522267
0.539325842697,0.505617977528,2.85826406164,0.876645760726,-1.1975518299,-0.477686108971
0.550561797753,0.505617977528,2.8446461452,0.864779046127,-1.64433056591,-0.481283938455
0.561797752809,0.505617977528,2.82863505181,0.851097289831,-1.80088711135,-0.476954609648
0.573033707865,0.505617977528,2.80938932415,0.835760060377,-1.80842574623,-0.469209816691
0.584269662921,0.505617977528,2.78599196373,0.818929365792,-1.83809354814,-0.462055771743
0.595505617978,0.505617977528,2.7588997088,0.80211093738,-1.88356667091,-0.455278033815
0.606741573034,0.505617977528,2.72832439285,0.786055307709,-1.90573657193,-0.448484730955
0.61797752809,0.505617977528,2.69380501689,0.770200091202,-1.90807742471,-0.442703926286
0.629213483146,0.505617977528,2.65505201392,0.753759557274,-1.92783117077,-0.439773166568
0.640449438202,0.505617977528,2.61228897169,0.736378785683,-1.96381380591,-0.44015785995
0.651685393258,0.505617977528,2.56603918912,0.718220473291,-1.95705892782,-0.442156771693
0.662921348315,0.505617977528,2.51672488364,0.69974726472,-1.91568066402,-0.444943916226
0.674157303371,0.505617977528,2.46449832658,0.681485624923,-1.87709472109,-0.448029278569
0.685393258427,0.505617977528,2.40943608175,0.663913445031,-1.84022756629,-0.450107517226
0.696629213483,0.505617977528,2.35162718829,0.647189998121,-1.81158542392,-0.450218436889
0.707865168539,0.505617977528,2.29106075468,0.630890585779,-1.78426504042,-0.446923356737
0.719101123596,0.505617977528,2.22765409655,0.614170490896,-1.74591930375,-0.438630196526
0.730337078652,0.505617977528,2.16138238915,0.596171955832,-1.69636535353,-0.424592672401
0.741573033708,0.505617977528,2.09233880434,0.57635187099,-1.64135077995,-0.405202418781
0.752808988764,0.505617977528,2.02069332955,0.554616893839,-1.58489605977,-0.381786248838
0.76404494382,0.505617977528,1.94655478939,0.531201230527,-1.52872063842,-0.356210006918
0.775280898876,0.505617977528,1.86987909472,0.506446124034,-1.47237675147,-0.330376143979
0.786516853933,0.505617977528,1.79052605464,0.480710090884,-1.41319196207,-0.305607094505
0.797752808989,0.505617977528,1.70838639915,0.454412800454,-1.35057147504,-0.282264235618
0.808988764045,0.505617977528,1.62348748969,0.428040902505,-1.28713479704,-0.260220073588
0.820224719101,0.505617977528,1.53601178637,0.401960274118,-1.2233622938,-0.239940869093
0.831460674157,0.505617977528,1.44624963968,0.376174795832,-1.15687748596,-0.22268564539
0.842696629213,0.505617977528,1.35460044812,0.350375298043,-1.08630646593,-0.2092076318
0.85393258427,0.505617977528,1.26159592985,0.324296233278,-1.01214555492,-0.19873292815
0.865168539326,0.505617977528,1.16778248434,0.297983551798,-0.93505917439,-0.189730928495
0.876404494382,0.505617977528,1.07351525778,0.271748182048,-0.855802516998,-0.181337790951
0.887640449438,0.505617977528,0.978904189504,0.245969542994,-0.77590055149,-0.173439494707
0.898876404494,0.505617977528,0.883921337295,0.220901011723,-0.696616059229,-0.165442336168
0.910112359551,0.505617977528,0.788491072461,0.1965499593,-0.61774891705,-0.155664769507
0.921348314607,0.505617977528,0.692517790677,0.172726330558,-0.539001853617,-0.142351913086
0.932584269663,0.505617977528,0.595910598209,0.14917935347,-0.462002958701,-0.124870549489
0.943820224719,0.505617977528,0.498600815079,0.125633764188,-0.388149813982,-0.103606748151
0.955056179775,0.505617977528,0.40052782695,0.101773341185,-0.314626253138,-0.0794867887775
0.966292134831,0.505617977528,0.301631896966,0.0773360902314,-0.237539590189,-0.0543943570654
0.977528089888,0.505617977528,0.201881926787,0.0522336686377,-0.157703808196,-0.0314123436999
0.988764044944,0.505617977528,0.101306106568,0.0264882263069,-0.0781605892403,-0.0133112272775
1,0.505617977528,3.52569395966e-16,9.35687921439e-17,-2.68790411771e-16,-4.16925548268e-17
0,0.516853932584,0,0,0,0
0.0112359550562,0.516853932584,0.100103570612,0.0333543903793,0.100922770446,-0.00718219052553
0.0224719101124,0.516853932584,0.200056012167,0.0666569686333,0.202278471939,-0.0166797324966
0.0337078651685,0.516853932584,0.299677232205,0.0991963444937,0.302774119326,-0.0247097916119
0.0449438202247,0.516853932584,0.398847252914,0.130550624934,0.400799211164,-0.0300457055112
0.0561797752809,0.516853932584,0.497469061031,0.160782641487,0.49512822749,-0.0336804833657
0.0674157303371,0.516853932584,0.59542360794,0.190514361966,0.58677641599,-0.0373531542335
0.0786516853933,0.516853932584,0.692530144675,0.22065087536,0.678986669461,-0.0419244231877
0.0898876404494,0.516853932584,0.788542321962,0.251802760216,0.773453978197,-0.0466755152093
0.101123595506,0.516853932584,0.883176635722,0.283839932896,0.86738095758,-0.0502875252302
0.112359550562,0.516853932584,0.976160008797,0.315974465206,0.957152385264,-0.0524932253372
0.123595505618,0.516853932584,1.06728613379,0.347258047478,1.04260794578,-0.0544577439616
0.134831460674,0.516853932584,1.15644841387,0.377046726193,1.1244931152,-0.0577345538713
0.14606741573,0.516853932584,1.24361408603,0.405166188039,1.20250666716,-0.0628580586744
0.157303370787,0.516853932584,1.32876325642,0.43182505488,1.27808915681,-0.06884074601
0.168539325843,0.516853932584,1.4118685898,0.457436914328,1.35376998674,-0.0743398881557
0.179775280899,0.516853932584,1.49293636572,0.482427997027,1.42882174429,-0.0792404980935
0.191011235955,0.516853932584,1.57204712453,0.507019266881,1.50065447359,-0.0844898067436
0.202247191011,0.516853932584,1.64934681555,0.531075019352,1.5692509658,-0.0904605164631
0.213483146067,0.516853932584,1.72498733183,0.554237787689,1.63422140076,-0.0963604342813
0.224719101124,0.516853932584,1.79905745297,0.576361490516,1.69415444315,-0.101375354302
0.23595505618,0.516853932584,1.87156182667,0.597822796889,1.75370089117,-0.105688593467
0.247191011236,0.516853932584,1.94243567315,0.619285047228,1.81922792696,-0.110228542989
0.258426966292,0.516853932584,2.01155918269,0.641120217719,1.89061325369,-0.115544141429
0.269662921348,0.516853932584,2.07877574794,0.663062070893,1.9597751771,-0.121061444414
0.280898876404,0.516853932584,2.1438984474,0.684304826857,2.00413378246,-0.125817146267
0.292134831461,0.516853932584,2.20671477736,0.70390051507,2.02326257124,-0.129074433914
0.303370786517,0.516853932584,2.26704824704,0.72123970233,2.04730855416,-0.131162553584
0.314606741573,0.516853932584,2.32481206857,0.736280254168,2.06123172975,-0.134595477511
0.325842696629,0.516853932584,2.37989485827,0.749215045019,2.05920602442,-0.140537545865
0.337078651685,0.516853932584,2.43208780377,0.759996569698,2.06523794551,-0.147260095366
0.348314606742,0.516853932584,2.48129031184,0.768412234146,2.07930660793,-0.153191567341
0.359550561798,0.516853932584,2.52756205779,0.774455168204,2.07987567147,-0.158849333761
0.370786516854,0.516853932584,2.57061681838,0.778264969877,2.06461440934,-0.165226253661
0.38202247191,0.516853932584,2.60955996991,0.780022704126,2.06353778985,-0.171851560355
0.393258426966,0.516853932584,2.64385467059,0.78064024135,2.07951524092,-0.178374090491
0.404494382022,0.516853932584,2.67399065359,0.78171776927,2.00023131342,-0.187392835214
0.415730337079,0.516853932584,2.70050615359,0.783823560912,1.71487877365,-0.20093332992
0.426966292135,0.516853932584,2.7233889202,0.785942999171,1.45442891952,-0.211904286814
0.438202247191,0.516853932584,2.74288743865,0.787212084401,1.40849451225,-0.215603315306
0.449438202247,0.516853932584,2.75966394356,0.787899259295,0.992065347384,-0.228998944204
0.460674157303,0.516853932584,2.77418032764,0.788896940547,0.431316921316,-0.248656550585
0.47191011236,0.516853932584,2.78640899341,0.790945330448,0.17706441213,-0.26269967877
0.483146067416,0.516853932584,2.79571651658,0.793852699592,0.141173772688,-0.270664300046
0.494382022472,0.516853932584,2.80109042824,0.796349085669,-0.143782164036,-0.282480002114
0.505617977528,0.516853932584,2.80206223894,0.79712731317,-0.643302618349,-0.297516772867
0.516853932584,0.516853932584,2.79911464888,0.795575047935,-0.897275463946,-0.30486059472
0.52808988764,0.516853932584,2.79289618697,0.791271560972,-0.93096735449,-0.304765905006
0.539325842697,0.516853932584,2.78365779463,0.783760009244,-1.19281009268,-0.30809568951
0.550561797753,0.516853932584,2.77162926623,0.773265091704,-1.63826412067,-0.314780205897
0.561797752809,0.516853932584,2.75693522712,0.760598291374,-1.79635400366,-0.314588100843
0.573033707865,0.516853932584,2.73865541731,0.745821213439,-1.80649198054,-0.311146628023
0.584269662921,0.516853932584,2.7162014286,0.729502575804,-1.83807065695,-0.307714987734
0.595505617978,0.516853932584,2.69027804729,0.713516422819,-1.88460792016,-0.303638664799
0.606741573034,0.516853932584,2.66096182057,0.698573606096,-1.9072799852,-0.298456012287
0.61797752809,0.516853932584,2.6274733044,0.683851399212,-1.90962068286,-0.293646085384
0.629213483146,0.516853932584,2.58926062521,0.668315645423,-1.92878374038,-0.291895453775
0.640449438202,0.516853932584,2.54655833326,0.651605023556,-1.96355763805,-0.294320540558
0.651685393258,0.516853932584,2.50012097362,0.63406743129,-1.95523784566,-0.29900221501
0.662921348315,0.516853932584,2.45061087548,0.616332945719,-1.91228820312,-0.304062362493
0.674157303371,0.516853932584,2.39838610441,0.599064882535,-1.87270041968,-0.308018374794
0.685393258427,0.516853932584,2.3437270383,0.582901407863,-1.83593094234,-0.309520454419
0.696629213483,0.516853932584,2.2868631895,0.568109402321,-1.80805213946,-0.308620954046
0.707865168539,0.516853932584,2.22781870209,0.554258722588,-1.78158150095,-0.305349259603
0.719101123596,0.516853932584,2.16648170281,0.540426870857,-1.74387561011,-0.29919295602
0.730337078652,0.516853932584,2.10275557807,0.525634661611,-1.69466259185,-0.289625199334
0.741573033708,0.516853932584,2.03657761405,0.509141629588,-1.63973800998,-0.276609177012
0.752808988764,0.516853932584,1.9679051919,0.490629803787,-1.58321673619,-0.260969326304
0.76404494382,0.516853932584,1.8967037021,0.470229051026,-1.52690871531,-0.244248636121
0.775280898876,0.516853932584,1.82289693198,0.448331405869,-1.47041831585,-0.227891663773
0.786516853933,0.516853932584,1.74633131075,0.425380749607,-1.41106560122,-0.212351624437
0.797752808989,0.516853932584,1.66681794383,0.40181046289,-1.34820876695,-0.197101451565
0.808988764045,0.516853932584,1.58425946897,0.378053402697,-1.28443390258,-0.181761628205
0.820224719101,0.516853932584,1.49876297994,0.35442464044,-1.22027575339,-0.167207780614
0.831460674157,0.516853932584,1.41066326809,0.330937199796,-1.15348700967,-0.1551578631
0.842696629213,0.516853932584,1.32051278216,0.307361036994,-1.0827709724,-0.14640959348
0.85393258427,0.516853932584,1.22902857718,0.283546588351,-1.0086002978,-0.139904713756
0.865168539326,0.516853932584,1.13689380616,0.259638959733,-0.931600350907,-0.133894315299
0.876404494382,0.516853932584,1.04453122427,0.236005610352,-0.85252625366,-0.12772010873
0.887640449438,0.516853932584,0.952082331749,0.213051804474,-0.772939458993,-0.121951466667
0.898876404494,0.516853932584,0.859532564224,0.191035043741,-0.694159108637,-0.116781752741
0.910112359551,0.516853932584,0.766781728741,0.169938408272,-0.615988247393,-0.110941321951
0.921348314607,0.516853932584,0.67365592163,0.149514586494,-0.537997050709,-0.102619988666
0.932584269663,0.516853932584,0.579954314164,0.129431967074,-0.461591964121,-0.0909359459999
0.943820224719,0.516853932584,0.485512103122,0.109335775967,-0.38804129077,-0.0760814902808
0.955056179775,0.516853932584,0.3902177349,0.0888598691847,-0.314608107495,-0.0588433801945
0.966292134831,0.516853932584,0.294003581168,0.0677298186277,-0.237557081016,-0.0408086705027
0.977528089888,0.516853932584,0.196849452292,0.0458649776255,-0.157757463976,-0.0243708967903
0.988764044944,0.516853932584,0.0988012964295,0.0233048420099,-0.0782234607818,-0.011192806235
1,0.516853932584,3.4382113077e-16,8.24161664553e-17,-2.69188762966e-16,-4.02136358135e-17
0,0.52808988764,0,0,0,0
0.0112359550562,0.52808988764,0.0994249730185,0.0320453673686,0.10051726654,4.09530651283e-05
0.0224719101124,0.52808988764,0.198509874914,0.063889601825,0.201371504404,-0.00166885178398
0.0337078651685,0.52808988764,0.297181183385,0.094942690302,0.301361207553,-0.00221675056881
0.0449438202247,0.52808988764,0.395420118199,0.124881205074,0.398953887069,-0.00119296424623
0.0561797752809,0.52808988764,0.493210464752,0.153832733196,0.492920843777,9.43138711211e-05
0.0674157303371,0.52808988764,0.590490979524,0.18245250455,0.584151383644,0.00020733900925
0.0786516853933,0.52808988764,0.687114927837,0.211651606948,0.675732144864,-0.00106910993117
0.0898876404494,0.52808988764,0.782840285691,0.242023786814,0.769349683505,-0.002386377043
0.101123595506,0.52808988764,0.877353724644,0.273411941294,0.862366032057,-0.00209952446259
0.112359550562,0.52808988764,0.970322458417,0.305007423219,0.951313544747,-2.20954097645e-05
0.123595505618,0.52808988764,1.06146250699,0.335847503084,1.03606089622,0.0024222364958
0.134831460674,0.52808988764,1.15058520783,0.365252970917,1.11738626281,0.00359346945627
0.14606741573,0.52808988764,1.23758512027,0.392960773522,1.19513785503,0.0030927628958
0.157303370787,0.52808988764,1.32239606619,0.419041886946,1.27086866706,0.0020949416097
0.168539325843,0.52808988764,1.40498216246,0.443778318467,1.34694376961,0.00212486044038
0.179775280899,0.52808988764,1.48536409681,0.467526816514,1.42225203332,0.00347565554163
0.191011235955,0.52808988764,1.56362542232,0.490507445138,1.49389945861,0.00524155266599
0.202247191011,0.52808988764,1.639889673,0.512628728145,1.5617993704,0.006747486949
0.213483146067,0.52808988764,1.71428962552,0.533621929455,1.62573002511,0.0080467334493
0.224719101124,0.52808988764,1.78694304053,0.553494113055,1.68463743186,0.00896803852569
0.23595505618,0.52808988764,1.8579397128,0.572816709788,1.74353860449,0.0085841032416
0.247191011236,0.52808988764,1.92731440925,0.592405919444,1.80892309865,0.00592961865275
0.258426966292,0.52808988764,1.99502433525,0.612682534231,1.88036693719,0.00112895648966
0.269662921348,0.52808988764,2.06096475631,0.633337934159,1.94929788301,-0.00433285548164
0.280898876404,0.52808988764,2.12497663492,0.653479963232,1.99292994331,-0.00880697660045
0.292134831461,0.52808988764,2.18684475991,0.672071356038,2.01092828428,-0.0111794164187
0.303370786517,0.52808988764,2.24636304887,0.688439103582,2.03375286829,-0.0115551504043
0.314606741573,0.52808988764,2.30338999826,0.70249649537,2.04688113702,-0.0123151248569
0.325842696629,0.52808988764,2.35771769891,0.71436298295,2.04486483248,-0.0146781372263
0.337078651685,0.52808988764,2.40904083864,0.723911115855,2.05157233789,-0.0172567788981
0.348314606742,0.52808988764,2.45728603722,0.730973162307,2.06621254807,-0.0190809407473
0.359550561798,0.52808988764,2.50271821028,0.735774872371,2.06650974413,-0.0212910970913
0.370786516854,0.52808988764,2.54526988901,0.738695605314,2.0501845422,-0.0251698006237
0.38202247191,0.52808988764,2.58399292436,0.739855349967,2.04789973936,-0.0300719320877
0.393258426966,0.52808988764,2.61808723113,0.739905768415,2.06284361645,-0.0353116919616
0.404494382022,0.52808988764,2.64794171147,0.740425800529,1.98297087135,-0.0433307779729
0.415730337079,0.52808988764,2.67412421962,0.742125666673,1.6989809634,-0.0560687440376
0.426966292135,0.52808988764,2.69658303731,0.744003829671,1.44116506502,-0.0662853221083
0.438202247191,0.52808988764,2.71560412829,0.745220232496,1.39684978079,-0.0691764676106
0.449438202247,0.52808988764,2.7320118678,0.746151156692,0.983902891396,-0.081735258845
0.460674157303,0.52808988764,2.74635950395,0.747682449727,0.426578286222,-0.100839803202
0.47191011236,0.52808988764,2.75855035098,0.750341539622,0.174029285919,-0.114730847982
0.483146067416,0.52808988764,2.76784741742,0.753679343552,0.139713885136,-0.122610410961
0.494382022472,0.52808988764,2.77335838324,0.756462801492,-0.141435982055,-0.133930386746
0.505617977528,0.52808988764,2.77495168472,0.757753305506,-0.637778252641,-0.148064875062
0.516853932584,0.52808988764,2.7732809275,0.757213001317,-0.891526499067,-0.154704441611
0.52808988764,0.52808988764,2.76882309655,0.754370210064,-0.925538720054,-0.154932996307
0.539325842697,0.52808988764,2.7614804096,0.748516897081,-1.18607125375,-0.160118421783
0.550561797753,0.52808988764,2.75116438818,0.739594466448,-1.62974041026,-0.169996223354
0.561797752809,0.52808988764,2.73771243258,0.728070703771,-1.78932969674,-0.173624761726
0.573033707865,0.52808988764,2.72008530908,0.713799421656,-1.80255906225,-0.173840657202
0.584269662921,0.52808988764,2.69805641212,0.69771229607,-1.83632629208,-0.173545028806
0.595505617978,0.52808988764,2.67254834709,0.681945214344,-1.88373118218,-0.171961167417
0.606741573034,0.52808988764,2.64341595111,0.667032776329,-1.90628946443,-0.168548956527
0.61797752809,0.52808988764,2.60955242141,0.651888475343,-1.90770942751,-0.164985379057
0.629213483146,0.52808988764,2.57024831665,0.635390403821,-1.92528650044,-0.16450283822
0.640449438202,0.52808988764,2.52591340517,0.617407977978,-1.95846836559,-0.168654517948
0.651685393258,0.52808988764,2.47765062865,0.598636834908,-1.94952605246,-0.17525468775
0.662921348315,0.52808988764,2.4263984844,0.579907831153,-1.90656585912,-0.181501834629
0.674157303371,0.52808988764,2.37274762447,0.562015893263,-1.8670630015,-0.185175618964
0.685393258427,0.52808988764,2.31724517996,0.545793918813,-1.83071458678,-0.185114644577
0.696629213483,0.52808988764,2.26032695492,0.531678050187,-1.80343408554,-0.18246275125
0.707865168539,0.52808988764,2.20206512431,0.519267732256,-1.77752873858,-0.178638468747
0.719101123596,0.52808988764,2.14226257221,0.50754624334,-1.74016736602,-0.1740882848
0.730337078652,0.52808988764,2.08064697386,0.495353083352,-1.69100467493,-0.168497227412
0.741573033708,0.52808988764,2.01686169627,0.481640860628,-1.6359736432,-0.16153158352
0.752808988764,0.52808988764,1.95049252255,0.46570083812,-1.57937199474,-0.153627317149
0.76404494382,0.52808988764,1.88124019114,0.447392034062,-1.52308584071,-0.145943308095
0.775280898876,0.52808988764,1.80897067596,0.427063966519,-1.46668276381,-0.139270502341
0.786516853933,0.52808988764,1.73357839522,0.405239120193,-1.40741008702,-0.133049212476
0.797752808989,0.52808988764,1.65490240241,0.38242602942,-1.34455321725,-0.125859937886
0.808988764045,0.52808988764,1.57284039756,0.359117145305,-1.28063271388,-0.117112098967
0.820224719101,0.52808988764,1.48752744007,0.335716331194,-1.21621646534,-0.108088037058
0.831460674157,0.52808988764,1.39940362498,0.312368791591,-1.14921054284,-0.100953323419
0.842696629213,0.52808988764,1.30918108772,0.288991750415,-1.07845002654,-0.0965891687253
0.85393258427,0.52808988764,1.21773146182,0.26556334688,-1.00443439768,-0.093715389843
0.865168539326,0.52808988764,1.12584018429,0.242313584053,-0.92775945012,-0.0903223246457
0.876404494382,0.52808988764,1.03397471046,0.219645921534,-0.849130756987,-0.0857073939827
0.887640449438,0.52808988764,0.942286290083,0.197959591551,-0.770058760252,-0.0808090639231
0.898876404494,0.52808988764,0.850745404914,0.177471113657,-0.691839031219,-0.0765639690684
0.910112359551,0.52808988764,0.759200998635,0.158094521191,-0.61425075259,-0.0724732531388
0.921348314607,0.52808988764,0.667385272728,0.1394922631,-0.536776155717,-0.0672020702774
0.932584269663,0.52808988764,0.574978985394,0.121228327633,-0.460696102206,-0.0599981311916
0.943820224719,0.52808988764,0.481713304476,0.102847948501,-0.38725497232,-0.0509142197976
0.955056179775,0.52808988764,0.387421031886,0.0839195855532,-0.31386786489,-0.0403409858277
0.966292134831,0.52808988764,0.292033151283,0.0641546764075,-0.236958137247,-0.0291660797217
0.977528089888,0.52808988764,0.195564565107,0.0435025988212,-0.157379378897,-0.0187951282986
0.988764044944,0.52808988764,0.0981293109641,0.0220803439302,-0.0780554514737,-0.00978667258872
1,0.52808988764,3.41156195517e-16,7.77324024438e-17,-2.68666096949e-16,-4.06104932603e-17
0,0.539325842697,0,0,0,0
0.0112359550562,0.539325842697,0.0929144704021,0.0240249578823,0.10019167679,0.0081537493421
0.0224719101124,0.539325842697,0.185253436571,0.047621949135,0.200565337953,0.014910978553
0.0337078651685,0.539325842697,0.276993688882,0.0702359726557,0.300025472828,0.0223080743341
0.0449438202247,0.539325842697,0.368201066979,0.0916101124135,0.397156925364,0.0302214797257
0.0561797752809,0.539325842697,0.458953212192,0.111941034448,0.490759285002,0.0375081912327
0.0674157303371,0.539325842697,0.549280955954,0.131948017052,0.581592711268,0.0434222074206
0.0786516853933,0.539325842697,0.639121676456,0.152609247179,0.672550388652,0.0483899475138
0.0898876404494,0.539325842697,0.728296226221,0.174593349841,0.765278311048,0.0538674319998
0.101123595506,0.539325842697,0.816516126332,0.197817332044,0.85730981912,0.0610359185222
0.112359550562,0.539325842697,0.903427159955,0.221529797038,0.945365976326,0.0695110964697
0.123595505618,0.539325842697,0.988684715578,0.244793031885,1.02936618199,0.0777528721365
0.134831460674,0.539325842697,1.07202113935,0.266907804012,1.11010271642,0.0844959226876
0.14606741573,0.539325842697,1.15326184193,0.287540505896,1.18752296706,0.0897487829873
0.157303370787,0.539325842697,1.23230878244,0.306658996685,1.26323750981,0.0948187441141
0.168539325843,0.539325842697,1.30914315955,0.324453227985,1.33944520941,0.101208980237
0.179775280899,0.539325842697,1.3838260107,0.341227324453,1.41473107914,0.109268910555
0.191011235955,0.539325842697,1.45645096046,0.357170145802,1.48599843789,0.118232770951
0.202247191011,0.539325842697,1.52709634694,0.372160519103,1.55314088279,0.127420487171
0.213483146067,0.539325842697,1.59583474822,0.385936170914,1.61610629091,0.136509075904
0.224719101124,0.539325842697,1.66277338125,0.398598410752,1.67414752232,0.14463700843
0.23595505618,0.539325842697,1.72805724153,0.410877432849,1.7325031217,0.150253695262
0.247191011236,0.539325842697,1.79179429982,0.423709870501,1.7976353591,0.152216193644
0.258426966292,0.539325842697,1.8539800633,0.437520034691,1.86882804506,0.150927555949
0.269662921348,0.539325842697,1.91449685575,0.451892989195,1.93722982332,0.148291306204
0.280898876404,0.539325842697,1.97313088135,0.465778492647,1.98017339702,0.146274368801
0.292134831461,0.539325842697,2.02960669023,0.478010461712,1.99750312297,0.146265351496
0.303370786517,0.539325842697,2.08371869644,0.487907567807,2.01964099192,0.148538050519
0.314606741573,0.539325842697,2.13539877524,0.49549934405,2.03233882818,0.151144417431
0.325842696629,0.539325842697,2.18449197777,0.50101522582,2.03050709784,0.153080586821
0.337078651685,0.539325842697,2.23071353735,0.504396538016,2.0379711282,0.155488525473
0.348314606742,0.539325842697,2.27412843582,0.505663625835,2.05331564515,0.15865924682
0.359550561798,0.539325842697,2.31532695756,0.505421069517,2.05361932818,0.160696632069
0.370786516854,0.539325842697,2.3545305394,0.504357374935,2.03664088258,0.159954770913
0.38202247191,0.539325842697,2.39068051615,0.502430033462,2.03360829659,0.157296965887
0.393258426966,0.539325842697,2.42257478935,0.499823245976,2.04807780192,0.153867717984
0.404494382022,0.539325842697,2.45045377446,0.498006883682,1.96857842384,0.147420679139
0.415730337079,0.539325842697,2.47495047289,0.497871043796,1.68726923509,0.135939983485
0.426966292135,0.539325842697,2.49592687135,0.498388574377,1.43238964824,0.126576475091
0.438202247191,0.539325842697,2.51365584909,0.498692093393,1.38888279796,0.124212158068
0.449438202247,0.539325842697,2.52914831496,0.499276621345,0.979455312041,0.11209047458
0.460674157303,0.539325842697,2.54301292953,0.50094820847,0.425562466929,0.0932544089902
0.47191011236,0.539325842697,2.55496490838,0.503862548257,0.174298162392,0.0794029365046
0.483146067416,0.539325842697,2.56412348924,0.507271268762,0.14094583246,0.0715265752605
0.494382022472,0.539325842697,2.56980508096,0.510110322755,-0.136388817235,0.0604831733886
0.505617977528,0.539325842697,2.57222860579,0.511871792999,-0.629389784065,0.0468399389634
0.516853932584,0.539325842697,2.57207814434,0.512385064542,-0.882984943432,0.0404428167221
0.52808988764,0.539325842697,2.5695321136,0.511035072908,-0.917264013281,0.0396643723463
0.539325842697,0.539325842697,2.56423503795,0.507008857277,-1.17642884554,0.0329104152236
0.550561797753,0.539325842697,2.55618727444,0.500450551256,-1.61780847764,0.0207569056026
0.561797752809,0.539325842697,2.54536957157,0.491962240745,-1.77859441365,0.0146192628793
0.573033707865,0.539325842697,2.5305989776,0.481103865262,-1.79501268193,0.0119400812601
0.584269662921,0.539325842697,2.51156030621,0.468567302948,-1.83090833398,0.00965880982407
0.595505617978,0.539325842697,2.48907662995,0.456304899366,-1.87875087176,0.00841240088191
0.606741573034,0.539325842697,2.46276415556,0.444607489782,-1.90048114875,0.00895999327905
0.61797752809,0.539325842697,2.43122034337,0.432156217754,-1.90014080574,0.0098853634123
0.629213483146,0.539325842697,2.39362665537,0.417830229005,-1.91538496063,0.00788065200387
0.640449438202,0.539325842697,2.3506585826,0.401885267793,-1.94688467351,0.00111736435398
0.651685393258,0.539325842697,2.3037898633,0.385434536102,-1.93842584594,-0.00821524456361
0.662921348315,0.539325842697,2.25415320777,0.369434602171,-1.89703411953,-0.0168975303673
0.674157303371,0.539325842697,2.20246181186,0.354680286431,-1.85867565718,-0.0223760294014
0.685393258427,0.539325842697,2.14942971954,0.342071077583,-1.82305375247,-0.0236641821818
0.696629213483,0.539325842697,2.09562474154,0.332125137973,-1.79619132682,-0.0224860871646
0.707865168539,0.539325842697,2.04116973028,0.324494711166,-1.77052727732,-0.0208726275044
0.719101123596,0.539325842697,1.98589337244,0.318236408191,-1.73316638274,-0.0195896730995
0.730337078652,0.539325842697,1.92952002224,0.312254103815,-1.68373188193,-0.018359793858
0.741573033708,0.539325842697,1.87153930906,0.305391304229,-1.6283873034,-0.0168656859531
0.752808988764,0.539325842697,1.81120116618,0.296596435035,-1.57169383776,-0.0156785123745
0.76404494382,0.539325842697,1.74789846818,0.285375239889,-1.51559032253,-0.0160141651199
0.775280898876,0.539325842697,1.6814103507,0.27193497183,-1.45950453581,-0.0183102582094
0.786516853933,0.539325842697,1.61169552389,0.256814055436,-1.40053487284,-0.0212372828785
0.797752808989,0.539325842697,1.53864437083,0.240550634072,-1.33787854386,-0.0226378727947
0.808988764045,0.539325842697,1.46214891438,0.223655617676,-1.27398745411,-0.0216461576504
0.820224719101,0.539325842697,1.38235187633,0.20660436078,-1.20946322705,-0.0196952988281
0.831460674157,0.539325842697,1.29977896827,0.189699457847,-1.1423873277,-0.0191694806304
0.842696629213,0.539325842697,1.21528581146,0.173053532704,-1.07176246103,-0.0210117200803
0.85393258427,0.539325842697,1.12986857056,0.156797373477,-0.998145886212,-0.0238956317162
0.865168539326,0.539325842697,1.04435706853,0.141217337269,-0.922103952508,-0.0257193013884
0.876404494382,0.539325842697,0.959179028556,0.126672701885,-0.844249042877,-0.0256174022769
0.887640449438,0.539325842697,0.874399956898,0.113449660146,-0.76596807736,-0.02443247847
0.898876404494,0.539325842697,0.789895470047,0.101624965031,-0.688465206245,-0.0233567596456
0.910112359551,0.539325842697,0.705426135778,0.0909835685286,-0.611472383379,-0.0225272718078
0.921348314607,0.539325842697,0.620644392631,0.0810883462076,-0.534424473436,-0.0213251132071
0.932584269663,0.539325842697,0.535162725027,0.0714295438493,-0.458561655604,-0.0194903133568
0.943820224719,0.539325842697,0.448668669138,0.061501481607,-0.385193787793,-0.0171924942559
0.955056179775,0.539325842697,0.36099541661,0.0508606660322,-0.311948507444,-0.0145057737914
0.966292134831,0.539325842697,0.272123767405,0.0392605200501,-0.23541035847,-0.0115904885733
0.977528089888,0.539325842697,0.182151294522,0.0267391054101,-0.1563565285,-0.00886254683646
0.988764044944,0.539325842697,0.091300063776,0.0135465506593,-0.0775587153848,-0.00590920000087
1,0.539325842697,3.16794020115e-16,4.72803202904e-17,-2.66932505228e-16,-3.10446050085e-17
0,0.550561797753,0,0,0,0
0.0112359550562,0.550561797753,0.0815375756909,0.0103891920186,0.099896394824,0.0169821251715
0.0224719101124,0.550561797753,0.16248606743,0.0203533771921,0.199779149995,0.0327090827868
0.0337078651685,0.550561797753,0.242755120456,0.0292211429892,0.298661138075,0.0486275774023
0.0449438202247,0.550561797753,0.322367967233,0.036649495717,0.395277769285,0.0644853044529
0.0561797752809,0.550561797753,0.401388724285,0.0427780709666,0.488493314546,0.0796233187827
0.0674157303371,0.550561797753,0.479877787556,0.0483175897137,0.578953309985,0.0939733549105
0.0786516853933,0.550561797753,0.557851966976,0.0543153323831,0.669340767288,0.108156426591
0.0898876404494,0.550561797753,0.635245094851,0.0615929413629,0.761229719791,0.123024515869
0.101123595506,0.550561797753,0.711881202004,0.0702688366655,0.852310774354,0.138807529163
0.112359550562,0.550561797753,0.787486300902,0.0797834862986,0.93949838726,0.154720651192
0.123595505618,0.550561797753,0.861750970255,0.0893381026635,1.02275195158,0.169694242968
0.134831460674,0.550561797753,0.934409101743,0.0983068539121,1.10283303236,0.18318623411
0.14606741573,0.550561797753,1.00528131494,0.106372622502,1.17972699547,0.195492551473
0.157303370787,0.550561797753,1.0742844511,0.113480935784,1.2550753227,0.207710590977
0.168539325843,0.550561797753,1.14143822008,0.11977814065,1.33097670761,0.221026602734
0.179775280899,0.550561797753,1.20683048317,0.125498156367,1.40585401492,0.235719141297
0.191011235955,0.550561797753,1.27051216819,0.130703830534,1.4765230255,0.251235258801
0.202247191011,0.550561797753,1.33243150006,0.135097354844,1.54288105882,0.267160814727
0.213483146067,0.550561797753,1.39250319569,0.138270091895,1.60500607253,0.283247438572
0.224719101124,0.550561797753,1.45073454832,0.140292875802,1.66236809441,0.298506754541
0.23595505618,0.550561797753,1.50725804075,0.14196615708,1.72026884503,0.311250106105
0.247191011236,0.550561797753,1.56221166609,0.144291096633,1.78502225387,0.320289333337
0.258426966292,0.550561797753,1.61560083226,0.14766719597,1.85568418597,0.325948317697
0.269662921348,0.550561797753,1.66727337672,0.151571727011,1.92335287249,0.329852598103
0.280898876404,0.550561797753,1.71695661572,0.154829298935,1.96575643779,0.333576551969
0.292134831461,0.550561797753,1.76435480906,0.156227601416,1.98298882392,0.338329265785
0.303370786517,0.550561797753,1.80936583539,0.155217999797,2.00513273564,0.344677155629
0.314606741573,0.550561797753,1.85213327187,0.152112523774,2.01794066536,0.35133827734
0.325842696629,0.550561797753,1.89267039043,0.147383875189,2.01653668819,0.357868623556
0.337078651685,0.550561797753,1.93077641598,0.141119336434,2.02473170328,0.365403690709
0.348314606742,0.550561797753,1.96666279259,0.133545927539,2.0407194061,0.373659377153
0.359550561798,0.550561797753,2.00120602087,0.125608020967,2.04116372864,0.380054645746
0.370786516854,0.550561797753,2.03488102669,0.118252864598,2.02388408562,0.382656654654
0.38202247191,0.550561797753,2.06655408349,0.111283933653,2.02051740563,0.382613880965
0.393258426966,0.550561797753,2.09467353035,0.104429686135,2.03499033052,0.381603706059
0.404494382022,0.550561797753,2.11931715149,0.0989897819625,1.95671100259,0.377608800884
0.415730337079,0.550561797753,2.14115484145,0.0959812658698,1.67913740845,0.36839748091
0.426966292135,0.550561797753,2.15991330257,0.0943007266257,1.42718181554,0.36075567653
0.438202247191,0.550561797753,2.17576734111,0.0929698308559,1.38342755343,0.359508699113
0.449438202247,0.550561797753,2.18985537642,0.0925403682294,0.977216470781,0.348246956888
0.460674157303,0.550561797753,2.20280009697,0.0936904354003,0.426619693819,0.330033338936
0.47191011236,0.550561797753,2.21411997089,0.0962027923219,0.176209396891,0.316458581388
0.483146067416,0.550561797753,2.22287764022,0.0991571534096,0.14306879757,0.308513174635
0.494382022472,0.550561797753,2.22867442293,0.10178379532,-0.130673266523,0.297207808878
0.505617977528,0.550561797753,2.2319603504,0.103903175662,-0.620013264599,0.283068223898
0.516853932584,0.550561797753,2.23322341631,0.105277841174,-0.87314121916,0.27574341757
0.52808988764,0.550561797753,2.23222723835,0.105032949435,-0.907401846207,0.273517781082
0.539325842697,0.550561797753,2.22849916408,0.102419925044,-1.16501041889,0.26495476171
0.550561797753,0.550561797753,2.22251401603,0.0982255423549,-1.60354357371,0.251004887577
0.561797752809,0.550561797753,2.2147293793,0.0935480933873,-1.76499383001,0.243211495236
0.573033707865,0.550561797753,2.20377579924,0.0875573567282,-1.78432140851,0.238785491589
0.584269662921,0.550561797753,2.1889360447,0.0802776039059,-1.82199206529,0.234143448051
0.595505617978,0.550561797753,2.17088396069,0.0733551647532,-1.86973550615,0.2296714514
0.606741573034,0.550561797753,2.1492717673,0.0671111588754,-1.8900551404,0.226500753801
0.61797752809,0.550561797753,2.12267880785,0.0603054590111,-1.88748686628,0.223847356172
0.629213483146,0.550561797753,2.09029162883,0.0519729059862,-1.90012230627,0.218720220495
0.640449438202,0.550561797753,2.05289434341,0.0426163676678,-1.93012889332,0.209128243116
0.651685393258,0.550561797753,2.01194237827,0.0333629984648,-1.92312880674,0.196915388339
0.662921348315,0.550561797753,1.96835076166,0.0248569693416,-1.88455281926,0.185084143242
0.674157303371,0.550561797753,1.9226319682,0.0175443658436,-1.84818506203,0.176030352842
0.685393258427,0.550561797753,1.875429463,0.0121328033021,-1.81356431675,0.170586665677
0.696629213483,0.550561797753,1.8273187278,0.00909480477582,-1.78700089845,0.16703098007
0.707865168539,0.550561797753,1.77851616796,0.00820711824253,-1.76130649629,0.163581859319
0.719101123596,0.550561797753,1.72909104659,0.00887541415117,-1.72361772288,0.159857805101
0.730337078652,0.550561797753,1.6790958993,0.0104768787348,-1.6735616031,0.156312670074
0.741573033708,0.550561797753,1.62823799136,0.012188035229,-1.61760600452,0.152966617092
0.752808988764,0.550561797753,1.57573111735,0.0129502086938,-1.56065765824,0.148637822014
0.76404494382,0.550561797753,1.52079182352,0.0120302643334,-1.5047236188,0.141685738979
0.775280898876,0.550561797753,1.46311205963,0.00943475564675,-1.44903143433,0.131788949776
0.786516853933,0.550561797753,1.40268722128,0.00561971112259,-1.39046639734,0.120788335982
0.797752808989,0.550561797753,1.3394404736,0.00106939683226,-1.32811474783,0.111301401304
0.808988764045,0.550561797753,1.27321519578,-0.00377967309734,-1.26436146731,0.104363076817
0.820224719101,0.550561797753,1.20405968771,-0.00850781921015,-1.199857537,0.0985400974111
0.831460674157,0.550561797753,1.13243205501,-0.0128016922741,-1.13288086786,0.0914723235969
0.842696629213,0.550561797753,1.05916175345,-0.016492023974,-1.06261446843,0.0822596006612
0.85393258427,0.550561797753,0.985207936782,-0.0194219529351,-0.989674483685,0.0721562769408
0.865168539326,0.550561797753,0.911301946145,-0.0213693245884,-0.914579568803,0.0631239557142
0.876404494382,0.550561797753,0.8377186322,-0.0221246226517,-0.837808428854,0.0560916810411
0.887640449438,0.550561797753,0.764371754929,-0.0215804154491,-0.760572345495,0.0505480570021
0.898876404494,0.550561797753,0.691043056793,-0.0198008325701,-0.683939293752,0.0455184148693
0.910112359551,0.550561797753,0.617483226066,-0.0170573997745,-0.607582835482,0.0406081012918
0.921348314607,0.550561797753,0.543409311077,-0.0137519290834,-0.530925811119,0.0358005005003
0.932584269663,0.550561797753,0.468539709068,-0.0103004293746,-0.455231551174,0.030717365099
0.943820224719,0.550561797753,0.392675673046,-0.00710042027661,-0.381938760939,0.0248726651462
0.955056179775,0.550561797753,0.315754197138,-0.00449527921404,-0.308934594085,0.0183657136819
0.966292134831,0.550561797753,0.237838183559,-0.00264769593022,-0.232978367073,0.0116812700121
0.977528089888,0.550561797753,0.15906674911,-0.00146726782141,-0.154733906342,0.00529602689801
0.988764044944,0.550561797753,0.0796553860167,-0.000689532514798,-0.076764366598,0.000394963451741
1,0.550561797753,2.76083364443e-16,-2.5691324154e-18,-2.64164305926e-16,-1.16291215371e-17
0,0.561797752809,0,0,0,0
0.0112359550562,0.561797752809,0.0755937203919,0.00307515300169,0.0994576318636,0.0243191959108
0.0224719101124,0.561797752809,0.150889506245,0.00605781450038,0.198701390649,0.0474091826834
0.0337078651685,0.561797752809,0.225682832779,0.00810025031278,0.296839101193,0.0703432556436
0.0449438202247,0.561797752809,0.299868841284,0.00867840039342,0.392772028885,0.092938540732
0.0561797752809,0.561797752809,0.373392371852,0.00775851739063,0.485456720406,0.115043057115
0.0674157303371,0.561797752809,0.446240290137,0.00592784062372,0.575448535191,0.137012334449
0.0786516853933,0.561797752809,0.518425132411,0.00421193647824,0.665227262375,0.159258245751
0.0898876404494,0.561797752809,0.589933293818,0.00352665824026,0.75627506564,0.181813638157
0.101123595506,0.561797752809,0.660659434263,0.004153878901,0.846408930427,0.204223952062
0.112359550562,0.561797752809,0.730383123709,0.00569383151814,0.932711035172,0.225867531601
0.123595505618,0.561797752809,0.798823783473,0.00746497267858,1.01514778846,0.246453101484
0.134831460674,0.561797752809,0.865738408992,0.00892765447906,1.09439561463,0.26599860032
0.14606741573,0.561797752809,0.930990571657,0.00984547997629,1.17041985774,0.284708958664
0.157303370787,0.561797752809,0.994571716915,0.0102434004181,1.2448908139,0.303159131209
0.168539325843,0.561797752809,1.05659336496,0.0103214312138,1.31991317688,0.322056230615
0.179775280899,0.561797752809,1.1172112775,0.0103016975489,1.3939127112,0.341552536898
0.191011235955,0.561797752809,1.17647304208,0.010143836887,1.46371863772,0.361296149132
0.202247191011,0.561797752809,1.23423483933,0.00937834897529,1.52922355178,0.381171466923
0.213483146067,0.561797752809,1.29026370671,0.00742975118669,1.59057159466,0.401178039499
0.224719101124,0.561797752809,1.34442944431,0.00427510505641,1.64735118552,0.420609151676
0.23595505618,0.561797752809,1.39679635035,0.000703608628316,1.7047781992,0.438196271381
0.247191011236,0.561797752809,1.44751149547,-0.00225938493581,1.76891970439,0.453116614689
0.258426966292,0.561797752809,1.49661514922,-0.00421163061484,1.83869501645,0.465603373028
0.269662921348,0.561797752809,1.54396630673,-0.0057071624295,1.90538205023,0.47656874822
0.280898876404,0.561797752809,1.58927920243,-0.00795271664358,1.94732411356,0.486584993907
0.292134831461,0.561797752809,1.63226255425,-0.0121393961705,1.96489982846,0.496191671016
0.303370786517,0.561797752809,1.67288679512,-0.0186973783935,1.98761553238,0.506056214962
0.314606741573,0.561797752809,1.71142415794,-0.0271259014766,2.00097595146,0.515660712315
0.325842696629,0.561797752809,1.74798913675,-0.0367933048718,2.00011194143,0.525321502483
0.337078651685,0.561797752809,1.78242461563,-0.0475170804772,2.00880188895,0.536318786728
0.348314606742,0.561797752809,1.81497866813,-0.0589881961115,2.02512766553,0.547941005131
0.359550561798,0.561797752809,1.84657639399,-0.0701940787915,2.02564190871,0.557143049867
0.370786516854,0.561797752809,1.87771316806,-0.0802036298488,2.00824855622,0.561912337981
0.38202247191,0.561797752809,1.90724079301,-0.0893180801066,2.00478147656,0.563736953083
0.393258426966,0.561797752809,1.93358475297,-0.0979230946489,2.01953149362,0.564769978514
0.404494382022,0.561797752809,1.95678716047,-0.104784764242,1.94311907643,0.563195276998
0.415730337079,0.561797752809,1.97743572002,-0.108927214617,1.67010019321,0.556506962756
0.426966292135,0.561797752809,1.99509227341,-0.111569412797,1.42100989989,0.550949296918
0.438202247191,0.561797752809,2.00983913958,-0.113778983673,1.37611052968,0.551195388759
0.449438202247,0.561797752809,2.02286809492,-0.115011675659,0.972721324505,0.541305740382
0.460674157303,0.561797752809,2.03481103464,-0.114699658846,0.425234434178,0.524476739154
0.47191011236,0.561797752809,2.04513300423,-0.1132362942,0.175298892941,0.512102746243
0.483146067416,0.561797752809,2.05301036505,-0.111476993616,0.141658961313,0.504872103291
0.494382022472,0.561797752809,2.05834670234,-0.109839649337,-0.128745481741,0.493628867357
0.505617977528,0.561797752809,2.06172582777,-0.108265416494,-0.613824418694,0.478703670941
0.516853932584,0.561797752809,2.06343053999,-0.107065450527,-0.86575525858,0.469675771167
0.52808988764,0.561797752809,2.0629161057,-0.107263758614,-0.899571409238,0.465128525013
0.539325842697,0.561797752809,2.05961941904,-0.109536716987,-1.15540522067,0.454187107413
0.550561797753,0.561797752809,2.05422624064,-0.112787818268,-1.59056896107,0.438367440066
0.561797752809,0.561797752809,2.04733157015,-0.115845181812,-1.75198609798,0.429239190132
0.573033707865,0.561797752809,2.03750574073,-0.119815235146,-1.77359118911,0.423519957598
0.584269662921,0.561797752809,2.02409892833,-0.124834600963,-1.81243698346,0.416930065386
0.595505617978,0.561797752809,2.00789891012,-0.129296361453,-1.85954346872,0.4096170608
0.606741573034,0.561797752809,1.9886916781,-0.132764539545,-1.87813262008,0.403171656348
0.61797752809,0.561797752809,1.9651836535,-0.136241917667,-1.87331753699,0.397569231517
0.629213483146,0.561797752809,1.93663532288,-0.140447170236,-1.88348383281,0.390326741967
0.640449438202,0.561797752809,1.90374646594,-0.144826671468,-1.91223288746,0.379394623152
0.651685393258,0.561797752809,1.86765101465,-0.148552376363,-1.90717559299,0.366056182089
0.662921348315,0.561797752809,1.82885034053,-0.151476137848,-1.87201608656,0.352609118509
0.674157303371,0.561797752809,1.78755153272,-0.153580247366,-1.83810288957,0.340854231126
0.685393258427,0.561797752809,1.74426176079,-0.154389715195,-1.80467459913,0.331354743001
0.696629213483,0.561797752809,1.69952954823,-0.153488839642,-1.77836897604,0.322637775711
0.707865168539,0.561797752809,1.65360230372,-0.15102572171,-1.75248585159,0.313638232047
0.719101123596,0.561797752809,1.60665773776,-0.147382854284,-1.71424541747,0.304807321198
0.730337078652,0.561797752809,1.55896402468,-0.142835509464,-1.66328274993,0.297001316822
0.741573033708,0.561797752809,1.51050727464,-0.13781472025,-1.6063959797,0.28992539245
0.752808988764,0.561797752809,1.46072110126,-0.133118526438,-1.54890186849,0.281689357448
0.76404494382,0.561797752809,1.40892221453,-0.129438651979,-1.49293292716,0.270209582765
0.775280898876,0.561797752809,1.35485539712,-0.126848279216,-1.437523242,0.255306670362
0.786516853933,0.561797752809,1.29858137654,-0.124977691752,-1.37931696795,0.239243348764
0.797752808989,0.561797752809,1.24007155795,-0.123413315838,-1.3172612692,0.224851452071
0.808988764045,0.561797752809,1.17915809529,-0.121781498774,-1.25366629834,0.213069460076
0.820224719101,0.561797752809,1.11581351016,-0.119714275841,-1.18924882192,0.202311250382
0.831460674157,0.561797752809,1.05037423865,-0.116939671264,-1.12249765279,0.190193340555
0.842696629213,0.561797752809,0.983515845079,-0.113341252944,-1.05276838666,0.175832343901
0.85393258427,0.561797752809,0.916017365351,-0.108852678608,-0.980712931876,0.160350317043
0.865168539326,0.561797752809,0.848419095709,-0.103382676395,-0.906769848605,0.145457014994
0.876404494382,0.561797752809,0.780824083419,-0.0968688296999,-0.831249662794,0.132015851803
0.887640449438,0.561797752809,0.713032089048,-0.0893275088394,-0.755159551106,0.119824284673
0.898876404494,0.561797752809,0.644802504067,-0.0808824480739,-0.67941382319,0.108320402215
0.910112359551,0.561797752809,0.575967033063,-0.0717748376118,-0.603632395085,0.0971974350169
0.921348314607,0.561797752809,0.506406529214,-0.0622893210294,-0.527258321977,0.0861253776814
0.932584269663,0.561797752809,0.436039346547,-0.0526726886479,-0.4516207769,0.0742843599626
0.943820224719,0.561797752809,0.364850948163,-0.0431517099834,-0.378320702944,0.0609389327604
0.955056179775,0.561797752809,0.292909063634,-0.0339392728228,-0.305529812867,0.0463310159375
0.966292134831,0.561797752809,0.22033268512,-0.0251327644373,-0.230199856046,0.0314762937695
0.977528089888,0.561797752809,0.147231542153,-0.0166558119432,-0.152870531541,0.0175198610282
0.988764044944,0.561797752809,0.073710803232,-0.00833497758595,-0.0758560501194,0.00606113807577
1,0.561797752809,2.55584074279e-16,-2.90778375436e-17,-2.6103949222e-16,7.11160050448e-18
0,0.573033707865,0,0,0,0
0.0112359550562,0.573033707865,0.0740080258956,0.00080703701355,0.098827981013,0.0304537909936
0.0224719101124,0.573033707865,0.14818830687,0.00204610469539,0.197276866465,0.0596978313121
0.0337078651685,0.573033707865,0.222195886868,0.00266871349149,0.294521790139,0.0884984788949
0.0449438202247,0.573033707865,0.29577842612,0.00196053977197,0.389621924585,0.116672086251
0.0561797752809,0.573033707865,0.368737929064,-0.000300705836261,0.481634476102,0.144388810802
0.0674157303371,0.573033707865,0.440949344469,-0.00369045241575,0.571046487834,0.172235279311
0.0786516853933,0.573033707865,0.512365119824,-0.00726943647642,0.660158203851,0.200432584338
0.0898876404494,0.573033707865,0.582958713146,-0.0101043747212,0.750358716083,0.228551350558
0.101123595506,0.573033707865,0.652632866909,-0.0118263495718,0.839562652037,0.25593727646
0.112359550562,0.573033707865,0.721171163738,-0.0127475124967,0.924986800521,0.282313987378
0.123595505618,0.573033707865,0.788289884614,-0.0134948576427,1.00657324207,0.307934151298
0.134831460674,0.573033707865,0.853753738366,-0.0145602394565,1.0848704344,0.333028705503
0.14606741573,0.573033707865,0.917465737791,-0.016098629169,1.15977575579,0.357516494544
0.157303370787,0.573033707865,0.97949603774,-0.0179674766798,1.23298830575,0.381419779236
0.168539325843,0.573033707865,1.04006082215,-0.0198574249085,1.30671506774,0.404998735258
0.179775280899,0.573033707865,1.09941580588,-0.0215017979648,1.37952353675,0.428285343262
0.191011235955,0.573033707865,1.15766827383,-0.0229828124152,1.44832241726,0.451056023067
0.202247191011,0.573033707865,1.21466567634,-0.0248701740405,1.51297056434,0.473346814126
0.213483146067,0.573033707865,1.27008889751,-0.0278525474987,1.57361918203,0.495296859051
0.224719101124,0.573033707865,1.32367268206,-0.0320550018935,1.62989859135,0.516581831118
0.23595505618,0.573033707865,1.3753747319,-0.0367629434145,1.6868156669,0.536699252765
0.247191011236,0.573033707865,1.42533206916,-0.040974084096,1.7501007551,0.555580852889
0.258426966292,0.573033707865,1.47364274344,-0.0442690479081,1.8186221585,0.573544830435
0.269662921348,0.573033707865,1.52021144772,-0.047180153687,1.88405738785,0.590693264498
0.280898876404,0.573033707865,1.56475526457,-0.0508958914881,1.9255380406,0.606370311458
0.292134831461,0.573033707865,1.60696901405,-0.0565750463645,1.9437180969,0.620258463316
0.303370786517,0.573033707865,1.64683487566,-0.0645795173976,1.96734756875,0.633039263362
0.314606741573,0.573033707865,1.68467987259,-0.0743003806516,1.98150928508,0.644918317087
0.325842696629,0.573033707865,1.72069292465,-0.0849823863027,1.98116640824,0.656897778015
0.337078651685,0.573033707865,1.75477701493,-0.0963339560585,1.99005031224,0.670337666942
0.348314606742,0.573033707865,1.78719156078,-0.107994838774,2.00640898236,0.684177755035
0.359550561798,0.573033707865,1.81877048246,-0.11904459056,2.00696225165,0.695132117636
0.370786516854,0.573033707865,1.84983346767,-0.12879443921,1.98965553808,0.701289034151
0.38202247191,0.573033707865,1.87919859067,-0.137677623292,1.98624421708,0.704446098198
0.393258426966,0.573033707865,1.90547806898,-0.145968419127,2.00138159055,0.707061618939
0.404494382022,0.573033707865,1.92878779584,-0.152402477713,1.92726842936,0.707423464482
0.415730337079,0.573033707865,1.94955815943,-0.156164341166,1.65938086583,0.702749788415
0.426966292135,0.573033707865,1.96717430148,-0.15861796878,1.41314662552,0.698738576165
0.438202247191,0.573033707865,1.9816652883,-0.160866619294,1.36654562458,0.699982656189
0.449438202247,0.573033707865,1.99424283957,-0.162387709519,0.965666525381,0.691261586161
0.460674157303,0.573033707865,2.00552382589,-0.162720191462,0.421160358713,0.676167075478
0.47191011236,0.573033707865,2.01496031218,-0.162350534034,0.17141406101,0.665914739412
0.483146067416,0.573033707865,2.02186390851,-0.162006265385,0.136628657049,0.660569463709
0.494382022472,0.573033707865,2.02639299187,-0.161778759779,-0.130823015581,0.650350883915
0.505617977528,0.573033707865,2.02926923011,-0.16135613244,-0.611049898364,0.635090590335
0.516853932584,0.573033707865,2.03071192249,-0.160972411392,-0.860981783763,0.624297389812
0.52808988764,0.573033707865,2.03003669944,-0.161636467097,-0.894091809144,0.617104439102
0.539325842697,0.573033707865,2.02658111974,-0.164001104737,-1.14810996567,0.603461744812
0.550561797753,0.573033707865,2.02095954935,-0.167021584154,-1.57951804795,0.585549126675
0.561797752809,0.573033707865,2.01365586327,-0.169763748662,-1.74007095052,0.574932970947
0.573033707865,0.573033707865,2.00336748705,-0.173405355609,-1.76296754286,0.567832490811
0.584269662921,0.573033707865,1.98983136673,-0.177881018719,-1.80214948619,0.559394052904
0.595505617978,0.573033707865,1.9739657267,-0.18161215824,-1.8480990405,0.549648039891
0.606741573034,0.573033707865,1.95555027631,-0.184219720564,-1.86487166624,0.540588341362
0.61797752809,0.573033707865,1.93334364262,-0.186563657224,-1.85810982386,0.532812521558
0.629213483146,0.573033707865,1.90666937366,-0.189130784373,-1.86616898869,0.524332431327
0.640449438202,0.573033707865,1.87615346266,-0.191296579267,-1.8937762807,0.513131996883
0.651685393258,0.573033707865,1.84267673003,-0.192431716742,-1.89057390727,0.499930927137
0.662921348315,0.573033707865,1.80642257396,-0.192740325327,-1.85879156202,0.486163616772
0.674157303371,0.573033707865,1.76733664904,-0.192544449332,-1.82744916428,0.472854680191
0.685393258427,0.573033707865,1.72579749877,-0.191557511466,-1.79534797049,0.460203823674
0.696629213483,0.573033707865,1.68233335476,-0.189383989414,-1.76936241036,0.446979037049
0.707865168539,0.573033707865,1.6371712975,-0.186136171999,-1.74329734043,0.432875865718
0.719101123596,0.573033707865,1.59043825748,-0.182160685303,-1.70449156975,0.419247711825
0.730337078652,0.573033707865,1.54242197808,-0.177619233779,-1.65257712439,0.407442182369
0.741573033708,0.573033707865,1.49328719807,-0.172690780077,-1.59465615855,0.396983416399
0.752808988764,0.573033707865,1.44274162482,-0.167886688824,-1.53647087419,0.385461953669
0.76404494382,0.573033707865,1.39033439831,-0.163739418137,-1.48033160207,0.370530533656
0.775280898876,0.573033707865,1.33595000725,-0.160320535895,-1.42512489749,0.352210670936
0.786516853933,0.573033707865,1.27972351482,-0.157338241488,-1.36726751611,0.333082525462
0.797752808989,0.573033707865,1.22166277494,-0.15446286373,-1.30555333477,0.316011811621
0.808988764045,0.573033707865,1.16161277541,-0.15136695141,-1.24220677553,0.301702230855
0.820224719101,0.573033707865,1.09953236191,-0.147680884994,-1.17801662847,0.288328475026
0.831460674157,0.573033707865,1.03569484017,-0.143113671156,-1.11167993291,0.27337722016
0.842696629213,0.573033707865,0.970645939588,-0.137559270988,-1.04270219034,0.255853482577
0.85393258427,0.573033707865,0.904987344215,-0.131010665922,-0.971739480574,0.236685495301
0.865168539326,0.573033707865,0.839082986671,-0.123465832056,-0.89911711417,0.217347697182
0.876404494382,0.573033707865,0.772900873774,-0.114953603901,-0.824954908921,0.198605443111
0.887640449438,0.573033707865,0.706167603116,-0.105562521264,-0.750050439801,0.180426338979
0.898876404494,0.573033707865,0.638643087584,-0.0954527422076,-0.675169302626,0.162578319642
0.910112359551,0.573033707865,0.570232396947,-0.0848592286484,-0.599894434012,0.145002454948
0.921348314607,0.573033707865,0.500941342025,-0.0740209592249,-0.523720748781,0.127433773342
0.932584269663,0.573033707865,0.43082955602,-0.0631087768836,-0.448073068371,0.109013723921
0.943820224719,0.573033707865,0.360005096374,-0.0522604310266,-0.374721459304,0.0889977514118
0.955056179775,0.573033707865,0.288617215177,-0.041608408684,-0.302113573648,0.0677760013671
0.966292134831,0.573033707865,0.216819964572,-0.0311929504168,-0.227394727341,0.0466938257783
0.977528089888,0.573033707865,0.144717664867,-0.0209076443595,-0.150986940954,0.0272049637411
0.988764044944,0.573033707865,0.0723818927744,-0.0105691445098,-0.0749434533072,0.0108609578379
1,0.573033707865,2.5076283468e-16,-3.72233289279e-17,-2.57934481812e-16,2.46045584007e-17
0,0.584269662921,0,0,0,0
0.0112359550562,0.584269662921,0.0674958926102,-0.00721825221525,0.0980776210379,0.0377430276743
0.0224719101124,0.584269662921,0.135798400838,-0.0132952032096,0.19567509201,0.0743200086914
0.0337078651685,0.584269662921,0.204359088835,-0.0195369649997,0.291996029135,0.110192235208
0.0449438202247,0.584269662921,0.272729190475,-0.0268846669364,0.386227085029,0.144974086222
0.0561797752809,0.584269662921,0.34055156512,-0.0357523834337,0.477512728966,0.178930104885
0.0674157303371,0.584269662921,0.407595280633,-0.0458673235106,0.566282704965,0.21285765177
0.0786516853933,0.584269662921,0.473761959742,-0.0563736710484,0.654688608724,0.24709437116
0.0898876404494,0.584269662921,0.539018117379,-0.0663275804108,0.744047390319,0.28120374008
0.101123595506,0.584269662921,0.603280957115,-0.0752823529409,0.832365650223,0.314546249945
0.112359550562,0.584269662921,0.666344899505,-0.0834774134303,0.916980915343,0.346979670863
0.123595505618,0.584269662921,0.727921856723,-0.0915157763917,0.997802651494,0.378925342467
0.134831460674,0.584269662921,0.78776752125,-0.0998837399022,1.07523238688,0.410653508405
0.14606741573,0.584269662921,0.845798490143,-0.108683693758,1.14905941334,0.441890356137
0.157303370787,0.584269662921,0.90214834815,-0.117644434151,1.22098790533,0.472288632564
0.168539325843,0.584269662921,0.957150204694,-0.126294987539,1.29336855792,0.501774873304
0.179775280899,0.584269662921,1.01119788887,-0.134257948715,1.36498667919,0.530268346634
0.191011235955,0.584269662921,1.06450459713,-0.141605404079,1.43285723971,0.557589729304
0.202247191011,0.584269662921,1.11694656607,-0.148972805353,1.49677678988,0.583749576289
0.213483146067,0.584269662921,1.16813893775,-0.157139566271,1.55687232081,0.608802697965
0.224719101124,0.584269662921,1.21767315231,-0.166343288057,1.61277386707,0.632676486468
0.23595505618,0.584269662921,1.2653536587,-0.176014081436,1.66918497061,0.655696624151
0.247191011236,0.584269662921,1.31124514043,-0.185272355617,1.73141442156,0.678720924608
0.258426966292,0.584269662921,1.35545893532,-0.193753202988,1.79834742344,0.702283181116
0.269662921348,0.584269662921,1.39791877658,-0.202000149831,1.86226473416,0.725750921406
0.280898876404,0.584269662921,1.43832983717,-0.211188254234,1.90322462932,0.747348235651
0.292134831461,0.584269662921,1.47638780656,-0.222409119571,1.92210604933,0.766045872323
0.303370786517,0.584269662921,1.51214995235,-0.235866520902,1.94676425792,0.782592898208
0.314606741573,0.584269662921,1.54608732065,-0.250728344548,1.96178433418,0.797764960234
0.325842696629,0.584269662921,1.57852421551,-0.266039555371,1.96189104634,0.81296795452
0.337078651685,0.584269662921,1.60943791909,-0.281382949171,1.97079639627,0.829484129839
0.348314606742,0.584269662921,1.63908475219,-0.296366540144,1.98714452107,0.84602745829
0.359550561798,0.584269662921,1.66817203204,-0.310204013338,1.98799173601,0.859333127148
0.370786516854,0.584269662921,1.69682032405,-0.322470746662,1.97116315743,0.867698816986
0.38202247191,0.584269662921,1.72386901765,-0.33365835155,1.96799113798,0.873053529159
0.393258426966,0.584269662921,1.74818834012,-0.343844013057,1.98349260438,0.877865258353
0.404494382022,0.584269662921,1.769966334,-0.351749545567,1.91184813563,0.88036437639
0.415730337079,0.584269662921,1.78943777033,-0.356792841283,1.6493580768,0.87751466409
0.426966292135,0.584269662921,1.80576391557,-0.360560870717,1.40597502554,0.874586895458
0.438202247191,0.584269662921,1.81888520759,-0.364235278443,1.35746015278,0.876261265577
0.449438202247,0.584269662921,1.83004422036,-0.367283613008,0.958986938568,0.868271023065
0.460674157303,0.584269662921,1.8399043122,-0.369252667216,0.417534895132,0.854846543612
0.47191011236,0.584269662921,1.84800587926,-0.370576302707,0.167852899176,0.847072996794
0.483146067416,0.584269662921,1.85390542037,-0.371701924009,0.131299300384,0.844146498707
0.494382022472,0.584269662921,1.85808573508,-0.372298587993,-0.133944599993,0.835326503883
0.505617977528,0.584269662921,1.86141325883,-0.371796924528,-0.609198015358,0.819823159319
0.516853932584,0.584269662921,1.8639519621,-0.370484963642,-0.856704057403,0.807200805174
0.52808988764,0.584269662921,1.86467554518,-0.36962961057,-0.889263283382,0.797334555072
0.539325842697,0.584269662921,1.86262870508,-0.3701232504,-1.14170318391,0.78102973778
0.550561797753,0.584269662921,1.85834073906,-0.371013405667,-1.5691186875,0.76094196566
0.561797752809,0.584269662921,1.85233603954,-0.371430369263,-1.72783128883,0.748481205715
0.573033707865,0.584269662921,1.84342647338,-0.372620931703,-1.75066789189,0.739512482168
0.584269662921,0.584269662921,1.83143785784,-0.374637970854,-1.78907399639,0.728949631439
0.595505617978,0.584269662921,1.81726661546,-0.376088199188,-1.83326810874,0.716829856766
0.606741573034,0.584269662921,1.8007394855,-0.376583664781,-1.84816650049,0.705313684867
0.61797752809,0.584269662921,1.78079352321,-0.376706844911,-1.83979251783,0.695258749493
0.629213483146,0.584269662921,1.75700098926,-0.376515634344,-1.84611366592,0.684984426138
0.640449438202,0.584269662921,1.73010058645,-0.375110856229,-1.87257485641,0.672596366702
0.651685393258,0.584269662921,1.70080518743,-0.371961958137,-1.87077199132,0.658476497204
0.662921348315,0.584269662921,1.66892690016,-0.367672905428,-1.84192383379,0.643392796091
0.674157303371,0.584269662921,1.63402233832,-0.363032918868,-1.81304914619,0.627732472653
0.685393258427,0.584269662921,1.59623785462,-0.358043619993,-1.78237557827,0.611417674787
0.696629213483,0.584269662921,1.55606047252,-0.352337260486,-1.75684283351,0.593436255854
0.707865168539,0.584269662921,1.51376736872,-0.345897651182,-1.730721853,0.574075800484
0.719101123596,0.584269662921,1.46957759205,-0.338867266467,-1.6915247907,0.55533534371
0.730337078652,0.584269662921,1.42396036252,-0.331116257926,-1.63889000988,0.538875843897
0.741573033708,0.584269662921,1.37736425114,-0.322473505515,-1.58016609889,0.524085761527
0.752808988764,0.584269662921,1.32977509904,-0.313190562986,-1.52147087561,0.508271649196
0.76404494382,0.584269662921,1.2808877415,-0.303763102793,-1.46528953987,0.489038479511
0.775280898876,0.584269662921,1.23059196753,-0.294412238147,-1.41039867263,0.466610337371
0.786516853933,0.584269662921,1.17895769006,-0.285055564531,-1.35303145406,0.443681287735
0.797752808989,0.584269662921,1.12590539688,-0.27555796522,-1.29184614901,0.422940914181
0.808988764045,0.584269662921,1.07119346287,-0.265742647011,-1.22898256923,0.404826259392
0.820224719101,0.584269662921,1.01470645988,-0.255322537654,-1.16529339394,0.387408191733
0.831460674157,0.584269662921,0.956646503466,-0.244016986475,-1.0996579909,0.368183432439
0.842696629213,0.584269662921,0.897470773795,-0.231691259252,-1.03170343261,0.346107430383
0.85393258427,0.584269662921,0.837671782141,-0.218316660706,-0.96206817645,0.321987700561
0.865168539326,0.584269662921,0.777505384255,-0.203899909746,-0.890943126304,0.297196380402
0.876404494382,0.584269662921,0.716855973971,-0.18850634907,-0.818248872534,0.272440193982
0.887640449438,0.584269662921,0.655405738719,-0.172270131926,-0.744585107352,0.247657848365
0.898876404494,0.584269662921,0.592920345486,-0.155386732542,-0.670586993608,0.222654066698
0.910112359551,0.584269662921,0.529357824977,-0.138115676805,-0.595822063044,0.197529150069
0.921348314607,0.584269662921,0.464803176783,-0.120716025042,-0.519869815611,0.172290018345
0.932584269663,0.584269662921,0.39939773658,-0.103363170049,-0.444279276824,0.146358944258
0.943820224719,0.584269662921,0.333320549677,-0.0861655888416,-0.370981351754,0.119177675731
0.955056179775,0.584269662921,0.266782339124,-0.0691860362284,-0.298653324536,0.0912508016939
0.966292134831,0.584269662921,0.200001157819,-0.0523573910213,-0.22459827888,0.0640253008622
0.977528089888,0.584269662921,0.133155457306,-0.0354384809068,-0.149126675541,0.0389237768703
0.988764044944,0.584269662921,0.0663972206122,-0.0180976775376,-0.074048989904,0.0170839799173
1,0.584269662921,2.29182178125e-16,-6.44467815272e-17,-2.54909283596e-16,4.86114672564e-17
0,0.595505617978,0,0,0,0
0.0112359550562,0.595505617978,0.0594190319417,-0.0170903772487,0.0971829258213,0.045566795342
0.0224719101124,0.595505617978,0.11947879304,-0.0332570229428,0.193873867982,0.0903167054863
0.0337078651685,0.595505617978,0.179789339146,-0.0496193445157,0.289253233935,0.134298037195
0.0449438202247,0.595505617978,0.240013031193,-0.0669643617885,0.382582552566,0.176615964756
0.0561797752809,0.595505617978,0.299862500961,-0.0856153883945,0.473061207148,0.217350092588
0.0674157303371,0.595505617978,0.359130106018,-0.105299069024,0.561062423842,0.257504454026
0.0786516853933,0.595505617978,0.417693484473,-0.125226121836,0.648621663808,0.29781834945
0.0898876404494,0.595505617978,0.475464090001,-0.144523059326,0.737023449268,0.338156839921
0.101123595506,0.595505617978,0.532295614991,-0.162783689149,0.824391218259,0.37794230906
0.112359550562,0.595505617978,0.58792437507,-0.180282267555,0.908199560104,0.416940226833
0.123595505618,0.595505617978,0.642016364476,-0.19767292856,0.98834325611,0.455509773113
0.134831460674,0.595505617978,0.694302553508,-0.215474435895,1.06507667847,0.493968676329
0.14606741573,0.595505617978,0.744709088457,-0.233742921525,1.13804005005,0.53206315428
0.157303370787,0.595505617978,0.793425902212,-0.252066921059,1.20888431407,0.569292373437
0.168539325843,0.595505617978,0.840893421903,-0.269795507971,1.28008097996,0.605354052433
0.179775280899,0.595505617978,0.887648545094,-0.286412923795,1.35065010117,0.640079435172
0.191011235955,0.595505617978,0.934043101733,-0.301933465259,1.41772144907,0.673318342186
0.202247191011,0.595505617978,0.980036201793,-0.316987507361,1.48102301117,0.704961605145
0.213483146067,0.595505617978,1.02523280779,-0.33236843547,1.54065835294,0.734771616776
0.224719101124,0.595505617978,1.06911023341,-0.34838689163,1.59623764227,0.762673212042
0.23595505618,0.595505617978,1.11129115196,-0.364662357429,1.65208756053,0.789625310163
0.247191011236,0.595505617978,1.15169353983,-0.38054653468,1.71302287533,0.817306410634
0.258426966292,0.595505617978,1.19038777872,-0.395812511801,1.77799934275,0.846448966175
0.269662921348,0.595505617978,1.22731177867,-0.411035002451,1.84007345035,0.875819869589
0.280898876404,0.595505617978,1.2621768896,-0.427363053649,1.88033343356,0.902844591928
0.292134831461,0.595505617978,1.29469814886,-0.445800737868,1.89981395593,0.926145770678
0.303370786517,0.595505617978,1.32501892033,-0.466372398462,1.92537835949,0.946675946897
0.314606741573,0.595505617978,1.35375284086,-0.48800788619,1.94113317878,0.965563917577
0.325842696629,0.595505617978,1.3813486921,-0.509548010432,1.94160610648,0.984259793157
0.337078651685,0.595505617978,1.4078306126,-0.53047298289,1.95054580223,1.00384840216
0.348314606742,0.595505617978,1.43337800571,-0.550446594661,1.96712703619,1.02308109148
0.359550561798,0.595505617978,1.45846233195,-0.568948227498,1.96876675754,1.03909882638
0.370786516854,0.595505617978,1.4829895241,-0.58583071411,1.95290292336,1.05052262421
0.38202247191,0.595505617978,1.50597257942,-0.601449353298,1.95007204758,1.0591343599
0.393258426966,0.595505617978,1.52669573909,-0.615484736745,1.96566843346,1.06700497093
0.404494382022,0.595505617978,1.54549799426,-0.626552739143,1.89627856483,1.07209103943
0.415730337079,0.595505617978,1.56248750574,-0.634245025213,1.63906728245,1.07113535786
0.426966292135,0.595505617978,1.57667606153,-0.64030955776,1.39849023424,1.06911949723
0.438202247191,0.595505617978,1.58792993144,-0.645997519192,1.34816195755,1.07090205175
0.449438202247,0.595505617978,1.59747503342,-0.650810310215,0.952314436494,1.0632038631
0.460674157303,0.595505617978,1.60598105436,-0.654330788722,0.414341161834,1.05093543556
0.47191011236,0.595505617978,1.61302914601,-0.656981499477,0.164840727269,1.04508060037
0.483146067416,0.595505617978,1.61829407267,-0.659071057977,0.125944136132,1.04399648795
0.494382022472,0.595505617978,1.62243198453,-0.660026188837,-0.138223595726,1.03610026955
0.505617977528,0.595505617978,1.62643225437,-0.659063584309,-0.608990766896,1.02023816563
0.516853932584,0.595505617978,1.63030818271,-0.656435780103,-0.854091984897,1.00622622684
0.52808988764,0.595505617978,1.63278958776,-0.653591850313,-0.886530511347,0.994610013909
0.539325842697,0.595505617978,1.63266546634,-0.651649679125,-1.13770382978,0.976709522796
0.550561797753,0.595505617978,1.63040246792,-0.6497277936,-1.56092833016,0.955231263535
0.561797752809,0.595505617978,1.62659677955,-0.646957405357,-1.71674168889,0.941244651255
0.573033707865,0.595505617978,1.62004934301,-0.644747235836,-1.73796059708,0.930443997429
0.584269662921,0.595505617978,1.61042093752,-0.643505597044,-1.77432670635,0.91783074883
0.595505617978,0.595505617978,1.59854805096,-0.642030585524,-1.81608608628,0.903523685402
0.606741573034,0.595505617978,1.58441890054,-0.639788075511,-1.82893489663,0.8895941399
0.61797752809,0.595505617978,1.56724094265,-0.637001771215,-1.81910738671,0.876797815143
0.629213483146,0.595505617978,1.54686199903,-0.633307208432,-1.82394906476,0.863599713308
0.640449438202,0.595505617978,1.52413810119,-0.627556048648,-1.84923512889,0.848411843885
0.651685393258,0.595505617978,1.49963864737,-0.619302741322,-1.84826859753,0.831673509573
0.662921348315,0.595505617978,1.47282683935,-0.609526612214,-1.82172353121,0.813841626224
0.674157303371,0.595505617978,1.44286386592,-0.599488099857,-1.79505499853,0.794889091181
0.685393258427,0.595505617978,1.40965661051,-0.589482753572,-1.76582818704,0.774564284137
0.696629213483,0.595505617978,1.37369798627,-0.579115401764,-1.74085537726,0.752018219427
0.707865168539,0.595505617978,1.33541130914,-0.568131649307,-1.71479943219,0.727866267253
0.719101123596,0.595505617978,1.29518582521,-0.55638405483,-1.67542307734,0.704361774512
0.730337078652,0.595505617978,1.25368203388,-0.543450069545,-1.62241493938,0.683184822887
0.741573033708,0.595505617978,1.21158464221,-0.52888030626,-1.56330207724,0.663573955547
0.752808988764,0.595505617978,1.169103071,-0.512746214343,-1.50447200311,0.642771672798
0.76404494382,0.595505617978,1.12603717091,-0.495555236093,-1.44851787503,0.618553633555
0.775280898876,0.595505617978,1.0822270207,-0.477714457803,-1.39411837673,0.591365575612
0.786516853933,0.595505617978,1.03759464656,-0.459394539833,-1.33738595982,0.563841289118
0.797752808989,0.595505617978,0.991892469848,-0.440696250973,-1.27689410216,0.538291920795
0.808988764045,0.595505617978,0.944744856796,-0.421623166817,-1.21471538446,0.514823011534
0.820224719101,0.595505617978,0.895952021526,-0.401990272681,-1.15174565844,0.491525200325
0.831460674157,0.595505617978,0.845657803347,-0.381537625926,-1.0870058515,0.466140287029
0.842696629213,0.595505617978,0.794253399576,-0.360100914474,-1.02022761807,0.43782083725
0.85393258427,0.595505617978,0.742149907348,-0.337618256922,-0.952034595443,0.407489803586
0.865168539326,0.595505617978,0.689530010642,-0.31408550034,-0.882476573249,0.376616551214
0.876404494382,0.595505617978,0.636235441084,-0.289579379421,-0.811270320639,0.345879311821
0.887640449438,0.595505617978,0.581940474604,-0.264254326533,-0.738832734448,0.314953218415
0.898876404494,0.595505617978,0.526439007555,-0.238319902753,-0.665690482845,0.283322810119
0.910112359551,0.595505617978,0.469753081126,-0.21204303462,-0.591418014425,0.251028196927
0.921348314607,0.595505617978,0.412057167073,-0.185685886699,-0.515714084646,0.21835645006
0.932584269663,0.595505617978,0.353589973064,-0.159406197409,-0.440286342267,0.185127350074
0.943820224719,0.595505617978,0.294615774925,-0.133258635322,-0.36721462462,0.151037899484
0.955056179775,0.595505617978,0.235403565517,-0.107227095755,-0.295328868957,0.116658656135
0.966292134831,0.595505617978,0.176200218491,-0.0811661602672,-0.222011108802,0.083393909269
0.977528089888,0.595505617978,0.117177117953,-0.0547884261703,-0.147452111847,0.0524599304756
0.988764044944,0.595505617978,0.0584120955929,-0.0277934283815,-0.0732595931783,0.0244499648706
1,0.595505617978,2.01800459136e-16,-9.78546715329e-17,-2.52270560681e-16,7.72695236551e-17
0,0.606741573034,0,0,0,0
0.0112359550562,0.606741573034,0.0559682717635,-0.0215973799613,0.0961318212056,0.0521802999289
0.0224719101124,0.606741573034,0.112386688264,-0.042506669796,0.191841573201,0.10409077869
0.0337078651685,0.606741573034,0.168940786333,-0.0637301431647,0.286236319514,0.155406483959
0.0449438202247,0.606741573034,0.225411782894,-0.0858698445853,0.378592422749,0.204565057918
0.0561797752809,0.606741573034,0.281641462021,-0.109075276659,0.468127846795,0.251252040985
0.0674157303371,0.606741573034,0.33750989552,-0.132996450394,0.555161127357,0.296606816701
0.0786516853933,0.606741573034,0.392908544991,-0.156882935142,0.641643605641,0.341850762453
0.0898876404494,0.606741573034,0.447698222471,-0.179957491557,0.72886931193,0.387242985981
0.101123595506,0.606741573034,0.501655894535,-0.201905279456,0.815114255612,0.432259589735
0.112359550562,0.606741573034,0.554451594131,-0.223075187852,0.898020056095,0.476475589909
0.123595505618,0.606741573034,0.605712227317,-0.244186617412,0.977494692025,0.520114310388
0.134831460674,0.606741573034,0.655152368711,-0.265795146104,1.05364991802,0.563600169508
0.14606741573,0.606741573034,0.702685523399,-0.287940180353,1.12593241755,0.606854350988
0.157303370787,0.606741573034,0.748479844301,-0.310151613883,1.19586327367,0.649349876155
0.168539325843,0.606741573034,0.792961774008,-0.331720013398,1.26598124792,0.69062797494
0.179775280899,0.606741573034,0.836698985551,-0.35209852323,1.33553994207,0.730522813577
0.191011235955,0.606741573034,0.880133137914,-0.371276793834,1.40180842848,0.769040807515
0.202247191011,0.606741573034,0.923341482185,-0.389815301131,1.46447385822,0.806019470356
0.213483146067,0.606741573034,0.96602139382,-0.40838346827,1.52363506627,0.840830933191
0.224719101124,0.606741573034,1.00766693326,-0.427208385709,1.57886226306,0.873123628922
0.23595505618,0.606741573034,1.04782059989,-0.445989818607,1.6340424805,0.904117880414
0.247191011236,0.606741573034,1.08628604192,-0.464286417011,1.69344311723,0.935982627954
0.258426966292,0.606741573034,1.12309375607,-0.482022734749,1.75612483822,0.969524165042
0.269662921348,0.606741573034,1.15821138101,-0.499806157725,1.81602573178,1.00310106895
0.280898876404,0.606741573034,1.19135992187,-0.518778597866,1.85531598326,1.03378861074
0.292134831461,0.606741573034,1.22222271518,-0.539933062735,1.8751351982,1.06028395246
0.303370786517,0.606741573034,1.25092397706,-0.563238309629,1.90132442272,1.08382383531
0.314606741573,0.606741573034,1.2781154827,-0.587491736902,1.9176034014,1.10558417493
0.325842696629,0.606741573034,1.30432140438,-0.611363523415,1.91840325777,1.12668477022
0.337078651685,0.606741573034,1.32958355739,-0.634248834951,1.927538001,1.14796498633
0.348314606742,0.606741573034,1.35391315096,-0.655972075456,1.94472373051,1.16856178787
0.359550561798,0.606741573034,1.37741947902,-0.676432210165,1.94764716595,1.18644755794
0.370786516854,0.606741573034,1.39979282477,-0.695760030692,1.93307213726,1.200681951
0.38202247191,0.606741573034,1.42033188016,-0.714027061894,1.93042250564,1.21263606246
0.393258426966,0.606741573034,1.43878672252,-0.730433412241,1.94551070547,1.22363189593
0.404494382022,0.606741573034,1.45566632492,-0.743456630521,1.87775600899,1.23121237352
0.415730337079,0.606741573034,1.47101308614,-0.752802385637,1.62539129881,1.23200991791
0.426966292135,0.606741573034,1.48382275051,-0.76024324049,1.38763861438,1.23086821805
0.438202247191,0.606741573034,1.49401908011,-0.766953940714,1.33597929545,1.23277753282
0.449438202247,0.606741573034,1.50284520868,-0.772421481712,0.943454295624,1.22520277877
0.460674157303,0.606741573034,1.51095071868,-0.776282991234,0.409877346788,1.21350815605
0.47191011236,0.606741573034,1.51787197659,-0.779046451947,0.161019514224,1.20855666843
0.483146067416,0.606741573034,1.52320250386,-0.781124704505,0.119420571418,1.20815466187
0.494382022472,0.606741573034,1.52754435621,-0.781989060544,-0.144849142889,1.2003754901
0.505617977528,0.606741573034,1.53194036379,-0.780755050893,-0.611849157715,1.18418503194
0.516853932584,0.606741573034,1.53650416782,-0.777503151335,-0.854626770312,1.16977140246
0.52808988764,0.606741573034,1.53998864032,-0.773591377264,-0.887187298211,1.1579997016
0.539325842697,0.606741573034,1.54109752404,-0.770183922858,-1.1371060589,1.14014669842
0.550561797753,0.606741573034,1.54016298519,-0.766538212632,-1.5558791917,1.11853421262
0.561797752809,0.606741573034,1.53769435493,-0.761915088234,-1.70792416616,1.10379929737
0.573033707865,0.606741573034,1.53248982836,-0.757793500408,-1.72622886864,1.09162167641
0.584269662921,0.606741573034,1.52417877647,-0.754703562128,-1.75956297731,1.07727472433
0.595505617978,0.606741573034,1.51354622741,-0.75158156441,-1.79840221151,1.06102962774
0.606741573034,0.606741573034,1.50060428126,-0.74791155407,-1.80903431501,1.04476454937
0.61797752809,0.606741573034,1.48464185181,-0.743818927548,-1.79777845092,1.02893279288
0.629213483146,0.606741573034,1.4655992506,-0.738781848296,-1.80133939552,1.01206039112
0.640449438202,0.606741573034,1.44440273174,-0.731499021863,-1.82553599648,0.993075868166
0.651685393258,0.606741573034,1.42162079332,-0.721467315424,-1.82495441235,0.972924181686
0.662921348315,0.606741573034,1.39659415166,-0.709788653696,-1.80006198934,0.952153045423
0.674157303371,0.606741573034,1.3682824956,-0.697975734718,-1.77524150812,0.930484203623
0.685393258427,0.606741573034,1.33648175726,-0.68647643022,-1.74740207436,0.907433190341
0.696629213483,0.606741573034,1.30178341268,-0.674771089754,-1.72305818342,0.882093633021
0.707865168539,0.606741573034,1.26480063257,-0.66232863989,-1.69715463996,0.855057674322
0.719101123596,0.606741573034,1.22602503754,-0.64880221539,-1.65777559898,0.828434821445
0.730337078652,0.606741573034,1.18612184813,-0.633702933951,-1.60472426611,0.803663804839
0.741573033708,0.606741573034,1.1457875722,-0.616569761602,-1.54564129693,0.779857319844
0.752808988764,0.606741573034,1.10531184468,-0.59745785133,-1.48705368893,0.754440359225
0.76404494382,0.606741573034,1.06459496573,-0.576871400215,-1.43156890185,0.725597676629
0.775280898876,0.606741573034,1.02349851395,-0.555277510963,-1.37777421602,0.694062002586
0.786516853933,0.606741573034,0.981849516207,-0.532980413659,-1.32173348247,0.662335618303
0.797752808989,0.606741573034,0.939253110591,-0.510241247729,-1.26199567175,0.632267199725
0.808988764045,0.606741573034,0.895226746161,-0.487187882025,-1.20058272116,0.603599135649
0.820224719101,0.606741573034,0.849533558696,-0.463688238561,-1.13840090839,0.574485828275
0.831460674157,0.606741573034,0.802303894598,-0.4394760734,-1.07457293302,0.543052249478
0.842696629213,0.606741573034,0.753884741577,-0.414363888983,-1.00894516893,0.508851506272
0.85393258427,0.606741573034,0.704617370284,-0.388276148604,-0.94215887314,0.473111056416
0.865168539326,0.606741573034,0.654646117554,-0.361191092248,-0.874124096162,0.43748350849
0.876404494382,0.606741573034,0.603838319866,-0.333149256639,-0.804338306421,0.402546091968
0.887640449438,0.606741573034,0.551931568542,-0.304263968141,-0.733039457655,0.36751748023
0.898876404494,0.606741573034,0.498785724464,-0.274717149484,-0.660666472313,0.331372119143
0.910112359551,0.606741573034,0.444486612269,-0.244767340439,-0.586826658632,0.29398663547
0.921348314607,0.606741573034,0.389282089659,-0.214676581289,-0.511375225707,0.255890704578
0.932584269663,0.606741573034,0.333492407229,-0.184586277683,-0.436214594598,0.217276693242
0.943820224719,0.606741573034,0.277444859584,-0.154511987062,-0.363558253833,0.178059548896
0.955056179775,0.606741573034,0.22142198678,-0.124403468737,-0.292293274112,0.138818015333
0.966292134831,0.606741573034,0.165631429078,-0.0941131278708,-0.219775336767,0.100836243645
0.977528089888,0.606741573034,0.110168420379,-0.0633890441745,-0.146061343215,0.0650521861443
0.988764044944,0.606741573034,0.0549904830948,-0.0320196766091,-0.0726181827287,0.0314936766584
1,0.606741573034,1.90505753771e-16,-1.11969629739e-16,-2.50136065019e-16,1.05184405648e-16
0,0.61797752809,0,0,0,0
0.0112359550562,0.61797752809,0.0546820497982,-0.0235717771412,0.0950357586879,0.0575262882786
0.0224719101124,0.61797752809,0.109804897137,-0.0464656558396,0.189786614505,0.115471253309
0.0337078651685,0.61797752809,0.164974084879,-0.069721338652,0.283243276083,0.173271778611
0.0449438202247,0.61797752809,0.219979211197,-0.0938678762545,0.374637708842,0.228742449042
0.0561797752809,0.61797752809,0.274752960476,-0.118916467837,0.463173601509,0.281090358454
0.0674157303371,0.61797752809,0.329293678736,-0.144404229057,0.549123188368,0.331436329318
0.0786516853933,0.61797752809,0.383573538931,-0.169555119382,0.634381716604,0.381322134356
0.0898876404494,0.61797752809,0.437466058175,-0.193644255904,0.720276665701,0.431288500605
0.101123595506,0.61797752809,0.490708186236,-0.216443107983,0.805253316832,0.480846479754
0.112359550562,0.61797752809,0.54291422895,-0.238394094874,0.887139236265,0.529430906202
0.123595505618,0.61797752809,0.593668119234,-0.260304017438,0.965880141811,0.577180582014
0.134831460674,0.61797752809,0.64265634468,-0.282787470312,1.04145398864,0.62465907268
0.14606741573,0.61797752809,0.689757471717,-0.305898790836,1.11308244076,0.671976000316
0.157303370787,0.61797752809,0.735080439988,-0.329153753351,1.18209816635,0.718561381665
0.168539325843,0.61797752809,0.778983521294,-0.351836421512,1.25106936896,0.763796896776
0.179775280899,0.61797752809,0.821995706909,-0.37342262989,1.31949910842,0.807616123826
0.191011235955,0.61797752809,0.864577677413,-0.393921662622,1.38484761505,0.850384359896
0.202247191011,0.61797752809,0.906884192699,-0.413836238844,1.4468117938,0.892084389887
0.213483146067,0.61797752809,0.948728222999,-0.433668322486,1.5055003235,0.931755576701
0.224719101124,0.61797752809,0.989718478808,-0.453451752029,1.56040811309,0.968594678741
0.23595505618,0.61797752809,1.02944423157,-0.472828912808,1.61493232421,1.0037012746
0.247191011236,0.61797752809,1.06765199749,-0.49150308746,1.6727651619,1.03936075412
0.258426966292,0.61797752809,1.10428834295,-0.50960589113,1.73307011142,1.0763664613
0.269662921348,0.61797752809,1.13928546191,-0.527868182675,1.79065759762,1.11295747407
0.280898876404,0.61797752809,1.17234064702,-0.547488835462,1.82874704642,1.14632617355
0.292134831461,0.61797752809,1.20309462995,-0.569487521616,1.8485744631,1.17553587937
0.303370786517,0.61797752809,1.23165875775,-0.593782793338,1.87503125787,1.20199142536
0.314606741573,0.61797752809,1.25875168742,-0.619000715256,1.89159476312,1.22650511798
0.325842696629,0.61797752809,1.28500059211,-0.643590009225,1.8926957255,1.24952859006
0.337078651685,0.61797752809,1.31044566958,-0.666864409782,1.90217261305,1.27166026194
0.348314606742,0.61797752809,1.33487042045,-0.688870779755,1.92019313994,1.29270764918
0.359550561798,0.61797752809,1.35803717084,-0.709913545945,1.92459736396,1.31175247163
0.370786516854,0.61797752809,1.37956064758,-0.73024064217,1.9112819885,1.32833823403
0.38202247191,0.61797752809,1.39904352558,-0.749608562187,1.90836796882,1.34327877766
0.393258426966,0.61797752809,1.41651430681,-0.766937044981,1.92212617273,1.35701240274
0.404494382022,0.61797752809,1.43249835892,-0.780733143261,1.85515275416,1.3667043785
0.415730337079,0.61797752809,1.44692095523,-0.79087994811,1.60707850195,1.36908522796
0.426966292135,0.61797752809,1.45876782034,-0.799176373861,1.37234849477,1.36903927222
0.438202247191,0.61797752809,1.46808657272,-0.806642466873,1.32021597524,1.37156835186
0.449438202247,0.61797752809,1.47624899483,-0.812607487577,0.932182955023,1.36447237248
0.460674157303,0.61797752809,1.48400865167,-0.816604790603,0.404391294349,1.35318913768
0.47191011236,0.61797752809,1.49094562714,-0.819126367275,0.156998702096,1.34842024919
0.483146067416,0.61797752809,1.49657673501,-0.820705022164,0.112769658576,1.3478083588
0.494382022472,0.61797752809,1.50138628785,-0.820964995516,-0.152248767297,1.33962849638
0.505617977528,0.61797752809,1.50640782772,-0.81903433831,-0.615717151833,1.32332792953
0.516853932584,0.61797752809,1.51184294265,-0.814878375632,-0.855709025749,1.30938828619
0.52808988764,0.61797752809,1.51649852679,-0.809763733236,-0.887949993287,1.29857156304
0.539325842697,0.61797752809,1.51900175981,-0.804903670242,-1.13598469913,1.28169919163
0.550561797753,0.61797752809,1.51950006067,-0.799726830572,-1.54990102892,1.26049864498
0.561797752809,0.61797752809,1.51836269514,-0.793617394241,-1.69779803182,1.24520867312
0.573033707865,0.61797752809,1.51437750889,-0.788041922515,-1.71266318794,1.23163384131
0.584269662921,0.61797752809,1.50716902014,-0.783541516067,-1.74272579581,1.21543528046
0.595505617978,0.61797752809,1.4974421295,-0.779186317726,-1.77872259471,1.19712291556
0.606741573034,0.61797752809,1.4851328881,-0.774607344564,-1.78725367618,1.1784137847
0.61797752809,0.61797752809,1.4694836488,-0.770027247233,-1.77465732894,1.15938721262
0.629213483146,0.61797752809,1.45041956909,-0.764946239397,-1.77719527885,1.13851130199
0.640449438202,0.61797752809,1.42894800275,-0.7579391377,-1.80058717654,1.1152613503
0.651685393258,0.61797752809,1.40577983752,-0.748302632722,-1.80016002403,1.09138753671
0.662921348315,0.61797752809,1.38032152546,-0.737054286652,-1.77635572396,1.06789917335
0.674157303371,0.61797752809,1.35149605907,-0.725774732137,-1.7530016656,1.04441645275
0.685393258427,0.61797752809,1.31909610007,-0.71494765303,-1.72646889888,1.02008616569
0.696629213483,0.61797752809,1.28386277825,-0.703883267596,-1.70285397132,0.993651618152
0.707865168539,0.61797752809,1.24661454684,-0.691773887781,-1.67724125682,0.965352536032
0.719101123596,0.61797752809,1.20791735072,-0.678123028984,-1.63806463727,0.93686436385
0.730337078652,0.61797752809,1.16834259802,-0.662500112222,-1.5852913187,0.909245116553
0.741573033708,0.61797752809,1.12844276403,-0.644610793259,-1.52661391284,0.881578284025
0.752808988764,0.61797752809,1.08845819329,-0.624624229152,-1.4685838799,0.851715064276
0.76404494382,0.61797752809,1.04836530767,-0.603031273274,-1.41375988383,0.818415240028
0.775280898876,0.61797752809,1.0081053248,-0.580241390742,-1.36066978957,0.782680386441
0.786516853933,0.61797752809,0.967473444888,-0.556570578088,-1.30539422991,0.746814299125
0.797752808989,0.61797752809,0.925962830809,-0.532366613793,-1.24649088823,0.712249259839
0.808988764045,0.61797752809,0.883001677741,-0.507850513812,-1.18592428206,0.678492775738
0.820224719101,0.61797752809,0.838326410755,-0.482939575893,-1.12456896898,0.643857311231
0.831460674157,0.61797752809,0.792055210762,-0.457380956247,-1.06162208705,0.60689562109
0.842696629213,0.61797752809,0.744478926802,-0.431007383422,-0.997080850587,0.567585387485
0.85393258427,0.61797752809,0.69585127758,-0.403784750833,-0.931655474036,0.527424056434
0.865168539326,0.61797752809,0.646275836487,-0.3757115302,-0.865120242974,0.488114572276
0.876404494382,0.61797752809,0.595672393748,-0.346790881332,-0.796727333259,0.449980774498
0.887640449438,0.61797752809,0.543884477927,-0.317063079157,-0.726528721168,0.411763505974
0.898876404494,0.61797752809,0.49086898815,-0.286643166271,-0.654897627047,0.372058169232
0.910112359551,0.61797752809,0.436784028282,-0.255746573908,-0.581507615313,0.330701017193
0.921348314607,0.61797752809,0.38194562017,-0.224607304156,-0.506404728339,0.288445558197
0.932584269663,0.61797752809,0.326744366594,-0.193337343713,-0.431706476763,0.245731425832
0.943820224719,0.61797752809,0.271548508738,-0.161927924728,-0.359728642371,0.202565737374
0.955056179775,0.61797752809,0.216613829231,-0.130342777556,-0.289314463742,0.159453054901
0.966292134831,0.61797752809,0.162058613655,-0.0984977992198,-0.217694532012,0.117501736736
0.977528089888,0.61797752809,0.10787252358,-0.0662194040014,-0.144795356595,0.0773402572912
0.988764044944,0.61797752809,0.0539182797062,-0.0333633000861,-0.0720275597159,0.0384575638165
1,0.61797752809,1.87173839719e-16,-1.16271144142e-16,-2.48115268965e-16,1.32900750877e-16
0,0.629213483146,0,0,0,0
0.0112359550562,0.629213483146,0.0523779661509,-0.0266762870113,0.0940157653214,0.0619213226048
0.0224719101124,0.629213483146,0.105248420078,-0.0525996637894,0.187922618151,0.124999192056
0.0337078651685,0.629213483146,0.158040841669,-0.0789371525304,0.280572094872,0.188589725354
0.0449438202247,0.629213483146,0.210478629646,-0.106222340492,0.371106143481,0.250103813672
0.0561797752809,0.629213483146,0.262554205706,-0.134361266871,0.458689306248,0.308340764012
0.0674157303371,0.629213483146,0.31440300612,-0.162755570096,0.543559778092,0.364246042688
0.0786516853933,0.629213483146,0.366129904918,-0.190549956075,0.627575065885,0.419389959801
0.0898876404494,0.629213483146,0.417678934371,-0.217025971839,0.712089662512,0.474365724484
0.101123595506,0.629213483146,0.468789849021,-0.242023564678,0.795695884059,0.528690759014
0.112359550562,0.629213483146,0.519042431874,-0.266081812716,0.876399595421,0.581783614675
0.123595505618,0.629213483146,0.567982776531,-0.290102424489,0.954205524672,0.633799444279
0.134831460674,0.629213483146,0.615268799194,-0.314764734618,1.02898793054,0.685421789784
0.14606741573,0.629213483146,0.660746961035,-0.340142916989,1.09975392401,0.736859705431
0.157303370787,0.629213483146,0.704477408764,-0.365736314567,1.16763877566,0.787419610166
0.168539325843,0.629213483146,0.746762158396,-0.390804728531,1.23523679726,0.836290259443
0.179775280899,0.629213483146,0.788086226462,-0.414823034129,1.30232714851,0.883540594817
0.191011235955,0.629213483146,0.828892587049,-0.437815322942,1.36661606187,0.930015959908
0.202247191011,0.629213483146,0.869357461079,-0.460253744971,1.42785971234,0.976031644787
0.213483146067,0.629213483146,0.909370528893,-0.482511749936,1.48617526896,1.0204548079
0.224719101124,0.629213483146,0.948672199662,-0.50442779359,1.54093575687,1.06200629552
0.23595505618,0.629213483146,0.986976717909,-0.525509162323,1.59502650424,1.10139451834
0.247191011236,0.629213483146,1.02403932336,-0.545522402924,1.65157516459,1.14071934266
0.258426966292,0.629213483146,1.05968471191,-0.564839849463,1.70980319331,1.18074669969
0.269662921348,0.629213483146,1.09370892839,-0.584432908544,1.76524058508,1.21991528772
0.280898876404,0.629213483146,1.125731026,-0.605635214753,1.8020009481,1.2559081502
0.292134831461,0.629213483146,1.15536902524,-0.629493412842,1.82142962917,1.28826946962
0.303370786517,0.629213483146,1.18278242638,-0.655828632978,1.84765425106,1.31835887312
0.314606741573,0.629213483146,1.20881295085,-0.683044967118,1.86410468881,1.34629243804
0.325842696629,0.629213483146,1.23420072754,-0.709357717231,1.86528202206,1.37166130214
0.337078651685,0.629213483146,1.25895458007,-0.734020793304,1.87494914272,1.39482794059
0.348314606742,0.629213483146,1.28264779944,-0.757267838862,1.89360237196,1.41633414689
0.359550561798,0.629213483146,1.30484780351,-0.779623297376,1.89919127649,1.43637737423
0.370786516854,0.629213483146,1.32522143082,-0.801301704803,1.88672546075,1.45497865306
0.38202247191,0.629213483146,1.34353004354,-0.821911843486,1.88297020605,1.4724623901
0.393258426966,0.629213483146,1.3598499533,-0.840357992829,1.89461808099,1.48850077486
0.404494382022,0.629213483146,1.37466295284,-0.855245464798,1.82757826743,1.50002601538
0.415730337079,0.629213483146,1.38782382483,-0.866583056037,1.58323251448,1.50404129477
0.426966292135,0.629213483146,1.39833596825,-0.876162627055,1.35177841249,1.50556619743
0.438202247191,0.629213483146,1.40639721552,-0.884805221957,1.30005199377,1.50943917529
0.449438202247,0.629213483146,1.4135800869,-0.891574056924,0.917751188405,1.50339491354
0.460674157303,0.629213483146,1.42082138394,-0.89578604337,0.397254002175,1.49262762222
0.47191011236,0.629213483146,1.42777384898,-0.897883416895,0.152328711441,1.48770625271
0.483146067416,0.629213483146,1.43382966951,-0.898598053186,0.106052909093,1.48647223921
0.494382022472,0.629213483146,1.43925236692,-0.897863671683,-0.159376495644,1.47774624339
0.505617977528,0.629213483146,1.44497561887,-0.894966045162,-0.618509102649,1.46151154402
0.516853932584,0.629213483146,1.45124814257,-0.889841528284,-0.854379398927,1.44829780735
0.52808988764,0.629213483146,1.45693441373,-0.883693108712,-0.885022331825,1.4384836021
0.539325842697,0.629213483146,1.46065347777,-0.87771568671,-1.12980022673,1.4223728477
0.550561797753,0.629213483146,1.46252867398,-0.871300722203,-1.53820498622,1.40119114934
0.561797752809,0.629213483146,1.46291798629,-0.863748703505,-1.68209816851,1.38492343151
0.573033707865,0.629213483146,1.46048035029,-0.856576104263,-1.69391126617,1.36960973741
0.584269662921,0.629213483146,1.45464787356,-0.850489193056,-1.72135287598,1.351333593
0.595505617978,0.629213483146,1.44606298565,-0.844643217029,-1.75527301414,1.33088728986
0.606741573034,0.629213483146,1.43468891894,-0.838707725142,-1.76224413269,1.30993314901
0.61797752809,0.629213483146,1.4197583742,-0.832996828887,-1.74857802738,1.28821039807
0.629213483146,0.629213483146,1.40113166932,-0.827132493473,-1.75041970086,1.26395004154
0.640449438202,0.629213483146,1.3798407171,-0.819663448849,-1.77339080211,1.23689409845
0.651685393258,0.629213483146,1.35674729541,-0.809694842643,-1.77300480102,1.20949074038
0.662921348315,0.629213483146,1.33138280486,-0.798099284476,-1.74975177491,1.18333832146
0.674157303371,0.629213483146,1.30269554597,-0.786456645414,-1.72742289791,1.15812058938
0.685393258427,0.629213483146,1.27049042764,-0.775273556175,-1.70205883965,1.13265640685
0.696629213483,0.629213483146,1.23561414644,-0.763754043782,-1.67928094798,1.10528064866
0.707865168539,0.629213483146,1.1990415548,-0.750891153398,-1.65415941773,1.07580084049
0.719101123596,0.629213483146,1.16140076265,-0.7360748881,-1.61544520574,1.04539144593
0.730337078652,0.629213483146,1.12316814888,-0.718947254943,-1.56326836771,1.01473641967
0.741573033708,0.629213483146,1.0847322552,-0.699396837855,-1.50530479402,0.983024019872
0.752808988764,0.629213483146,1.04626407242,-0.677698537273,-1.44805561177,0.948704265417
0.76404494382,0.629213483146,1.00781511323,-0.65428145846,-1.39403426523,0.911121998916
0.775280898876,0.629213483146,0.969406524535,-0.629447171332,-1.34177741313,0.871342336347
0.786516853933,0.629213483146,0.930797009184,-0.603496652901,-1.28742207674,0.831274472001
0.797752808989,0.629213483146,0.891374459699,-0.576847518838,-1.2295192697,0.791984259857
0.808988764045,0.629213483146,0.850497471703,-0.54979739026,-1.16994222874,0.752987622748
0.820224719101,0.629213483146,0.807895095295,-0.52230274943,-1.10949225597,0.712951913571
0.831460674157,0.629213483146,0.763684220615,-0.494128540147,-1.047425108,0.670880132384
0.842696629213,0.629213483146,0.718102414625,-0.465149260255,-0.98392748737,0.627047026982
0.85393258427,0.629213483146,0.671313281157,-0.435406052589,-0.919826983414,0.582982717139
0.865168539326,0.629213483146,0.623374743903,-0.404952463723,-0.85477579294,0.54016626794
0.876404494382,0.629213483146,0.57425643606,-0.373777868038,-0.7877739038,0.498547997605
0.887640449438,0.629213483146,0.523906412754,-0.341859014399,-0.718693894655,0.45658318244
0.898876404494,0.629213483146,0.472369934746,-0.309244903531,-0.647872169774,0.412860468407
0.910112359551,0.629213483146,0.419858088917,-0.276101673919,-0.575078748608,0.367406306149
0.921348314607,0.629213483146,0.366731211052,-0.242623925923,-0.500558353197,0.32115038036
0.932584269663,0.629213483146,0.313428181318,-0.208888631368,-0.426618746344,0.274592416804
0.943820224719,0.629213483146,0.260338670509,-0.174874533379,-0.355616468016,0.22768497061
0.955056179775,0.629213483146,0.207672891527,-0.140588912744,-0.286263740309,0.180798785692
0.966292134831,0.629213483146,0.155445269318,-0.106044063801,-0.215613032257,0.134846368629
0.977528089888,0.629213483146,0.103546556175,-0.0711525615598,-0.143504235538,0.0901414801934
0.988764044944,0.629213483146,0.05179535816,-0.0357914061097,-0.0713917482283,0.045673264838
1,0.629213483146,1.79918377798e-16,-1.24615793184e-16,-2.4582214925e-16,1.61316140332e-16
0,0.640449438202,0,0,0,0
0.0112359550562,0.640449438202,0.0487826214001,-0.0311951928859,0.0931269449905,0.0655366846294
0.0224719101124,0.640449438202,0.0981020139802,-0.0615617894438,0.186310234628,0.132863757052
0.0337078651685,0.640449438202,0.147150584079,-0.09245030393,0.278272335553,0.201354806889
0.0449438202247,0.640449438202,0.195540222738,-0.124449352469,0.368049611113,0.268306373303
0.0561797752809,0.640449438202,0.243296421431,-0.157392483289,0.454759149114,0.332303205747
0.0674157303371,0.640449438202,0.290687107195,-0.190550179043,0.538619239856,0.394053332287
0.0786516853933,0.640449438202,0.337967100806,-0.222967230073,0.621456363463,0.454915937006
0.0898876404494,0.640449438202,0.385186114467,-0.253899503454,0.704618580718,0.515331023376
0.101123595506,0.640449438202,0.432133534674,-0.283220458702,0.786786216922,0.574786781791
0.112359550562,0.640449438202,0.478405064842,-0.311525990721,0.866108428289,0.632777374678
0.123595505618,0.640449438202,0.523554781475,-0.339767448298,0.942669763172,0.689530974261
0.134831460674,0.640449438202,0.567247266274,-0.368650701591,1.01630139876,0.745781304759
0.14606741573,0.640449438202,0.609318775416,-0.398254371114,1.08585745521,0.801730878027
0.157303370787,0.640449438202,0.649789918753,-0.428066583913,1.15231328343,0.856534293145
0.168539325843,0.640449438202,0.688906178957,-0.457325789499,1.21829735571,0.909208381323
0.179775280899,0.640449438202,0.727098019699,-0.485491059255,1.28386572417,0.9599347612
0.191011235955,0.640449438202,0.764761844673,-0.512588858541,1.34699787536,1.00999436808
0.202247191011,0.640449438202,0.802045728278,-0.539088701457,1.4075491206,1.06009614042
0.213483146067,0.640449438202,0.838861373695,-0.56530915067,1.46563942253,1.10912329398
0.224719101124,0.640449438202,0.875051746951,-0.590959493947,1.52048049617,1.15544416854
0.23595505618,0.640449438202,0.910487555898,-0.615391200551,1.57447009593,1.19925956056
0.247191011236,0.640449438202,0.945020921694,-0.638316310209,1.63024149318,1.24225642371
0.258426966292,0.640449438202,0.978414938326,-0.660248270494,1.68701631597,1.28512451245
0.269662921348,0.640449438202,1.01030657698,-0.682402939285,1.74077839338,1.32668745403
0.280898876404,0.640449438202,1.04019185606,-0.706294748107,1.77625187416,1.36531471558
0.292134831461,0.640449438202,1.06765395579,-0.733024830387,1.79486702889,1.40105706747
0.303370786517,0.640449438202,1.09290497232,-0.762342598017,1.82023765906,1.43513980586
0.314606741573,0.640449438202,1.1168961657,-0.792483700494,1.83598847709,1.46693195344
0.325842696629,0.640449438202,1.14043865122,-0.821505928954,1.83675553758,1.49517834331
0.337078651685,0.640449438202,1.16348502892,-0.848635440413,1.84610624988,1.51995288125
0.348314606742,0.640449438202,1.18547334052,-0.874187055202,1.86476224661,1.54231840566
0.359550561798,0.640449438202,1.20591676532,-0.898717626728,1.87085111614,1.56334795514
0.370786516854,0.640449438202,1.22451415586,-0.922418170158,1.85865387232,1.58353726729
0.38202247191,0.640449438202,1.24099297505,-0.944975816891,1.85363173763,1.60299267608
0.393258426966,0.640449438202,1.2553928528,-0.965390029596,1.86272848363,1.62092723261
0.404494382022,0.640449438202,1.26824355636,-0.982271614496,1.79502004904,1.63421703388
0.415730337079,0.640449438202,1.27945839149,-0.995611151219,1.55390743181,1.64019472339
0.426966292135,0.640449438202,1.28811447776,-1.00711933612,1.32579686181,1.64396340066
0.438202247191,0.640449438202,1.29455820472,-1.01739411096,1.2748502106,1.64998928761
0.449438202247,0.640449438202,1.30055785198,-1.02520370775,0.898983348384,1.64566195435
0.460674157303,0.640449438202,1.3072115014,-1.02964847496,0.386887962403,1.6357748896
0.47191011236,0.640449438202,1.31418712903,-1.03118600164,0.145310427322,1.63083080568
0.483146067416,0.640449438202,1.32065829643,-1.0308775146,0.0979504965784,1.62905698249
0.494382022472,0.640449438202,1.32654384872,-1.02913996706,-0.166558002332,1.61985064427
0.505617977528,0.640449438202,1.33258140007,-1.02555673249,-0.619597489029,1.60353257481
0.516853932584,0.640449438202,1.33904655856,-1.02008439801,-0.849526397761,1.59044409968
0.52808988764,0.640449438202,1.34490811296,-1.01383147178,-0.876971603052,1.58057071413
0.539325842697,0.640449438202,1.3489180407,-1.00782461978,-1.11675112159,1.56396850008
0.550561797753,0.640449438202,1.35144531241,-1.001098949,-1.51877479957,1.54167303516
0.561797752809,0.640449438202,1.35306277785,-0.99258000404,-1.65914868035,1.52362874067
0.573033707865,0.640449438202,1.352181275,-0.983931051341,-1.66894660949,1.50620242874
0.584269662921,0.640449438202,1.34777808399,-0.976290404988,-1.69502282327,1.48586772644
0.595505617978,0.640449438202,1.34043912928,-0.96887068742,-1.72810193439,1.46367416769
0.606741573034,0.640449438202,1.3303146761,-0.961194736377,-1.73439726606,1.44133688113
0.61797752809,0.640449438202,1.31674142167,-0.953552214366,-1.72010903233,1.41835081227
0.629213483146,0.640449438202,1.29951412483,-0.94570885021,-1.72157084747,1.392521981
0.640449438202,0.640449438202,1.27959516347,-0.936313782597,-1.74440555989,1.3633537495
0.651685393258,0.640449438202,1.25791973142,-0.924379909223,-1.74386605718,1.33346134061
0.662921348315,0.640449438202,1.23413814475,-0.910643756998,-1.72054270616,1.30479320381
0.674157303371,0.640449438202,1.20723910767,-0.896665309298,-1.69867796826,1.27721090209
0.685393258427,0.640449438202,1.17700483962,-0.883016683574,-1.67422508129,1.24950408954
0.696629213483,0.640449438202,1.1442834785,-0.868928565699,-1.65233013063,1.21990894716
0.707865168539,0.640449438202,1.11009780103,-0.853343569796,-1.62791590082,1.1880322121
0.719101123596,0.640449438202,1.0750911589,-0.835619906634,-1.58996652281,1.15467578952
0.730337078652,0.640449438202,1.03965902056,-0.815474241627,-1.53870877215,1.12023461469
0.741573033708,0.640449438202,1.00407577224,-0.79291546436,-1.48171475371,1.08411766329
0.752808988764,0.640449438202,0.96850309622,-0.768220345106,-1.42539688679,1.04547385759
0.76404494382,0.640449438202,0.933093313696,-0.74167383557,-1.37228422608,1.00415803484
0.775280898876,0.640449438202,0.89792196551,-0.713452696962,-1.32100991171,0.960997028788
0.786516853933,0.640449438202,0.86268550337,-0.683852249038,-1.26777582192,0.917184338026
0.797752808989,0.640449438202,0.826683193573,-0.653345753397,-1.21107626555,0.873348099193
0.808988764045,0.640449438202,0.789246799152,-0.622272829034,-1.15265549314,0.829203935524
0.820224719101,0.640449438202,0.750132065896,-0.590603671959,-1.09321612287,0.783991966382
0.831460674157,0.640449438202,0.709469307029,-0.55812029472,-1.03205640761,0.737210122615
0.842696629213,0.640449438202,0.66745101843,-0.52475408423,-0.96955946389,0.689282691091
0.85393258427,0.640449438202,0.624162741981,-0.490636347475,-0.906693008549,0.641516861205
0.865168539326,0.640449438202,0.57962577609,-0.45588736624,-0.843023231092,0.594949110558
0.876404494382,0.640449438202,0.533854579718,-0.420497382485,-0.777347207919,0.549168573864
0.887640449438,0.640449438202,0.486881289467,-0.384399922825,-0.709407215814,0.502644877555
0.898876404494,0.640449438202,0.438807289647,-0.347601039772,-0.639537744015,0.454313236495
0.910112359551,0.640449438202,0.389855599712,-0.310237889884,-0.567607077846,0.404508137866
0.921348314607,0.640449438202,0.340384446261,-0.272482059658,-0.494010196996,0.354197662087
0.932584269663,0.640449438202,0.29083556871,-0.234394947258,-0.4211599657,0.303749208181
0.943820224719,0.640449438202,0.241586027449,-0.195968726297,-0.35137185487,0.252979445108
0.955056179775,0.640449438202,0.192788703201,-0.157276205979,-0.2831830012,0.202159586164
0.966292134831,0.640449438202,0.144371438985,-0.118426150741,-0.213486466216,0.152068271268
0.977528089888,0.640449438202,0.0961776728132,-0.0793786980942,-0.142118944216,0.102742775371
0.988764044944,0.640449438202,0.0480736544119,-0.0399445733099,-0.0706678091387,0.052709199505
1,0.640449438202,1.6668159847e-16,-1.3939617983e-16,-2.43113966358e-16,1.88753475067e-16
0,0.651685393258,0,0,0,0
0.0112359550562,0.651685393258,0.0470002460473,-0.0335010487539,0.0923167987182,0.0682108708666
0.0224719101124,0.651685393258,0.0944657373222,-0.0662295560758,0.184789940575,0.138634976446
0.0337078651685,0.651685393258,0.141354044269,-0.0997107907455,0.276056408565,0.210658334484
0.0449438202247,0.651685393258,0.187179505055,-0.134575883201,0.365069259321,0.281682867384
0.0561797752809,0.651685393258,0.232004185762,-0.170586597815,0.450914461471,0.350279983885
0.0674157303371,0.651685393258,0.276213035565,-0.206898914466,0.53380901878,0.416963033302
0.0786516853933,0.651685393258,0.320190395856,-0.24247495606,0.615547400021,0.482813968757
0.0898876404494,0.651685393258,0.364091052726,-0.276542283065,0.69742509153,0.548068361757
0.101123595506,0.651685393258,0.40779143667,-0.308968746572,0.778132665015,0.612188411399
0.112359550562,0.651685393258,0.450977852238,-0.340325955496,0.855907045419,0.674752689195
0.123595505618,0.651685393258,0.493301352545,-0.371511369012,0.930923782561,0.736008740136
0.134831460674,0.651685393258,0.534501710662,-0.403176774882,1.00304314603,0.796617757557
0.14606741573,0.651685393258,0.57442322155,-0.435393039155,1.07105641313,0.85669911602
0.157303370787,0.651685393258,0.613001879459,-0.467707265914,1.13583734022,0.915324848487
0.168539325843,0.651685393258,0.650331138372,-0.499456085479,1.20004093367,0.971459156343
0.179775280899,0.651685393258,0.686678395496,-0.530192236101,1.26395376715,1.02537618821
0.191011235955,0.651685393258,0.722310143836,-0.560010377625,1.32581930299,1.07862934931
0.202247191011,0.651685393258,0.757307094847,-0.589411677839,1.38562790929,1.13223893344
0.213483146067,0.651685393258,0.791608219967,-0.618681669631,1.44350697569,1.18525055239
0.224719101124,0.651685393258,0.825200742375,-0.64739528869,1.49848503992,1.23589556558
0.23595505618,0.651685393258,0.858191284254,-0.674671566369,1.5525462263,1.28389595045
0.247191011236,0.651685393258,0.890654954013,-0.6999953923,1.60797581846,1.33036460159
0.258426966292,0.651685393258,0.922430186924,-0.723814252174,1.6639803367,1.37576289978
0.269662921348,0.651685393258,0.953068400857,-0.747457783238,1.71670530224,1.41924725533
0.280898876404,0.651685393258,0.981942382467,-0.772593115555,1.75112677352,1.45985092953
0.292134831461,0.651685393258,1.00856088112,-0.800419249414,1.76865659514,1.49812389289
0.303370786517,0.651685393258,1.03311236182,-0.830730162803,1.7926220102,1.53527433802
0.314606741573,0.651685393258,1.05654520986,-0.861774450782,1.80710642491,1.57018984156
0.325842696629,0.651685393258,1.07962769922,-0.891636221562,1.80695483401,1.60098623866
0.337078651685,0.651685393258,1.10219333648,-0.91961346476,1.81541228802,1.62737495617
0.348314606742,0.651685393258,1.12355733395,-0.946078797523,1.83333689529,1.65057331081
0.359550561798,0.651685393258,1.14318440428,-0.971584601245,1.83918122195,1.67217352668
0.370786516854,0.651685393258,1.16071837705,-0.996375596267,1.82678930601,1.69312954085
0.38202247191,0.651685393258,1.17581377423,-1.02026283408,1.82045507425,1.71364279799
0.393258426966,0.651685393258,1.18859410581,-1.04222162854,1.82710594486,1.73281671484
0.404494382022,0.651685393258,1.19979955509,-1.06070304645,1.75861223245,1.7476426632
0.415730337079,0.651685393258,1.20950466448,-1.07556865143,1.52054915617,1.75577041357
0.426966292135,0.651685393258,1.21687249204,-1.08841946593,1.29578041388,1.76226334417
0.438202247191,0.651685393258,1.22231871122,-1.09968981612,1.24542453704,1.77104268514
0.449438202247,0.651685393258,1.22767896102,-1.1079658681,0.876026918166,1.76902991121
0.460674157303,0.651685393258,1.23408500921,-1.11225750403,0.372897061352,1.76058657534
0.47191011236,0.651685393258,1.24112631106,-1.11314715949,0.135311891154,1.75618028611
0.483146067416,0.651685393258,1.24768939613,-1.11212044506,0.0879809566217,1.75442202686
0.494382022472,0.651685393258,1.25327154885,-1.11018237145,-0.173717538154,1.745118161
0.505617977528,0.651685393258,1.25838023345,-1.10726187946,-0.618694812642,1.72864649925
0.516853932584,0.651685393258,1.26340942497,-1.10323535731,-0.841398408823,1.7149973957
0.52808988764,0.651685393258,1.2676143963,-1.09891516265,-0.864753581555,1.70388533888
0.539325842697,0.651685393258,1.27008085027,-1.09494017327,-1.09819134735,1.68545396244
0.550561797753,0.651685393258,1.2716058838,-1.08978875567,-1.49300974516,1.66087384285
0.561797752809,0.651685393258,1.27309943716,-1.08187412994,-1.63048020902,1.64027863054
0.573033707865,0.651685393258,1.27268441956,-1.07304871104,-1.63947916011,1.62048553294
0.584269662921,0.651685393258,1.26871252992,-1.06506995475,-1.66548792085,1.59834444599
0.595505617978,0.651685393258,1.26165754206,-1.05725783005,-1.6989396348,1.57510788909
0.606741573034,0.651685393258,1.2519462574,-1.04887274957,-1.7055017631,1.55258725726
0.61797752809,0.651685393258,1.23915082229,-1.04002300103,-1.69113170405,1.53012198254
0.629213483146,0.651685393258,1.22304182409,-1.03057217564,-1.69248132285,1.504995806
0.640449438202,0.651685393258,1.20438304199,-1.01942293114,-1.71527050652,1.47604915556
0.651685393258,0.651685393258,1.18403838042,-1.00566297213,-1.71422856115,1.44545490099
0.662921348315,0.651685393258,1.16177898808,-0.989883805439,-1.69014790186,1.41506369859
0.674157303371,0.651685393258,1.13671024664,-0.973528702293,-1.66812759367,1.38489055224
0.685393258427,0.651685393258,1.10859796502,-0.957226118469,-1.64424460075,1.35403268885
0.696629213483,0.651685393258,1.07818620365,-0.940367070941,-1.62320832655,1.32106731837
0.707865168539,0.651685393258,1.04639435697,-0.922044734925,-1.59970792419,1.28574391905
0.719101123596,0.651685393258,1.0137647022,-0.901753531646,-1.5628501495,1.24868532965
0.730337078652,0.651685393258,0.980579455698,-0.879348552983,-1.51283740756,1.21009423438
0.741573033708,0.651685393258,0.947071330369,-0.854877586175,-1.45703093357,1.16966314226
0.752808988764,0.651685393258,0.913520268378,-0.828443130537,-1.40173407618,1.1272653296
0.76404494382,0.651685393258,0.880249558868,-0.800057068604,-1.34957659868,1.08318926684
0.775280898876,0.651685393258,0.847368354251,-0.769753313449,-1.29937430984,1.03780823824
0.786516853933,0.651685393258,0.81447850708,-0.737840924099,-1.24738577205,0.991339047898
0.797752808989,0.651685393258,0.780805498875,-0.704835611057,-1.19199841866,0.943844388366
0.808988764045,0.651685393258,0.745697431979,-0.671081016834,-1.13481535679,0.895310910053
0.820224719101,0.651685393258,0.708966422932,-0.636540739927,-1.07644476511,0.845691070362
0.831460674157,0.651685393258,0.670764334334,-0.601026289923,-1.0162032249,0.79501618424
0.842696629213,0.651685393258,0.631250442792,-0.564543975946,-0.954625710206,0.743759369761
0.85393258427,0.651685393258,0.590463396999,-0.52731023967,-0.892804594698,0.692853499992
0.865168539326,0.651685393258,0.548418856888,-0.48949273005,-0.830278445946,0.642828289933
0.876404494382,0.651685393258,0.505178441623,-0.451077921959,-0.76575155944,0.593033587603
0.887640449438,0.651685393258,0.460829712918,-0.411975852308,-0.698927125833,0.542191240528
0.898876404494,0.651685393258,0.415488112471,-0.372180561397,-0.630166621148,0.48972207008
0.910112359551,0.651685393258,0.36934501451,-0.331827629563,-0.559394628132,0.4361960906
0.921348314607,0.651685393258,0.322711590788,-0.291086350461,-0.487053711376,0.382436379643
0.932584269663,0.651685393258,0.275987045566,-0.250022893486,-0.41554466128,0.328553363273
0.943820224719,0.651685393258,0.229501989578,-0.208663957257,-0.347076448226,0.274249743937
0.955056179775,0.651685393258,0.183346700985,-0.167157301182,-0.280028275822,0.219832117676
0.966292134831,0.651685393258,0.137392274088,-0.125692465153,-0.211213864095,0.166094238931
0.977528089888,0.651685393258,0.0914927910908,-0.0842344947854,-0.140559603123,0.112894569407
0.988764044944,0.651685393258,0.0456399706598,-0.0424619783185,-0.0698294520728,0.0583500604154
1,0.651685393258,1.57608684373e-16,-1.48794014202e-16,-2.39998379809e-16,2.10753277564e-16
0,0.662921348315,0,0,0,0
0.0112359550562,0.662921348315,0.0478232058195,-0.0326658881389,0.0914434986272,0.0704110299549
0.0224719101124,0.662921348315,0.0956318694417,-0.065091278727,0.183051089431,0.14325035504
0.0337078651685,0.662921348315,0.142360545478,-0.098733282334,0.273437554633,0.217824348759
0.0449438202247,0.662921348315,0.187591908924,-0.134081908892,0.361524301558,0.291721990342
0.0561797752809,0.662921348315,0.231513427413,-0.170731381013,0.446404802927,0.363608872018
0.0674157303371,0.662921348315,0.274635595053,-0.207712429978,0.528317983636,0.433871170316
0.0786516853933,0.662921348315,0.317430682826,-0.2439429517,0.609020100537,0.50338847194
0.0898876404494,0.662921348315,0.360111473966,-0.278664418348,0.689705800938,0.572317754916
0.101123595506,0.662921348315,0.402622679567,-0.311751353917,0.768996648561,0.640196335888
0.112359550562,0.662921348315,0.444758459485,-0.343722530308,0.845150379666,0.706663794476
0.123595505618,0.662921348315,0.486300679497,-0.375372004568,0.91842437338,0.771853960884
0.134831460674,0.662921348315,0.527086387939,-0.407264805104,0.988766747123,0.83621077648
0.14606741573,0.662921348315,0.566962003745,-0.439475137344,1.05500027906,0.899732181614
0.157303370787,0.662921348315,0.605738326022,-0.471671359676,1.117962395,0.961525728527
0.168539325843,0.662921348315,0.643280123766,-0.50339072169,1.18031071392,1.02065227337
0.179775280899,0.662921348315,0.679601351502,-0.534384006359,1.24247651626,1.07744922851
0.191011235955,0.662921348315,0.714781169652,-0.564873376135,1.30292450041,1.13350746041
0.202247191011,0.662921348315,0.74884256719,-0.595391011126,1.3618040492,1.18995962968
0.213483146067,0.662921348315,0.781820307105,-0.626150209381,1.41925284034,1.24608214094
0.224719101124,0.662921348315,0.813932590569,-0.656537031144,1.47410092043,1.30023251145
0.23595505618,0.662921348315,0.845594780746,-0.685366853623,1.52803049115,1.35184557082
0.247191011236,0.662921348315,0.877172119023,-0.711788003547,1.58320021836,1.40144622817
0.258426966292,0.662921348315,0.908657122453,-0.73603416839,1.63886786267,1.44911087993
0.269662921348,0.662921348315,0.939577390637,-0.759420064316,1.69111244455,1.4941190963
0.280898876404,0.662921348315,0.969192392769,-0.783710666691,1.72482630128,1.5359651337
0.292134831461,0.662921348315,0.996896436987,-0.810229202861,1.74124159478,1.57561511336
0.303370786517,0.662921348315,1.02276289634,-0.838931910387,1.76353466811,1.61443354113
0.314606741573,0.662921348315,1.04760539074,-0.868276623749,1.77648698883,1.65122096311
0.325842696629,0.662921348315,1.07204215887,-0.896556997935,1.7752167345,1.68380191762
0.337078651685,0.662921348315,1.09575524417,-0.923226747977,1.78248446283,1.71152605354
0.348314606742,0.662921348315,1.11794062486,-0.94872420431,1.79916794746,1.73543928015
0.359550561798,0.662921348315,1.13797688837,-0.973622344615,1.80420721133,1.75729197101
0.370786516854,0.662921348315,1.15541660161,-0.998238782185,1.79137724144,1.77837906672
0.38202247191,0.662921348315,1.16993070095,-1.02240214837,1.78403495052,1.79914617196
0.393258426966,0.662921348315,1.18186894177,-1.04491745286,1.78883878868,1.81883030944
0.404494382022,0.662921348315,1.19224494581,-1.06402500997,1.72001586579,1.83470850083
0.415730337079,0.662921348315,1.20132426736,-1.0794281921,1.48544095332,1.84478790928
0.426966292135,0.662921348315,1.20836333591,-1.09259298289,1.2644673539,1.85404047223
0.438202247191,0.662921348315,1.21372731483,-1.10390026767,1.21465358984,1.86578359036
0.449438202247,0.662921348315,1.21910654161,-1.11197590564,0.851896765783,1.86646553601
0.460674157303,0.662921348315,1.22551606566,-1.11590368012,0.358461755765,1.85999253154
0.47191011236,0.662921348315,1.23246599795,-1.11639535067,0.125732328079,1.85673430295
0.483146067416,0.662921348315,1.23867050771,-1.11523362888,0.0797292781832,1.85560325279
0.494382022472,0.662921348315,1.24329713469,-1.11390231876,-0.177128788853,1.84668643839
0.505617977528,0.662921348315,1.24662771537,-1.11265820052,-0.612635159061,1.83025844356
0.516853932584,0.662921348315,1.24920619983,-1.11124648929,-0.828302807165,1.81589436523
0.52808988764,0.662921348315,1.25068475763,-1.11004922676,-0.84827410183,1.80312789692
0.539325842697,0.662921348315,1.25056243168,-1.10923285967,-1.07513831341,1.78234700454
0.550561797753,0.662921348315,1.24999668574,-1.10681891243,-1.46232602618,1.75498793681
0.561797752809,0.662921348315,1.25016088843,-1.10082285154,-1.59754621247,1.73148904772
0.573033707865,0.662921348315,1.24902186544,-1.0931592195,-1.60675110284,1.70920881943
0.584269662921,0.662921348315,1.24437266833,-1.08613873486,-1.63350940759,1.68538660088
0.595505617978,0.662921348315,1.23647574653,-1.07929798825,-1.66801750935,1.66143848293
0.606741573034,0.662921348315,1.22599529796,-1.0716645658,-1.67551705356,1.63925713401
0.61797752809,0.662921348315,1.21283737711,-1.0630368202,-1.66164017992,1.61810095195
0.629213483146,0.662921348315,1.19687128371,-1.05322572176,-1.66323695729,1.59480938989
0.640449438202,0.662921348315,1.17863629473,-1.04141224948,-1.68607552358,1.56746884866
0.651685393258,0.662921348315,1.1587890154,-1.02690735463,-1.68425611179,1.53750152721
0.662921348315,0.662921348315,1.13716725088,-1.01020442081,-1.65892726268,1.50631583319
0.674157303371,0.662921348315,1.11304081718,-0.992557520211,-1.63631060251,1.47395893178
0.685393258427,0.662921348315,1.08618912376,-0.974608318427,-1.61273689192,1.43997936101
0.696629213483,0.662921348315,1.05719828352,-0.95597858591,-1.59254291422,1.40353355641
0.707865168539,0.662921348315,1.02677848879,-0.936059995768,-1.57016161221,1.36470395539
0.719101123596,0.662921348315,0.995287254102,-0.91461576702,-1.53471162746,1.3240522831
0.730337078652,0.662921348315,0.962899023996,-0.891664345322,-1.48622424225,1.28164381546
0.741573033708,0.662921348315,0.929915461873,-0.867174652916,-1.43174295594,1.23742926208
0.752808988764,0.662921348315,0.896865748773,-0.840905571341,-1.37746058145,1.19191521773
0.76404494382,0.662921348315,0.864291126282,-0.812505495018,-1.32620584564,1.14574331459
0.775280898876,0.662921348315,0.832308002045,-0.781861510776,-1.27706260197,1.09880755077
0.786516853933,0.662921348315,0.800391246272,-0.749314664709,-1.22634030016,1.05034699243
0.797752808989,0.662921348315,0.767671618527,-0.715442382235,-1.17228296743,0.999866070342
0.808988764045,0.662921348315,0.73348251509,-0.680631680247,-1.11636299257,0.947656363358
0.820224719101,0.662921348315,0.697643146164,-0.644910895212,-1.05912221529,0.894416751463
0.831460674157,0.662921348315,0.660287115605,-0.6081981159,-0.999864737838,0.840684719524
0.842696629213,0.662921348315,0.621545695891,-0.57061003266,-0.939187428843,0.786896401361
0.85393258427,0.662921348315,0.58145821773,-0.532426764306,-0.878252902716,0.733548206385
0.865168539326,0.662921348315,0.540079751407,-0.493822284616,-0.816631024869,0.680706356576
0.876404494382,0.662921348315,0.497526078391,-0.454760112959,-0.753064612085,0.6276144078
0.887640449438,0.662921348315,0.45392286361,-0.415125504323,-0.68731693482,0.573332572514
0.898876404494,0.662921348315,0.409394401546,-0.374886277891,-0.619790509051,0.517698491765
0.910112359551,0.662921348315,0.364119356533,-0.334136002888,-0.55040387729,0.461353074053
0.921348314607,0.662921348315,0.318386712659,-0.29298935085,-0.479542173465,0.404845601892
0.932584269663,0.662921348315,0.272565598222,-0.25147463006,-0.409502105248,0.348005886548
0.943820224719,0.662921348315,0.22694414447,-0.209627338585,-0.342364020814,0.290506837017
0.955056179775,0.662921348315,0.181559318209,-0.167656040086,-0.276409285645,0.232846613957
0.966292134831,0.662921348315,0.136233922215,-0.125835551167,-0.208470300651,0.176006259389
0.977528089888,0.662921348315,0.0908087004794,-0.0841885271593,-0.138628418203,0.119814437067
0.988764044944,0.662921348315,0.0453160720009,-0.0423874272522,-0.0688067807357,0.0621003596079
1,0.662921348315,1.56448804512e-16,-1.48446740965e-16,-2.3637916208e-16,2.2518675656e-16
0,0.674157303371,0,0,0,0
0.0112359550562,0.674157303371,0.0463284521253,-0.0343965920025,0.0903386328193,0.0736170114976
0.0224719101124,0.674157303371,0.0922243837671,-0.0690159736238,0.18076617525,0.149524899274
0.0337078651685,0.674157303371,0.136683696972,-0.105162205453,0.26994204432,0.22693438019
0.0449438202247,0.674157303371,0.179371310397,-0.143183475978,0.356819296095,0.303695215243
0.0561797752809,0.674157303371,0.220565479559,-0.182557961109,0.440547174289,0.378646232018
0.0674157303371,0.674157303371,0.260845265731,-0.222257914603,0.521409529845,0.452109150908
0.0786516853933,0.674157303371,0.30071629454,-0.26120826089,0.601113739236,0.524849546896
0.0898876404494,0.674157303371,0.340411893843,-0.298688120047,0.680708797504,0.597096781802
0.101123595506,0.674157303371,0.379922325375,-0.334583804685,0.758678305386,0.668601516451
0.112359550562,0.674157303371,0.419127432661,-0.369365867753,0.833234488582,0.739067334342
0.123595505618,0.674157303371,0.457907441053,-0.403743054109,0.904689790237,0.808402436931
0.134831460674,0.674157303371,0.496164779329,-0.438217325754,0.973118343155,0.876739934692
0.14606741573,0.674157303371,0.533753353131,-0.472858088446,1.03746367308,0.943971436195
0.157303370787,0.674157303371,0.570434252889,-0.507377855827,1.09859667935,1.00934812367
0.168539325843,0.674157303371,0.605979375153,-0.541373919281,1.15914898103,1.07209553673
0.179775280899,0.674157303371,0.640298151543,-0.574637881666,1.21959220837,1.13247973438
0.191011235955,0.674157303371,0.67339822458,-0.607400219372,1.27854413616,1.19179816758
0.202247191011,0.674157303371,0.705296762235,-0.640189745663,1.33630619606,1.25101239121
0.213483146067,0.674157303371,0.736088583643,-0.673229744879,1.39299863823,1.3096473872
0.224719101124,0.674157303371,0.766088838517,-0.70591180107,1.44722565495,1.36650449557
0.23595505618,0.674157303371,0.795816850656,-0.736995922024,1.50049562534,1.42111674598
0.247191011236,0.674157303371,0.825730953456,-0.765496093086,1.55510342134,1.47365204826
0.258426966292,0.674157303371,0.855873764793,-0.791504266317,1.61049046571,1.52380600226
0.269662921348,0.674157303371,0.885744266482,-0.816274352661,1.66254562585,1.57079280488
0.280898876404,0.674157303371,0.914515165651,-0.841594305736,1.69586253684,1.61428350462
0.292134831461,0.674157303371,0.941487934721,-0.868855348534,1.71135272936,1.65543982854
0.303370786517,0.674157303371,0.966653030917,-0.898128103056,1.73206510375,1.69578372589
0.314606741573,0.674157303371,0.990751384856,-0.928025307291,1.74363720864,1.73427268853
0.325842696629,0.674157303371,1.01436218201,-0.95696471641,1.74147439267,1.76875021926
0.337078651685,0.674157303371,1.03717385533,-0.984422747324,1.74763451504,1.79833941462
0.348314606742,0.674157303371,1.05839657887,-1.01078075218,1.76285346709,1.82378213211
0.359550561798,0.674157303371,1.07736243539,-1.03659120662,1.7666944671,1.84669733327
0.370786516854,0.674157303371,1.09352176126,-1.06224934096,1.75324807741,1.86845695479
0.38202247191,0.674157303371,1.10653242362,-1.08763518269,1.74524337929,1.88964020469
0.393258426966,0.674157303371,1.1168757824,-1.11150501441,1.74891122797,1.9096740209
0.404494382022,0.674157303371,1.12574028192,-1.13201393783,1.68045866706,1.92624905249
0.415730337079,0.674157303371,1.1335648893,-1.14872521896,1.45024707047,1.93785110739
0.426966292135,0.674157303371,1.13969908821,-1.16295552067,1.23407449293,1.94946377375
0.438202247191,0.674157303371,1.14440774589,-1.17507474933,1.18541279758,1.96389058385
0.449438202247,0.674157303371,1.14918675292,-1.18379901846,0.830370145804,1.96715685448
0.460674157303,0.674157303371,1.1549483697,-1.18827157808,0.348290808793,1.9626314469
0.47191011236,0.674157303371,1.16123841455,-1.18920088647,0.122101430069,1.96046765556
0.483146067416,0.674157303371,1.16683899962,-1.18837916998,0.0792391513824,1.95987252149
0.494382022472,0.674157303371,1.17085320023,-1.18744089802,-0.170541483743,1.95130368197
0.505617977528,0.674157303371,1.17339797943,-1.18687268438,-0.595720089464,1.93499804566
0.516853932584,0.674157303371,1.17497886531,-1.18647990177,-0.805936256169,1.92017239428
0.52808988764,0.674157303371,1.17537839381,-1.18650513434,-0.824770491857,1.90622551447
0.539325842697,0.674157303371,1.17427172157,-1.18691661092,-1.04600929766,1.88373852557
0.550561797753,0.674157303371,1.17297730228,-1.18553199429,-1.42565681514,1.85425805896
0.561797752809,0.674157303371,1.1728677536,-1.18008421037,-1.55929880253,1.828375216
0.573033707865,0.674157303371,1.17196600788,-1.17234823013,-1.56938317668,1.80390980399
0.584269662921,0.674157303371,1.1677274258,-1.16496110528,-1.59706800782,1.77840953034
0.595505617978,0.674157303371,1.1601942928,-1.15769199567,-1.63260191981,1.75334158583
0.606741573034,0.674157303371,1.15013750513,-1.14947636775,-1.64127729924,1.73061226223
0.61797752809,0.674157303371,1.1376611195,-1.13994693851,-1.62849276737,1.70953507174
0.629213483146,0.674157303371,1.12271915483,-1.1288696575,-1.63099280619,1.68683814105
0.640449438202,0.674157303371,1.10575691076,-1.11554489851,-1.65431674195,1.66016100396
0.651685393258,0.674157303371,1.08732671497,-1.09937366202,-1.65189049058,1.63027786087
0.662921348315,0.674157303371,1.06729859042,-1.08076902009,-1.62535157617,1.59809382579
0.674157303371,0.674157303371,1.04501193518,-1.06088166816,-1.60211431251,1.56361415885
0.685393258427,0.674157303371,1.02020904007,-1.04041000884,-1.57880069666,1.52679570255
0.696629213483,0.674157303371,0.993339431088,-1.01918328831,-1.55947165122,1.48730436703
0.707865168539,0.674157303371,0.964987873919,-0.996813292222,-1.538358088,1.44545890499
0.719101123596,0.674157303371,0.935458598724,-0.973208509952,-1.50450521141,1.40170153056
0.730337078652,0.674157303371,0.90493869244,-0.948437695888,-1.45763930102,1.35593286983
0.741573033708,0.674157303371,0.873815318716,-0.922383377862,-1.40441659071,1.30827141818
0.752808988764,0.674157303371,0.84275245041,-0.894585730794,-1.35096277154,1.25969602713
0.76404494382,0.674157303371,0.812381350486,-0.864458091296,-1.30043493727,1.21113037055
0.775280898876,0.674157303371,0.782811840578,-0.83173725431,-1.25228722966,1.16213792333
0.786516853933,0.674157303371,0.753455635109,-0.796709294493,-1.2028842826,1.11124876951
0.797752808989,0.674157303371,0.723374001591,-0.759975851127,-1.15028205821,1.05758604396
0.808988764045,0.674157303371,0.691832500132,-0.72202666161,-1.09580959735,1.00174034679
0.820224719101,0.674157303371,0.658577996125,-0.683060514198,-1.03995844545,0.945024262167
0.831460674157,0.674157303371,0.623686099345,-0.643182845638,-0.981981286153,0.888324981415
0.842696629213,0.674157303371,0.587277073646,-0.602644215694,-0.922424152666,0.831949136677
0.85393258427,0.674157303371,0.549432296158,-0.561770244051,-0.862440089261,0.775975327422
0.865168539326,0.674157303371,0.510271486818,-0.520715864913,-0.801669671171,0.720123543732
0.876404494382,0.674157303371,0.469965427616,-0.479402644032,-0.739001821576,0.663648937368
0.887640449438,0.674157303371,0.428679410235,-0.437663422563,-0.674333743791,0.605941327449
0.898876404494,0.674157303371,0.386569168818,-0.395392866962,-0.608115978239,0.547121270765
0.910112359551,0.674157303371,0.343834064811,-0.352590093463,-0.540225351609,0.487777164303
0.921348314607,0.674157303371,0.300759457846,-0.309278780701,-0.470940317759,0.428158913172
0.932584269663,0.674157303371,0.257676515578,-0.265437891916,-0.402419947922,0.367863647548
0.943820224719,0.674157303371,0.214808312846,-0.221118633485,-0.336626709727,0.306609796608
0.955056179775,0.674157303371,0.17212095606,-0.176603573569,-0.271804906418,0.24517514243
0.966292134831,0.674157303371,0.129380781737,-0.132271373514,-0.20487876755,0.18483653045
0.977528089888,0.674157303371,0.08639717617,-0.0882450767748,-0.136107354452,0.125532847878
0.988764044944,0.674157303371,0.043192675764,-0.0442763528751,-0.0675145707192,0.0649660820794
1,0.674157303371,1.49403928151e-16,-1.54436875963e-16,-2.32048625664e-16,2.35486679188e-16
0,0.685393258427,0,0,0,0
0.0112359550562,0.685393258427,0.043324515731,-0.0377059880328,0.0888424156009,0.0774528994043
0.0224719101124,0.685393258427,0.0861180929341,-0.0757312266389,0.177659264785,0.156637273682
0.0337078651685,0.685393258427,0.127354390318,-0.115347054063,0.26520597103,0.236780539903
0.0449438202247,0.685393258427,0.166694924575,-0.156882023211,0.350516471066,0.316113245396
0.0561797752809,0.685393258427,0.204423650489,-0.199812761928,0.432832403579,0.393753883585
0.0674157303371,0.685393258427,0.24111349504,-0.243140955333,0.512497052794,0.470040868933
0.0786516853933,0.685393258427,0.277250696555,-0.285843864748,0.591157759,0.54565714877
0.0898876404494,0.685393258427,0.313062550639,-0.327241604166,0.669687514714,0.62089743718
0.101123595506,0.685393258427,0.34857761067,-0.367209428504,0.746389343315,0.695716230589
0.112359550562,0.685393258427,0.383762360343,-0.4061385454,0.819382338332,0.769872042887
0.123595505618,0.685393258427,0.418598609318,-0.444623671336,0.889002404334,0.843044306556
0.134831460674,0.685393258427,0.453064166829,-0.48307531621,0.95546783289,0.91510468384
0.14606741573,0.685393258427,0.487052708128,-0.521514613824,1.01791374987,0.985958588769
0.157303370787,0.685393258427,0.520347399116,-0.559622572222,1.07730245488,1.05512831247
0.168539325843,0.685393258427,0.552735545122,-0.596952062106,1.1362088841,1.12201148249
0.179775280899,0.685393258427,0.584132089193,-0.633236981488,1.19505182055,1.18659341781
0.191011235955,0.685393258427,0.614539750167,-0.668669516778,1.25254086324,1.2495168747
0.202247191011,0.685393258427,0.643966150801,-0.703808963523,1.30910174285,1.31127917398
0.213483146067,0.685393258427,0.672489133099,-0.739005129224,1.36477572468,1.37162283959
0.224719101124,0.685393258427,0.700382264855,-0.773835866708,1.41789366003,1.43004472591
0.23595505618,0.685393258427,0.728092412268,-0.807214826127,1.4698961036,1.4865668076
0.247191011236,0.685393258427,0.75599974809,-0.838204814557,1.52344342325,1.54134264745
0.258426966292,0.685393258427,0.784093039205,-0.866848269309,1.57828973857,1.59385901037
0.269662921348,0.685393258427,0.81184405335,-0.894306040157,1.63009823269,1.64321636376
0.280898876404,0.685393258427,0.838415003638,-0.922271655364,1.66313163368,1.68901667794
0.292134831461,0.685393258427,0.863115018018,-0.952059686525,1.67795688485,1.73229156747
0.303370786517,0.685393258427,0.88596234473,-0.983702687762,1.69742952247,1.77449144591
0.314606741573,0.685393258427,0.907738182231,-1.0158278606,1.70806258399,1.81473698165
0.325842696629,0.685393258427,0.929074381472,-1.04688571459,1.70548206118,1.85113272239
0.337078651685,0.685393258427,0.949726554182,-1.07634078855,1.71080449158,1.88289220513
0.348314606742,0.685393258427,0.968949321984,-1.10452152706,1.72446381901,1.91061807859
0.359550561798,0.685393258427,0.986041739142,-1.13197047385,1.72675647307,1.93568081775
0.370786516854,0.685393258427,1.00036854722,-1.15915280891,1.71243567833,1.95919321339
0.38202247191,0.685393258427,1.01156060206,-1.18602103834,1.7039281559,1.98151804055
0.393258426966,0.685393258427,1.02017814002,-1.21134581854,1.70695572525,2.00206389651
0.404494382022,0.685393258427,1.02755595786,-1.23322607453,1.6393955939,2.0188758782
0.415730337079,0.685393258427,1.03427180752,-1.25111533286,1.41431275523,2.03099623762
0.426966292135,0.685393258427,1.03965719224,-1.26630240648,1.20390368754,2.04362471139
0.438202247191,0.685393258427,1.0437780483,-1.27926377373,1.15718493801,2.05930403786
0.449438202247,0.685393258427,1.04793207832,-1.28882109941,0.811326660218,2.06381760167
0.460674157303,0.685393258427,1.05296235412,-1.2941444826,0.342613863033,2.05999780744
0.47191011236,0.685393258427,1.0584810959,-1.29589423056,0.124982307949,2.05775274063
0.483146067416,0.685393258427,1.06340865249,-1.29576565538,0.0873401272094,2.05671542467
0.494382022472,0.685393258427,1.06692154977,-1.29535157261,-0.152899498182,2.04798456361
0.505617977528,0.685393258427,1.06907328282,-1.2952181813,-0.566871242781,2.03195361353
0.516853932584,0.685393258427,1.07028305509,-1.2952568368,-0.773493172129,2.01755651851
0.52808988764,0.685393258427,1.0703117694,-1.29572404467,-0.793842948101,2.00403066307
0.539325842697,0.685393258427,1.06886970673,-1.29654607777,-1.01085516467,1.98196943474
0.550561797753,0.685393258427,1.06737097898,-1.29543061648,-1.38325067269,1.95270925241
0.561797752809,0.685393258427,1.0673722818,-1.28988916925,-1.51587824645,1.92665068255
0.573033707865,0.685393258427,1.06700693509,-1.2815476314,-1.52722455335,1.9018153558
0.584269662921,0.685393258427,1.063522673,-1.27325947707,-1.55555731119,1.87579812273
0.595505617978,0.685393258427,1.05683458072,-1.2649344044,-1.59155421974,1.84983321558
0.606741573034,0.685393258427,1.04783242291,-1.25539716228,-1.60122628669,1.82566152362
0.61797752809,0.685393258427,1.03674976367,-1.24418386217,-1.5900115618,1.8027807478
0.629213483146,0.685393258427,1.02354585415,-1.23110048726,-1.59423393469,1.77828601015
0.640449438202,0.685393258427,1.00856784749,-1.21556579151,-1.61880429037,1.74997195638
0.651685393258,0.685393258427,0.992292469034,-1.1970256858,-1.61645344584,1.71841570265
0.662921348315,0.685393258427,0.974597676104,-1.17581995027,-1.5893208771,1.68423481671
0.674157303371,0.685393258427,0.954831990849,-1.15304104285,-1.56583854385,1.6474303175
0.685393258427,0.685393258427,0.932671694198,-1.12945911901,-1.54288540611,1.60825298867
0.696629213483,0.685393258427,0.908461831244,-1.10506860094,-1.52438986849,1.56662042325
0.707865168539,0.685393258427,0.882738797853,-1.07961947537,-1.50450876481,1.52279643115
0.719101123596,0.685393258427,0.855832731378,-1.05308675461,-1.47216793304,1.47693207929
0.730337078652,0.685393258427,0.827961614443,-1.025578604,-1.4266986813,1.42870360321
0.741573033708,0.685393258427,0.799512423711,-0.99699253583,-1.37436709698,1.37829300847
0.752808988764,0.685393258427,0.771138629479,-0.966813883167,-1.3213333413,1.32696697512
0.76404494382,0.685393258427,0.74347535613,-0.934317589801,-1.2712416244,1.27587683074
0.775280898876,0.685393258427,0.71665960959,-0.899055293395,-1.22403239429,1.2245152576
0.786516853933,0.685393258427,0.690139116124,-0.861151264713,-1.176133642,1.1711209063
0.797752808989,0.685393258427,0.662992373001,-0.821134228056,-1.12533440434,1.11464535745
0.808988764045,0.685393258427,0.634467161449,-0.779538166059,-1.072736022,1.05581543528
0.820224719101,0.685393258427,0.60426955442,-0.7367038603,-1.01873936541,0.99620127265
0.831460674157,0.685393258427,0.572445664972,-0.692914609831,-0.962494921436,0.93677991133
0.842696629213,0.685393258427,0.539122074926,-0.648563206461,-0.904401726052,0.877697805342
0.85393258427,0.685393258427,0.504411780925,-0.604048811936,-0.845544509696,0.818763579098
0.865168539326,0.685393258427,0.468460509885,-0.559547408673,-0.785674272482,0.75956091553
0.876404494382,0.685393258427,0.431447836274,-0.514971377597,-0.723901559521,0.699501030443
0.887640449438,0.685393258427,0.393546565915,-0.470113433072,-0.660293948384,0.638299769245
0.898876404494,0.685393258427,0.35492920562,-0.424794483127,-0.595353965186,0.576264326198
0.910112359551,0.685393258427,0.31580809023,-0.378920265597,-0.52892320091,0.513868810266
0.921348314607,0.685393258427,0.276455509724,-0.332428655573,-0.461187248995,0.451072157336
0.932584269663,0.685393258427,0.23715226108,-0.285253398124,-0.394179368138,0.387258730263
0.943820224719,0.685393258427,0.19804338101,-0.237464460691,-0.329759374825,0.322178989074
0.955056179775,0.685393258427,0.159015886989,-0.189421786021,-0.266165898516,0.256859169543
0.966292134831,0.685393258427,0.119783473953,-0.141608157832,-0.200446353575,0.192882069016
0.977528089888,0.685393258427,0.0801408499178,-0.0942432977299,-0.133027978792,0.130402947347
0.988764044944,0.685393258427,0.0401261595476,-0.0471494662708,-0.065973744614,0.0671858097591
1,0.685393258427,1.38950567746e-16,-1.63952481196e-16,-2.27058875077e-16,2.42659761728e-16
0,0.696629213483,0,0,0,0
0.0112359550562,0.696629213483,0.0417646555389,-0.0390777296294,0.0869483805655,0.0806838240592
0.0224719101124,0.696629213483,0.0830989072668,-0.0783485436088,0.173765494957,0.162256986641
0.0337078651685,0.696629213483,0.122924928219,-0.119117036441,0.259326974974,0.244106635089
0.0449438202247,0.696629213483,0.160859830331,-0.161768349882,0.342766254743,0.324946537134
0.0561797752809,0.696629213483,0.197145349651,-0.20585085632,0.423428006733,0.404285610707
0.0674157303371,0.696629213483,0.232304647216,-0.250444729319,0.501715188452,0.482589435009
0.0786516853933,0.696629213483,0.266773645225,-0.294593222495,0.579206975131,0.560466463302
0.0898876404494,0.696629213483,0.30075319149,-0.337645975204,0.656594233005,0.63811578666
0.101123595506,0.696629213483,0.334289340603,-0.37945354782,0.73199738893,0.715460573703
0.112359550562,0.696629213483,0.367407108321,-0.420327642761,0.803431115012,0.792200931246
0.123595505618,0.696629213483,0.400160778996,-0.460758638947,0.871233953905,0.86787940881
0.134831460674,0.696629213483,0.432587076192,-0.501069093754,0.935768074527,0.94232679268
0.14606741573,0.696629213483,0.464625815607,-0.541217806468,0.996391649366,1.01569842713
0.157303370787,0.696629213483,0.496113720861,-0.580825129936,1.05417327446,1.08794131456
0.168539325843,0.696629213483,0.526898300877,-0.61937310285,1.11158622202,1.15861416943
0.179775280899,0.696629213483,0.556931319452,-0.656540357711,1.16893483222,1.22723556999
0.191011235955,0.696629213483,0.586209375638,-0.692520677583,1.22500478726,1.293532475
0.202247191011,0.696629213483,0.614705419115,-0.727957484709,1.28034024501,1.35733370408
0.213483146067,0.696629213483,0.642451641006,-0.763365763257,1.33485081646,1.4185213136
0.224719101124,0.696629213483,0.669650891177,-0.798536553117,1.3865456121,1.47734998411
0.23595505618,0.696629213483,0.696630321549,-0.832582925612,1.43684514622,1.53451795112
0.247191011236,0.696629213483,0.72361956366,-0.864692651267,1.48889293072,1.59042390009
0.258426966292,0.696629213483,0.750494149977,-0.894921144131,1.54280723499,1.64458796398
0.269662921348,0.696629213483,0.776708530154,-0.924320990755,1.59403234577,1.69610680743
0.280898876404,0.696629213483,0.801495765433,-0.954393689598,1.62664507979,1.74440839265
0.292134831461,0.696629213483,0.82428044122,-0.986242637025,1.64100744175,1.79010581071
0.303370786517,0.696629213483,0.845209499139,-1.01972583815,1.659673961,1.83425600986
0.314606741573,0.696629213483,0.865178355657,-1.05337667985,1.6698971238,1.87597981655
0.325842696629,0.696629213483,0.884900661433,-1.08563416492,1.66738357216,1.9137555893
0.337078651685,0.696629213483,0.904185841479,-1.11597843236,1.67212256976,1.94722021636
0.348314606742,0.696629213483,0.922302450782,-1.14475065184,1.68415708727,1.97716563233
0.359550561798,0.696629213483,0.93851343027,-1.17252056719,1.68462252556,2.00480362773
0.370786516854,0.696629213483,0.952143569323,-1.19979316495,1.66921101958,2.03078454488
0.38202247191,0.696629213483,0.962835640374,-1.22655435269,1.66032464265,2.05490365573
0.393258426966,0.696629213483,0.971216208055,-1.25159457073,1.66312731054,2.07621285464
0.404494382022,0.696629213483,0.978715726993,-1.2729980319,1.59689979499,2.09286171698
0.415730337079,0.696629213483,0.985938888438,-1.29022502096,1.37757168821,2.10437385648
0.426966292135,0.696629213483,0.992015523885,-1.30475262527,1.17361721476,2.11631956519
0.438202247191,0.696629213483,0.996672121794,-1.31734687416,1.12934439259,2.13129636148
0.449438202247,0.696629213483,1.00098994912,-1.32697775358,0.793699433346,2.13516402764
0.460674157303,0.696629213483,1.00578545295,-1.33279602513,0.339507264893,2.13037746339
0.47191011236,0.696629213483,1.01077963353,-1.3353420489,0.131455625303,2.12666629316
0.483146067416,0.696629213483,1.01508034763,-1.33611920969,0.100262919579,2.12416902671
0.494382022472,0.696629213483,1.01802734069,-1.3365379299,-0.128528039632,2.11474753881
0.505617977528,0.696629213483,1.01971448806,-1.33709597525,-0.530394459229,2.09903314832
0.516853932584,0.696629213483,1.02051395595,-1.33770437284,-0.734632576521,2.08573828733
0.52808988764,0.696629213483,1.0201216134,-1.33866777708,-0.758362333798,2.07398438388
0.539325842697,0.696629213483,1.01818793793,-1.33997534892,-0.972147330092,2.05432362
0.550561797753,0.696629213483,1.01608927481,-1.33939597599,-1.33735424908,2.02770631706
0.561797752809,0.696629213483,1.01543355391,-1.3344148013,-1.46921913378,2.00407167499
0.573033707865,0.696629213483,1.01451720233,-1.32650035982,-1.48196788428,1.98132627591
0.584269662921,0.696629213483,1.01062654632,-1.31848076765,-1.51053145817,1.95673217929
0.595505617978,0.696629213483,1.00368323358,-1.31027167469,-1.54630190522,1.93093902442
0.606741573034,0.696629213483,0.994721388771,-1.30055572455,-1.55656806813,1.9053220475
0.61797752809,0.696629213483,0.98412716246,-1.28873386883,-1.54708273994,1.87963875938
0.629213483146,0.696629213483,0.971854225487,-1.27465484013,-1.5535514633,1.85173740887
0.640449438202,0.696629213483,0.958092231406,-1.25791911896,-1.57999459538,1.82010572438
0.651685393258,0.696629213483,0.943175801299,-1.23808796086,-1.57854905287,1.78558339657
0.662921348315,0.696629213483,0.926964116149,-1.2154458467,-1.55171545148,1.74878127491
0.674157303371,0.696629213483,0.908846464743,-1.19097280155,-1.52853514747,1.70979360064
0.685393258427,0.696629213483,0.888499927118,-1.16541824289,-1.50607771859,1.66906095715
0.696629213483,0.696629213483,0.86622117918,-1.13886854393,-1.4883234676,1.62647028913
0.707865168539,0.696629213483,0.842498410975,-1.11120766615,-1.46952031561,1.58192531425
0.719101123596,0.696629213483,0.817612278907,-1.08255838692,-1.43845516282,1.53513672416
0.730337078652,0.696629213483,0.791679066855,-1.05321035119,-1.39402091529,1.48553953416
0.741573033708,0.696629213483,0.764942228412,-1.02322831855,-1.34214324407,1.43331276583
0.752808988764,0.696629213483,0.737954588271,-0.992140740236,-1.28912741958,1.37984954672
0.76404494382,0.696629213483,0.711361873534,-0.959087900086,-1.2392246139,1.32648702831
0.775280898876,0.696629213483,0.685412061006,-0.923370675077,-1.19294744385,1.27292096686
0.786516853933,0.696629213483,0.659694194027,-0.884867812466,-1.14679924772,1.21752832511
0.797752808989,0.696629213483,0.633396051827,-0.843954026853,-1.09821359598,1.15926818907
0.808988764045,0.696629213483,0.605822094717,-0.801126436749,-1.04792680698,1.09875089287
0.820224719101,0.696629213483,0.576697189675,-0.756793335064,-0.99615964104,1.03736889609
0.831460674157,0.696629213483,0.546077630203,-0.711366253805,-0.94192156397,0.975935102943
0.842696629213,0.696629213483,0.514106828408,-0.665367385451,-0.885439376974,0.914477931952
0.85393258427,0.696629213483,0.480907656439,-0.619290555576,-0.827749174586,0.852754141315
0.865168539326,0.696629213483,0.446608343003,-0.573371338075,-0.768781615312,0.790445736034
0.876404494382,0.696629213483,0.41135201541,-0.527547048433,-0.707913154791,0.727253724277
0.887640449438,0.696629213483,0.375285950458,-0.481590317737,-0.645368316019,0.663213023773
0.898876404494,0.696629213483,0.338579212913,-0.43526133859,-0.581680614536,0.598741954036
0.910112359551,0.696629213483,0.301445645679,-0.388385293861,-0.516669981155,0.534155339085
0.921348314607,0.696629213483,0.264140738353,-0.340822490243,-0.450463425825,0.469116341835
0.932584269663,0.696629213483,0.226899366296,-0.292458706104,-0.3849916192,0.402771070795
0.943820224719,0.696629213483,0.189800038546,-0.243369131631,-0.322017467133,0.334815844949
0.955056179775,0.696629213483,0.152668749317,-0.193968977051,-0.259777410585,0.266405491896
0.966292134831,0.696629213483,0.115190592331,-0.144818052355,-0.195440942623,0.199359899541
0.977528089888,0.696629213483,0.0771682620181,-0.0962123602588,-0.129580933462,0.134115668508
0.988764044944,0.696629213483,0.0386701659644,-0.0480382572242,-0.0642656358768,0.0686955536485
1,0.696629213483,1.33947910938e-16,-1.66713789301e-16,-2.21571231241e-16,2.46720135996e-16
0,0.707865168539,0,0,0,0
0.0112359550562,0.707865168539,0.0408455144614,-0.0393544628609,0.0847820066619,0.0830208451267
0.0224719101124,0.707865168539,0.0814566659023,-0.0786789286747,0.16936301572,0.166104392834
0.0337078651685,0.707865168539,0.120709966312,-0.119341413656,0.252741128511,0.248874889856
0.0449438202247,0.707865168539,0.158174508184,-0.1618177803,0.334139759162,0.330521681943
0.0561797752809,0.707865168539,0.194031279003,-0.205764223336,0.412991193254,0.410973158194
0.0674157303371,0.707865168539,0.228731520452,-0.250357330391,0.48974236399,0.49090015327
0.0786516853933,0.707865168539,0.262648378906,-0.294692589494,0.56589692542,0.570853568261
0.0898876404494,0.707865168539,0.295952490429,-0.338115045765,0.641979102213,0.650789698149
0.101123595506,0.707865168539,0.328697070673,-0.380425276987,0.71596375788,0.730330747224
0.112359550562,0.707865168539,0.360938078548,-0.421859371236,0.785791169123,0.808930445755
0.123595505618,0.707865168539,0.392766569841,-0.462827230811,0.851805762667,0.886037787605
0.134831460674,0.707865168539,0.424252739939,-0.503581913582,0.914504742929,0.961637423927
0.14606741573,0.707865168539,0.455373672018,-0.54402484675,0.973455914357,1.03632049339
0.157303370787,0.707865168539,0.486018649082,-0.583724505525,1.02979130775,1.11056634943
0.168539325843,0.707865168539,0.51609155191,-0.622124137853,1.08581176563,1.18413743652
0.179775280899,0.707865168539,0.545571654643,-0.658900980271,1.1416702003,1.25610744404
0.191011235955,0.707865168539,0.574443666852,-0.694297904073,1.19625926904,1.32531131046
0.202247191011,0.707865168539,0.60265837035,-0.729045582498,1.25028493364,1.39089618196
0.213483146067,0.707865168539,0.63023634645,-0.763770629543,1.30353358227,1.45277674843
0.224719101124,0.707865168539,0.657344671104,-0.798404168809,1.35368152102,1.51178796539
0.23595505618,0.707865168539,0.684193693522,-0.832228144385,1.40211576474,1.56917608751
0.247191011236,0.707865168539,0.710826393937,-0.864588002697,1.45244026382,1.62561113706
0.258426966292,0.707865168539,0.736971172599,-0.895598311861,1.50508163105,1.68081045032
0.269662921348,0.707865168539,0.76207280881,-0.926212295195,1.55526766761,1.73404421034
0.280898876404,0.707865168539,0.785469843391,-0.957721956109,1.58712401861,1.7846328258
0.292134831461,0.707865168539,0.806736598283,-0.990997051779,1.60105709154,1.83268741709
0.303370786517,0.707865168539,0.826177663307,-1.02568836513,1.61922465707,1.87868816778
0.314606741573,0.707865168539,0.844820188572,-1.06019813587,1.62939194903,1.9215800681
0.325842696629,0.707865168539,0.863459751474,-1.09293147423,1.62719170475,1.9601595171
0.337078651685,0.707865168539,0.881948743025,-1.12338758912,1.63141981888,1.99460214258
0.348314606742,0.707865168539,0.899543567689,-1.1519631744,1.64174802691,2.0261167765
0.359550561798,0.707865168539,0.915431282138,-1.17932643656,1.64025400329,2.05596916398
0.370786516854,0.707865168539,0.928882660291,-1.20605684792,1.6237480117,2.084440908
0.38202247191,0.707865168539,0.93957320036,-1.23214720365,1.61479146216,2.11070079605
0.393258426966,0.707865168539,0.948221360425,-1.25635597293,1.61795016938,2.13323636282
0.404494382022,0.707865168539,0.956379820819,-1.27669446686,1.5536971158,2.14999888776
0.415730337079,0.707865168539,0.964698950725,-1.29259485571,1.34089720581,2.16075375154
0.426966292135,0.707865168539,0.972083816761,-1.30576232634,1.14407035343,2.17141314856
0.438202247191,0.707865168539,0.977871258411,-1.31734279931,1.10260295083,2.18483150578
0.449438202247,0.707865168539,0.982896029948,-1.32651643316,0.777738374501,2.18725649026
0.460674157303,0.707865168539,0.9879261088,-1.33243923878,0.338183382182,2.18097956556
0.47191011236,0.707865168539,0.992755605678,-1.33554255054,0.139323300982,2.17560315157
0.483146067416,0.707865168539,0.996643616109,-1.3371381256,0.1143496177,2.17164783768
0.494382022472,0.707865168539,0.999089706328,-1.33842572612,-0.102378386944,2.16154272941
0.505617977528,0.707865168539,1.00026528081,-1.33977646187,-0.491668431957,2.14602251585
0.516853932584,0.707865168539,1.00053670797,-1.34106914223,-0.693933370101,2.13363307545
0.52808988764,0.707865168539,0.999565048592,-1.34262074391,-0.721632470277,2.12357753443
0.539325842697,0.707865168539,0.996965342756,-1.34445809987,-0.932386741629,2.10652845894
0.550561797753,0.707865168539,0.994057733502,-1.34444698071,-1.29007152208,2.08308829572
0.561797752809,0.707865168539,0.992417457283,-1.34017372852,-1.42103542506,2.06264604591
0.573033707865,0.707865168539,0.990493501958,-1.33300240014,-1.4351656319,2.04285146347
0.584269662921,0.707865168539,0.985731834461,-1.32563225362,-1.4637101081,2.02047365555
0.595505617978,0.707865168539,0.978087241186,-1.31797340928,-1.4988646387,1.99545808687
0.606741573034,0.707865168539,0.968672935634,-1.30863963561,-1.50940520515,1.96875842078
0.61797752809,0.707865168539,0.958008004979,-1.29690350403,-1.50144972211,1.94040270026
0.629213483146,0.707865168539,0.946067647171,-1.28260910693,-1.51000569932,1.90907503677
0.640449438202,0.707865168539,0.932906325936,-1.26550484611,-1.53828728536,1.87407393032
0.651685393258,0.707865168539,0.918714207709,-1.24526846478,-1.5381959961,1.83660976294
0.662921348315,0.707865168539,0.903321384431,-1.22213957576,-1.51236502464,1.79739212993
0.674157303371,0.707865168539,0.886165787948,-1.19697186176,-1.48990106114,1.75667812393
0.685393258427,0.707865168539,0.866955935995,-1.17045213718,-1.46800354333,1.71505541305
0.696629213483,0.707865168539,0.84597967928,-1.14270612161,-1.45090755442,1.67223419484
0.707865168539,0.707865168539,0.823706490786,-1.11370660535,-1.43310944199,1.62763227611
0.719101123596,0.707865168539,0.800373182897,-1.08369751014,-1.40323592698,1.58051976793
0.730337078652,0.707865168539,0.775968895625,-1.05315139265,-1.35971566717,1.53014976566
0.741573033708,0.707865168539,0.750536376724,-1.02234062046,-1.30818043248,1.4766555392
0.752808988764,0.707865168539,0.724460952829,-0.990906040723,-1.25511475171,1.42138533362
0.76404494382,0.707865168539,0.698357130165,-0.95792386106,-1.20536634973,1.36575987421
0.775280898876,0.707865168539,0.672580300741,-0.922500067689,-1.1600235204,1.30985231826
0.786516853933,0.707865168539,0.646883638835,-0.884303662586,-1.1157009846,1.25254262138
0.797752808989,0.707865168539,0.620595433228,-0.843563145253,-1.06946429999,1.19300619286
0.808988764045,0.707865168539,0.593102952977,-0.800716303312,-1.02159762597,1.13159142775
0.820224719101,0.707865168539,0.564163364228,-0.756199796832,-0.9720751976,1.06919580101
0.831460674157,0.707865168539,0.533845348379,-0.710514947825,-0.91977217847,1.00628332374
0.842696629213,0.707865168539,0.502309043266,-0.664281125477,-0.864796955704,0.942809421069
0.85393258427,0.707865168539,0.469689931056,-0.618060215556,-0.808219115734,0.878646618661
0.865168539326,0.707865168539,0.436100648313,-0.57212865951,-0.750215852582,0.813720576415
0.876404494382,0.707865168539,0.401645638544,-0.526438770964,-0.69041991336,0.748057793901
0.887640449438,0.707865168539,0.366441180904,-0.480741503897,-0.629143094615,0.681948367161
0.898876404494,0.707865168539,0.330646480776,-0.434743619021,-0.566892119158,0.615847740621
0.910112359551,0.707865168539,0.294472969505,-0.388202806144,-0.503454295682,0.549898218773
0.921348314607,0.707865168539,0.258161360559,-0.340913959285,-0.438915017875,0.483499260365
0.932584269663,0.707865168539,0.221910250728,-0.292720392005,-0.37511777897,0.415565872211
0.943820224719,0.707865168539,0.185751125829,-0.243693647599,-0.313733822594,0.345667957273
0.955056179775,0.707865168539,0.149482237458,-0.19427076315,-0.252997094489,0.274949860828
0.966292134831,0.707865168539,0.112802586236,-0.145035412146,-0.190185738056,0.205347542296
0.977528089888,0.707865168539,0.0755544866525,-0.0963164988631,-0.125991426679,0.137573354242
0.988764044944,0.707865168539,0.0378421017672,-0.048054618256,-0.0624849449168,0.0700441466777
1,0.707865168539,1.30962421779e-16,-1.66632968153e-16,-2.15762314939e-16,2.49876523582e-16
0,0.719101123596,0,0,0,0
0.0112359550562,0.719101123596,0.03881354787,-0.0405246662431,0.0824551202613,0.0847086019163
0.0224719101124,0.719101123596,0.0774536318845,-0.0809703086451,0.16468471278,0.16902706309
0.0337078651685,0.719101123596,0.114847537101,-0.12269160979,0.245800112428,0.252754512042
0.0449438202247,0.719101123596,0.1506003853,-0.166182172789,0.325088816633,0.335379996486
0.0561797752809,0.719101123596,0.18487983659,-0.211157443583,0.402038055308,0.41713028637
0.0674157303371,0.719101123596,0.218080634961,-0.256858051639,0.47711004735,0.498864100877
0.0786516853933,0.719101123596,0.250514134558,-0.302401327723,0.551722759496,0.581102414665
0.0898876404494,0.719101123596,0.282317056025,-0.347098752015,0.626259920255,0.663551353966
0.101123595506,0.719101123596,0.313539193344,-0.390685525251,0.698611025488,0.745456363162
0.112359550562,0.719101123596,0.344247199106,-0.433329055928,0.766702952019,0.825930626592
0.123595505618,0.719101123596,0.374545315467,-0.475378719235,0.830917486361,0.904287200379
0.134831460674,0.719101123596,0.404517771756,-0.517035606789,0.891884312886,0.980642832001
0.14606741573,0.719101123596,0.434156622727,-0.558165827938,0.949340951988,1.0559592011
0.157303370787,0.719101123596,0.463361550837,-0.598340322055,1.00440060549,1.1311984859
0.168539325843,0.719101123596,0.492032290554,-0.637057058093,1.05910057545,1.20643382569
0.179775280899,0.719101123596,0.520130013371,-0.674083644523,1.11340525476,1.28060459021
0.191011235955,0.719101123596,0.547632729295,-0.709743388515,1.1663485435,1.35202982275
0.202247191011,0.719101123596,0.574528929794,-0.744797796084,1.21886654587,1.41938865227
0.213483146067,0.719101123596,0.600915963363,-0.779859868669,1.27070184292,1.48253675871
0.224719101124,0.719101123596,0.627008656052,-0.814857910061,1.31925448246,1.54253950887
0.23595505618,0.719101123596,0.652955846343,-0.849137622408,1.36584341611,1.60079496372
0.247191011236,0.719101123596,0.678641708702,-0.882153157528,1.41441380566,1.65800855944
0.258426966292,0.719101123596,0.703662001118,-0.914069361259,1.46557126481,1.71407122393
0.269662921348,0.719101123596,0.727440456923,-0.945779551011,1.51430245663,1.76855151497
0.280898876404,0.719101123596,0.749366540127,-0.978468113296,1.54498443004,1.82085934369
0.292134831461,0.719101123596,0.769090673228,-1.0128965959,1.55830875348,1.87080026149
0.303370786517,0.719101123596,0.787011521669,-1.04860757301,1.5759874148,1.91838337259
0.314606741573,0.719101123596,0.804233864658,-1.08393498309,1.58608629662,1.96232769057
0.325842696629,0.719101123596,0.82159352525,-1.11727942428,1.58406300025,2.00156674692
0.337078651685,0.719101123596,0.838978008651,-1.1481493881,1.58759314757,2.03661592861
0.348314606742,0.719101123596,0.855645415222,-1.17697707224,1.5960911612,2.06901441209
0.359550561798,0.719101123596,0.870681350767,-1.20456625724,1.59264981346,2.10019560403
0.370786516854,0.719101123596,0.883237428623,-1.23164769834,1.57524799614,2.13036895763
0.38202247191,0.719101123596,0.893000793563,-1.25822696909,1.5666608237,2.15840111997
0.393258426966,0.719101123596,0.900833996192,-1.28293501544,1.57082056822,2.18236590181
0.404494382022,0.719101123596,0.90851971255,-1.30355173721,1.50927808804,2.19991041605
0.415730337079,0.719101123596,0.916916336167,-1.31928146835,1.30382817896,2.21078889739
0.426966292135,0.719101123596,0.924873319456,-1.33188098677,1.11474188456,2.22104393254
0.438202247191,0.719101123596,0.931413111974,-1.34282780353,1.07636453661,2.23375611032
0.449438202247,0.719101123596,0.937089706327,-1.35158312053,0.762637658688,2.23568787238
0.460674157303,0.719101123596,0.942525870977,-1.35742203697,0.337384838622,2.22905596321
0.47191011236,0.719101123596,0.947470949684,-1.36077702986,0.146627359461,2.22326166163
0.483146067416,0.719101123596,0.951222436882,-1.36286500071,0.126688228383,2.21892661721
0.494382022472,0.719101123596,0.953345872883,-1.36476334474,-0.0784793908879,2.20869648353
0.505617977528,0.719101123596,0.954033317926,-1.36678252156,-0.455176964294,2.19319002988
0.516853932584,0.719101123596,0.953652387501,-1.36877441729,-0.655201909944,2.18083236122
0.52808988764,0.719101123596,0.95192820474,-1.37096908955,-0.686312934406,2.1711571729
0.539325842697,0.719101123596,0.948635256785,-1.37321596415,-0.893512468289,2.15521050496
0.550561797753,0.719101123596,0.94525941668,-1.37322756225,-1.24308225641,2.13338756417
0.561797752809,0.719101123596,0.943417136838,-1.36861470515,-1.3727851115,2.11456818848
0.573033707865,0.719101123596,0.941521293337,-1.3608713922,-1.3882888362,2.09625273006
0.584269662921,0.719101123596,0.936930514145,-1.35287419383,-1.41692633643,2.07495202939
0.595505617978,0.719101123596,0.929524989188,-1.34466603662,-1.45156424785,2.050162579
0.606741573034,0.719101123596,0.92045382557,-1.33483958106,-1.46228240956,2.02255532621
0.61797752809,0.719101123596,0.910342523166,-1.32255307976,-1.45533965745,1.9923509285
0.629213483146,0.719101123596,0.899210296002,-1.30760060605,-1.46505467314,1.95878401597
0.640449438202,0.719101123596,0.887035735122,-1.28979976306,-1.49429151518,1.92160242674
0.651685393258,0.719101123596,0.873898963051,-1.26890725781,-1.495357405,1.88212862414
0.662921348315,0.719101123596,0.859570540066,-1.24516186781,-1.47078135225,1.84111523953
0.674157303371,0.719101123596,0.843466354534,-1.21938031959,-1.44914294935,1.79903352147
0.685393258427,0.719101123596,0.825272957742,-1.19225129016,-1.42771086696,1.75665225335
0.696629213483,0.719101123596,0.805282440784,-1.16392130504,-1.41116726649,1.71354259424
0.707865168539,0.719101123596,0.784051312686,-1.13431740363,-1.39439472118,1.66874854139
0.719101123596,0.719101123596,0.761955928179,-1.10356901824,-1.36584122654,1.62127517082
0.730337078652,0.719101123596,0.739046874662,-1.07208253654,-1.32345039408,1.57032349427
0.741573033708,0.719101123596,0.715267120091,-1.04019514143,-1.27256990092,1.51595009548
0.752808988764,0.719101123596,0.69080649087,-1.00768730585,-1.21978919854,1.45925853371
0.76404494382,0.719101123596,0.66612791252,-0.973737011897,-1.17038804741,1.40153514026
0.775280898876,0.719101123596,0.641559980558,-0.937466520496,-1.12593117784,1.34319916544
0.786516853933,0.719101123596,0.616934007204,-0.898500484574,-1.08320718163,1.28382081924
0.797752808989,0.719101123596,0.591689027112,-0.857002409296,-1.03902857726,1.22299325464
0.808988764045,0.719101123596,0.565287728791,-0.813364987859,-0.993271651192,1.16082890991
0.820224719101,0.719101123596,0.537502007249,-0.768037839061,-0.945677607268,1.09762757104
0.831460674157,0.719101123596,0.508386898295,-0.721584807688,-0.895039716154,1.03343871128
0.842696629213,0.719101123596,0.478113573997,-0.674674149806,-0.841429674897,0.968179042174
0.85393258427,0.719101123596,0.446860257558,-0.627862453975,-0.786020570729,0.901901265447
0.865168539326,0.719101123596,0.414771253367,-0.581391474517,-0.729244952185,0.834770951204
0.876404494382,0.719101123596,0.381947546574,-0.535180245575,-0.670920976281,0.767041781829
0.887640449438,0.719101123596,0.348483998086,-0.488949502222,-0.611348772265,0.699143608541
0.898876404494,0.719101123596,0.314517421906,-0.442378155295,-0.550939379761,0.631540161429
0.910112359551,0.719101123596,0.280232899553,-0.39520276905,-0.489418757269,0.564284266294
0.921348314607,0.719101123596,0.245830235435,-0.347209027637,-0.426824741357,0.496645077079
0.932584269663,0.719101123596,0.211451090145,-0.298252301749,-0.364918335194,0.427398521578
0.943820224719,0.719101123596,0.177076717257,-0.248429865263,-0.305292971738,0.355971947927
0.955056179775,0.719101123596,0.142502434617,-0.198181031042,-0.246195106475,0.283377488782
0.966292134831,0.719101123596,0.107483168046,-0.148055285633,-0.18500227518,0.211516295829
0.977528089888,0.719101123596,0.0719302329842,-0.0983614966595,-0.122492256719,0.141292462292
0.988764044944,0.719101123596,0.0359852481073,-0.0490753607671,-0.0607436423223,0.0715494714581
1,0.719101123596,1.2434074121e-16,-1.70139205524e-16,-2.09934514491e-16,2.53470674603e-16
0,0.730337078652,0,0,0,0
0.0112359550562,0.730337078652,0.0367814224192,-0.0413244546208,0.0800028752703,0.0855138851886
0.0224719101124,0.730337078652,0.0733276230312,-0.0826777639289,0.15979990223,0.170700180026
0.0337078651685,0.730337078652,0.108714191337,-0.125314453853,0.238601915913,0.255382438448
0.0449438202247,0.730337078652,0.142655851452,-0.169674111644,0.315731380273,0.339088722119
0.0561797752809,0.730337078652,0.175352857226,-0.215474636059,0.390695137763,0.422131593099
0.0674157303371,0.730337078652,0.207170610927,-0.261971334261,0.463939324818,0.505467922669
0.0786516853933,0.730337078652,0.238372869417,-0.308263839727,0.536784244507,0.589624444321
0.0898876404494,0.730337078652,0.269060165857,-0.353613099947,0.609497902011,0.674174057611
0.101123595506,0.730337078652,0.299253510318,-0.397707531012,0.679945119928,0.758114783573
0.112359550562,0.730337078652,0.328981452143,-0.440701840431,0.746107755678,0.840294058084
0.123595505618,0.730337078652,0.358300608229,-0.482960024401,0.808450749313,0.919861465809
0.134831460674,0.730337078652,0.387253956317,-0.524697314537,0.867743674328,0.996894254895
0.14606741573,0.730337078652,0.415807645472,-0.565789315694,0.92385301555,1.07242932108
0.157303370787,0.730337078652,0.443840030485,-0.605845316541,0.977791881248,1.14766807416
0.168539325843,0.730337078652,0.471220057128,-0.644458456512,1.03125175097,1.22304264115
0.179775280899,0.730337078652,0.497881231826,-0.681520348247,1.08396266201,1.29776071745
0.191011235955,0.730337078652,0.523817984575,-0.717433422916,1.13509244982,1.37016674907
0.202247191011,0.730337078652,0.549108822366,-0.752939197556,1.18584353823,1.43883128475
0.213483146067,0.730337078652,0.57399067163,-0.788545723029,1.23602122049,1.50354124081
0.224719101124,0.730337078652,0.598787602021,-0.824066795037,1.28287096225,1.56525823499
0.23595505618,0.730337078652,0.62365122855,-0.858797845371,1.32764213207,1.62509074224
0.247191011236,0.730337078652,0.648383451993,-0.892193288766,1.37449118779,1.68343665705
0.258426966292,0.730337078652,0.672514816102,-0.924392757158,1.42407288696,1.7401900784
0.269662921348,0.730337078652,0.695451721194,-0.956246632643,1.47109141923,1.79523359917
0.280898876404,0.730337078652,0.716566939771,-0.988947602564,1.50026196013,1.84827973523
0.292134831461,0.730337078652,0.735493595804,-1.02330361831,1.51268772813,1.89917921151
0.303370786517,0.730337078652,0.752633177456,-1.05889366518,1.52962774592,1.94778439456
0.314606741573,0.730337078652,0.769086505788,-1.0940942149,1.5393264367,1.99267540433
0.325842696629,0.730337078652,0.785675743527,-1.12735699858,1.53704982274,2.03272182018
0.337078651685,0.730337078652,0.80232038733,-1.15818739791,1.5395286907,2.06839710892
0.348314606742,0.730337078652,0.818328915436,-1.18698473071,1.54607823757,2.10120946447
0.359550561798,0.730337078652,0.832720499801,-1.21463900158,1.54081086285,2.13263810589
0.370786516854,0.730337078652,0.844480007648,-1.24207038373,1.52276976234,2.16306574478
0.38202247191,0.730337078652,0.853242396432,-1.26933864589,1.51484993479,2.19156175325
0.393258426966,0.730337078652,0.860000597761,-1.29492120629,1.52034019806,2.21626167318
0.404494382022,0.730337078652,0.866782204634,-1.31631464337,1.46192697551,2.23471467452
0.415730337079,0.730337078652,0.874709098683,-1.33242054791,1.26431163427,2.2465579535
0.426966292135,0.730337078652,0.88269039949,-1.34493304965,1.08320118615,2.257685371
0.438202247191,0.730337078652,0.889537967461,-1.35557922365,1.04792311055,2.27116596276
0.449438202247,0.730337078652,0.895568155034,-1.36408508499,0.745549335987,2.27416952546
0.460674157303,0.730337078652,0.901266231936,-1.36984655194,0.334337941514,2.26875303512
0.47191011236,0.730337078652,0.906323579621,-1.37330106696,0.150710532904,2.26398899053
0.483146067416,0.730337078652,0.910034554936,-1.37560205104,0.134435867773,2.26041393947
0.494382022472,0.730337078652,0.911965499469,-1.37777516579,-0.06020503814,2.25069947063
0.505617977528,0.730337078652,0.912268303678,-1.38015371359,-0.424438414035,2.23520531397
0.516853932584,0.730337078652,0.911289973776,-1.3826128951,-0.621409576601,2.22219150823
0.52808988764,0.730337078652,0.908864923199,-1.38526818983,-0.654639630407,2.2116106001
0.539325842697,0.730337078652,0.905032734648,-1.38768229759,-0.857348196151,2.19505011963
0.550561797753,0.730337078652,0.901546980416,-1.38729208478,-1.19815498157,2.17286422729
0.561797752809,0.730337078652,0.900066740117,-1.38171415065,-1.3262064733,2.15354146093
0.573033707865,0.730337078652,0.898843124194,-1.37270164513,-1.34315476542,2.13461632399
0.584269662921,0.730337078652,0.895047944718,-1.36341892551,-1.37224947116,2.11269125254
0.595505617978,0.730337078652,0.888446869399,-1.35409253831,-1.40672774285,2.08723447791
0.606741573034,0.730337078652,0.880150148155,-1.34338229847,-1.41757136698,2.05888180775
0.61797752809,0.730337078652,0.87080699269,-1.33041883137,-1.41086591964,2.02790984053
0.629213483146,0.730337078652,0.860462829324,-1.31495220038,-1.42034431442,1.99362184738
0.640449438202,0.730337078652,0.849069132204,-1.2968045168,-1.44917636128,1.9556749424
0.651685393258,0.730337078652,0.836650987878,-1.27575229871,-1.45084239938,1.9152022358
0.662921348315,0.730337078652,0.822938821774,-1.25202456732,-1.42753420899,1.87298268972
0.674157303371,0.730337078652,0.807327347587,-1.22641354883,-1.40669482149,1.829758009
0.685393258427,0.730337078652,0.789497931858,-1.19959724976,-1.38555992885,1.78649534766
0.696629213483,0.730337078652,0.769785821334,-1.17169692075,-1.3694056323,1.74271035399
0.707865168539,0.730337078652,0.74888652188,-1.14252514068,-1.35363061435,1.69729171475
0.719101123596,0.730337078652,0.727382845214,-1.11200382752,-1.32652741917,1.64925220535
0.730337078652,0.730337078652,0.70546136055,-1.0803681033,-1.28556835482,1.59794028843
0.741573033708,0.730337078652,0.68300969185,-1.04795545752,-1.23581910185,1.54338115463
0.752808988764,0.730337078652,0.660004015374,-1.01471012196,-1.18385048711,1.48629688118
0.76404494382,0.730337078652,0.636686954367,-0.980016058206,-1.13512506375,1.42757064499
0.775280898876,0.730337078652,0.613287570866,-0.943138381355,-1.09149928558,1.36771645739
0.786516853933,0.730337078652,0.589678293736,-0.903747222024,-1.04997520062,1.30690281799
0.797752808989,0.730337078652,0.565410854949,-0.86197147295,-1.0072950413,1.24520566613
0.808988764045,0.730337078652,0.540039486507,-0.818141433243,-0.963077996382,1.18261860721
0.820224719101,0.730337078652,0.513355106987,-0.772679628883,-0.916922282349,1.11894445438
0.831460674157,0.730337078652,0.485383384304,-0.726170778684,-0.86762210876,1.05389756579
0.842696629213,0.730337078652,0.456283595959,-0.679295848233,-0.815285058855,0.987408697392
0.85393258427,0.730337078652,0.426267289132,-0.632569512234,-0.761208394149,0.919697706449
0.865168539326,0.730337078652,0.395523210253,-0.586158428172,-0.706025950805,0.851052485514
0.876404494382,0.730337078652,0.364171568554,-0.539916793226,-0.649640211972,0.781770156194
0.887640449438,0.730337078652,0.33229837955,-0.493530893974,-0.592250316144,0.712299156549
0.898876404494,0.730337078652,0.300012703272,-0.446678620618,-0.534120621578,0.643155253241
0.910112359551,0.730337078652,0.267456531728,-0.399122761486,-0.47488949612,0.574486032297
0.921348314607,0.730337078652,0.234771249432,-0.350695678197,-0.414530295912,0.505644078061
0.932584269663,0.730337078652,0.202034495297,-0.301312548944,-0.354716201279,0.435400828218
0.943820224719,0.730337078652,0.16919315106,-0.251108620569,-0.296979161879,0.363043800683
0.955056179775,0.730337078652,0.136078042282,-0.200489905755,-0.239607621877,0.289344388228
0.966292134831,0.730337078652,0.102533435093,-0.149919525607,-0.180081252841,0.216018459004
0.977528089888,0.730337078652,0.0685395711333,-0.0996606796591,-0.119227153587,0.144038788166
0.988764044944,0.730337078652,0.0342478492634,-0.0497305777288,-0.0591226652313,0.0726240278229
1,0.730337078652,1.18157346369e-16,-1.72394572588e-16,-2.04380757715e-16,2.55645727741e-16
0,0.741573033708,0,0,0,0
0.0112359550562,0.741573033708,0.0350480201931,-0.041513490612,0.0774491080978,0.0854474799408
0.0224719101124,0.741573033708,0.0697437183827,-0.0832350783226,0.154754987428,0.171043690955
0.0337078651685,0.741573033708,0.103359214447,-0.126276030618,0.231209822463,0.256495969181
0.0449438202247,0.741573033708,0.135745534201,-0.170991365539,0.306147788333,0.341154585583
0.0561797752809,0.741573033708,0.167153496956,-0.217068866777,0.379071444973,0.425225286055
0.0674157303371,0.741573033708,0.197938418897,-0.263739926759,0.450389049773,0.509659628952
0.0786516853933,0.741573033708,0.228334237482,-0.310054350362,0.521313198896,0.595011670088
0.0898876404494,0.741573033708,0.258410385124,-0.355214475775,0.592011054839,0.680855033865
0.101123595506,0.741573033708,0.288143499231,-0.398887677215,0.660363810332,0.76613398775
0.112359550562,0.741573033708,0.317488858865,-0.441272067097,0.724455750999,0.84960828355
0.123595505618,0.741573033708,0.346410419747,-0.482815018942,0.78486662269,0.930333762413
0.134831460674,0.741573033708,0.374869463154,-0.523802651145,0.842510587527,1.00822213179
0.14606741573,0.741573033708,0.402782157577,-0.564147093785,0.897357106981,1.08406377515
0.157303370787,0.741573033708,0.430001117089,-0.603491067754,0.950277026213,1.15894833409
0.168539325843,0.741573033708,0.456375700542,-0.641498010719,1.00258203957,1.23353990431
0.179775280899,0.741573033708,0.481831508701,-0.678156013933,1.05373451973,1.30752924122
0.191011235955,0.741573033708,0.50639766388,-0.713929924706,1.10298048825,1.37970512967
0.202247191011,0.741573033708,0.530245678077,-0.749542241667,1.15175353139,1.44887884884
0.213483146067,0.741573033708,0.55373422803,-0.785410079414,1.1999973863,1.51485766648
0.224719101124,0.741573033708,0.577278671823,-0.821235278732,1.24495644842,1.57834291769
0.23595505618,0.741573033708,0.601057979644,-0.856216194013,1.28786666228,1.63990787728
0.247191011236,0.741573033708,0.624876342852,-0.889701497409,1.33301808462,1.69942894238
0.258426966292,0.741573033708,0.64828506359,-0.921707749528,1.381042433,1.75664333463
0.269662921348,0.741573033708,0.670692459843,-0.953028850559,1.42633328159,1.81167440108
0.280898876404,0.741573033708,0.691423206854,-0.984920621508,1.45390873201,1.86462913592
0.292134831461,0.741573033708,0.71004840537,-1.01831807409,1.46525452892,1.91566757619
0.303370786517,0.741573033708,0.726916662383,-1.05293194746,1.48117564178,1.9647854164
0.314606741573,0.741573033708,0.743064179107,-1.08727244999,1.49008320112,2.01057245506
0.325842696629,0.741573033708,0.759257504317,-1.11989746138,1.48711350415,2.05173913844
0.337078651685,0.741573033708,0.77544393744,-1.15031056478,1.48826679753,2.08842122847
0.348314606742,0.741573033708,0.791042555286,-1.17880033496,1.49290700845,2.12172097269
0.359550561798,0.741573033708,0.80511301377,-1.20620560628,1.48607748061,2.15288858758
0.370786516854,0.741573033708,0.816492641956,-1.23359065856,1.4676224263,2.18250472777
0.38202247191,0.741573033708,0.824662558317,-1.26115435974,1.46032556788,2.2102008504
0.393258426966,0.741573033708,0.830643251838,-1.28730324524,1.4668891158,2.23466159849
0.404494382022,0.741573033708,0.836635200359,-1.30930436837,1.41145022532,2.25367673899
0.415730337079,0.741573033708,0.84398799673,-1.32578524946,1.22165769292,2.26678692241
0.426966292135,0.741573033708,0.851714847721,-1.33833478141,1.04829835462,2.27948645021
0.438202247191,0.741573033708,0.858506094099,-1.34885230076,1.01577244992,2.29453446005
0.449438202247,0.741573033708,0.864511908832,-1.35727515885,0.724903695788,2.29932255906
0.460674157303,0.741573033708,0.870138396075,-1.36307205063,0.327858217325,2.29564993356
0.47191011236,0.741573033708,0.875066085037,-1.36663846811,0.150916315513,2.29225763417
0.483146067416,0.741573033708,0.878602654601,-1.36904947659,0.13714501412,2.28968853931
0.494382022472,0.741573033708,0.88030402338,-1.37130233743,-0.0481404381377,2.28075887325
0.505617977528,0.741573033708,0.880267631871,-1.37378985368,-0.399953998343,2.26558072851
0.516853932584,0.741573033708,0.87881024042,-1.37644787735,-0.59270170695,2.25209819154
0.52808988764,0.741573033708,0.875872873014,-1.37930330857,-0.626497682688,2.24050200418
0.539325842697,0.741573033708,0.871761017916,-1.38163895439,-0.823659199711,2.22285367843
0.550561797753,0.741573033708,0.868470549972,-1.38062963152,-1.1550675026,2.19952295603
0.561797752809,0.741573033708,0.867640240706,-1.37393442032,-1.28108927779,2.17869508701
0.573033707865,0.741573033708,0.867321730183,-1.36356963707,-1.29951942352,2.15806003689
0.584269662921,0.741573033708,0.864560848293,-1.35289300276,-1.3293580809,2.13454652271
0.595505617978,0.741573033708,0.859034958453,-1.34228169657,-1.36387432273,2.10791095739
0.606741573034,0.741573033708,0.851731162696,-1.33056760278,-1.37461192662,2.07893975176
0.61797752809,0.741573033708,0.843214153185,-1.31698211607,-1.36733236163,2.0478310602
0.629213483146,0.741573033708,0.833511675081,-1.30127846415,-1.37535317891,2.0135874856
0.640449438202,0.741573033708,0.822584583507,-1.283238209,-1.40271126348,1.97547335142
0.651685393258,0.741573033708,0.810465272365,-1.26259011849,-1.40470262443,1.93439321495
0.662921348315,0.741573033708,0.796888662294,-1.23951274923,-1.38293465163,1.89125439509
0.674157303371,0.741573033708,0.781268296345,-1.21473811208,-1.36311860149,1.84706347549
0.685393258427,0.741573033708,0.763333278581,-1.18887693933,-1.34228830631,1.80288133024
0.696629213483,0.741573033708,0.743503953148,-1.16197533639,-1.32638526172,1.75816487417
0.707865168539,0.741573033708,0.722611039925,-1.1337317885,-1.31145600819,1.71180735704
0.719101123596,0.741573033708,0.701404092762,-1.10390276168,-1.28574033579,1.66304553712
0.730337078652,0.741573033708,0.680173570719,-1.07258808127,-1.24632457286,1.61154743501
0.741573033708,0.741573033708,0.658742745409,-1.04014131751,-1.19803510433,1.55740577782
0.752808988764,0.741573033708,0.636870724402,-1.00668866121,-1.14733985909,1.50095230062
0.76404494382,0.741573033708,0.61457364716,-0.971847928223,-1.09965666614,1.44249660804
0.775280898876,0.741573033708,0.591981139655,-0.935048425295,-1.05691392237,1.38235023449
0.786516853933,0.741573033708,0.569020119694,-0.896007697578,-1.01629355914,1.32101613748
0.797752808989,0.741573033708,0.545377656477,-0.854803850692,-0.974607432495,1.258979815
0.808988764045,0.741573033708,0.520723280115,-0.811674031407,-0.931379187338,1.19625024306
0.820224719101,0.741573033708,0.49488305221,-0.766970435703,-0.886179902768,1.13235506451
0.831460674157,0.741573033708,0.467849245211,-0.721256533648,-0.837898061832,1.06684505499
0.842696629213,0.741573033708,0.439737531194,-0.675206036437,-0.786740297609,0.999722659004
0.85393258427,0.741573033708,0.410748752307,-0.629294235857,-0.734123303008,0.931314527439
0.865168539326,0.741573033708,0.381089633589,-0.583615516349,-0.680811808027,0.861868847756
0.876404494382,0.741573033708,0.350899272902,-0.537955259117,-0.626707041633,0.791528170966
0.887640449438,0.741573033708,0.320262618159,-0.491970805097,-0.571850461117,0.720652700763
0.898876404494,0.741573033708,0.289262761504,-0.445362793882,-0.51633374475,0.649882037898
0.910112359551,0.741573033708,0.257997322881,-0.397954354285,-0.459692204434,0.579664569506
0.921348314607,0.741573033708,0.226554260392,-0.349657164029,-0.401816938993,0.509647442811
0.932584269663,0.741573033708,0.194966328096,-0.300462732174,-0.344278125043,0.438711384669
0.943820224719,0.741573033708,0.163181022526,-0.250530558961,-0.288552759822,0.366003934418
0.955056179775,0.741573033708,0.131099389561,-0.200199476313,-0.233003450186,0.291986392242
0.966292134831,0.741573033708,0.0986611449714,-0.149826577359,-0.175226868904,0.218095321799
0.977528089888,0.741573033708,0.0658870227092,-0.0996385047898,-0.116065727279,0.145269139421
0.988764044944,0.741573033708,0.0328987455809,-0.0497131719665,-0.0575678145553,0.0730060698263
1,0.741573033708,1.13403651973e-16,-1.72272482738e-16,-1.98984288242e-16,2.55628037182e-16
0,0.752808988764,0,0,0,0
0.0112359550562,0.752808988764,0.0333701840659,-0.0415113364042,0.0748238477172,0.0847756277336
0.0224719101124,0.752808988764,0.06626461143,-0.0834165408199,0.149608873488,0.170352275949
0.0337078651685,0.752808988764,0.0981489632942,-0.126686064905,0.22370336518,0.256253722436
0.0449438202247,0.752808988764,0.128998975586,-0.171592837199,0.296439534101,0.341557101926
0.0561797752809,0.752808988764,0.159109346686,-0.217786327677,0.367309892472,0.426262465972
0.0674157303371,0.752808988764,0.188829189843,-0.264458641858,0.436679025479,0.511237503648
0.0786516853933,0.752808988764,0.218372061169,-0.310599812681,0.505648197262,0.597044414164
0.0898876404494,0.752808988764,0.247782631714,-0.355358912968,0.574289466504,0.683319886905
0.101123595506,0.752808988764,0.276994162914,-0.398402383028,0.64051509273,0.769100647126
0.112359550562,0.752808988764,0.305888956544,-0.439997622953,0.702520671834,0.853263550668
0.123595505618,0.752808988764,0.334342561916,-0.480695974044,0.76099374338,0.93495177589
0.134831460674,0.752808988764,0.362243746563,-0.520861421127,0.816977787244,1.01395002387
0.14606741573,0.752808988764,0.389472146193,-0.56042950968,0.870534405195,1.09062422823
0.157303370787,0.752808988764,0.415872821022,-0.59903804162,0.922403872829,1.16561601493
0.168539325843,0.752808988764,0.441296840813,-0.63636357615,0.973554633971,1.23951903293
0.179775280899,0.752808988764,0.465676545972,-0.672440655531,1.02318842503,1.31242370869
0.191011235955,0.752808988764,0.489067421968,-0.707786126461,1.07055229772,1.38371455636
0.202247191011,0.752808988764,0.511690666274,-0.743148194876,1.11721167659,1.45266612183
0.213483146067,0.752808988764,0.533956737489,-0.778936599441,1.16326977889,1.51923037504
0.224719101124,0.752808988764,0.55631554443,-0.814814084508,1.20611927656,1.58387096485
0.23595505618,0.752808988764,0.578979271681,-0.849889266049,1.24707744779,1.64665130311
0.247191011236,0.752808988764,0.601813974068,-0.883354989557,1.29054115321,1.70697031832
0.258426966292,0.752808988764,0.624431205055,-0.915071212563,1.33710799237,1.76437925271
0.269662921348,0.752808988764,0.64624012787,-0.945773986329,1.38087275766,1.81911704274
0.280898876404,0.752808988764,0.666520061097,-0.976767261932,1.4070621436,1.87157746791
0.292134831461,0.752808988764,0.684793570173,-1.00908866028,1.41739592823,1.92224708059
0.303370786517,0.752808988764,0.70135407288,-1.04258493443,1.43219736401,1.97139306051
0.314606741573,0.752808988764,0.717151076788,-1.07593704045,1.44011620999,2.01776506377
0.325842696629,0.752808988764,0.732867520486,-1.10785718065,1.43626717674,2.06000885039
0.337078651685,0.752808988764,0.748452118948,-1.13789120619,1.43611366179,2.09791495044
0.348314606742,0.752808988764,0.763452377968,-1.16620265641,1.43917235969,2.13203995391
0.359550561798,0.752808988764,0.777097009154,-1.19342718301,1.431243709,2.163163256
0.370786516854,0.752808988764,0.788212980341,-1.22060278694,1.41258363503,2.19186720659
0.38202247191,0.752808988764,0.796088252276,-1.24809671223,1.40553706275,2.21835352598
0.393258426966,0.752808988764,0.801629476223,-1.27439042648,1.41237393135,2.24205695075
0.404494382022,0.752808988764,0.807090044011,-1.29664253,1.35927718377,2.26123824758
0.415730337079,0.752808988764,0.813970099286,-1.31328034628,1.17698493535,2.27541372311
0.426966292135,0.752808988764,0.821385617252,-1.32578022676,1.01091184973,2.28954985406
0.438202247191,0.752808988764,0.827961205079,-1.33615137738,0.980552680186,2.30591748272
0.449438202247,0.752808988764,0.833727687365,-1.34450136562,0.701374320553,2.31204710629
0.460674157303,0.752808988764,0.83904517929,-1.35035204532,0.319042455758,2.30947565174
0.47191011236,0.752808988764,0.843618878073,-1.35403550893,0.148809556226,2.3067140426
0.483146067416,0.752808988764,0.846803838817,-1.35652833835,0.136560022592,2.30453396073
0.494382022472,0.752808988764,0.848178210664,-1.35878092521,-0.040577430348,2.29616284331
0.505617977528,0.752808988764,0.847818975206,-1.36122544647,-0.379898121272,2.28160230084
0.516853932584,0.752808988764,0.846024311006,-1.36386231291,-0.56712151346,2.26835876167
0.52808988764,0.752808988764,0.842811618822,-1.36667611336,-0.600044866897,2.25658586741
0.539325842697,0.752808988764,0.838685466698,-1.36874523089,-0.790649497906,2.23859545101
0.550561797753,0.752808988764,0.835791333436,-1.36706902784,-1.11195098733,2.21468755306
0.561797752809,0.752808988764,0.83566578138,-1.35940724662,-1.23547019877,2.19274007997
0.573033707865,0.752808988764,0.836174289392,-1.3479852124,-1.2551846992,2.17062029017
0.584269662921,0.752808988764,0.834360081826,-1.33618688143,-1.28566100089,2.14564190683
0.595505617978,0.752808988764,0.829876860126,-1.3244621999,-1.3199752741,2.11794589166
0.606741573034,0.752808988764,0.82355840709,-1.31186024593,-1.33017029674,2.08851162707
0.61797752809,0.752808988764,0.815833928995,-1.29778281032,-1.32180453366,2.05739437468
0.629213483146,0.752808988764,0.806697620844,-1.28201028136,-1.32789280557,2.02323291242
0.640449438202,0.752808988764,0.796149098437,-1.26425266967,-1.35353944828,1.98497991054
0.651685393258,0.752808988764,0.78425847964,-1.24415923154,-1.35622009931,1.94348788144
0.662921348315,0.752808988764,0.770770700667,-1.22185507894,-1.3367491758,1.89984699836
0.674157303371,0.752808988764,0.755124601156,-1.19800497565,-1.31860503867,1.855158642
0.685393258427,0.752808988764,0.737121881869,-1.17311943958,-1.29840358166,1.81035865975
0.696629213483,0.752808988764,0.717285299776,-1.1471431777,-1.28272967485,1.7647882316
0.707865168539,0.752808988764,0.696552189752,-1.1196908024,-1.26840237521,1.71744427994
0.719101123596,0.752808988764,0.675769603474,-1.09043802826,-1.24379198076,1.66791052626
0.730337078652,0.752808988764,0.655277221819,-1.05942613017,-1.20575074048,1.61625447502
0.741573033708,0.752808988764,0.634830903166,-1.02704989642,-1.15894978922,1.56270470515
0.752808988764,0.752808988764,0.614005549218,-0.993604296214,-1.10974628963,1.50726815823
0.76404494382,0.752808988764,0.592630226352,-0.958914027707,-1.06338450139,1.44966329726
0.775280898876,0.752808988764,0.570765115507,-0.92254240124,-1.02168279709,1.38983563866
0.786516853933,0.752808988764,0.54840674969,-0.884229157013,-0.981909826708,1.3284005846
0.797752808989,0.752808988764,0.525380449565,-0.843988247097,-0.940988720792,1.2661620615
0.808988764045,0.752808988764,0.501471263016,-0.801955977801,-0.898440473848,1.20327214504
0.820224719101,0.752808988764,0.476544622994,-0.758396372253,-0.853888353068,1.13921380754
0.831460674157,0.752808988764,0.450559796256,-0.713822312995,-0.80638371662,1.07352869657
0.842696629213,0.752808988764,0.423570640349,-0.668879101821,-0.756283506031,1.00630414304
0.85393258427,0.752808988764,0.395733398504,-0.624001582141,-0.70512666602,0.937886909603
0.865168539326,0.752808988764,0.367245670429,-0.57921977264,-0.653769542287,0.868348978968
0.876404494382,0.752808988764,0.338256631186,-0.534258948007,-0.602073201099,0.797531579355
0.887640449438,0.752808988764,0.308850151772,-0.488763395601,-0.549903651666,0.725614181973
0.898876404494,0.752808988764,0.279084243629,-0.442480453369,-0.497173628793,0.653380269602
0.910112359551,0.752808988764,0.249018226782,-0.395315514783,-0.443308268615,0.581690532554
0.921348314607,0.752808988764,0.218704390521,-0.347269762836,-0.388101837132,0.510600488053
0.932584269663,0.752808988764,0.188159624132,-0.298404931211,-0.333001121105,0.439156457083
0.943820224719,0.752808988764,0.157360537612,-0.248889159664,-0.279423948531,0.366382843538
0.955056179775,0.752808988764,0.126285594997,-0.198990748178,-0.225836360503,0.292446987792
0.966292134831,0.752808988764,0.0949479462436,-0.148980591374,-0.169976319479,0.218514502881
0.977528089888,0.752808988764,0.0633770944082,-0.0990708691942,-0.112677244453,0.145447064869
0.988764044944,0.752808988764,0.0316436595884,-0.0494037120884,-0.0559164094282,0.0729218791957
1,0.752808988764,1.09070168372e-16,-1.71074297029e-16,-1.93251685274e-16,2.54267175656e-16
0,0.76404494382,0,0,0,0
0.0112359550562,0.76404494382,0.0318018335992,-0.0413484750475,0.0721594682585,0.0838514167979
0.0224719101124,0.76404494382,0.0630464718365,-0.083222671121,0.144419317608,0.16909826825
0.0337078651685,0.76404494382,0.093350668014,-0.12649020631,0.2161498405,0.255089522263
0.0449438202247,0.76404494382,0.122776724447,-0.171368500716,0.286674480864,0.340652082091
0.0561797752809,0.76404494382,0.151639092734,-0.217480866974,0.355484024514,0.425580644627
0.0674157303371,0.76404494382,0.180271174779,-0.263987091866,0.422908174205,0.51061620988
0.0786516853933,0.76404494382,0.208865623039,-0.309828511074,0.489945201459,0.596269134395
0.0898876404494,0.76404494382,0.237445974698,-0.354117065392,0.556580396678,0.682212695427
0.101123595506,0.76404494382,0.265912171934,-0.396531662967,0.620756747356,0.767640003658
0.112359550562,0.76404494382,0.294096614053,-0.437409686731,0.68075582688,0.851719457198
0.123595505618,0.76404494382,0.321823928287,-0.477390646667,0.737323318685,0.933909566083
0.134831460674,0.76404494382,0.348954017361,-0.516888430569,0.791587965784,1.014041044
0.14606741573,0.76404494382,0.375368261163,-0.555825550727,0.84369689279,1.09205879641
0.157303370787,0.76404494382,0.400931099718,-0.593787202616,0.894312110594,1.16793749823
0.168539325843,0.76404494382,0.425509324138,-0.630407010963,0.944155651824,1.24185472823
0.179775280899,0.76404494382,0.449038482886,-0.665722309946,0.992222437083,1.31403473566
0.191011235955,0.76404494382,0.471572117115,-0.70029744713,1.03769177483,1.38439953753
0.202247191011,0.76404494382,0.493327260434,-0.734950040555,1.08213585599,1.45276199646
0.213483146067,0.76404494382,0.514702179358,-0.77015597692,1.12580186232,1.51928776025
0.224719101124,0.76404494382,0.536139200424,-0.805606440765,1.16635754492,1.58427782389
0.23595505618,0.76404494382,0.557881261374,-0.840362746315,1.20529301461,1.64746873487
0.247191011236,0.76404494382,0.579859018112,-0.873507112124,1.24708774795,1.70802199216
0.258426966292,0.76404494382,0.601721267602,-0.904800497253,1.29231403482,1.76539811781
0.269662921348,0.76404494382,0.622866999847,-0.934928329717,1.33483040861,1.81980624235
0.280898876404,0.76404494382,0.642560226267,-0.965169986078,1.36000573465,1.87166083958
0.292134831461,0.76404494382,0.660319472154,-0.996565968947,1.3696131339,1.92156981751
0.303370786517,0.76404494382,0.676410410765,-1.02903355129,1.3834348923,1.97003350065
0.314606741573,0.76404494382,0.691702798537,-1.06141077537,1.39046178787,2.01610876043
0.325842696629,0.76404494382,0.706786057245,-1.09259395289,1.38589786702,2.0586482909
0.337078651685,0.76404494382,0.721574322339,-1.12223960138,1.3848036535,2.09736605695
0.348314606742,0.76404494382,0.735703076541,-1.15045522195,1.38690107366,2.1323989743
0.359550561798,0.76404494382,0.748625229046,-1.17762359845,1.37853269242,2.16396008267
0.370786516854,0.76404494382,0.759336857581,-1.20455784862,1.35992417409,2.19235556206
0.38202247191,0.76404494382,0.767024366165,-1.2316958301,1.35262054662,2.21806651686
0.393258426966,0.76404494382,0.772390118798,-1.25770587269,1.358703824,2.24113633769
0.404494382022,0.76404494382,0.777604378521,-1.27979616765,1.30718392346,2.26031960888
0.415730337079,0.76404494382,0.784216862154,-1.29629908903,1.13206646407,2.27518151518
0.426966292135,0.76404494382,0.791420751811,-1.30858561091,0.972813750035,2.29019543879
0.438202247191,0.76404494382,0.797814235236,-1.31870651202,0.943906606643,2.30717460872
0.449438202247,0.76404494382,0.803338826645,-1.32689400267,0.67655069992,2.31387084609
0.460674157303,0.76404494382,0.808311996156,-1.33272496504,0.309582962084,2.31161813219
0.47191011236,0.76404494382,0.812468721765,-1.33647980594,0.146142633861,2.30873962221
0.483146067416,0.76404494382,0.815235059385,-1.33903027057,0.134371142697,2.30631418679
0.494382022472,0.76404494382,0.816257781128,-1.34124312126,-0.0359070285305,2.29811864761
0.505617977528,0.76404494382,0.81565014163,-1.34353347635,-0.362614645667,2.28417652729
0.516853932584,0.76404494382,0.813714397819,-1.34594176175,-0.543041950489,2.27155337354
0.52808988764,0.76404494382,0.810495909305,-1.34846201848,-0.573944802344,2.26023203093
0.539325842697,0.76404494382,0.80658221549,-1.35009315316,-0.757083526351,2.24262981115
0.550561797753,0.76404494382,0.804126686057,-1.34780908482,-1.06737345445,2.21889201301
0.561797752809,0.76404494382,0.80448006426,-1.3395510608,-1.18766548098,2.19656392887
0.573033707865,0.76404494382,0.80539010354,-1.32766107542,-1.20807875161,2.17367928908
0.584269662921,0.76404494382,0.804061204994,-1.31535367985,-1.23859343626,2.14788908515
0.595505617978,0.76404494382,0.800205480565,-1.30305852834,-1.27208502971,2.11963882934
0.606741573034,0.76404494382,0.794520303728,-1.29002886979,-1.28133054327,2.0900208505
0.61797752809,0.76404494382,0.787311246816,-1.27583063449,-1.27193923248,2.05895508474
0.629213483146,0.76404494382,0.778563577052,-1.26025015314,-1.27648476102,2.02488928413
0.640449438202,0.76404494382,0.768343219233,-1.24290068186,-1.30089623529,1.98673132603
0.651685393258,0.76404494382,0.756754097985,-1.223360263,-1.30497427731,1.94542334952
0.662921348315,0.76404494382,0.743516405213,-1.20173863145,-1.28870684897,1.90211389697
0.674157303371,0.76404494382,0.728064432444,-1.17865865106,-1.27304068476,1.85771223182
0.685393258427,0.76404494382,0.710260408766,-1.15453019753,-1.25396383425,1.81282136577
0.696629213483,0.76404494382,0.690715807196,-1.12919792577,-1.23858574726,1.76666076758
0.707865168539,0.76404494382,0.67043036285,-1.10223617825,-1.22458923593,1.71843967748
0.719101123596,0.76404494382,0.650276009638,-1.07332877134,-1.20070472943,1.66816423713
0.730337078652,0.76404494382,0.630592936164,-1.04253342089,-1.16372268108,1.61629471201
0.741573033708,0.76404494382,0.611088586893,-1.01029329832,-1.11822977135,1.56317819605
0.752808988764,0.76404494382,0.591220999154,-0.97702479249,-1.07050046863,1.50854540505
0.76404494382,0.76404494382,0.570699016008,-0.942700523746,-1.02558076595,1.45160574606
0.775280898876,0.76404494382,0.549548826521,-0.90697369296,-0.985089129555,1.39195486757
0.786516853933,0.76404494382,0.527835090946,-0.869588483987,-0.946292289016,1.33025922585
0.797752808989,0.76404494382,0.505496440549,-0.83050431831,-0.906198552664,1.26762081288
0.808988764045,0.76404494382,0.48240724753,-0.789778582544,-0.86434141249,1.2044383581
0.820224719101,0.76404494382,0.458460599313,-0.74759620035,-0.820408985417,1.14029292663
0.831460674157,0.76404494382,0.433583804102,-0.704403716857,-0.773624006239,1.07476570263
0.842696629213,0.76404494382,0.407770277398,-0.660789500955,-0.72450923489,1.00796956033
0.85393258427,0.76404494382,0.381127794276,-0.617125240589,-0.674736085937,0.940187238365
0.865168539326,0.76404494382,0.353840170337,-0.573368211927,-0.62525683764,0.871262987955
0.876404494382,0.76404494382,0.32606339919,-0.529191060796,-0.575906947267,0.80070149366
0.887640449438,0.76404494382,0.297876431094,-0.484244990936,-0.526396779488,0.728448895664
0.898876404494,0.76404494382,0.269310112737,-0.438345648392,-0.476469102551,0.655369240534
0.910112359551,0.76404494382,0.240391612047,-0.391492043563,-0.425435995545,0.582684959641
0.921348314607,0.76404494382,0.211154304311,-0.343771666919,-0.372984791151,0.510826827166
0.932584269663,0.76404494382,0.18161913428,-0.295305560058,-0.320423119343,0.439003565579
0.943820224719,0.76404494382,0.151798325459,-0.246270863657,-0.269106243709,0.36617156401
0.955056179775,0.76404494382,0.12172944645,-0.196892220456,-0.217632479229,0.292312683808
0.966292134831,0.76404494382,0.0914702543556,-0.147390495936,-0.163910112633,0.218420693721
0.977528089888,0.76404494382,0.0610474183582,-0.097972300883,-0.108747138206,0.145296087546
0.988764044944,0.76404494382,0.0304888663439,-0.0488199212501,-0.0540048264805,0.0727165715887
1,0.76404494382,1.05132399202e-16,-1.68903075427e-16,-1.866533289e-16,2.52736619154e-16
0,0.775280898876,0,0,0,0
0.0112359550562,0.775280898876,0.0305885447091,-0.0407357058801,0.0694828608906,0.0829287741932
0.0224719101124,0.775280898876,0.0606198613286,-0.0820296266829,0.139222791976,0.167643568894
0.0337078651685,0.775280898876,0.0897984025352,-0.124702994465,0.208571700806,0.253375289028
0.0449438202247,0.775280898876,0.118222446255,-0.168957199523,0.276837961219,0.338796694188
0.0561797752809,0.775280898876,0.146194926567,-0.214413739913,0.343521377168,0.423566493662
0.0674157303371,0.775280898876,0.174018982534,-0.260219900739,0.408932309421,0.508294385207
0.0786516853933,0.775280898876,0.201862230528,-0.305288996474,0.473989278462,0.593364470747
0.0898876404494,0.775280898876,0.229729837239,-0.348712784143,0.538616277857,0.678395164194
0.101123595506,0.775280898876,0.257500321976,-0.390187148671,0.600794172712,0.762710976057
0.112359550562,0.775280898876,0.28498167272,-0.430107269383,0.6588569114,0.845862684145
0.123595505618,0.775280898876,0.31198597836,-0.469176495075,0.713537617118,0.927804182031
0.134831460674,0.775280898876,0.338386614159,-0.507831498044,0.765983969596,1.00861305866
0.14606741573,0.775280898876,0.364101290378,-0.545956245582,0.816412400709,1.08793924236
0.157303370787,0.775280898876,0.389033882222,-0.583055715647,0.865468517304,1.16504043796
0.168539325843,0.775280898876,0.413071290569,-0.618689175646,0.913749884274,1.23945405118
0.179775280899,0.775280898876,0.436141490691,-0.652869919426,0.960127409124,1.31129304927
0.191011235955,0.775280898876,0.458271833343,-0.686198300653,1.00366662667,1.38089797042
0.202247191011,0.775280898876,0.479643400788,-0.719566379184,1.04583383833,1.44860094195
0.213483146067,0.775280898876,0.500613846983,-0.753531530133,1.0869971111,1.51475932907
0.224719101124,0.775280898876,0.52160130881,-0.787841138795,1.12519390707,1.57952364084
0.23595505618,0.775280898876,0.542862680635,-0.821571787805,1.16213593209,1.64246968655
0.247191011236,0.775280898876,0.564354704055,-0.853802610985,1.20231735167,1.70278500777
0.258426966292,0.775280898876,0.585725209776,-0.884287009858,1.24627297107,1.75997159938
0.269662921348,0.775280898876,0.606365945052,-0.913659517891,1.28773297136,1.81408388602
0.280898876404,0.775280898876,0.625562543043,-0.943090076786,1.31222617889,1.86526686684
0.292134831461,0.775280898876,0.642867573345,-0.973514107275,1.32144775668,1.91398090949
0.303370786517,0.775280898876,0.658542483791,-1.00483906206,1.33456433372,1.96087094295
0.314606741573,0.775280898876,0.673391867158,-1.03602250878,1.34098669248,2.00545686682
0.325842696629,0.775280898876,0.687918616457,-1.06614700386,1.3360905077,2.047121185
0.337078651685,0.775280898876,0.701982988959,-1.09502603743,1.3346037405,2.08582738672
0.348314606742,0.775280898876,0.715252076555,-1.12280029285,1.33647227869,2.12149662269
0.359550561798,0.775280898876,0.72736649137,-1.14966390194,1.32838661986,2.15379956066
0.370786516854,0.775280898876,0.737581805586,-1.17612406582,1.31013775772,2.18257258577
0.38202247191,0.775280898876,0.74512452218,-1.2025530098,1.30214228669,2.2082252491
0.393258426966,0.775280898876,0.750495688266,-1.22783209855,1.3065835656,2.23109436623
0.404494382022,0.775280898876,0.755676887925,-1.24936365546,1.25608724102,2.25029423866
0.415730337079,0.775280898876,0.762166722357,-1.26550516343,1.08800557242,2.2654815009
0.426966292135,0.775280898876,0.769212680752,-1.27752883246,0.93517072376,2.28078690557
0.438202247191,0.775280898876,0.77544063278,-1.28743066918,0.906883251837,2.29777460202
0.449438202247,0.775280898876,0.78074975437,-1.29548439022,0.651182197904,2.30463105094
0.460674157303,0.775280898876,0.785419733805,-1.30130543856,0.299855980031,2.30256050735
0.47191011236,0.775280898876,0.789203300674,-1.30514194335,0.142925929239,2.29960639048
0.483146067416,0.775280898876,0.791594878293,-1.30777412158,0.130361745195,2.29698466969
0.494382022472,0.775280898876,0.792332902106,-1.30996193444,-0.0344210790385,2.2889034415
0.505617977528,0.775280898876,0.791609929235,-1.31204566321,-0.348377529848,2.27541228053
0.516853932584,0.775280898876,0.789751126545,-1.3140675543,-0.520798761581,2.26318864805
0.52808988764,0.775280898876,0.786778404432,-1.31607316974,-0.5488097133,2.25209367529
0.539325842697,0.775280898876,0.78323191138,-1.31712219477,-0.72368886001,2.23471500846
0.550561797753,0.775280898876,0.781118217283,-1.31434353096,-1.021849721,2.21111485234
0.561797752809,0.775280898876,0.781543610961,-1.30594079817,-1.13787892772,2.18857827357
0.573033707865,0.775280898876,0.782261618005,-1.29424720029,-1.15803438084,2.16534354176
0.584269662921,0.775280898876,0.780807306104,-1.28212433164,-1.18767811426,2.13932384428
0.595505617978,0.775280898876,0.777012828587,-1.26991340085,-1.21969342752,2.1110916793
0.606741573034,0.775280898876,0.771459620411,-1.25704491855,-1.2279420919,2.0816904027
0.61797752809,0.775280898876,0.764354732244,-1.24321807476,-1.21818172214,2.05092048883
0.629213483146,0.775280898876,0.755702990198,-1.22819702846,-1.22205932562,2.01725205738
0.640449438202,0.775280898876,0.745654804379,-1.21148699634,-1.24581624671,1.97976417197
0.651685393258,0.775280898876,0.73433593223,-1.19261669994,-1.25168108674,1.93948665763
0.662921348315,0.775280898876,0.721412583786,-1.17171502484,-1.23903869666,1.89740775163
0.674157303371,0.775280898876,0.706290256197,-1.14938272748,-1.22627777528,1.85400645626
0.685393258427,0.775280898876,0.688870259365,-1.12593812988,-1.20862546179,1.80946724144
0.696629213483,0.775280898876,0.669822354708,-1.10114202348,-1.19352662584,1.7629666997
0.707865168539,0.775280898876,0.650156503131,-1.07457359998,-1.1795645466,1.71405044045
0.719101123596,0.775280898876,0.630700137144,-1.04600089257,-1.15606345192,1.66319070555
0.730337078652,0.775280898876,0.611750330841,-1.01555912763,-1.11989759848,1.61117165823
0.741573033708,0.775280898876,0.592989984918,-0.983735305306,-1.07556789286,1.5583639919
0.752808988764,0.775280898876,0.573833965679,-0.951008233115,-1.02925178014,1.50422380957
0.76404494382,0.775280898876,0.553940036114,-0.917434030371,-0.985812398175,1.44757161996
0.775280898876,0.775280898876,0.533330782587,-0.882716174307,-0.946664563914,1.38778825661
0.786516853933,0.775280898876,0.512128287648,-0.846596603855,-0.909040465707,1.3256526757
0.797752808989,0.775280898876,0.490350393261,-0.809003122511,-0.870008336466,1.26258583842
0.808988764045,0.775280898876,0.467927632019,-0.769949597854,-0.829100632368,1.19926954592
0.820224719101,0.775280898876,0.444765197299,-0.729563587764,-0.786035965016,1.13539543673
0.831460674157,0.775280898876,0.420761304194,-0.688218133344,-0.7401523264,1.07051568754
0.842696629213,0.775280898876,0.395861363657,-0.646415508498,-0.69209780602,1.00466076387
0.85393258427,0.775280898876,0.370139413985,-0.604431861284,-0.643669197943,0.938003075964
0.865168539326,0.775280898876,0.343777249457,-0.562133437464,-0.595940734982,0.870219361425
0.876404494382,0.775280898876,0.316941710447,-0.519143325881,-0.548774256943,0.800580546989
0.887640449438,0.775280898876,0.289704702593,-0.475135644701,-0.501774520004,0.728827324828
0.898876404494,0.775280898876,0.262068962673,-0.43000758602,-0.454537995851,0.655802338894
0.910112359551,0.775280898876,0.234034336291,-0.383854083631,-0.406266641427,0.582912413442
0.921348314607,0.775280898876,0.205623445404,-0.336843122863,-0.356539271642,0.510814692826
0.932584269663,0.775280898876,0.176863907365,-0.289152611025,-0.306522580733,0.438838927918
0.943820224719,0.775280898876,0.147789956317,-0.240985587979,-0.257515581353,0.365952169967
0.955056179775,0.775280898876,0.118470239373,-0.192560295287,-0.208274842155,0.292094118231
0.966292134831,0.775280898876,0.0889876817315,-0.144075738931,-0.156901755612,0.218206932845
0.977528089888,0.775280898876,0.059376674435,-0.0957206374602,-0.104165829466,0.145064188038
0.988764044944,0.775280898876,0.0296538360058,-0.0476718771318,-0.0517701925064,0.0724966989706
1,0.775280898876,1.02266391326e-16,-1.64841612301e-16,-1.7897669404e-16,2.51327745043e-16
0,0.786516853933,0,0,0,0
0.0112359550562,0.786516853933,0.0295310679312,-0.0398139555263,0.0668027758541,0.0820899838367
0.0224719101124,0.786516853933,0.0586158760123,-0.0800872537797,0.134010864793,0.166097533056
0.0337078651685,0.786516853933,0.0869797815262,-0.121651749165,0.200920817854,0.251211351687
0.0449438202247,0.786516853933,0.114705489927,-0.164734825277,0.266817551428,0.336073322927
0.0561797752809,0.786516853933,0.142052705478,-0.20898714773,0.331212767193,0.420312732211
0.0674157303371,0.786516853933,0.169279620692,-0.253570781936,0.394409616252,0.504445997629
0.0786516853933,0.786516853933,0.19652512445,-0.297394993466,0.457279749774,0.588678396545
0.0898876404494,0.786516853933,0.223779375386,-0.339544168529,0.519731267515,0.67245393516
0.101123595506,0.786516853933,0.250909042738,-0.379726590119,0.579812563263,0.755122360763
0.112359550562,0.786516853933,0.277713160932,-0.418377775862,0.635897347401,0.836595815834
0.123595505618,0.786516853933,0.30401013355,-0.456247925512,0.688648452099,0.917391512526
0.134831460674,0.786516853933,0.329704818478,-0.493790346206,0.739163184339,0.997967142885
0.14606741573,0.786516853933,0.354765008495,-0.530854152448,0.787694497902,1.077837714
0.157303370787,0.786516853933,0.379142275518,-0.566868897899,0.834913321551,1.15564425735
0.168539325843,0.786516853933,0.402746520222,-0.601317726435,0.881403303906,1.23025862356
0.179775280899,0.786516853933,0.425496185255,-0.634178268002,0.926002485005,1.30158172059
0.191011235955,0.786516853933,0.447387153308,-0.6660638125,0.96764538949,1.37029309268
0.202247191011,0.786516853933,0.46855980906,-0.697905782253,1.00761211235,1.43719247935
0.213483146067,0.786516853933,0.489330619387,-0.73030466469,1.04636830906,1.50275628918
0.224719101124,0.786516853933,0.510091981126,-0.763051031384,1.08236471359,1.56693105395
0.23595505618,0.786516853933,0.531096730971,-0.795283220353,1.11751466311,1.62919757823
0.247191011236,0.786516853933,0.552294640042,-0.826170481571,1.15620376382,1.6889283291
0.258426966292,0.786516853933,0.573314905539,-0.855530399146,1.19889000777,1.74576534149
0.269662921348,0.786516853933,0.593551827335,-0.883954722682,1.23931594138,1.79955214929
0.280898876404,0.786516853933,0.612330631849,-0.9124637552,1.26327416853,1.84999359614
0.292134831461,0.786516853933,0.629248275871,-0.941831186697,1.27233314466,1.89723571497
0.303370786517,0.786516853933,0.644566361049,-0.97190343259,1.28496942742,1.94202221517
0.314606741573,0.786516853933,0.659034088621,-1.00171686166,1.29103827872,1.98444069067
0.325842696629,0.786516853933,0.673085236012,-1.03050959206,1.28613491841,2.02456614924
0.337078651685,0.786516853933,0.686535649477,-1.05824124866,1.28468727984,2.06273331379
0.348314606742,0.786516853933,0.699061504242,-1.08511753788,1.28688173432,2.0987401707
0.359550561798,0.786516853933,0.710434453655,-1.11122336746,1.27963609339,2.13180179338
0.370786516854,0.786516853933,0.720152359325,-1.13680518956,1.26201072575,2.16127346162
0.38202247191,0.786516853933,0.727550798418,-1.16212581931,1.25304277166,2.18730247256
0.393258426966,0.786516853933,0.732969275013,-1.18627595702,1.25528790482,2.21024739676
0.404494382022,0.786516853933,0.738155056752,-1.20694416662,1.20561537007,2.22939905828
0.415730337079,0.786516853933,0.744495194732,-1.22260621785,1.0446090708,2.24449416491
0.426966292135,0.786516853933,0.751289201511,-1.23443611722,0.897795521373,2.25948426628
0.438202247191,0.786516853933,0.75725363752,-1.24427873579,0.869210655594,2.27596331022
0.449438202247,0.786516853933,0.762303817602,-1.25235370483,0.624589570543,2.28282697432
0.460674157303,0.786516853933,0.766695261245,-1.25828239312,0.288607907032,2.28124259254
0.47191011236,0.786516853933,0.770176172738,-1.26230186343,0.137459919262,2.27883030812
0.483146067416,0.786516853933,0.772274484894,-1.26513799708,0.1227211911,2.27665005018
0.494382022472,0.786516853933,0.772804797667,-1.26744874125,-0.0378128309859,2.26906296205
0.505617977528,0.786516853933,0.772055864127,-1.26945415738,-0.338754392575,2.25602014418
0.516853932584,0.786516853933,0.770391018895,-1.27114930635,-0.501948994005,2.24382624366
0.52808988764,0.786516853933,0.767779221899,-1.27264041039,-0.526356789603,2.23233598517
0.539325842697,0.786516853933,0.76462458607,-1.27314249843,-0.692313334225,2.21450884837
0.550561797753,0.786516853933,0.762688330556,-1.27006665565,-0.977174816991,2.19052953327
0.561797752809,0.786516853933,0.762837038659,-1.2619012556,-1.08776912912,2.16757055727
0.573033707865,0.786516853933,0.762970332053,-1.25083561513,-1.1065962965,2.14412834807
0.584269662921,0.786516853933,0.761056551048,-1.23927246301,-1.13452127621,2.11828295072
0.595505617978,0.786516853933,0.757055154639,-1.22745202771,-1.16474957699,2.0905265449
0.606741573034,0.786516853933,0.751425618041,-1.21497815945,-1.17244870963,2.06168598868
0.61797752809,0.786516853933,0.744266179093,-1.20169113532,-1.16329241096,2.03145855489
0.629213483146,0.786516853933,0.735593416177,-1.18734998858,-1.16732021622,1.99848977196
0.640449438202,0.786516853933,0.725647043251,-1.17136167007,-1.19059974784,1.96212014337
0.651685393258,0.786516853933,0.71458154161,-1.15321285995,-1.19791822916,1.92338167758
0.662921348315,0.786516853933,0.702014120988,-1.13305690281,-1.18844517064,1.88294248176
0.674157303371,0.786516853933,0.687320361598,-1.11147884983,-1.17825303508,1.84078428463
0.685393258427,0.786516853933,0.670424223818,-1.08872091289,-1.16181517491,1.79674326283
0.696629213483,0.786516853933,0.652021561991,-1.064483281,-1.14670637115,1.75008460812
0.707865168539,0.786516853933,0.63308980294,-1.03837890039,-1.1323941806,1.70077651511
0.719101123596,0.786516853933,0.61436926294,-1.01029110891,-1.1090055673,1.64973287301
0.730337078652,0.786516853933,0.596095288509,-0.980446494031,-1.07360063544,1.59793468323
0.741573033708,0.786516853933,0.57795298441,-0.94934987613,-1.03051205268,1.54564089066
0.752808988764,0.786516853933,0.559371790554,-0.917487293782,-0.985719873017,1.49201571323
0.76404494382,0.786516853933,0.540007395174,-0.884948515414,-0.943881449268,1.43562247117
0.775280898876,0.786516853933,0.519895111813,-0.851461971228,-0.906229870804,1.37579242188
0.786516853933,0.786516853933,0.499198243762,-0.816770588383,-0.869983790114,1.31348631667
0.797752808989,0.786516853933,0.47797944104,-0.780800956655,-0.832291900373,1.25041668092
0.808988764045,0.786516853933,0.45619261942,-0.743568111891,-0.792699382163,1.18749433221
0.820224719101,0.786516853933,0.433738501481,-0.705177319521,-0.750921206516,1.12445391926
0.831460674157,0.786516853933,0.410487196309,-0.665936841664,-0.70632364763,1.06071716624
0.842696629213,0.786516853933,0.386346704378,-0.626249046452,-0.659593541512,0.996138100087
0.85393258427,0.786516853933,0.361370461596,-0.586274130195,-0.612609210053,0.930781200919
0.865168539326,0.786516853933,0.335749432902,-0.545774678745,-0.566577813782,0.864291025715
0.876404494382,0.786516853933,0.309667723337,-0.504323922115,-0.521443344168,0.795899001743
0.887640449438,0.786516853933,0.28319493037,-0.46162216609,-0.476767876706,0.725247716181
0.898876404494,0.786516853933,0.256313821266,-0.417644382269,-0.432039070907,0.653085410615
0.910112359551,0.786516853933,0.229006629073,-0.372571706643,-0.38636572033,0.580804589822
0.921348314607,0.786516853933,0.201288830065,-0.326646247033,-0.339234900464,0.50911266773
0.932584269663,0.786516853933,0.173185160695,-0.280108981994,-0.291690759528,0.437408521503
0.943820224719,0.786516853933,0.144728251922,-0.233211849924,-0.24498945849,0.364730953879
0.955056179775,0.786516853933,0.115991887993,-0.186195503681,-0.198055461805,0.291075734202
0.966292134831,0.786516853933,0.0870772895673,-0.139245119584,-0.149183484634,0.217399190654
0.977528089888,0.786516853933,0.0580502903109,-0.0925015633787,-0.099088038119,0.144458340083
0.988764044944,0.786516853933,0.0289592101062,-0.0460800745271,-0.0492857703762,0.0721127205181
1,0.786516853933,9.97445174691e-17,-1.5942834541e-16,-1.70459234838e-16,2.49472130043e-16
0,0.797752808989,0,0,0,0
0.0112359550562,0.797752808989,0.0279679173582,-0.0392442852547,0.0640945269327,0.0812850593317
0.0224719101124,0.797752808989,0.0556714215435,-0.0787654014702,0.128707829334,0.16438883666
0.0337078651685,0.797752808989,0.0828281147112,-0.119414690622,0.19306204155,0.248518114208
0.0449438202247,0.797752808989,0.109479656106,-0.161458310711,0.256414170137,0.332385203524
0.0561797752809,0.797752808989,0.135824399218,-0.204596792475,0.318282541761,0.415692329671
0.0674157303371,0.797752808989,0.162064795615,-0.248036861729,0.378965745641,0.498932612207
0.0786516853933,0.797752808989,0.188305338075,-0.290715413767,0.439317929734,0.582135313492
0.0898876404494,0.797752808989,0.214519634693,-0.331728408895,0.499280599223,0.664486331542
0.101123595506,0.797752808989,0.240564694093,-0.370793424886,0.557013715518,0.745231665971
0.112359550562,0.797752808989,0.266234137943,-0.408368398793,0.610947627679,0.824536902064
0.123595505618,0.797752808989,0.291353395318,-0.445237591114,0.661651858665,0.903422889957
0.134831460674,0.797752808989,0.315854865716,-0.481877971547,0.710121025615,0.98274281419
0.14606741573,0.797752808989,0.339751037805,-0.518128742465,0.756600612904,1.0619977158
0.157303370787,0.797752808989,0.363039564574,-0.553374135567,0.801797203474,1.13939141852
0.168539325843,0.797752808989,0.385658523716,-0.587041830971,0.846361143423,1.21326398448
0.179775280899,0.797752808989,0.407528237353,-0.619072241303,0.889188245286,1.28334221297
0.191011235955,0.797752808989,0.428627395901,-0.650060765212,0.929099566886,1.35061307261
0.202247191011,0.797752808989,0.449070228218,-0.680920961659,0.967145468957,1.41627973041
0.213483146067,0.797752808989,0.469145866141,-0.712230072581,1.00385384008,1.48086388342
0.224719101124,0.797752808989,0.489228580275,-0.743779324447,1.03805994687,1.54405601597
0.23595505618,0.797752808989,0.509560998041,-0.77477680607,1.07178307349,1.60524104979
0.247191011236,0.797752808989,0.530074061801,-0.804526316649,1.10914378136,1.66401846753
0.258426966292,0.797752808989,0.550375234569,-0.832954347994,1.15048311734,1.72022596161
0.269662921348,0.797752808989,0.569861977076,-0.860642545568,1.18971990704,1.77354676621
0.280898876404,0.797752808989,0.587892192968,-0.888484495715,1.21307046291,1.82327608721
0.292134831461,0.797752808989,0.604093779385,-0.917101555532,1.22199877857,1.86924909616
0.303370786517,0.797752808989,0.618718119854,-0.946268172119,1.23422392159,1.91228258814
0.314606741573,0.797752808989,0.632461997307,-0.975063539401,1.24001756208,1.95295160059
0.325842696629,0.797752808989,0.645710640871,-1.00282210552,1.23521424318,1.99186440557
0.337078651685,0.797752808989,0.658268703161,-1.02957991146,1.2339507598,2.02956579638
0.348314606742,0.797752808989,0.669847103971,-1.05555934195,1.23667809131,2.06572072322
0.359550561798,0.797752808989,0.680333081018,-1.08075481373,1.2305140014,2.09925453532
0.370786516854,0.797752808989,0.689417967489,-1.10522948205,1.21363372959,2.12922217155
0.38202247191,0.797752808989,0.696529044221,-1.12919221516,1.20353541863,2.15554029494
0.393258426966,0.797752808989,0.70185463034,-1.15197333105,1.20334231937,2.17847124122
0.404494382022,0.797752808989,0.706901535962,-1.17159651153,1.15456017803,2.19733285379
0.415730337079,0.797752808989,0.712937916211,-1.18669681386,1.00073495913,2.21187078746
0.426966292135,0.797752808989,0.719334731185,-1.19834284456,0.859538636718,2.22593227797
0.438202247191,0.797752808989,0.724940069439,-1.20817893696,0.829817943371,2.24134790701
0.449438202247,0.797752808989,0.729713020243,-1.21632887946,0.595542481592,2.2479543282
0.460674157303,0.797752808989,0.733881109053,-1.2224175055,0.2743503579,2.24699508648
0.47191011236,0.797752808989,0.737152373823,-1.22670854947,0.128185394224,2.24559171203
0.483146067416,0.797752808989,0.739036660191,-1.22992428444,0.110171327088,2.24443477229
0.494382022472,0.797752808989,0.739394259615,-1.23263320023,-0.0468894925645,2.23780648779
0.505617977528,0.797752808989,0.73861617714,-1.23489266842,-0.334259025512,2.22542703365
0.516853932584,0.797752808989,0.737119277388,-1.23659514097,-0.486984581085,2.21320631905
0.52808988764,0.797752808989,0.734823317996,-1.23787657682,-0.507181897803,2.2010766617
0.539325842697,0.797752808989,0.731983937027,-1.23811455236,-0.663705991506,2.18255109281
0.550561797753,0.797752808989,0.730115227299,-1.23501538029,-0.934280288989,2.15810343716
0.561797752809,0.797752808989,0.729908956957,-1.22729502548,-1.03845846355,2.13485715215
0.573033707865,0.797752808989,0.729496433315,-1.21691017031,-1.05512908407,2.11152571076
0.584269662921,0.797752808989,0.727268774796,-1.20581244879,-1.08085345839,2.08622004557
0.595505617978,0.797752808989,0.723283825287,-1.19416122791,-1.10943932874,2.05918889956
0.606741573034,0.797752808989,0.717866995667,-1.18173944205,-1.11735731355,2.03098094626
0.61797752809,0.797752808989,0.710971032787,-1.16857744105,-1.10975017126,2.00127643864
0.629213483146,0.797752808989,0.702587910494,-1.15449005675,-1.11445568104,1.96901169064
0.640449438202,0.797752808989,0.693042213076,-1.13881355621,-1.13705570535,1.93378952507
0.651685393258,0.797752808989,0.682532136265,-1.1209968941,-1.14494360128,1.89654270398
0.662921348315,0.797752808989,0.670639233643,-1.10122442539,-1.13745032801,1.85756353141
0.674157303371,0.797752808989,0.656707736488,-1.0800884095,-1.12880159709,1.81642641136
0.685393258427,0.797752808989,0.640664410816,-1.05779056952,-1.1128845733,1.77279601504
0.696629213483,0.797752808989,0.623200864978,-1.03400084517,-1.09722126613,1.72615838751
0.707865168539,0.797752808989,0.605240891669,-1.00836796342,-1.08210214887,1.67691253307
0.719101123596,0.797752808989,0.587444689315,-0.980852332627,-1.05862018716,1.62630450721
0.730337078652,0.797752808989,0.570021905338,-0.951704854248,-1.02408612926,1.57534756671
0.741573033708,0.797752808989,0.552711140822,-0.921375078347,-0.982544227728,1.52406557691
0.752808988764,0.797752808989,0.535001825083,-0.89029941074,-0.939618074963,1.47134085592
0.76404494382,0.797752808989,0.516567437335,-0.858574407707,-0.899670441695,1.41561743521
0.775280898876,0.797752808989,0.497447071714,-0.825952164186,-0.863742193773,1.35630361117
0.786516853933,0.797752808989,0.477815572965,-0.792193848139,-0.829075681445,1.29452261863
0.797752808989,0.797752808989,0.457740593457,-0.757262330028,-0.792966962881,1.23213968906
0.808988764045,0.797752808989,0.437162605689,-0.72122855648,-0.755038244459,1.17016940803
0.820224719101,0.797752808989,0.415956118624,-0.684229694048,-0.715004592187,1.10834325968
0.831460674157,0.797752808989,0.393959383981,-0.646543510554,-0.672189620145,1.04594168563
0.842696629213,0.797752808989,0.37104838737,-0.608485532795,-0.627220139573,0.982633078147
0.85393258427,0.797752808989,0.347259662182,-0.570104974885,-0.581975180201,0.918411060937
0.865168539326,0.797752808989,0.322792642623,-0.531066428025,-0.537760595905,0.853017176534
0.876404494382,0.797752808989,0.297848792701,-0.490896224968,-0.494625537681,0.78582674709
0.887640449438,0.797752808989,0.272503864134,-0.449311572543,-0.452141847515,0.71650972425
0.898876404494,0.797752808989,0.246739415802,-0.406341235395,-0.409733671539,0.645699025722
0.910112359551,0.797752808989,0.220540485567,-0.362225260212,-0.366453198874,0.57463969899
0.921348314607,0.797752808989,0.193924765574,-0.317264033761,-0.32173916352,0.503966332321
0.932584269663,0.797752808989,0.166906016249,-0.271763045288,-0.276554707807,0.43310777808
0.943820224719,0.797752808989,0.139494831054,-0.226036143241,-0.232128065926,0.36119289856
0.955056179775,0.797752808989,0.111753079014,-0.180355068937,-0.187533844523,0.288289303592
0.966292134831,0.797752808989,0.0838024718284,-0.134879013416,-0.141227899609,0.2153530467
0.977528089888,0.797752808989,0.0557638091461,-0.0896665718936,-0.0938474827776,0.143096026006
0.988764044944,0.797752808989,0.0277500989271,-0.0447288624537,-0.0467173833859,0.0713885758355
1,0.797752808989,9.52984340196e-17,-1.55042586513e-16,-1.61644584808e-16,2.46585948021e-16
0,0.808988764045,0,0,0,0
0.0112359550562,0.808988764045,0.0258909313729,-0.0389842779526,0.0612967565362,0.0802788173658
0.0224719101124,0.808988764045,0.0516112104929,-0.0781626600707,0.12317453065,0.162153041996
0.0337078651685,0.808988764045,0.076912971466,-0.118328341505,0.184791120813,0.244865977171
0.0449438202247,0.808988764045,0.101830540959,-0.159729812576,0.245384071214,0.327236133674
0.0561797752809,0.808988764045,0.126524349718,-0.202092562833,0.304472341077,0.409083584645
0.0674157303371,0.808988764045,0.151150639079,-0.244679185934,0.362343392504,0.490939890979
0.0786516853933,0.808988764045,0.175777050053,-0.286489009455,0.419846706492,0.572725936101
0.0898876404494,0.808988764045,0.200354073801,-0.326661402546,0.476987315149,0.653395227654
0.101123595506,0.808988764045,0.224725773129,-0.364929629553,0.532072349067,0.73203426695
0.112359550562,0.808988764045,0.24868060255,-0.401755121802,0.58362065233,0.8089291072
0.123595505618,0.808988764045,0.272048021954,-0.437935180002,0.632117710054,0.88543663955
0.134831460674,0.808988764045,0.294775564292,-0.473972816403,0.678428645883,0.96269730403
0.14606741573,0.808988764045,0.31690049817,-0.50973029702,0.72274813804,1.04024312947
0.157303370787,0.808988764045,0.338449076879,-0.544596350709,0.765802913258,1.11602477461
0.168539325843,0.808988764045,0.359384233543,-0.577983971438,0.808355883743,1.18805521159
0.179775280899,0.808988764045,0.379643537918,-0.609804212075,0.849443607743,1.25600010649
0.191011235955,0.808988764045,0.399215176427,-0.640602207167,0.887826121433,1.32114612239
0.202247191011,0.808988764045,0.418212827359,-0.671213190324,0.924320198157,1.38502200972
0.213483146067,0.808988764045,0.436913733839,-0.702127705687,0.959469122132,1.44812693393
0.224719101124,0.808988764045,0.455674500033,-0.733098333459,0.992396658276,1.5098683181
0.23595505618,0.808988764045,0.474716779955,-0.763396659146,1.02507520724,1.56950834613
0.247191011236,0.808988764045,0.49394584398,-0.792471948742,1.06120670379,1.62683463631
0.258426966292,0.808988764045,0.512951336881,-0.820377715564,1.10100400443,1.68190787661
0.269662921348,0.808988764045,0.531138037478,-0.847718158405,1.13873901167,1.73440785013
0.280898876404,0.808988764045,0.547893473895,-0.875304097774,1.16123533296,1.78344443758
0.292134831461,0.808988764045,0.562869144667,-0.903639956602,1.16991650117,1.82868406398
0.303370786517,0.808988764045,0.576298895204,-0.932436808734,1.18168575046,1.87094309523
0.314606741573,0.808988764045,0.588825436205,-0.960788856603,1.18717868109,1.91096556996
0.325842696629,0.808988764045,0.600800142382,-0.988060407888,1.18246446762,1.94945976277
0.337078651685,0.808988764045,0.61205161569,-1.01427351007,1.18135409828,1.98688427788
0.348314606742,0.808988764045,0.622364299449,-1.03959094147,1.18456695967,2.02278869164
0.359550561798,0.808988764045,0.631749218087,-1.06390230821,1.17946973147,2.05607891155
0.370786516854,0.808988764045,0.640054083524,-1.08714778236,1.16333976828,2.08582374206
0.38202247191,0.808988764045,0.646755201974,-1.10955992369,1.1520610938,2.11189573278
0.393258426966,0.808988764045,0.651868635395,-1.13076269445,1.14940721508,2.13447882923
0.404494382022,0.808988764045,0.656645100735,-1.14916036954,1.10170314794,2.15282920852
0.415730337079,0.808988764045,0.662236314364,-1.1635684568,0.955187997501,2.16658878021
0.426966292135,0.808988764045,0.668118790784,-1.17492976553,0.819334264277,2.17943922277
0.438202247191,0.808988764045,0.673303620302,-1.18466562243,0.787970671704,2.19347046674
0.449438202247,0.808988764045,0.677797886722,-1.19281050748,0.56361534524,2.19953373101
0.460674157303,0.808988764045,0.681792176358,-1.19901354789,0.256986754547,2.19901491084
0.47191011236,0.808988764045,0.684938193426,-1.20358988702,0.11545121643,2.19854604368
0.483146067416,0.808988764045,0.686703043366,-1.20728150777,0.0937246741673,2.19841720679
0.494382022472,0.808988764045,0.686968187028,-1.2105755436,-0.0599093790635,2.19280093159
0.505617977528,0.808988764045,0.686202627362,-1.2133633539,-0.332885817669,2.18119259054
0.516853932584,0.808988764045,0.684861605323,-1.21542051418,-0.474140323987,2.16913443018
0.52808988764,0.808988764045,0.682838192245,-1.21686503398,-0.489778753956,2.15668160819
0.539325842697,0.808988764045,0.680294922268,-1.217164803,-0.636565167126,2.13795885063
0.550561797753,0.808988764045,0.67856235857,-1.21424692415,-0.892180526633,2.11371582567
0.561797752809,0.808988764045,0.678211255828,-1.20698800084,-0.989348532015,2.09090540066
0.573033707865,0.808988764045,0.677570147338,-1.19713656905,-1.00343036918,2.06829497368
0.584269662921,0.808988764045,0.675347074189,-1.18629357309,-1.02683451624,2.043880808
0.595505617978,0.808988764045,0.671684026814,-1.17453780516,-1.05415336703,2.01760899352
0.606741573034,0.808988764045,0.666812823595,-1.16178601411,-1.06305290343,1.98983922772
0.61797752809,0.808988764045,0.660557259874,-1.14825898703,-1.05775466432,1.96041107421
0.629213483146,0.808988764045,0.652872833378,-1.13386791223,-1.0635384855,1.92866647748
0.640449438202,0.808988764045,0.644142655861,-1.11793386837,-1.08527968357,1.89444789261
0.651685393258,0.808988764045,0.634589618368,-1.09991388639,-1.09280643914,1.85850204839
0.662921348315,0.808988764045,0.623762097981,-1.08004778863,-1.08588043455,1.82073036859
0.674157303371,0.808988764045,0.610980570863,-1.05895510336,-1.07752649818,1.78041331498
0.685393258427,0.808988764045,0.596165024371,-1.0368273439,-1.06133513608,1.73720274509
0.696629213483,0.808988764045,0.579975869718,-1.01333377064,-1.04461065934,1.69087749254
0.707865168539,0.808988764045,0.563265441907,-0.988156395115,-1.02834999607,1.64220552219
0.719101123596,0.808988764045,0.546628079294,-0.961282197048,-1.00470225408,1.59262639047
0.730337078652,0.808988764045,0.530288493456,-0.932908150807,-0.971263218086,1.54306159255
0.741573033708,0.808988764045,0.514089682609,-0.903349585982,-0.931687600854,1.49326263225
0.752808988764,0.808988764045,0.497626294902,-0.872930790732,-0.891092489218,1.44191139641
0.76404494382,0.808988764045,0.480606306541,-0.841727310159,-0.853425920158,1.38747901844
0.775280898876,0.808988764045,0.463051437327,-0.809523727628,-0.819486178976,1.32951472441
0.786516853933,0.808988764045,0.445106595398,-0.776124541907,-0.786566972064,1.26917709699
0.797752808989,0.808988764045,0.426805284992,-0.741557254755,-0.752198980218,1.20823778907
0.808988764045,0.808988764045,0.408048861392,-0.705984312097,-0.716178034769,1.14764206136
0.820224719101,0.808988764045,0.388677326436,-0.669617243432,-0.678264072565,1.0871258716
0.831460674157,0.808988764045,0.368507351622,-0.632738547661,-0.637711744959,1.02594578613
0.842696629213,0.808988764045,0.347402713213,-0.595597832576,-0.595013107615,0.963690835781
0.85393258427,0.808988764045,0.325392990581,-0.558152137337,-0.551950519989,0.900352418479
0.865168539326,0.808988764045,0.30267575565,-0.519994921881,-0.509845179153,0.835841771619
0.876404494382,0.808988764045,0.279450469352,-0.480629585341,-0.468824242782,0.769769081728
0.887640449438,0.808988764045,0.255789890377,-0.439792542227,-0.428495187573,0.701899272301
0.898876404494,0.808988764045,0.231682729093,-0.397543519116,-0.388261657111,0.632747650808
0.910112359551,0.808988764045,0.207134397531,-0.354148339868,-0.347168868124,0.563356803193
0.921348314607,0.808988764045,0.18217924606,-0.30993808637,-0.304671842724,0.494245315035
0.932584269663,0.808988764045,0.156825274089,-0.265264654215,-0.26171334851,0.424865201292
0.943820224719,0.808988764045,0.131058497078,-0.220490574594,-0.219510454582,0.354430470527
0.955056179775,0.808988764045,0.104925296803,-0.17590417638,-0.177249133864,0.283043210531
0.966292134831,0.808988764045,0.0785690059834,-0.13162132505,-0.133489165783,0.211595879706
0.977528089888,0.808988764045,0.0521679653593,-0.087606269053,-0.0887645716689,0.140700475423
0.988764044944,0.808988764045,0.0258933385488,-0.0437718000928,-0.0442239764786,0.0702085548492
1,0.808988764045,8.8684615053e-17,-1.51980108473e-16,-1.53049808269e-16,2.42356226372e-16
0,0.820224719101,0,0,0,0
0.0112359550562,0.820224719101,0.0237191496353,-0.0385711429168,0.0583421585803,0.0788234739619
0.0224719101124,0.820224719101,0.0472659153514,-0.0773584804385,0.117275544207,0.158979850567
0.0337078651685,0.820224719101,0.0704407933976,-0.117051677267,0.175933516887,0.239756745334
0.0449438202247,0.820224719101,0.0932975369941,-0.157834066779,0.233557124102,0.3200681993
0.0561797752809,0.820224719101,0.115990974036,-0.199421887846,0.289664041658,0.39983035162
0.0674157303371,0.820224719101,0.138654831301,-0.24112976113,0.344517756179,0.479629777619
0.0786516853933,0.820224719101,0.161329607319,-0.28204435387,0.398955005723,0.559376070496
0.0898876404494,0.820224719101,0.183945146359,-0.321377934615,0.453044761522,0.637929250958
0.101123595506,0.820224719101,0.206337766806,-0.358884684951,0.505254766472,0.714277174153
0.112359550562,0.820224719101,0.228301045529,-0.395001935321,0.554222349927,0.78871865718
0.123595505618,0.820224719101,0.24967565859,-0.430501043551,0.600375269582,0.862714753467
0.134831460674,0.820224719101,0.270417234537,-0.465895004304,0.644443320273,0.937497862824
0.14606741573,0.820224719101,0.290564283653,-0.501094432605,0.686533833436,1.01261315657
0.157303370787,0.820224719101,0.310143894683,-0.535546842113,0.727358394473,1.0859191545
0.168539325843,0.820224719101,0.329130934064,-0.56869995119,0.767798452618,1.15531744642
0.179775280899,0.820224719101,0.347489969413,-0.600451708657,0.807091673209,1.22054454335
0.191011235955,0.820224719101,0.365239882037,-0.631277619452,0.844014852526,1.28318236214
0.202247191011,0.820224719101,0.382508647693,-0.661898220807,0.879193499372,1.34499820155
0.213483146067,0.820224719101,0.399559599845,-0.692687100922,0.913152041708,1.40639515956
0.224719101124,0.820224719101,0.416714037049,-0.723345063285,0.945177604639,1.46646037469
0.23595505618,0.820224719101,0.434154232329,-0.75320000871,0.977027112815,1.52426152497
0.247191011236,0.820224719101,0.451759201357,-0.78183024596,1.01186589542,1.57966427451
0.258426966292,0.820224719101,0.469118201984,-0.809401800897,1.04980174688,1.63294736833
0.269662921348,0.820224719101,0.485663015716,-0.836552162349,1.08562216924,1.68400094025
0.280898876404,0.820224719101,0.500823757229,-0.864044609727,1.10693460006,1.73209034815
0.292134831461,0.820224719101,0.514283586273,-0.892301527012,1.11519946501,1.77693175456
0.303370786517,0.820224719101,0.526263215038,-0.920982068454,1.12645792859,1.81922808102
0.314606741573,0.820224719101,0.537351803408,-0.94917508901,1.13166984795,1.85946379274
0.325842696629,0.820224719101,0.547870197016,-0.97622491299,1.12711554234,1.89796057968
0.337078651685,0.820224719101,0.557681803345,-1.0020780354,1.12618037789,1.93484746932
0.348314606742,0.820224719101,0.566652819588,-1.02679765945,1.12980478651,1.96966318448
0.359550561798,0.820224719101,0.574907357981,-1.05017604859,1.12569848576,2.00162328354
0.370786516854,0.820224719101,0.582421105422,-1.07207521321,1.11034914908,2.0301641217
0.38202247191,0.820224719101,0.588701543207,-1.09278624109,1.09801865255,2.05534317113
0.393258426966,0.820224719101,0.59358974704,-1.11223756009,1.09308296331,2.07732602182
0.404494382022,0.820224719101,0.598064357388,-1.12923528333,1.04671314016,2.09524260858
0.415730337079,0.820224719101,0.603146553576,-1.14279641199,0.907731003958,2.10849831617
0.426966292135,0.820224719101,0.608431496576,-1.15373488072,0.777279846105,2.12045048799
0.438202247191,0.820224719101,0.613108150881,-1.16325229352,0.744275332731,2.133301188
0.449438202247,0.820224719101,0.617240641657,-1.17130888956,0.530019455627,2.13881570314
0.460674157303,0.820224719101,0.621008980064,-1.1775715106,0.238360057404,2.13849121501
0.47191011236,0.820224719101,0.62404806169,-1.18237636295,0.101706952968,2.13850635959
0.483146067416,0.820224719101,0.625805868869,-1.18646070236,0.0765270410379,2.13886431909
0.494382022472,0.820224719101,0.626162741286,-1.19024707308,-0.0730667829913,2.13379644153
0.505617977528,0.820224719101,0.625591837269,-1.19353026115,-0.33086654809,2.12274630258
0.516853932584,0.820224719101,0.624519740169,-1.19603076005,-0.460310470558,2.11100356347
0.52808988764,0.820224719101,0.622820200277,-1.1978296609,-0.47154705073,2.09877026039
0.539325842697,0.820224719101,0.62064183234,-1.19838690217,-0.608540902458,2.08070509227
0.550561797753,0.820224719101,0.619229094566,-1.19572717735,-0.848813835499,2.05764243331
0.561797752809,0.820224719101,0.619067693055,-1.18882497178,-0.938716343876,2.03611883496
0.573033707865,0.820224719101,0.618566278748,-1.17932629389,-0.950065168124,2.01477484928
0.584269662921,0.820224719101,0.616596697273,-1.16863107746,-0.971166146676,1.99142480741
0.595505617978,0.820224719101,0.613380527387,-1.15673062645,-0.997498829337,1.96577243864
0.606741573034,0.820224719101,0.609134080679,-1.14359315546,-1.00787398533,1.93815647649
0.61797752809,0.820224719101,0.603625232458,-1.12956589289,-1.00543119265,1.90874927743
0.629213483146,0.820224719101,0.596786960195,-1.11466155423,-1.01275314987,1.87738690082
0.640449438202,0.820224719101,0.58901141141,-1.09826162103,-1.03376836374,1.84415169284
0.651685393258,0.820224719101,0.580508191285,-1.07989540539,-1.04035328243,1.80956903581
0.662921348315,0.820224719101,0.570811860343,-1.05986158451,-1.03285905754,1.77313223622
0.674157303371,0.820224719101,0.559259296599,-1.03878611563,-1.02382831848,1.73385259348
0.685393258427,0.820224719101,0.545776150468,-1.01684964544,-1.00688723786,1.69139917067
0.696629213483,0.820224719101,0.530971199254,-0.993738669773,-0.988956311516,1.64580981561
0.707865168539,0.820224719101,0.515603494633,-0.969171250828,-0.971558680254,1.59811708173
0.719101123596,0.820224719101,0.500197185086,-0.943137437385,-0.947896618023,1.54984976639
0.730337078652,0.820224719101,0.484996714053,-0.915751747227,-0.91585910625,1.50181397444
0.741573033708,0.820224719101,0.469963403696,-0.887166826515,-0.878665591141,1.45357573317
0.752808988764,0.820224719101,0.454829050051,-0.857553668713,-0.840839623141,1.40378377512
0.76404494382,0.820224719101,0.439363087857,-0.826931127389,-0.805818052481,1.35109342253
0.775280898876,0.820224719101,0.423559609693,-0.795114315859,-0.774102768708,1.29521772173
0.786516853933,0.820224719101,0.407496119838,-0.761969001555,-0.743057525354,1.23718106873
0.797752808989,0.820224719101,0.39114059384,-0.727597236362,-0.710518469601,1.17839095553
0.808988764045,0.820224719101,0.374345197886,-0.692256078075,-0.676533470487,1.11953556114
0.820224719101,0.820224719101,0.356924470086,-0.656242629281,-0.640960642486,1.06036343294
0.831460674157,0.820224719101,0.338699111136,-0.619862387408,-0.603003392668,1.00026126777
0.842696629213,0.820224719101,0.319555298388,-0.583316757017,-0.56299389841,0.938907596826
0.85393258427,0.820224719101,0.299537857089,-0.546494644271,-0.522539706824,0.876393057736
0.865168539326,0.820224719101,0.278835672196,-0.508956402339,-0.482873355475,0.812830075063
0.876404494382,0.820224719101,0.257620221891,-0.470219972223,-0.444136107278,0.748056907571
0.887640449438,0.820224719101,0.235938385526,-0.43005556269,-0.405972768331,0.68191059664
0.898876404494,0.820224719101,0.21377595819,-0.388541790074,-0.36780232049,0.614757198152
0.910112359551,0.820224719101,0.191158207007,-0.345944843887,-0.328712588051,0.54741446229
0.921348314607,0.820224719101,0.168141806078,-0.302598472423,-0.288241186954,0.48029691117
0.932584269663,0.820224719101,0.144739974383,-0.258870982918,-0.247373996961,0.412916595438
0.943820224719,0.820224719101,0.120925612136,-0.215142850593,-0.207335319851,0.344591669709
0.955056179775,0.820224719101,0.0967343359485,-0.171695051263,-0.167380835341,0.275430573531
0.966292134831,0.820224719101,0.0723265931466,-0.128590523735,-0.126112865211,0.206199404073
0.977528089888,0.820224719101,0.0479252613334,-0.0857074849601,-0.0839376944432,0.137345040013
0.988764044944,0.820224719101,0.0237373695461,-0.0428865018752,-0.0418519167785,0.0686390810428
1,0.820224719101,8.11685519641e-17,-1.49071566107e-16,-1.44816588854e-16,2.37177031201e-16
0,0.831460674157,0,0,0,0
0.0112359550562,0.831460674157,0.0218876633309,-0.0375658498302,0.0551791879374,0.0767244459537
0.0224719101124,0.831460674157,0.0436140992017,-0.0753429689089,0.110924503594,0.154507487345
0.0337078651685,0.831460674157,0.0649796088183,-0.113949745165,0.166402473362,0.232717414639
0.0449438202247,0.831460674157,0.086031001057,-0.153523931011,0.220886654231,0.310366118357
0.0561797752809,0.831460674157,0.106917899254,-0.193777603203,0.273893693089,0.387425194149
0.0674157303371,0.831460674157,0.1277705421,-0.234077321027,0.325646948439,0.464507854884
0.0786516853933,0.831460674157,0.148627754687,-0.273601290231,0.376947185612,0.541574269339
0.0898876404494,0.831460674157,0.169423062878,-0.311639758828,0.427905261339,0.617543318794
0.101123595506,0.831460674157,0.19000614083,-0.34795957478,0.477144479142,0.691414661438
0.112359550562,0.831460674157,0.210191706288,-0.382944865974,0.523442002162,0.763427047897
0.123595505618,0.831460674157,0.229837778212,-0.417304105108,0.567196814811,0.834919911812
0.134831460674,0.831460674157,0.248900353959,-0.451540727613,0.60900829785,0.907021555227
0.14606741573,0.831460674157,0.267400866263,-0.485625907892,0.648866094285,0.979274947559
0.157303370787,0.831460674157,0.285349288901,-0.519100909573,0.68741521842,1.04960771696
0.168539325843,0.831460674157,0.302724578641,-0.551483374735,0.725619784552,1.11601383514
0.179775280899,0.831460674157,0.319518869107,-0.582677758628,0.762944038278,1.17840157452
0.191011235955,0.831460674157,0.335780349065,-0.613094027568,0.798270205004,1.23860546976
0.202247191011,0.831460674157,0.351641273827,-0.643335771426,0.83211834942,1.29852411267
0.213483146067,0.831460674157,0.367334300438,-0.673658257643,0.864992287018,1.35838850008
0.224719101124,0.831460674157,0.383129875662,-0.703705344341,0.896231053092,1.41691540386
0.23595505618,0.831460674157,0.399168631845,-0.732837176134,0.927237672407,1.47287094677
0.247191011236,0.831460674157,0.415320725208,-0.760717716041,0.960578557734,1.52604607271
0.258426966292,0.831460674157,0.431201193346,-0.787592102349,0.996292093069,1.57689663102
0.269662921348,0.831460674157,0.446286544662,-0.81413720348,1.02978557668,1.62571285787
0.280898876404,0.831460674157,0.460054432936,-0.841111055722,1.04958920338,1.67224550643
0.292134831461,0.831460674157,0.472221550568,-0.868900352444,1.05727100909,1.71647557472
0.303370786517,0.831460674157,0.483003420673,-0.897130690978,1.06798230952,1.75889746284
0.314606741573,0.831460674157,0.492944682996,-0.92487106631,1.07301119868,1.79939230716
0.325842696629,0.831460674157,0.502333322659,-0.951418667972,1.06882024242,1.83756836315
0.337078651685,0.831460674157,0.511049271902,-0.976628477894,1.06821419534,1.87313226786
0.348314606742,0.831460674157,0.519007097748,-1.00047687639,1.07225902486,1.90577020191
0.359550561798,0.831460674157,0.526398526016,-1.02270257683,1.06912540941,1.93530139984
0.370786516854,0.831460674157,0.533289696418,-1.04313230574,1.05470913834,1.96181437765
0.38202247191,0.831460674157,0.539226080767,-1.06210209587,1.04169047376,1.98570776323
0.393258426966,0.831460674157,0.543918441696,-1.07977670003,1.03487300407,2.00712580472
0.404494382022,0.831460674157,0.548102571459,-1.09530960768,0.990170190574,2.02497505479
0.415730337079,0.831460674157,0.552665682466,-1.10791091943,0.859094232095,2.03829669816
0.426966292135,0.831460674157,0.557296729839,-1.11829957419,0.734527497651,2.04997091143
0.438202247191,0.831460674157,0.561333408783,-1.1275140584,0.700375663583,2.06213277644
0.449438202247,0.831460674157,0.564901596024,-1.1354667881,0.496913352558,2.06731122037
0.460674157303,0.831460674157,0.568224157553,-1.14180962186,0.221067970333,2.06704917136
0.47191011236,0.831460674157,0.570996759107,-1.14682954995,0.0899050800447,2.06711595334
0.483146067416,0.831460674157,0.572712347853,-1.151194989,0.0619819812787,2.0673847342
0.494382022472,0.831460674157,0.573260463329,-1.15525642471,-0.0825451052887,2.06235893286
0.505617977528,0.831460674157,0.573058150952,-1.15878448539,-0.32469545348,2.05161716614
0.516853932584,0.831460674157,0.572420423687,-1.16154349224,-0.442834513143,2.04030185976
0.52808988764,0.831460674157,0.571154300509,-1.16363529649,-0.450378140187,2.02874638671
0.539325842697,0.831460674157,0.569403917571,-1.16449959442,-0.577741169554,2.01200002876
0.550561797753,0.831460674157,0.568388463337,-1.16217696016,-0.802488842888,1.99076060035
0.561797752809,0.831460674157,0.568567469833,-1.15564874,-0.885104398698,1.97095331265
0.573033707865,0.831460674157,0.568379077493,-1.14648931437,-0.893755621567,1.95103183626
0.584269662921,0.831460674157,0.566744591648,-1.13600875918,-0.912581492646,1.92870139541
0.595505617978,0.831460674157,0.563934308635,-1.12413903113,-0.937986246556,1.90355654726
0.606741573034,0.831460674157,0.560193974667,-1.11085134468,-0.949970783052,1.87602153808
0.61797752809,0.831460674157,0.555293408882,-1.09655816562,-0.95065215781,1.84662263786
0.629213483146,0.831460674157,0.549142301918,-1.08137763884,-0.959938684459,1.81566600101
0.640449438202,0.831460674157,0.542088566273,-1.06481783974,-0.980582367566,1.78349116075
0.651685393258,0.831460674157,0.534313359706,-1.04651082203,-0.986053966973,1.75046965862
0.662921348315,0.831460674157,0.525388586724,-1.026775411,-0.977359911395,1.7157302723
0.674157303371,0.831460674157,0.514729422212,-1.00619060519,-0.967184383315,1.67798643761
0.685393258427,0.831460674157,0.502290873578,-0.984904518105,-0.949482559067,1.63683439532
0.696629213483,0.831460674157,0.488619453673,-0.962624152152,-0.93063431738,1.59244312364
0.707865168539,0.831460674157,0.474368526337,-0.939100237861,-0.91247021102,1.54598310549
0.719101123596,0.831460674157,0.459984236889,-0.914318032454,-0.88915839966,1.49900827238
0.730337078652,0.831460674157,0.445707096769,-0.888328194418,-0.858867839017,1.45225969067
0.741573033708,0.831460674157,0.431582247659,-0.861161152147,-0.824393965981,1.40527949673
0.752808988764,0.831460674157,0.417468885275,-0.832850955004,-0.789654109534,1.35688673715
0.76404494382,0.831460674157,0.403218873695,-0.803337500152,-0.757537338936,1.30606316733
0.775280898876,0.831460674157,0.388816885543,-0.772437352972,-0.728234657955,1.25269324808
0.786516853933,0.831460674157,0.374274000456,-0.740055703142,-0.699198728227,1.19754525281
0.797752808989,0.831460674157,0.359491808342,-0.706342471572,-0.668590445805,1.14148568508
0.808988764045,0.831460674157,0.344281529583,-0.671619402745,-0.636719921393,1.08480776375
0.820224719101,0.831460674157,0.328447665975,-0.636253304954,-0.603567799327,1.02723645315
0.831460674157,0.831460674157,0.311834335502,-0.600580695895,-0.568331127068,0.968359507775
0.842696629213,0.831460674157,0.294368047893,-0.564785767106,-0.531211841332,0.908072813564
0.85393258427,0.831460674157,0.276113332953,-0.52874018186,-0.493610233103,0.846670482178
0.865168539326,0.831460674157,0.257235868385,-0.492030653372,-0.456582959244,0.784489776191
0.876404494382,0.831460674157,0.237857363293,-0.454233736023,-0.420215483672,0.721546656699
0.887640449438,0.831460674157,0.217982714093,-0.415165343432,-0.384184960093,0.657672840192
0.898876404494,0.831460674157,0.197584371658,-0.37490761156,-0.347961933024,0.593019204154
0.910112359551,0.831460674157,0.176700085467,-0.3336984204,-0.310721323581,0.528146097477
0.921348314607,0.831460674157,0.155409848759,-0.291839431669,-0.272130756484,0.463381207175
0.932584269663,0.831460674157,0.133746158749,-0.249676120229,-0.233260479184,0.398356200252
0.943820224719,0.831460674157,0.111687237686,-0.207570847417,-0.195351934885,0.332553603605
0.955056179775,0.831460674157,0.0892646805219,-0.165778692666,-0.157698476412,0.266107398843
0.966292134831,0.831460674157,0.0666457536515,-0.124314894878,-0.118900165967,0.199629879038
0.977528089888,0.831460674157,0.0440793855247,-0.0829916164796,-0.0792207058913,0.133345058697
0.988764044944,0.831460674157,0.0217932039947,-0.0415962924772,-0.0395259132273,0.0668565924378
1,0.831460674157,7.44343525723e-17,-1.44769998361e-16,-1.36697252488e-16,2.31785841435e-16
0,0.842696629213,0,0,0,0
0.0112359550562,0.842696629213,0.0205494962267,-0.0358509043454,0.051777042379,0.0738598801075
0.0224719101124,0.842696629213,0.0409862520335,-0.0718463356406,0.104083962868,0.148493777474
0.0337078651685,0.842696629213,0.0610624060476,-0.108574779247,0.156178388874,0.223419964772
0.0449438202247,0.842696629213,0.0807805575432,-0.146169190318,0.207392306265,0.297797984051
0.0561797752809,0.842696629213,0.10027002021,-0.184363605338,0.257243255624,0.371647525383
0.0674157303371,0.842696629213,0.119666727326,-0.222583309613,0.305901722614,0.445567243383
0.0786516853933,0.842696629213,0.13903382841,-0.260091942565,0.354106559638,0.519557051002
0.0898876404494,0.842696629213,0.158340575466,-0.296245368928,0.401979626898,0.592647180191
0.101123595506,0.842696629213,0.177478554809,-0.330804619693,0.448282383927,0.663897283914
0.112359550562,0.842696629213,0.196301263292,-0.364075572127,0.491937903567,0.733428174968
0.123595505618,0.842696629213,0.214686911733,-0.396679394468,0.533334672972,0.802309308877
0.134831460674,0.842696629213,0.232582924837,-0.429097585177,0.572949730129,0.871460858814
0.14606741573,0.842696629213,0.249982009299,-0.461366234454,0.610635808839,0.940470826101
0.157303370787,0.842696629213,0.266869629517,-0.493136717931,0.646919238631,1.00751064183
0.168539325843,0.842696629213,0.28322362731,-0.524016949396,0.682785310405,1.07083109937
0.179775280899,0.842696629213,0.299053283515,-0.553935908701,0.717917582393,1.13052929033
0.191011235955,0.842696629213,0.314417462268,-0.5832513556,0.751385280614,1.18856126327
0.202247191011,0.842696629213,0.329431062129,-0.612460677597,0.783706899119,1.24681503483
0.213483146067,0.842696629213,0.344279465231,-0.641710270597,0.815387104289,1.30530857252
0.224719101124,0.842696629213,0.35917636206,-0.670586931945,0.845739138539,1.36240692791
0.23595505618,0.842696629213,0.374228679808,-0.698460654845,0.875734901408,1.41653792008
0.247191011236,0.842696629213,0.3893171093,-0.725041444293,0.907342924924,1.46731315141
0.258426966292,0.842696629213,0.404102606877,-0.750624260004,0.94055753582,1.51530439792
0.269662921348,0.842696629213,0.418117394983,-0.775929186795,0.971423071025,1.56127505557
0.280898876404,0.842696629213,0.430889626603,-0.80174226088,0.989471854199,1.60562479972
0.292134831461,0.842696629213,0.442174604049,-0.828452162889,0.996424189193,1.64870248414
0.303370786517,0.842696629213,0.45219670065,-0.855669020965,1.0065275414,1.69073995448
0.314606741573,0.842696629213,0.461469740198,-0.882439953041,1.0114539642,1.73088269425
0.325842696629,0.842696629213,0.470244587369,-0.908011695578,1.00782947578,1.76797245573
0.337078651685,0.842696629213,0.478390528991,-0.93215686441,1.00770694276,1.80137207359
0.348314606742,0.842696629213,0.485826008804,-0.95479192972,1.01216874656,1.83105923821
0.359550561798,0.842696629213,0.492753890603,-0.975647107658,1.00998019235,1.85759743373
0.370786516854,0.842696629213,0.499280784792,-0.994552676704,0.996699792317,1.88181660531
0.38202247191,0.842696629213,0.504987937346,-1.01186710294,0.983509489417,1.90444757848
0.393258426966,0.842696629213,0.509509291236,-1.02789666923,0.975381337633,1.92551111938
0.404494382022,0.842696629213,0.513397977264,-1.04204028577,0.932745408798,1.94357664933
0.415730337079,0.842696629213,0.517435887937,-1.05364941754,0.810072092701,1.95725866249
0.426966292135,0.842696629213,0.521385974262,-1.06337454688,0.692216184118,1.96891918126
0.438202247191,0.842696629213,0.524686962594,-1.07216940354,0.657748945134,1.98056026166
0.449438202247,0.842696629213,0.52750865495,-1.07994940434,0.465992135953,1.98542528502
0.460674157303,0.842696629213,0.530149144908,-1.08633903977,0.206871249552,1.98511092808
0.47191011236,0.842696629213,0.532427953968,-1.091520218,0.0818671288156,1.98504723219
0.483146067416,0.842696629213,0.533950409725,-1.09602850072,0.0521584095656,1.98508639763
0.494382022472,0.842696629213,0.534651151623,-1.10011639469,-0.0860217834063,1.98008969859
0.505617977528,0.842696629213,0.534869872704,-1.10357265769,-0.312366308304,1.96978322547
0.516853932584,0.842696629213,0.534751554919,-1.10629008211,-0.420347726702,1.95912524448
0.52808988764,0.842696629213,0.533969678725,-1.10848146449,-0.425253834764,1.94850033397
0.539325842697,0.842696629213,0.532616333272,-1.10962705472,-0.543276265539,1.93323414852
0.550561797753,0.842696629213,0.531892366981,-1.10777211353,-0.752489011096,1.91380209144
0.561797752809,0.842696629213,0.532299823272,-1.10181464558,-0.82804646509,1.89552619419
0.573033707865,0.842696629213,0.532344924512,-1.09319954032,-0.834282629388,1.87681016102
0.584269662921,0.842696629213,0.530952711924,-1.08318891219,-0.850971265216,1.85544461487
0.595505617978,0.842696629213,0.528409666212,-1.07168366321,-0.875388540368,1.83102749838
0.606741573034,0.842696629213,0.525007835786,-1.0586262264,-0.888800242235,1.80400282085
0.61797752809,0.842696629213,0.520542132523,-1.04444963076,-0.8924849112,1.77503597618
0.629213483146,0.842696629213,0.514873885193,-1.02938766571,-0.9038469271,1.74470196686
0.640449438202,0.842696629213,0.508257093701,-1.01312271997,-0.924373286068,1.71358167686
0.651685393258,0.842696629213,0.500841765596,-0.995397750307,-0.928794937027,1.6820692699
0.662921348315,0.842696629213,0.492285467659,-0.97651076773,-0.918746592931,1.64912566509
0.674157303371,0.842696629213,0.48213202008,-0.956948989712,-0.907413486165,1.61322464621
0.685393258427,0.842696629213,0.470386221683,-0.936808269654,-0.88928168748,1.57380148646
0.696629213483,0.842696629213,0.457530127365,-0.915813326754,-0.870079673952,1.53100407274
0.707865168539,0.842696629213,0.444108928288,-0.893741987388,-0.851736929966,1.4860036111
0.719101123596,0.842696629213,0.43048600927,-0.870575887745,-0.829247179538,1.44031252563
0.730337078652,0.842696629213,0.416869026166,-0.846338913482,-0.801028110708,1.39464399645
0.741573033708,0.842696629213,0.403335945784,-0.821007882194,-0.769494376404,1.34864307153
0.752808988764,0.842696629213,0.389837790427,-0.794530792658,-0.737997214071,1.30144120371
0.76404494382,0.842696629213,0.376313299958,-0.766768152891,-0.708907845699,1.25242176481
0.775280898876,0.842696629213,0.36276500112,-0.737503825044,-0.682150433145,1.20164107291
0.786516853933,0.842696629213,0.349164748486,-0.706640118089,-0.655289667125,1.14959733421
0.797752808989,0.842696629213,0.33537164224,-0.674328241374,-0.626770283808,1.09661768597
0.808988764045,0.842696629213,0.321179304601,-0.640905169743,-0.597100031845,1.04258107543
0.820224719101,0.842696629213,0.306403295161,-0.606768062674,-0.566368599569,0.987128600647
0.831460674157,0.842696629213,0.290926098356,-0.5722721286,-0.533818483854,0.930000303464
0.842696629213,0.842696629213,0.274718207722,-0.537609351762,-0.499581364569,0.871324368947
0.85393258427,0.842696629213,0.257851735114,-0.502692985764,-0.464856111515,0.811645297297
0.865168539326,0.842696629213,0.24044607775,-0.467206672718,-0.430473464339,0.751533558815
0.876404494382,0.842696629213,0.222552982373,-0.430837283341,-0.396417109028,0.691136047213
0.887640449438,0.842696629213,0.204124968146,-0.3934632782,-0.362404493794,0.6302163933
0.898876404494,0.842696629213,0.185115141577,-0.355157167232,-0.328004501472,0.568660643101
0.910112359551,0.842696629213,0.165568434583,-0.316096657853,-0.292520292095,0.506736426627
0.921348314607,0.842696629213,0.14558980922,-0.276509092172,-0.255766038732,0.444675556229
0.932584269663,0.842696629213,0.125245603487,-0.236672437555,-0.218894399575,0.382265713647
0.943820224719,0.842696629213,0.104538600387,-0.196896960751,-0.183150354522,0.31922065169
0.955056179775,0.842696629213,0.0835013197854,-0.157405074984,-0.147842670811,0.255755976003
0.966292134831,0.842696629213,0.0622901992029,-0.118188479743,-0.111550991636,0.19234877923
0.977528089888,0.842696629213,0.0411533471286,-0.0790289571333,-0.0743993657298,0.128972709144
0.988764044944,0.842696629213,0.0203241363483,-0.0396800912139,-0.0371400270868,0.0649818432755
1,0.842696629213,6.9370990914e-17,-1.38324921735e-16,-1.28366896867e-16,2.26561040028e-16
0,0.85393258427,0,0,0,0
0.0112359550562,0.85393258427,0.0193964327846,-0.0338082052554,0.0481371449594,0.0702504007101
0.0224719101124,0.85393258427,0.0387353355421,-0.0676661279092,0.096769703884,0.140975971484
0.0337078651685,0.85393258427,0.0577061460787,-0.102145315209,0.145291103271,0.211921237474
0.0449438202247,0.85393258427,0.0762540115038,-0.137393722283,0.193112748624,0.282474581396
0.0561797752809,0.85393258427,0.0944808784799,-0.17318415025,0.23976297846,0.352740211292
0.0674157303371,0.85393258427,0.1125293284,-0.209008667999,0.285360933017,0.423280916052
0.0786516853933,0.85393258427,0.130495405226,-0.244216324335,0.330567512732,0.494074612537
0.0898876404494,0.85393258427,0.148398960234,-0.278223477156,0.375483910597,0.564196417399
0.101123595506,0.85393258427,0.166190991214,-0.310776674974,0.418976725845,0.632713214428
0.112359550562,0.85393258427,0.183777531006,-0.342091955927,0.460093284795,0.699580668954
0.123595505618,0.85393258427,0.201061837998,-0.372691055788,0.499208303759,0.765564057274
0.134831460674,0.85393258427,0.217979820676,-0.403024810731,0.536688104824,0.831391462973
0.14606741573,0.85393258427,0.234490504201,-0.43319185679,0.572255427068,0.89678777596
0.157303370787,0.85393258427,0.250550013344,-0.462958560152,0.606293463024,0.960303330306
0.168539325843,0.85393258427,0.266126840895,-0.492031891383,0.639753471163,1.02051934864
0.179775280899,0.85393258427,0.281234327046,-0.520370207997,0.672510981438,1.0776315713
0.191011235955,0.85393258427,0.295928461855,-0.548276957479,0.703873903898,1.13350649514
0.202247191011,0.85393258427,0.310298516843,-0.576142241175,0.73443734097,1.18987935418
0.213483146067,0.85393258427,0.324481793364,-0.604011070618,0.764719773018,1.24660942624
0.224719101124,0.85393258427,0.338639914398,-0.631422329482,0.793962993422,1.3018831038
0.23595505618,0.85393258427,0.352852963449,-0.657752507451,0.822704738486,1.35391574408
0.247191011236,0.85393258427,0.367018699581,-0.682740317479,0.852385390886,1.40214702825
0.258426966292,0.85393258427,0.380848815263,-0.706713024775,0.882978321218,1.44718690575
0.269662921348,0.85393258427,0.393935476843,-0.730428959401,0.911113070272,1.49016403288
0.280898876404,0.85393258427,0.40586504356,-0.754710742341,0.927335363926,1.53202830926
0.292134831461,0.85393258427,0.416445580804,-0.779964524917,0.933504694779,1.57342884188
0.303370786517,0.85393258427,0.42592657819,-0.805803192044,0.942933789442,1.61433646801
0.314606741573,0.85393258427,0.434797651704,-0.831275257194,0.947760080892,1.65328643333
0.325842696629,0.85393258427,0.443262458435,-0.855603807316,0.94477130545,1.68858875348
0.337078651685,0.85393258427,0.451156032612,-0.878501243692,0.945126157659,1.71947666531
0.348314606742,0.85393258427,0.458366048169,-0.899841527669,0.949839998613,1.74627306282
0.359550561798,0.85393258427,0.465059174576,-0.919368756857,0.94841404579,1.77016740855
0.370786516854,0.85393258427,0.471334967897,-0.936936319687,0.936347557729,1.79253094619
0.38202247191,0.85393258427,0.476803236204,-0.952897099704,0.92345780605,1.81423138305
0.393258426966,0.85393258427,0.481070868876,-0.967605499629,0.914622255426,1.8350338922
0.404494382022,0.85393258427,0.484575134674,-0.980598992192,0.87446762438,1.85314656403
0.415730337079,0.85393258427,0.488041117633,-0.991299226247,0.7607293756,1.86683898954
0.426966292135,0.85393258427,0.491310495885,-1.00028630921,0.650573839382,1.87806814188
0.438202247191,0.85393258427,0.493880137047,-1.00849550454,0.616768017438,1.88878235541
0.449438202247,0.85393258427,0.495919734906,-1.01591388422,0.437584907898,1.89301806187
0.460674157303,0.85393258427,0.497791367426,-1.02216309822,0.195931710051,1.89251463246
0.47191011236,0.85393258427,0.499456923223,-1.02730747049,0.0777231210579,1.89243059072
0.483146067416,0.85393258427,0.500667037428,-1.0317255577,0.0473848802416,1.89260423883
0.494382022472,0.85393258427,0.501422791664,-1.03556880593,-0.0829565786113,1.88815971204
0.505617977528,0.85393258427,0.501982461264,-1.03867412617,-0.293474894666,1.87877724266
0.516853932584,0.85393258427,0.502303972355,-1.04110570006,-0.392726193068,1.86905331888
0.52808988764,0.85393258427,0.501902652538,-1.04323411195,-0.396159816747,1.85932231252
0.539325842697,0.85393258427,0.500795568719,-1.04462118579,-0.505213781522,1.84516889464
0.550561797753,0.85393258427,0.500164295538,-1.04333055634,-0.699082549777,1.8269424823
0.561797752809,0.85393258427,0.500605873399,-1.03812720884,-0.768126796149,1.80956652937
0.573033707865,0.85393258427,0.500756047591,-1.0302620983,-0.772587475722,1.79166714726
0.584269662921,0.85393258427,0.499527614267,-1.02096489376,-0.787527046972,1.77135152129
0.595505617978,0.85393258427,0.497201033059,-1.01011358443,-0.810927512809,1.74826134697
0.606741573034,0.85393258427,0.494124114075,-0.997578892457,-0.825354799883,1.72264948676
0.61797752809,0.85393258427,0.490119627728,-0.983771765253,-0.831470870553,1.6949486641
0.629213483146,0.85393258427,0.484966760666,-0.969045479939,-0.844490826408,1.66566977401
0.640449438202,0.85393258427,0.478780511942,-0.953288524888,-0.864793740554,1.63554429771
0.651685393258,0.85393258427,0.471668590381,-0.936365119405,-0.868279777489,1.60519014975
0.662921348315,0.85393258427,0.463396878297,-0.918535391501,-0.857085502942,1.5737248198
0.674157303371,0.85393258427,0.453664061518,-0.900175774385,-0.844897737823,1.53959971118
0.685393258427,0.85393258427,0.442534223141,-0.881326544814,-0.82682691811,1.50211304176
0.696629213483,0.85393258427,0.430422254167,-0.86173673948,-0.80791236873,1.46128918855
0.707865168539,0.85393258427,0.417765738407,-0.841212960297,-0.790021647945,1.41816364212
0.719101123596,0.85393258427,0.404849544947,-0.81973375109,-0.768814262478,1.37410085841
0.730337078652,0.85393258427,0.391841755258,-0.797314278042,-0.742911008915,1.32974531868
0.741573033708,0.85393258427,0.378829407728,-0.773917218147,-0.714394298188,1.28486079394
0.752808988764,0.85393258427,0.365829621414,-0.749442861231,-0.686114223083,1.23890678317
0.76404494382,0.85393258427,0.352857832822,-0.72368767877,-0.660002425112,1.19164602228
0.775280898876,0.85393258427,0.339940467973,-0.696397249954,-0.635805682143,1.14330023411
0.786516853933,0.85393258427,0.327024725967,-0.667454804856,-0.611232251493,1.0941949101
0.797752808989,0.85393258427,0.313946184576,-0.636986207297,-0.584944488253,1.04429603981
0.808988764045,0.85393258427,0.300502593866,-0.605303073848,-0.557552270829,0.993185629318
0.820224719101,0.85393258427,0.286541124639,-0.572786436963,-0.529218452086,0.94039081802
0.831460674157,0.85393258427,0.27199533329,-0.53977865327,-0.499263798564,0.885691688475
0.842696629213,0.85393258427,0.256879440937,-0.506481027263,-0.467793618873,0.829358463723
0.85393258427,0.85393258427,0.241261402697,-0.472882817127,-0.435819091849,0.772138932572
0.865168539326,0.85393258427,0.225199927695,-0.438812377338,-0.403937825825,0.714799179837
0.876404494382,0.85393258427,0.208668521459,-0.404104876012,-0.372032108296,0.657582468598
0.887640449438,0.85393258427,0.191565353141,-0.368718732084,-0.339889447808,0.600176889841
0.898876404494,0.85393258427,0.173822111748,-0.332714529261,-0.307227990958,0.542218316069
0.910112359551,0.85393258427,0.15548597272,-0.296190784546,-0.273510514206,0.48367917977
0.921348314607,0.85393258427,0.13668445598,-0.259268857969,-0.238682185185,0.424668306984
0.932584269663,0.85393258427,0.117525207037,-0.222123125635,-0.203932621901,0.365116889324
0.943820224719,0.85393258427,0.0980508181235,-0.184983846166,-0.170470807656,0.30499788119
0.955056179775,0.85393258427,0.0783017336778,-0.148037329097,-0.137604831355,0.244662228286
0.966292134831,0.85393258427,0.0584079752564,-0.111280578709,-0.103899959089,0.184500557636
0.977528089888,0.85393258427,0.0385865204592,-0.0745087686114,-0.0693612895444,0.124250109939
0.988764044944,0.85393258427,0.0190551352124,-0.037468999032,-0.0346434054843,0.0629752193947
1,0.85393258427,6.50452674947e-17,-1.30834954579e-16,-1.19697567946e-16,2.21150401447e-16
0,0.865168539326,0,0,0,0
0.0112359550562,0.865168539326,0.0181749653719,-0.0317181240549,0.0443024941572,0.0660250924564
0.0224719101124,0.865168539326,0.0363143940219,-0.0634167006406,0.089063900411,0.13222688716
0.0337078651685,0.865168539326,0.0540691038411,-0.0956265932751,0.13383750549,0.198616504175
0.0449438202247,0.865168539326,0.0713442511405,-0.128497013433,0.178131426448,0.264869009008
0.0561797752809,0.865168539326,0.0882216332639,-0.161834695518,0.221507269639,0.331215684957
0.0674157303371,0.865168539326,0.104847110625,-0.195200161466,0.264053548391,0.398186095129
0.0786516853933,0.865168539326,0.121341082404,-0.228033253464,0.306352052552,0.46567711115
0.0898876404494,0.865168539326,0.137767593483,-0.259819451534,0.348453202072,0.532703080461
0.101123595506,0.865168539326,0.154135841834,-0.290303158447,0.389277772306,0.598248399467
0.112359550562,0.865168539326,0.170406281992,-0.319622997114,0.427944940663,0.662091824792
0.123595505618,0.865168539326,0.186509050301,-0.348206503178,0.464792153996,0.724760846704
0.134831460674,0.865168539326,0.202369981937,-0.376467844055,0.50009618878,0.78687856832
0.14606741573,0.865168539326,0.217916256863,-0.404555083332,0.533493456504,0.848367331886
0.157303370787,0.865168539326,0.233073597658,-0.432338510501,0.565245618415,0.908178185078
0.168539325843,0.865168539326,0.247792567522,-0.459619084723,0.596244647294,0.965177537902
0.179775280899,0.865168539326,0.262078164197,-0.486379684941,0.626520767804,1.01950637659
0.191011235955,0.865168539326,0.275977886531,-0.512861427263,0.655621815621,1.07274045242
0.202247191011,0.865168539326,0.289562761736,-0.53934386213,0.684234458575,1.1263924584
0.213483146067,0.865168539326,0.302939674334,-0.565778366649,0.71287003832,1.18033044574
0.224719101124,0.865168539326,0.316237809304,-0.591666360263,0.740680542133,1.23286197439
0.23595505618,0.865168539326,0.329522491553,-0.616391309919,0.767841667921,1.2822304752
0.247191011236,0.865168539326,0.342707747728,-0.639710119719,0.795406457449,1.32777930874
0.258426966292,0.865168539326,0.355545545485,-0.661968938652,0.82337781661,1.37004794566
0.269662921348,0.865168539326,0.367677678696,-0.683954060932,0.848899240108,1.41026600807
0.280898876404,0.865168539326,0.378747325442,-0.706520027142,0.863479790671,1.44962233551
0.292134831461,0.865168539326,0.388622867318,-0.730096550262,0.869023367406,1.48888201316
0.303370786517,0.865168539326,0.397585522783,-0.754325040285,0.877827123683,1.52783704896
0.314606741573,0.865168539326,0.406098011069,-0.778300954598,0.882557494826,1.56475228349
0.325842696629,0.865168539326,0.41430923806,-0.80126937472,0.880171932427,1.59782442098
0.337078651685,0.865168539326,0.422013443231,-0.82290672372,0.880845570147,1.62640806745
0.348314606742,0.865168539326,0.429057060521,-0.843045954632,0.885483310955,1.65109339866
0.359550561798,0.865168539326,0.435547705959,-0.861439673847,0.884450191723,1.67333412328
0.370786516854,0.865168539326,0.441548197632,-0.877959950769,0.873451210824,1.69461464613
0.38202247191,0.865168539326,0.446691022936,-0.892926292366,0.861125484477,1.71566476022
0.393258426966,0.865168539326,0.450592046149,-0.906672469713,0.852066464449,1.73596050453
0.404494382022,0.865168539326,0.4536255969,-0.918793709306,0.814732689342,1.75350636742
0.415730337079,0.865168539326,0.456504561366,-0.928718671497,0.7103613841,1.76646178053
0.426966292135,0.865168539326,0.459163650228,-0.93693652866,0.608814580406,1.7765742678
0.438202247191,0.865168539326,0.461124022691,-0.944402102202,0.576592543367,1.78584743471
0.449438202247,0.865168539326,0.462500618536,-0.951233211461,0.410676190362,1.78918532889
0.460674157303,0.865168539326,0.463678418479,-0.957089882353,0.187059353762,1.78852184274
0.47191011236,0.865168539326,0.464739067034,-0.96194426958,0.0763485796146,1.78873755479
0.483146067416,0.865168539326,0.465569662197,-0.966039104934,0.0467543574877,1.78957596622
0.494382022472,0.865168539326,0.466236591273,-0.969447359433,-0.0740965125663,1.78626100237
0.505617977528,0.865168539326,0.466930032847,-0.972063356846,-0.268759021436,1.77819794932
0.516853932584,0.865168539326,0.467455075279,-0.974105134598,-0.36076306874,1.76945472148
0.52808988764,0.865168539326,0.467205772155,-0.976077919719,-0.363945489374,1.76027420204
0.539325842697,0.865168539326,0.466142682361,-0.977626114755,-0.464541323939,1.74656780734
0.550561797753,0.865168539326,0.465413537055,-0.976878498377,-0.643461922954,1.72873652178
0.561797752809,0.865168539326,0.465713820838,-0.972497048464,-0.70678100508,1.71154860597
0.573033707865,0.865168539326,0.465871153746,-0.965492482411,-0.710361395354,1.69409665231
0.584269662921,0.865168539326,0.46479740982,-0.957053383743,-0.72411865812,1.67497686782
0.595505617978,0.865168539326,0.462741626393,-0.947041883676,-0.74650775167,1.65387928211
0.606741573034,0.865168539326,0.460099366205,-0.935223520106,-0.761379813876,1.63066322637
0.61797752809,0.865168539326,0.456712643606,-0.921947713772,-0.76897688694,1.60519364282
0.629213483146,0.865168539326,0.452254550082,-0.90767236028,-0.782728936573,1.57759343047
0.640449438202,0.865168539326,0.446672236864,-0.892497922899,-0.80229934241,1.54859551303
0.651685393258,0.865168539326,0.440016997379,-0.876414896215,-0.804922962646,1.51915564382
0.662921348315,0.865168539326,0.432166592294,-0.859642031381,-0.793035298501,1.48884631797
0.674157303371,0.865168539326,0.42298320035,-0.842442221085,-0.780495204606,1.45637740304
0.685393258427,0.865168539326,0.412593245639,-0.8248067029,-0.763032558568,1.42102795726
0.696629213483,0.865168539326,0.401345341709,-0.806518614566,-0.745027948097,1.3826628093
0.707865168539,0.865168539326,0.389575127235,-0.787417804952,-0.728180503685,1.34206822088
0.719101123596,0.865168539326,0.377497227033,-0.767482198898,-0.70865572381,1.30034268803
0.730337078652,0.865168539326,0.365243152967,-0.746727506817,-0.685220157704,1.25797797036
0.741573033708,0.865168539326,0.352900655441,-0.725122178393,-0.659663683051,1.21479215282
0.752808988764,0.865168539326,0.340534720985,-0.702544634988,-0.634405264061,1.17048452948
0.76404494382,0.865168539326,0.328218701243,-0.678750417541,-0.61103310616,1.12509276367
0.775280898876,0.865168539326,0.315994432451,-0.653461033176,-0.589221475253,1.07898033606
0.786516853933,0.865168539326,0.303789533891,-0.626544699121,-0.566870057823,1.03244732221
0.797752808989,0.865168539326,0.291429549357,-0.598094397084,-0.542819345034,0.98536203128
0.808988764045,0.865168539326,0.278732465609,-0.568372533996,-0.517708533554,0.93721276592
0.820224719101,0.865168539326,0.26559043403,-0.537707347328,-0.491732610993,0.887444228872
0.831460674157,0.865168539326,0.251992441731,-0.506395722907,-0.464285483975,0.835777043519
0.842696629213,0.865168539326,0.237991116453,-0.474634082603,-0.435445503601,0.782485468156
0.85393258427,0.865168539326,0.223643869637,-0.442490196403,-0.406041884805,0.728398147754
0.865168539326,0.865168539326,0.208950062924,-0.409945549485,-0.37647160822,0.674393025403
0.876404494382,0.865168539326,0.193813394884,-0.376991664411,-0.34655973715,0.620784629234
0.887640449438,0.865168539326,0.178085846584,-0.343674895102,-0.31620030495,0.567226326214
0.898876404494,0.865168539326,0.161679317453,-0.31005173918,-0.285290318596,0.513175120937
0.910112359551,0.865168539326,0.144637473777,-0.276144580447,-0.253459549266,0.458348220723
0.921348314607,0.865168539326,0.127101745197,-0.241962828699,-0.220747728827,0.402715277771
0.932584269663,0.865168539326,0.109217041335,-0.207564094475,-0.188318298825,0.346311662337
0.943820224719,0.865168539326,0.0910714693491,-0.173084279235,-0.157298014527,0.28935178834
0.955056179775,0.865168539326,0.0727225279709,-0.138668324469,-0.126986983982,0.232343017339
0.966292134831,0.865168539326,0.0542705782783,-0.104333997891,-0.0959571799549,0.175637412246
0.977528089888,0.865168539326,0.0358813766881,-0.0699223236146,-0.0641224307762,0.118781171219
0.988764044944,0.865168539326,0.0177352433191,-0.0352020649237,-0.0320513259985,0.0605664124537
1,0.865168539326,6.05988804241e-17,-1.23082061635e-16,-1.10774118243e-16,2.14294420683e-16
0,0.876404494382,0,0,0,0
0.0112359550562,0.876404494382,0.0167198421913,-0.0297420141868,0.0403528405356,0.0614614736648
0.0224719101124,0.876404494382,0.0333910668116,-0.0594373470162,0.0811173582824,0.122835377432
0.0337078651685,0.876404494382,0.049665102579,-0.0895406911622,0.122007665949,0.184376533835
0.0449438202247,0.876404494382,0.065434753656,-0.120175797676,0.162640129556,0.246033524523
0.0561797752809,0.876404494382,0.0807708861548,-0.151168906092,0.202638913644,0.30816312759
0.0674157303371,0.876404494382,0.0958143259248,-0.182145402124,0.242093572984,0.371262862246
0.0786516853933,0.876404494382,0.110692342066,-0.212640116645,0.28151578349,0.43512847226
0.0898876404494,0.876404494382,0.125495149229,-0.242221542002,0.320879869714,0.49866986719
0.101123595506,0.876404494382,0.140276153021,-0.270657632295,0.359104233235,0.560764864341
0.112359550562,0.876404494382,0.155042269352,-0.298038555167,0.395315286056,0.621066004214
0.123595505618,0.876404494382,0.169749709911,-0.324712852745,0.429784832205,0.679975963297
0.134831460674,0.876404494382,0.18432032036,-0.351049188959,0.462734096931,0.738093664263
0.14606741573,0.876404494382,0.19865950461,-0.37721755872,0.493786137019,0.795518731074
0.157303370787,0.876404494382,0.212670309228,-0.403161315147,0.523139869617,0.851506522594
0.168539325843,0.876404494382,0.226284220716,-0.428754975472,0.551629536966,0.905085790463
0.179775280899,0.876404494382,0.239489617176,-0.454000862219,0.579391838921,0.95621166358
0.191011235955,0.876404494382,0.252320726017,-0.479086672821,0.606159642408,1.0060709523
0.202247191011,0.876404494382,0.26483750088,-0.504201562347,0.632659176496,1.05598359504
0.213483146067,0.876404494382,0.277135476388,-0.529226443571,0.659345106122,1.10602804041
0.224719101124,0.876404494382,0.289335557321,-0.553636819242,0.685290502274,1.15491110784
0.23595505618,0.876404494382,0.301505762838,-0.576815575667,0.710439838427,1.20111175518
0.247191011236,0.876404494382,0.313575798266,-0.59851960352,0.735647928057,1.24393407564
0.258426966292,0.876404494382,0.325319146499,-0.619096957411,0.761031728366,1.28372876648
0.269662921348,0.876404494382,0.336402960973,-0.639348733456,0.784197178656,1.32154157605
0.280898876404,0.876404494382,0.346510722338,-0.660151291019,0.797534354739,1.35845953386
0.292134831461,0.876404494382,0.355564373641,-0.681958180264,0.802836147183,1.3951816611
0.303370786517,0.876404494382,0.363872148691,-0.704462738858,0.811255464364,1.43145336508
0.314606741573,0.876404494382,0.371865191703,-0.726852466986,0.816007196011,1.46564685998
0.325842696629,0.876404494382,0.379641858629,-0.748438487112,0.814223150055,1.49623074907
0.337078651685,0.876404494382,0.386970907062,-0.768883119084,0.815050980963,1.52285179732
0.348314606742,0.876404494382,0.393675323748,-0.787972853522,0.819265956122,1.54621775757
0.359550561798,0.876404494382,0.399814614912,-0.805446049827,0.818186252189,1.56764524155
0.370786516854,0.876404494382,0.405415499938,-0.821170863093,0.807944118067,1.5883186338
0.38202247191,0.876404494382,0.410132302318,-0.835414935421,0.796224128764,1.60864983404
0.393258426966,0.876404494382,0.41360107843,-0.848464802944,0.787251341912,1.62794033163
0.404494382022,0.876404494382,0.416155836374,-0.859934410229,0.752947840352,1.64427021111
0.415730337079,0.876404494382,0.418519416642,-0.86921681674,0.658160763268,1.6559582419
0.426966292135,0.876404494382,0.420725949389,-0.876680921758,0.56583899533,1.66468485327
0.438202247191,0.876404494382,0.422296541728,-0.883304051674,0.53592529395,1.67250676154
0.449438202247,0.876404494382,0.42324352338,-0.889365578041,0.383807863806,1.67512634232
0.460674157303,0.876404494382,0.423922727605,-0.89460661258,0.178776083686,1.67458407499
0.47191011236,0.876404494382,0.424487747231,-0.898957267136,0.0764895101316,1.67538328035
0.483146067416,0.876404494382,0.424927116153,-0.902572470433,0.0492025908148,1.67709392948
0.494382022472,0.876404494382,0.425361985071,-0.905474791667,-0.0604907539872,1.67499137344
0.505617977528,0.876404494382,0.425944759258,-0.90759873939,-0.239238030183,1.66815383181
0.516853932584,0.876404494382,0.426397957583,-0.909250466132,-0.325486005901,1.66011176136
0.52808988764,0.876404494382,0.426074026896,-0.910993019003,-0.329789640841,1.65106232759
0.539325842697,0.876404494382,0.424923456889,-0.912522461877,-0.422671435148,1.63730425957
0.550561797753,0.876404494382,0.424030158954,-0.912103550314,-0.587175490065,1.61937774202
0.561797752809,0.876404494382,0.424128908618,-0.908408540502,-0.645551009742,1.60199403438
0.573033707865,0.876404494382,0.424267668009,-0.902212703664,-0.649061075381,1.58479144343
0.584269662921,0.876404494382,0.423389371385,-0.894641254127,-0.662084635873,1.56691921708
0.595505617978,0.876404494382,0.421688484301,-0.88555378803,-0.683365177482,1.54814932097
0.606741573034,0.876404494382,0.419591884658,-0.874595412923,-0.698017569964,1.52790370401
0.61797752809,0.876404494382,0.416958269065,-0.862014902808,-0.705988586544,1.50535163638
0.629213483146,0.876404494382,0.413358853538,-0.848330409789,-0.719295668118,1.48005160232
0.640449438202,0.876404494382,0.408575099117,-0.83382042862,-0.737378684168,1.4525916635
0.651685393258,0.876404494382,0.402595025718,-0.818587961719,-0.73914126383,1.42423982966
0.662921348315,0.876404494382,0.395393921455,-0.802815180456,-0.727107566538,1.3951450242
0.674157303371,0.876404494382,0.386980079418,-0.786669471398,-0.714800169383,1.36445369015
0.685393258427,0.876404494382,0.377531127464,-0.770112698869,-0.698496688756,1.33153385313
0.696629213483,0.876404494382,0.367336257427,-0.752967564156,-0.681989594274,1.2960955759
0.707865168539,0.876404494382,0.356650118318,-0.735099865879,-0.666743868125,1.25862184241
0.719101123596,0.876404494382,0.345637033798,-0.716481170187,-0.649276279733,1.21989401663
0.730337078652,0.876404494382,0.334400185221,-0.697132440517,-0.628428874019,1.18022082661
0.741573033708,0.876404494382,0.323019230674,-0.677045871134,-0.605723773219,1.13942303592
0.752808988764,0.876404494382,0.311580904766,-0.656109160899,-0.583212173633,1.09732129338
0.76404494382,0.876404494382,0.300184909988,-0.634072567366,-0.56222806065,1.0540790302
0.775280898876,0.876404494382,0.288871261373,-0.610658335406,-0.542469351484,1.01013733763
0.786516853933,0.876404494382,0.277551604921,-0.585728165173,-0.5220905338,0.96587494532
0.797752808989,0.876404494382,0.266055395697,-0.559338622597,-0.50011632513,0.921287025437
0.808988764045,0.876404494382,0.254234345515,-0.531688388951,-0.47718353399,0.875971574667
0.820224719101,0.876404494382,0.242033195522,-0.503029421147,-0.453484233241,0.829371467503
0.831460674157,0.876404494382,0.229495898045,-0.47358847607,-0.428454886204,0.781103831172
0.842696629213,0.876404494382,0.216709788798,-0.443534670644,-0.402120823993,0.731327445397
0.85393258427,0.876404494382,0.203724690936,-0.412990765047,-0.375136254845,0.68081814299
0.865168539326,0.876404494382,0.190493299721,-0.382067878641,-0.347751646395,0.630476740354
0.876404494382,0.876404494382,0.176865274055,-0.350898019955,-0.319789738846,0.580675349721
0.887640449438,0.876404494382,0.162657571107,-0.31961335846,-0.291265471994,0.531083247529
0.898876404494,0.876404494382,0.147765120084,-0.28827841418,-0.262241953019,0.481054174858
0.910112359551,0.876404494382,0.13222212946,-0.256859972772,-0.232492752908,0.430107416465
0.921348314607,0.876404494382,0.116170747793,-0.225276387271,-0.202112271453,0.378087512535
0.932584269663,0.876404494382,0.0997771929822,-0.193485138202,-0.172189797083,0.325108930068
0.943820224719,0.876404494382,0.083165129679,-0.161537563107,-0.143743419146,0.271590657765
0.955056179775,0.876404494382,0.0664111142291,-0.129539058838,-0.116074250997,0.218181435944
0.966292134831,0.876404494382,0.0495927850489,-0.0975283867081,-0.0877894400763,0.165219619272
0.977528089888,0.876404494382,0.0328248819914,-0.0653989426794,-0.058734407339,0.112117246499
0.988764044944,0.876404494382,0.0162446502104,-0.0329504000687,-0.0293934036253,0.0574624901937
1,0.876404494382,5.55720217362e-17,-1.15331813009e-16,-1.01700246638e-16,2.04661845048e-16
0,0.887640449438,0,0,0,0
0.0112359550562,0.887640449438,0.0150998019222,-0.0277776287582,0.0363783982442,0.0568655049202
0.0224719101124,0.887640449438,0.0301317253056,-0.0555039798336,0.0731099114712,0.113450216418
0.0337078651685,0.887640449438,0.0447717636335,-0.0835442039593,0.110049181843,0.170170573538
0.0449438202247,0.887640449438,0.0589180529842,-0.111980586426,0.146922606044,0.227157277128
0.0561797752809,0.887640449438,0.0726343471678,-0.140646376895,0.183441178712,0.284824585381
0.0674157303371,0.887640449438,0.0860475890655,-0.169222847045,0.219722931028,0.343609857588
0.0786516853933,0.887640449438,0.09927657325,-0.197334769769,0.256219140511,0.403224819923
0.0898876404494,0.887640449438,0.112420343602,-0.224639607687,0.292811793527,0.462538281582
0.101123595506,0.887640449438,0.125560188818,-0.250950728137,0.328375089748,0.520421198306
0.112359550562,0.887640449438,0.138738476205,-0.276338212751,0.361993615247,0.576518608346
0.123595505618,0.887640449438,0.151935679027,-0.301087117451,0.393858069928,0.631210852359
0.134831460674,0.887640449438,0.165076397553,-0.325511549185,0.424177554217,0.68509471447
0.14606741573,0.887640449438,0.178054651015,-0.349774679179,0.452643508798,0.738357148186
0.157303370787,0.887640449438,0.190759756043,-0.373858928124,0.479461692705,0.790410680516
0.168539325843,0.887640449438,0.203107883085,-0.397689344271,0.505416661496,0.840327444108
0.179775280899,0.887640449438,0.215068584886,-0.421288626029,0.530688724916,0.887828787401
0.191011235955,0.887640449438,0.226659571294,-0.444817825975,0.55510209035,0.933732774639
0.202247191011,0.887640449438,0.237932199283,-0.468416398397,0.579336998869,0.979241893229
0.213483146067,0.887640449438,0.248981911808,-0.491929990861,0.603743517454,1.02475993174
0.224719101124,0.887640449438,0.259939537933,-0.514821261994,0.627354942181,1.06951081868
0.23595505618,0.887640449438,0.27089282462,-0.536460628366,0.650033570376,1.11228573417
0.247191011236,0.887640449438,0.281790919868,-0.55658086736,0.672618619731,1.15236146331
0.258426966292,0.887640449438,0.292414935783,-0.575508654274,0.695426485284,1.18983371168
0.269662921348,0.887640449438,0.302434628684,-0.594038838967,0.716499524887,1.22541270544
0.280898876404,0.887640449438,0.311553040749,-0.613049375356,0.72903416899,1.25989847083
0.292134831461,0.887640449438,0.31972917381,-0.633005797308,0.734554538922,1.29383224326
0.303370786517,0.887640449438,0.327284014376,-0.653661194989,0.742928170794,1.32700121785
0.314606741573,0.887640449438,0.33461131817,-0.674320625573,0.747897979254,1.35808407868
0.325842696629,0.887640449438,0.341769725465,-0.69439139752,0.746768496207,1.38598242361
0.337078651685,0.887640449438,0.348525289272,-0.713547571615,0.747646816302,1.41067384806
0.348314606742,0.887640449438,0.354703663811,-0.731542122024,0.751168917836,1.43288207074
0.359550561798,0.887640449438,0.360341286593,-0.748094163371,0.749651280824,1.45358484568
0.370786516854,0.887640449438,0.365446591282,-0.763056037861,0.739818211377,1.47349820075
0.38202247191,0.887640449438,0.369700001676,-0.776641163277,0.728629327357,1.49271986776
0.393258426966,0.887640449438,0.372755310871,-0.789089956675,0.719939106451,1.51055077431
0.404494382022,0.887640449438,0.374906992719,-0.800022009296,0.688776469508,1.52536390529
0.415730337079,0.887640449438,0.376885353092,-0.808770462479,0.6035661211,1.53578175598
0.426966292135,0.887640449438,0.378818372752,-0.815551554356,0.520715424294,1.5434284092
0.438202247191,0.887640449438,0.380221625927,-0.82133097984,0.49359438659,1.55028821027
0.449438202247,0.887640449438,0.380983904336,-0.826542756965,0.35572957542,1.55266521606
0.460674157303,0.887640449438,0.381391388296,-0.831039718414,0.169953228542,1.55251911165
0.47191011236,0.887640449438,0.381621335618,-0.834762243209,0.0772946823974,1.55385734498
0.483146067416,0.887640449438,0.381723221108,-0.837828104713,0.0539316777961,1.55608799752
0.494382022472,0.887640449438,0.381855989787,-0.840236393953,-0.0431315578024,1.55468030094
0.505617977528,0.887640449438,0.382160197242,-0.841939755504,-0.205875713396,1.54856018894
0.516853932584,0.887640449438,0.382346332059,-0.843257478849,-0.28776106053,1.54087205635
0.52808988764,0.887640449438,0.381810875587,-0.844718428343,-0.294659389305,1.5318577733
0.539325842697,0.887640449438,0.380545820841,-0.846024163406,-0.38073241768,1.51818550811
0.550561797753,0.887640449438,0.379540957973,-0.845635679931,-0.531306817222,1.5004436096
0.561797752809,0.887640449438,0.379479849445,-0.84237527582,-0.585227990452,1.48315955468
0.573033707865,0.887640449438,0.37960881232,-0.836842723678,-0.589081177383,1.46638954532
0.584269662921,0.887640449438,0.37893758511,-0.83008089372,-0.601473491889,1.44977722759
0.595505617978,0.887640449438,0.377594820667,-0.821965322914,-0.621374164717,1.43324892215
0.606741573034,0.887640449438,0.376026487645,-0.812025902363,-0.635172804544,1.41594214763
0.61797752809,0.887640449438,0.374119251498,-0.800379451478,-0.642561908393,1.39646665957
0.629213483146,0.887640449438,0.371373350761,-0.787544045749,-0.654370323096,1.37385150911
0.640449438202,0.887640449438,0.367435108332,-0.773911732202,-0.670221797157,1.34845038491
0.651685393258,0.887640449438,0.362234812074,-0.759661436915,-0.671050142219,1.32169228699
0.662921348315,0.887640449438,0.35582052288,-0.744942061904,-0.659328685609,1.2941994882
0.674157303371,0.887640449438,0.348307422844,-0.729856569614,-0.647756488577,1.26554892825
0.685393258427,0.887640449438,0.339901600992,-0.71436392247,-0.633065528968,1.23523938417
0.696629213483,0.887640449438,0.330846106193,-0.698324602616,-0.618544844418,1.20286836484
0.707865168539,0.887640449438,0.321348332532,-0.681613065785,-0.605393034328,1.16865961417
0.719101123596,0.887640449438,0.311549602957,-0.664185160643,-0.590337915895,1.13314666073
0.730337078652,0.887640449438,0.301531917414,-0.646074466328,-0.57221655117,1.09653116092
0.741573033708,0.887640449438,0.291350853808,-0.627321038583,-0.552291606745,1.05865136
0.752808988764,0.887640449438,0.281079791487,-0.607860236578,-0.532297706057,1.01935568355
0.76404494382,0.887640449438,0.270807765594,-0.587476578507,-0.513385826276,0.978773484632
0.775280898876,0.887640449438,0.260555401248,-0.565915528318,-0.495351114595,0.937303223325
0.786516853933,0.887640449438,0.250222787614,-0.543034986499,-0.476661876934,0.895394910852
0.797752808989,0.887640449438,0.23965581216,-0.518847479222,-0.456552658585,0.853262554525
0.808988764045,0.887640449438,0.228750185177,-0.493475234403,-0.435649573895,0.810735526097
0.820224719101,0.887640449438,0.217508981666,-0.4670781275,-0.414119619535,0.767341359681
0.831460674157,0.887640449438,0.206033902135,-0.439795331152,-0.391417646539,0.722614357147
0.842696629213,0.887640449438,0.194451924105,-0.411745450587,-0.367500066749,0.676554979304
0.85393258427,0.887640449438,0.182816564957,-0.383073896203,-0.342863473758,0.629815484232
0.865168539326,0.887640449438,0.171048685322,-0.353987206621,-0.317663185405,0.583270668779
0.876404494382,0.887640449438,0.158956514263,-0.324733085208,-0.291754912034,0.537343637554
0.887640449438,0.887640449438,0.146329280318,-0.29552098478,-0.265255807773,0.491741515384
0.898876404494,0.887640449438,0.133045797533,-0.266433955367,-0.238344692533,0.445753960917
0.910112359551,0.887640449438,0.119124590579,-0.237410304468,-0.210893925639,0.398753932659
0.921348314607,0.887640449438,0.104694718301,-0.208313113906,-0.183021031455,0.350501901713
0.932584269663,0.887640449438,0.0899238238651,-0.179035322832,-0.155723034309,0.301192129193
0.943820224719,0.887640449438,0.0749526464444,-0.149570966135,-0.129913727887,0.25140941443
0.955056179775,0.887640449438,0.0598707368934,-0.119996927376,-0.10492270593,0.201904635358
0.966292134831,0.887640449438,0.0447419110558,-0.0903671520709,-0.0794243121498,0.153004983055
0.977528089888,0.887640449438,0.0296440915794,-0.060615080457,-0.0532103734163,0.104046816674
0.988764044944,0.887640449438,0.0146833068468,-0.0305607718783,-0.0266727967307,0.0535152920031
1,0.887640449438,5.02507003248e-17,-1.07097074329e-16,-9.24578477873e-17,1.91530513662e-16
0,0.898876404494,0,0,0,0
0.0112359550562,0.898876404494,0.0135428457297,-0.0255551893061,0.0324579709778,0.0523966675194
0.0224719101124,0.898876404494,0.0270013660711,-0.0510729022888,0.0652071739962,0.104410097761
0.0337078651685,0.898876404494,0.0400878373314,-0.0768321327329,0.0982079494341,0.15650618037
0.0449438202247,0.898876404494,0.052717152009,-0.102866080084,0.131288160646,0.208864771116
0.0561797752809,0.898876404494,0.0649502577581,-0.129003166735,0.164256750469,0.261847502485
0.0674157303371,0.898876404494,0.0768977231534,-0.154965447482,0.197272498602,0.315775391095
0.0786516853933,0.898876404494,0.0886623172061,-0.180452672017,0.230729339063,0.37030929314
0.0898876404494,0.898876404494,0.100339176622,-0.205206198396,0.26441111021,0.424414818213
0.101123595506,0.898876404494,0.112021060054,-0.229096225456,0.297132399808,0.477148159587
0.112359550562,0.898876404494,0.123771155365,-0.252194493458,0.327918166024,0.52830382545
0.123595505618,0.898876404494,0.135587300988,-0.274738940291,0.356882419744,0.578305132376
0.134831460674,0.898876404494,0.147398242396,-0.296988719874,0.384265747895,0.627709362759
0.14606741573,0.898876404494,0.159091167367,-0.319084657377,0.409897098035,0.676674997201
0.157303370787,0.898876404494,0.17054524935,-0.341027590144,0.434045971998,0.724642672743
0.168539325843,0.898876404494,0.181663735547,-0.362779567485,0.457448997852,0.770662291726
0.179775280899,0.898876404494,0.192398733971,-0.384389134844,0.480263973296,0.814251564248
0.191011235955,0.898876404494,0.20275256116,-0.406017669994,0.502311405261,0.855941248526
0.202247191011,0.898876404494,0.212771638782,-0.427791092159,0.524152164798,0.89686625379
0.213483146067,0.898876404494,0.222559844363,-0.449547994312,0.546011191472,0.937737060658
0.224719101124,0.898876404494,0.23227131614,-0.470748123895,0.566935096025,0.978243108648
0.23595505618,0.898876404494,0.24202834932,-0.490740733981,0.586822252567,1.01745410825
0.247191011236,0.898876404494,0.251808840247,-0.509214311998,0.606615103879,1.05461776998
0.258426966292,0.898876404494,0.261400797902,-0.526449098619,0.62687155459,1.08959164691
0.269662921348,0.898876404494,0.270467584465,-0.54320529305,0.646050569894,1.12276829702
0.280898876404,0.898876404494,0.278716666419,-0.560333981618,0.658110753129,1.1546681162
0.292134831461,0.898876404494,0.286122079963,-0.5782933619,0.664199744502,1.18567659224
0.303370786517,0.898876404494,0.292993804866,-0.596891353833,0.672785830227,1.21562689052
0.314606741573,0.898876404494,0.299678559411,-0.615553462548,0.678097536573,1.24348798872
0.325842696629,0.898876404494,0.306205989138,-0.63379266712,0.677612338646,1.2685366223
0.337078651685,0.898876404494,0.312358576568,-0.651318962834,0.678416571535,1.29101887461
0.348314606742,0.898876404494,0.317983734871,-0.667884525912,0.681016299586,1.31165802101
0.359550561798,0.898876404494,0.323113998654,-0.683214228681,0.67874429488,1.33112663397
0.370786516854,0.898876404494,0.327754753711,-0.697159681143,0.669023526383,1.34975176912
0.38202247191,0.898876404494,0.33161563974,-0.709895866918,0.658285780136,1.36743957612
0.393258426966,0.898876404494,0.334364072842,-0.721628294185,0.650042887405,1.3836079948
0.404494382022,0.898876404494,0.336249721698,-0.731978374557,0.6220869701,1.3969729409
0.415730337079,0.898876404494,0.337992087583,-0.740213140159,0.546269389151,1.40643708563
0.426966292135,0.898876404494,0.339798240265,-0.74637533311,0.472785697374,1.41348289289
0.438202247191,0.898876404494,0.341193837522,-0.751365172254,0.44870401345,1.41987238859
0.449438202247,0.898876404494,0.341956513517,-0.755734143752,0.325474906913,1.42231720763
0.460674157303,0.898876404494,0.342285109083,-0.759458316636,0.159695539169,1.42253873786
0.47191011236,0.898876404494,0.342346592415,-0.762525091402,0.0779771288263,1.42400133974
0.483146067416,0.898876404494,0.342216489585,-0.765052757552,0.0599520425203,1.4260583364
0.494382022472,0.898876404494,0.342067819097,-0.767040703431,-0.0234250404818,1.4246151986
0.505617977528,0.898876404494,0.342038410316,-0.768446083042,-0.169986319264,1.41870823097
0.516853932584,0.898876404494,0.341876628248,-0.76954170638,-0.24846322845,1.41127960888
0.52808988764,0.898876404494,0.34108761495,-0.77074702812,-0.259138149292,1.4026870698
0.539325842697,0.898876404494,0.339739228912,-0.771731418172,-0.339123455403,1.38988974286
0.550561797753,0.898876404494,0.33870511525,-0.7711839554,-0.47596375488,1.37332189184
0.561797752809,0.898876404494,0.338543148494,-0.768175116545,-0.525497053972,1.35705697748
0.573033707865,0.898876404494,0.338649404994,-0.76320222829,-0.529708514781,1.34130754421
0.584269662921,0.898876404494,0.338129643794,-0.757211135379,-0.541332088194,1.32605607885
0.595505617978,0.898876404494,0.337045873574,-0.750113666501,-0.559562258381,1.31144649413
0.606741573034,0.898876404494,0.335852255647,-0.741354537861,-0.572092549916,1.29659393415
0.61797752809,0.898876404494,0.33447947745,-0.730911512506,-0.578356715921,1.27987064679
0.629213483146,0.898876404494,0.33239815025,-0.719253977464,-0.58804795406,1.25998536591
0.640449438202,0.898876404494,0.329162176152,-0.706820917068,-0.60117526579,1.23703839629
0.651685393258,0.898876404494,0.324656689923,-0.693822157092,-0.600964363494,1.21239839633
0.662921348315,0.898876404494,0.318976173938,-0.68037052459,-0.589798889453,1.18690065803
0.674157303371,0.898876404494,0.312300528918,-0.666529833955,-0.579228723368,1.16041255223
0.685393258427,0.898876404494,0.304845620767,-0.652272395637,-0.566365506993,1.13257096556
0.696629213483,0.898876404494,0.296826859027,-0.637488202297,-0.554081225111,1.10296084954
0.707865168539,0.898876404494,0.288436864773,-0.622046946964,-0.543317176893,1.07168985069
0.719101123596,0.898876404494,0.279815890498,-0.605887180958,-0.530911976325,1.03920236349
0.730337078652,0.898876404494,0.271027957144,-0.589065614158,-0.515623313872,1.0057238204
0.741573033708,0.898876404494,0.262088904965,-0.571690563819,-0.498452291588,0.971156080283
0.752808988764,0.898876404494,0.25302979254,-0.553773634518,-0.480855320541,0.93531245601
0.76404494382,0.898876404494,0.243902803986,-0.535159237134,-0.463848652201,0.898151928387
0.775280898876,0.898876404494,0.234699839901,-0.515626531254,-0.447363590941,0.859886723106
0.786516853933,0.898876404494,0.225312750265,-0.495027297821,-0.430209664154,0.820932400416
0.797752808989,0.898876404494,0.215607041057,-0.473324143226,-0.41184215544,0.781668131508
0.808988764045,0.898876404494,0.205520949381,-0.450557313835,-0.392871966567,0.742156870167
0.820224719101,0.898876404494,0.195113531313,-0.426789961114,-0.373435705317,0.702061310753
0.831460674157,0.898876404494,0.184545907559,-0.402068247699,-0.353005399138,0.660903223698
0.842696629213,0.898876404494,0.173993127867,-0.376447413734,-0.331473395452,0.618579595638
0.85393258427,0.898876404494,0.163526086613,-0.350070531775,-0.309201857851,0.57564342353
0.865168539326,0.898876404494,0.153047759562,-0.323207683163,-0.286286980434,0.532946390099
0.876404494382,0.898876404494,0.142335329172,-0.296193888152,-0.262629054685,0.490952569171
0.887640449438,0.898876404494,0.131155723435,-0.269300212694,-0.238409986854,0.449390834977
0.898876404494,0.898876404494,0.119371997881,-0.24263139277,-0.213861224668,0.407490716584
0.910112359551,0.898876404494,0.106982719015,-0.216119331094,-0.188905199382,0.364520293565
0.921348314607,0.898876404494,0.0940947756092,-0.189605723544,-0.163662340987,0.320202717106
0.932584269663,0.898876404494,0.0808632499983,-0.16295456325,-0.13904136114,0.274814767247
0.943820224719,0.898876404494,0.0674308574602,-0.136130877072,-0.115875691839,0.229060918707
0.955056179775,0.898876404494,0.0538927877149,-0.109196208668,-0.0935594510985,0.183744491075
0.966292134831,0.898876404494,0.0403055358707,-0.0822149346972,-0.0708652122701,0.1391789526
0.977528089888,0.898876404494,0.0267255242063,-0.0551464068859,-0.0475414851468,0.0946894249355
0.988764044944,0.898876404494,0.013242067834,-0.0278195303104,-0.0238776913865,0.0487752253464
1,0.898876404494,4.52924978262e-17,-9.76255263395e-17,-8.29662354961e-17,1.75012116507e-16
0,0.910112359551,0,0,0,0
0.0112359550562,0.910112359551,0.0120992868267,-0.0230233504916,0.0286485071876,0.0480112952212
0.0224719101124,0.910112359551,0.0240979168171,-0.0460417331692,0.0575313646528,0.0956139960104
0.0337078651685,0.910112359551,0.0357526053645,-0.0692556005047,0.0866760618918,0.143227392048
0.0449438202247,0.910112359551,0.0470035181383,-0.0926471034079,0.115996897818,0.190966305922
0.0561797752809,0.910112359551,0.0579140856606,-0.11603209399,0.145397654604,0.239040697484
0.0674157303371,0.910112359551,0.0685809118851,-0.139159257567,0.175073045826,0.287599845496
0.0786516853933,0.910112359551,0.0790886501377,-0.161786132081,0.20535511375,0.336284196131
0.0898876404494,0.910112359551,0.0895189446147,-0.183726793227,0.235934024902,0.384291974648
0.101123595506,0.910112359551,0.0999596157965,-0.204910313214,0.265575532922,0.431048338281
0.112359550562,0.910112359551,0.110477500488,-0.22542390128,0.293255978959,0.476627616231
0.123595505618,0.910112359551,0.121077569996,-0.245474035784,0.319029336541,0.521523126474
0.134831460674,0.910112359551,0.131691959396,-0.265272129038,0.34319779182,0.566197597256
0.14606741573,0.910112359551,0.142204983655,-0.284933152425,0.365768125306,0.610689629216
0.157303370787,0.910112359551,0.152488835618,-0.30446734291,0.387106415074,0.654390864063
0.168539325843,0.910112359551,0.162435691074,-0.32386670189,0.40790021356,0.696316366803
0.179775280899,0.910112359551,0.171982194658,-0.3432076835,0.428240585092,0.735846395929
0.191011235955,0.910112359551,0.181117733015,-0.362665253005,0.447886774671,0.773308562877
0.202247191011,0.910112359551,0.189887662125,-0.382369856415,0.467249076179,0.809774028638
0.213483146067,0.910112359551,0.198410686248,-0.402167685488,0.486438212481,0.846153945404
0.224719101124,0.910112359551,0.206872910042,-0.421523843567,0.504560118009,0.88246490631
0.23595505618,0.910112359551,0.215441044932,-0.439768327235,0.521605041735,0.917977946255
0.247191011236,0.910112359551,0.224131529133,-0.456539419888,0.538645673601,0.951917374776
0.258426966292,0.910112359551,0.2327474836,-0.47205445862,0.556456809496,0.983967000091
0.269662921348,0.910112359551,0.240949134688,-0.487013221215,0.573878308455,1.01430146765
0.280898876404,0.910112359551,0.248440127877,-0.502214102461,0.58561561957,1.04326300851
0.292134831461,0.910112359551,0.255186327165,-0.518092552167,0.592408784369,1.07113891299
0.303370786517,0.910112359551,0.261459975593,-0.534503407417,0.601271760794,1.09779661113
0.314606741573,0.910112359551,0.267551743902,-0.550979663223,0.606870572033,1.12241439048
0.325842696629,0.910112359551,0.273473312532,-0.567128670686,0.606863670293,1.1445157976
0.337078651685,0.910112359551,0.279039163731,-0.582705550238,0.607377357653,1.1645078199
0.348314606742,0.910112359551,0.284132293267,-0.59748883558,0.608830606069,1.18311126768
0.359550561798,0.910112359551,0.288795711636,-0.611236692858,0.605576663448,1.20080724382
0.370786516854,0.910112359551,0.293042959954,-0.623821526396,0.595780098591,1.21769237116
0.38202247191,0.910112359551,0.296612815389,-0.635402181075,0.585472391815,1.23360353021
0.393258426966,0.910112359551,0.299179853776,-0.646167711214,0.577835240395,1.24810852716
0.404494382022,0.910112359551,0.300940289915,-0.655751195146,0.553111169687,1.26020788069
0.415730337079,0.910112359551,0.302576349798,-0.663373484915,0.486364179974,1.26899119117
0.426966292135,0.910112359551,0.304350669211,-0.668914025019,0.421853458157,1.27571284837
0.438202247191,0.910112359551,0.305822061702,-0.673164724525,0.400827406972,1.28182233807
0.449438202247,0.910112359551,0.306691188895,-0.676745102874,0.292460583013,1.28433041537
0.460674157303,0.910112359551,0.307072077653,-0.679746354388,0.14726509449,1.28466348658
0.47191011236,0.910112359551,0.307103033778,-0.682217244678,0.0775634188309,1.28578539708
0.483146067416,0.910112359551,0.306860458316,-0.684293494327,0.0657718633174,1.28712590109
0.494382022472,0.910112359551,0.30650848047,-0.685986353861,-0.00347578867044,1.28521295304
0.505617977528,0.910112359551,0.306180230239,-0.687247089131,-0.133511813759,1.27936310462
0.516853932584,0.910112359551,0.305687785525,-0.688264750143,-0.208668698362,1.27239846195
0.52808988764,0.910112359551,0.304675938438,-0.689309993656,-0.22349131462,1.26480354569
0.539325842697,0.910112359551,0.303295285011,-0.690008020967,-0.297558172077,1.25375811571
0.550561797753,0.910112359551,0.302294817013,-0.689278541559,-0.420478640429,1.23937679364
0.561797752809,0.910112359551,0.302079449491,-0.686463723482,-0.465417441507,1.22504401334
0.573033707865,0.910112359551,0.302152651763,-0.682004910785,-0.469901070976,1.21089238118
0.584269662921,0.910112359551,0.301732949144,-0.676739431285,-0.480707358341,1.19707902145
0.595505617978,0.910112359551,0.300815755725,-0.670635524952,-0.497206441918,1.18398842289
0.606741573034,0.910112359551,0.299844191402,-0.663104813361,-0.508408232383,1.1709517592
0.61797752809,0.910112359551,0.2988020858,-0.654007381814,-0.51349602108,1.15644668278
0.629213483146,0.910112359551,0.297170365627,-0.643739930507,-0.520982166622,1.13912161235
0.640449438202,0.910112359551,0.294454256943,-0.632739605246,-0.531256738024,1.11884367795
0.651685393258,0.910112359551,0.290505593956,-0.621213584171,-0.529941775672,1.09669954843
0.662921348315,0.910112359551,0.285438438916,-0.609238543432,-0.519364938131,1.07344473053
0.674157303371,0.910112359551,0.27946120074,-0.596854597673,-0.509796028146,1.04906813137
0.685393258427,0.910112359551,0.272789612891,-0.584049312415,-0.498688749558,1.02336021569
0.696629213483,0.910112359551,0.265630491488,-0.570729572589,-0.488574017541,0.996034120621
0.707865168539,0.910112359551,0.258186671933,-0.556751696676,-0.480186735191,0.967263772133
0.719101123596,0.910112359551,0.250613649811,-0.542036703567,-0.470442189315,0.937564728341
0.730337078652,0.910112359551,0.242964023584,-0.526664870536,-0.457974583893,0.907279903405
0.741573033708,0.910112359551,0.235210442657,-0.510813881083,-0.443521630738,0.876387550523
0.752808988764,0.910112359551,0.227329710731,-0.494578547809,-0.428286823802,0.844618040135
0.76404494382,0.910112359551,0.219326407613,-0.477872335194,-0.413171720429,0.811682184721
0.775280898876,0.910112359551,0.211160893299,-0.460513168475,-0.398239575146,0.777510882848
0.786516853933,0.910112359551,0.202715508321,-0.442349872467,-0.382623656502,0.742368171749
0.797752808989,0.910112359551,0.193866586155,-0.423301118097,-0.365985239886,0.706671913689
0.808988764045,0.910112359551,0.184578684547,-0.4033347611,-0.348917963709,0.670632080213
0.820224719101,0.910112359551,0.174950700386,-0.38242912732,-0.331541845564,0.634045786952
0.831460674157,0.910112359551,0.165194470025,-0.360548173862,-0.313363819374,0.596502294559
0.842696629213,0.910112359551,0.155534835077,-0.337685759771,-0.294227542838,0.557905306012
0.85393258427,0.910112359551,0.146070818775,-0.313967963846,-0.274381984152,0.518792871405
0.865168539326,0.910112359551,0.136703240671,-0.289697868439,-0.253886106352,0.480024408266
0.876404494382,0.910112359551,0.127193240774,-0.265262960247,-0.232683075157,0.4420879054
0.887640449438,0.910112359551,0.117294955531,-0.240971234014,-0.210981983761,0.404699771408
0.898876404494,0.910112359551,0.106859427836,-0.216942608182,-0.189013759597,0.367021467288
0.910112359551,0.910112359551,0.0958655332757,-0.193113925568,-0.166713092828,0.328248190972
0.921348314607,0.910112359551,0.0843952477666,-0.169328512801,-0.144191701776,0.288095120108
0.932584269663,0.910112359551,0.0725840710711,-0.145447753925,-0.122278771484,0.246901337218
0.943820224719,0.910112359551,0.0605666224015,-0.121429957946,-0.101749274103,0.205430410536
0.955056179775,0.910112359551,0.0484370780819,-0.0973332513804,-0.0820895300202,0.16448926532
0.966292134831,0.910112359551,0.0362481308102,-0.0732309499102,-0.0621938510818,0.124385506739
0.977528089888,0.910112359551,0.0240461272634,-0.0491000980638,-0.0417781798668,0.0845083383199
0.988764044944,0.910112359551,0.0119130542316,-0.0247758766406,-0.0210275273216,0.0434920754842
1,0.910112359551,4.07000338554e-17,-8.70498606446e-17,-7.32597510416e-17,1.56035914367e-16
0,0.921348314607,0,0,0,0
0.0112359550562,0.921348314607,0.010638325588,-0.0203468711645,0.0249721307207,0.0434979946996
0.0224719101124,0.921348314607,0.0211640282347,-0.0407269421448,0.0501308061487,0.0866069304993
0.0337078651685,0.921348314607,0.0313824762279,-0.0612724575159,0.0755381075306,0.129657350745
0.0449438202247,0.921348314607,0.0412619261495,-0.081921241546,0.101176902115,0.172647465744
0.0561797752809,0.921348314607,0.0508701276336,-0.102478654808,0.127030566895,0.215587768014
0.0674157303371,0.921348314607,0.0602918233511,-0.12271396519,0.153312011635,0.258429203553
0.0786516853933,0.921348314607,0.0695931485254,-0.14242952084,0.180284295298,0.300811035275
0.0898876404494,0.921348314607,0.0788353862128,-0.161498860645,0.207561227163,0.342231393335
0.101123595506,0.921348314607,0.0880879765279,-0.179904038941,0.233894087017,0.382561618043
0.112359550562,0.921348314607,0.0974068237292,-0.197752439659,0.258241971726,0.422195317418
0.123595505618,0.921348314607,0.106796068444,-0.215230206349,0.280615437858,0.461687803711
0.134831460674,0.921348314607,0.116193170155,-0.232510243889,0.301382285728,0.501375372639
0.14606741573,0.921348314607,0.125487186308,-0.24968369746,0.320729023538,0.541143259223
0.157303370787,0.921348314607,0.134550313239,-0.266765452406,0.339123551966,0.580318772507
0.168539325843,0.921348314607,0.143268058945,-0.283769260089,0.357206287583,0.617912908801
0.179775280899,0.921348314607,0.151564591188,-0.30079173798,0.374994883712,0.653250834114
0.191011235955,0.921348314607,0.159418346871,-0.318017339085,0.392183111403,0.686532417533
0.202247191011,0.921348314607,0.166874780463,-0.33558149183,0.409044336173,0.718745542135
0.213483146067,0.921348314607,0.174068223435,-0.353343207409,0.425605656793,0.750870041274
0.224719101124,0.921348314607,0.181216639497,-0.370784624893,0.44105846737,0.783092321422
0.23595505618,0.921348314607,0.188530363503,-0.387233808359,0.455477053454,0.814800325091
0.247191011236,0.921348314607,0.196066549636,-0.402292807566,0.470008633127,0.845200797269
0.258426966292,0.921348314607,0.203651863306,-0.416115127118,0.485559922627,0.873865182863
0.269662921348,0.921348314607,0.210953129727,-0.429324211689,0.501292087324,0.900842600163
0.280898876404,0.921348314607,0.217669053421,-0.442648654452,0.512659508433,0.926401575066
0.292134831461,0.921348314607,0.223739516526,-0.456494645434,0.520044507038,0.950815433867
0.303370786517,0.921348314607,0.229377868868,-0.470760154019,0.529032896427,0.97401943647
0.314606741573,0.921348314607,0.234814313344,-0.485069072374,0.534690931103,0.995369126315
0.325842696629,0.921348314607,0.240053202827,-0.499102095819,0.534872950723,1.01453991333
0.337078651685,0.921348314607,0.244953080996,-0.512652325554,0.534840332583,1.03198391419
0.348314606742,0.921348314607,0.249444279808,-0.525529441601,0.53499420543,1.04836833778
0.359550561798,0.921348314607,0.253595061567,-0.537529163837,0.530691404596,1.06403935845
0.370786516854,0.921348314607,0.257440087108,-0.548547099806,0.520805920886,1.07897075847
0.38202247191,0.921348314607,0.260749211864,-0.558736524283,0.511003485913,1.09300104728
0.393258426966,0.921348314607,0.263197398378,-0.568289502457,0.50411712791,1.10584175212
0.404494382022,0.921348314607,0.26491605155,-0.57687647363,0.482601931802,1.11671607772
0.415730337079,0.921348314607,0.266520482467,-0.583718713706,0.424534672092,1.12483913744
0.426966292135,0.921348314607,0.268297517118,-0.588578021435,0.368453003644,1.13120875012
0.438202247191,0.921348314607,0.269856180132,-0.592122842772,0.350340984113,1.13695218366
0.449438202247,0.921348314607,0.270861686117,-0.594992176067,0.256861279064,1.13936280079
0.460674157303,0.921348314607,0.271358551926,-0.597368195868,0.132479830074,1.13960484851
0.47191011236,0.921348314607,0.271448876428,-0.599355857493,0.0753093225304,1.14022802487
0.483146067416,0.921348314607,0.271194380908,-0.601105867598,0.0698742608417,1.14081320148
0.494382022472,0.921348314607,0.270735655824,-0.602636439139,0.0144518379143,1.13854198068
0.505617977528,0.921348314607,0.270197723315,-0.603880526826,-0.0986112156111,1.13300135812
0.516853932584,0.921348314607,0.269461959399,-0.604929437164,-0.169501771887,1.12682685367
0.52808988764,0.921348314607,0.268308818429,-0.605907254495,-0.187807294738,1.12057355329
0.539325842697,0.921348314607,0.266952011122,-0.60641261366,-0.255526306056,1.11162554687
0.550561797753,0.921348314607,0.266019744048,-0.605578923771,-0.364150230762,1.09975179783
0.561797752809,0.921348314607,0.265782920072,-0.602981542702,-0.404308207879,1.0875879229
0.573033707865,0.921348314607,0.265833860401,-0.599014995679,-0.409143405436,1.07511087317
0.584269662921,0.921348314607,0.265514562841,-0.59439462684,-0.419349440402,1.0625756733
0.595505617978,0.921348314607,0.264755169246,-0.589156840169,-0.434353092496,1.05060488901
0.606741573034,0.921348314607,0.263955067102,-0.582744765728,-0.444472924907,1.03887801541
0.61797752809,0.921348314607,0.263144228268,-0.574944201042,-0.44869086875,1.02619748877
0.629213483146,0.921348314607,0.261845429836,-0.566076347722,-0.454281248481,1.01132983242
0.640449438202,0.921348314607,0.259556578077,-0.556547580882,-0.461889228922,0.993919866824
0.651685393258,0.921348314607,0.256106952056,-0.5465466896,-0.45949772344,0.974604518333
0.662921348315,0.921348314607,0.251604869732,-0.536122813854,-0.449434973036,0.953838689561
0.674157303371,0.921348314607,0.246257287495,-0.525303139394,-0.440710643453,0.931607320922
0.685393258427,0.921348314607,0.240273402114,-0.514084380625,-0.43111348916,0.907874366876
0.696629213483,0.921348314607,0.233865114053,-0.502375788376,-0.422875521809,0.882598459885
0.707865168539,0.921348314607,0.227261006871,-0.490012333403,-0.416592319086,0.856156597822
0.719101123596,0.921348314607,0.220642740553,-0.476892767272,-0.409292290568,0.829226318251
0.730337078652,0.921348314607,0.214062270588,-0.463107306367,-0.399489403102,0.802284387358
0.741573033708,0.921348314607,0.207459484309,-0.448882554784,-0.387665423083,0.775353080614
0.752808988764,0.921348314607,0.200762676426,-0.434382520656,-0.374784668447,0.748053339658
0.76404494382,0.921348314607,0.193931482682,-0.419587334521,-0.361628357044,0.719852229562
0.775280898876,0.921348314607,0.186896830391,-0.404359759191,-0.348351984135,0.690403551585
0.786516853933,0.921348314607,0.17952857733,-0.388558641775,-0.334359284661,0.659772037975
0.797752808989,0.921348314607,0.171700264075,-0.372078228841,-0.319484773729,0.628306224289
0.808988764045,0.921348314607,0.163379286198,-0.354838305233,-0.304308615368,0.596253046373
0.820224719101,0.921348314607,0.154677431699,-0.336758997593,-0.288961577994,0.563502593505
0.831460674157,0.921348314607,0.145834612461,-0.317746571462,-0.273010257659,0.529756981984
0.842696629213,0.921348314607,0.137113848385,-0.297746910424,-0.256266723241,0.495018248884
0.85393258427,0.921348314607,0.128646322149,-0.276860244455,-0.238886368835,0.45988551251
0.865168539326,0.921348314607,0.120348697549,-0.255390097742,-0.220906749063,0.425249160285
0.876404494382,0.921348314607,0.111987682294,-0.233735555846,-0.202309010219,0.391600659074
0.887640449438,0.921348314607,0.10332003014,-0.212211191937,-0.183301074198,0.358617820462
0.898876404494,0.921348314607,0.0941933176502,-0.190939379924,-0.164078259427,0.325395159408
0.910112359551,0.921348314607,0.0845717900564,-0.169864189143,-0.144563769284,0.29107904762
0.921348314607,0.921348314607,0.0745143026835,-0.148842576725,-0.124851337909,0.255380614685
0.932584269663,0.921348314607,0.0641332482977,-0.127749611397,-0.10568988358,0.218655661174
0.943820224719,0.921348314607,0.0535471918358,-0.106552193546,-0.0877997161701,0.181657443426
0.955056179775,0.921348314607,0.0428430370605,-0.0853138638629,-0.0707674705913,0.145155303021
0.966292134831,0.921348314607,0.0320714144957,-0.0641165931638,-0.0536227226251,0.109469753457
0.977528089888,0.921348314607,0.0212762182003,-0.0429520362398,-0.0360655790877,0.0741312306659
0.988764044944,0.921348314607,0.0105357058554,-0.0216675831599,-0.0181911696649,0.0380181067511
1,0.921348314607,3.59456327196e-17,-7.61741747303e-17,-6.35506773066e-17,1.3597234118e-16
0,0.932584269663,0,0,0,0
0.0112359550562,0.932584269663,0.00908679974432,-0.0176302501921,0.0214081538579,0.038580293965
0.0224719101124,0.932584269663,0.0180638029271,-0.0353169387671,0.0429659744266,0.0768139831189
0.0337078651685,0.932584269663,0.0267826922366,-0.0531394724298,0.064746988532,0.114958513841
0.0449438202247,0.932584269663,0.0352346371304,-0.0710083789981,0.0867822215714,0.152909064563
0.0561797752809,0.932584269663,0.043487467868,-0.0887315109501,0.109109577085,0.190486447984
0.0674157303371,0.932584269663,0.0516131887758,-0.106101730989,0.131935511809,0.22745574732
0.0786516853933,0.932584269663,0.0596596987878,-0.122958023303,0.155450685964,0.263464575677
0.0898876404494,0.932584269663,0.0676654175453,-0.139218549258,0.179225181944,0.298289968258
0.101123595506,0.932584269663,0.0756745430132,-0.154905343727,0.20205182928,0.332188122343
0.112359550562,0.932584269663,0.0837239169088,-0.170142086907,0.222919980575,0.365801188197
0.123595505618,0.932584269663,0.0918132580001,-0.18510024781,0.241809711091,0.39970552963
0.134831460674,0.932584269663,0.0998891444805,-0.199923018959,0.259130861919,0.434110186973
0.14606741573,0.932584269663,0.107853760014,-0.214682224027,0.275212908183,0.468771110743
0.157303370787,0.932584269663,0.115587739496,-0.22939405834,0.290602078834,0.502991962842
0.168539325843,0.932584269663,0.122976934521,-0.244082956584,0.30589258642,0.535850839811
0.179775280899,0.932584269663,0.129939202388,-0.258849065957,0.321050944693,0.56671927313
0.191011235955,0.932584269663,0.136446310694,-0.273868752667,0.335740290635,0.595746617013
0.202247191011,0.932584269663,0.142543974285,-0.289270548877,0.350137012949,0.623816363883
0.213483146067,0.932584269663,0.148376696406,-0.304926750238,0.364220224776,0.651851133589
0.224719101124,0.932584269663,0.154182678639,-0.320354023063,0.377275440316,0.680061871276
0.23595505618,0.932584269663,0.160201117916,-0.334910224819,0.389414442837,0.707879360745
0.247191011236,0.932584269663,0.166521182741,-0.348191716733,0.401756489224,0.734500908003
0.258426966292,0.932584269663,0.172998195247,-0.36030005697,0.415223849123,0.759433637849
0.269662921348,0.932584269663,0.179319379934,-0.371774805686,0.42922530838,0.78266279563
0.280898876404,0.932584269663,0.185185927005,-0.383264059516,0.439973188618,0.804456401421
0.292134831461,0.932584269663,0.190504456248,-0.395144054455,0.447605163313,0.825150526583
0.303370786517,0.932584269663,0.195417783242,-0.407357515321,0.456387775104,0.844803319479
0.314606741573,0.932584269663,0.200094087242,-0.41960913062,0.461776530387,0.862953395523
0.325842696629,0.932584269663,0.204535183772,-0.431637148978,0.461839913227,0.879370410867
0.337078651685,0.932584269663,0.208646650967,-0.443261863545,0.46108156507,0.894444919251
0.348314606742,0.932584269663,0.212410780032,-0.454313993206,0.459955940165,0.908699370717
0.359550561798,0.932584269663,0.215931846165,-0.464610436293,0.454772205061,0.922331262439
0.370786516854,0.932584269663,0.219278797658,-0.474051197788,0.445005299342,0.935237018369
0.38202247191,0.932584269663,0.222261727801,-0.482773359596,0.435897875248,0.947295254381
0.393258426966,0.932584269663,0.22456028832,-0.490975761593,0.429897238164,0.95835793939
0.404494382022,0.932584269663,0.226237683894,-0.498390050511,0.411554776913,0.967841589663
0.415730337079,0.932584269663,0.227817273499,-0.504294299608,0.361839174891,0.975069498933
0.426966292135,0.932584269663,0.229575097166,-0.508399436462,0.313713709983,0.98080381924
0.438202247191,0.932584269663,0.231176534407,-0.511260067689,0.298369996894,0.98590437204
0.449438202247,0.932584269663,0.232290737353,-0.513492590516,0.219664290725,0.98800654751
0.460674157303,0.932584269663,0.232913933562,-0.51533694154,0.115923634424,0.988101842468
0.47191011236,0.932584269663,0.233110005242,-0.516938971223,0.0710833881146,0.988408678394
0.483146067416,0.932584269663,0.232916721864,-0.518453223937,0.0712626588729,0.988648932986
0.494382022472,0.932584269663,0.232445296709,-0.519892030166,0.0285647783089,0.986543385512
0.505617977528,0.932584269663,0.23181195145,-0.521159542801,-0.0672247845248,0.981797560024
0.516853932584,0.932584269663,0.230958903403,-0.522256728855,-0.132149152732,0.976691848794
0.52808988764,0.932584269663,0.229771339182,-0.523196957242,-0.152465216401,0.971747656236
0.539325842697,0.932584269663,0.228487996938,-0.523590833481,-0.213058494479,0.964589012028
0.550561797753,0.932584269663,0.227626982372,-0.522759468875,-0.307048422616,0.954757745716
0.561797752809,0.932584269663,0.227370579574,-0.520442018793,-0.342355740975,0.944271774277
0.573033707865,0.932584269663,0.227400864152,-0.516972777857,-0.347719860703,0.933048955041
0.584269662921,0.932584269663,0.227190345388,-0.512933770378,-0.357633185665,0.921464239358
0.595505617978,0.932584269663,0.226616355951,-0.508422188324,-0.371458192661,0.910357454042
0.606741573034,0.932584269663,0.226001117967,-0.502968228718,-0.380811967843,0.899766758666
0.61797752809,0.932584269663,0.225399415636,-0.496333774249,-0.384560051218,0.888869314046
0.629213483146,0.932584269663,0.224396238622,-0.488771599933,-0.388724156893,0.876595347495
0.640449438202,0.932584269663,0.22251972796,-0.480639706266,-0.394048579304,0.862355510829
0.651685393258,0.932584269663,0.219589321855,-0.472104133891,-0.390744388024,0.846259026039
0.662921348315,0.932584269663,0.215687536703,-0.463202093448,-0.38116701017,0.828361571388
0.674157303371,0.932584269663,0.210994425362,-0.453959975074,-0.373158650541,0.80858127633
0.685393258427,0.932584269663,0.205703156357,-0.444379358334,-0.364847690988,0.787051170691
0.696629213483,0.932584269663,0.200032641975,-0.434362463203,-0.358157207864,0.764010013721
0.707865168539,0.932584269663,0.19423796284,-0.423720170005,-0.353590345126,0.740073362574
0.719101123596,0.932584269663,0.188526989074,-0.412325173112,-0.348376323118,0.716081874834
0.730337078652,0.932584269663,0.182960435469,-0.400257188909,-0.340963303451,0.692609339163
0.741573033708,0.932584269663,0.17746482925,-0.387757241652,-0.331601569286,0.669688552527
0.752808988764,0.932584269663,0.171939814845,-0.375028952248,-0.321028111836,0.646854108117
0.76404494382,0.932584269663,0.166314869314,-0.362106630101,-0.309889251468,0.623416262024
0.775280898876,0.932584269663,0.160501099545,-0.348901697591,-0.298380511064,0.598847330982
0.786516853933,0.932584269663,0.154358266986,-0.335299102949,-0.286108339447,0.573045466802
0.797752808989,0.932584269663,0.147749136626,-0.321193324785,-0.273039771409,0.546237459114
0.808988764045,0.932584269663,0.140624819664,-0.306485815963,-0.259744964221,0.518616918951
0.820224719101,0.932584269663,0.133081781191,-0.291070556615,-0.246389107517,0.490105809104
0.831460674157,0.932584269663,0.125356035743,-0.274826821749,-0.232616148257,0.460514463645
0.842696629213,0.932584269663,0.117723464846,-0.257672678393,-0.218222803207,0.429973191503
0.85393258427,0.932584269663,0.110341129246,-0.23967867343,-0.203293974558,0.399164539709
0.865168539326,0.932584269663,0.103156252754,-0.221118676642,-0.187862646649,0.369002139897
0.876404494382,0.932584269663,0.0959637780511,-0.20236448802,-0.171945585817,0.339960297284
0.887640449438,0.932584269663,0.0885408159441,-0.18370911768,-0.155732922877,0.311676193201
0.898876404494,0.932584269663,0.0807427294899,-0.165264965167,-0.139366587193,0.283201421281
0.910112359551,0.932584269663,0.0725269854478,-0.146981762848,-0.122745150397,0.25365770156
0.921348314607,0.932584269663,0.0639336445198,-0.128734284276,-0.105932069057,0.222739715373
0.932584269663,0.932584269663,0.055050902446,-0.110418001197,-0.0895803812367,0.190763151428
0.943820224719,0.932584269663,0.0459762463128,-0.0920142936256,-0.0743387364014,0.158404953395
0.955056179775,0.932584269663,0.0367859364864,-0.0735931467714,-0.0598840562674,0.126364329864
0.966292134831,0.932584269663,0.0275306169508,-0.0552411844979,-0.0453889793603,0.0949915418726
0.977528089888,0.932584269663,0.0182556660523,-0.0369633027923,-0.0305639959385,0.0640153957312
0.988764044944,0.932584269663,0.0090334236994,-0.0186302444833,-0.0154454529708,0.0326344855092
1,0.932584269663,3.07825850454e-17,-6.54755644799e-17,-5.40852575381e-17,1.16001936543e-16
0,0.943820224719,0,0,0,0
0.0112359550562,0.943820224719,0.00750038664537,-0.0148402941168,0.0179043513138,0.0330667292294
0.0224719101124,0.943820224719,0.0149151742459,-0.0297316663026,0.0359334027987,0.0658483751628
0.0337078651685,0.943820224719,0.0221337093578,-0.044720811693,0.0541563735417,0.0985717301092
0.0449438202247,0.943820224719,0.0291587423193,-0.059714628558,0.0726293769204,0.13107795663
0.0561797752809,0.943820224719,0.0360494032504,-0.0745427071944,0.0914144597864,0.16304993767
0.0674157303371,0.943820224719,0.0428616945478,-0.0890299221111,0.110687105725,0.194115697121
0.0786516853933,0.943820224719,0.0496266170047,-0.103046906867,0.130569376648,0.223940197941
0.0898876404494,0.943820224719,0.0563624409737,-0.116540728965,0.150631767155,0.252498275918
0.101123595506,0.943820224719,0.0630891697135,-0.129555323792,0.169778338031,0.28027348276
0.112359550562,0.943820224719,0.0698237216723,-0.142219938599,0.187087799797,0.308008482347
0.123595505618,0.943820224719,0.0765611138711,-0.154691992192,0.202523247195,0.336233286463
0.134831460674,0.943820224719,0.0832595432626,-0.167092265528,0.216496737456,0.365045258722
0.14606741573,0.943820224719,0.089839667292,-0.179478294317,0.229416278194,0.394131635957
0.157303370787,0.943820224719,0.0961978637642,-0.1918642976,0.241857335104,0.422850213532
0.168539325843,0.943820224719,0.102229459348,-0.204272753759,0.254358567403,0.450439844172
0.179775280899,0.943820224719,0.107856509131,-0.21678721974,0.266864374421,0.476419875936
0.191011235955,0.943820224719,0.113052626012,-0.229553315108,0.279052599264,0.500952910404
0.202247191011,0.943820224719,0.117864789112,-0.242676456206,0.291045105427,0.524793263588
0.213483146067,0.943820224719,0.122436744683,-0.256043003999,0.302804261699,0.548702781993
0.224719101124,0.943820224719,0.12700364751,-0.269228435101,0.3137130124,0.572812711473
0.23595505618,0.943820224719,0.131805453705,-0.281662282842,0.32386977653,0.596562427
0.247191011236,0.943820224719,0.136945388405,-0.292974248293,0.334261089334,0.619173746517
0.258426966292,0.943820224719,0.142309816545,-0.303230911928,0.345714726799,0.640143260677
0.269662921348,0.943820224719,0.147623736306,-0.312882782405,0.357819126295,0.659434276859
0.280898876404,0.943820224719,0.152607811896,-0.322486261542,0.367550886194,0.677345713611
0.292134831461,0.943820224719,0.157141970758,-0.332383803788,0.374939216303,0.694306153944
0.303370786517,0.943820224719,0.161298673539,-0.34256340202,0.3830950343,0.710517375683
0.314606741573,0.943820224719,0.165184098313,-0.352807588669,0.387886083299,0.725694375965
0.325842696629,0.943820224719,0.168793062155,-0.362909240376,0.387613169692,0.739655633042
0.337078651685,0.943820224719,0.172067394457,-0.372714677018,0.386112274814,0.752649092457
0.348314606742,0.943820224719,0.175032041112,-0.382068489042,0.383938948303,0.76497399842
0.359550561798,0.943820224719,0.177825357753,-0.390791481976,0.3782697157,0.776653380165
0.370786516854,0.943820224719,0.180555913749,-0.398764993086,0.369016522788,0.787530946382
0.38202247191,0.943820224719,0.18308843467,-0.406084469618,0.360873945008,0.797551209567
0.393258426966,0.943820224719,0.185130786882,-0.412932908401,0.355871462341,0.806701048463
0.404494382022,0.943820224719,0.186694300601,-0.419103975659,0.340682961041,0.814564790169
0.415730337079,0.943820224719,0.188197950348,-0.423976784633,0.299153237957,0.820563042226
0.426966292135,0.943820224719,0.189874775062,-0.427277966598,0.258747340456,0.825260195801
0.438202247191,0.943820224719,0.191443210606,-0.429470160894,0.246135779589,0.829338913745
0.449438202247,0.943820224719,0.192607221818,-0.431114092464,0.182022404207,0.830879171871
0.460674157303,0.943820224719,0.193335621392,-0.432473786212,0.0983972018663,0.830803466416
0.47191011236,0.943820224719,0.193654512363,-0.433720135855,0.0650068600584,0.831054136051
0.483146067416,0.943820224719,0.193571657691,-0.435003736051,0.0693066745281,0.831435353694
0.494382022472,0.943820224719,0.193167160321,-0.436324327759,0.0375406857216,0.830044814062
0.505617977528,0.943820224719,0.192548614039,-0.437556850242,-0.0411085559446,0.826530224354
0.516853932584,0.943820224719,0.191703714893,-0.43863428545,-0.0981625005005,0.822646146394
0.52808988764,0.943820224719,0.19058058841,-0.439508947815,-0.118660487713,0.818768544098
0.539325842697,0.943820224719,0.189400830465,-0.439844633835,-0.171249068567,0.812820979248
0.550561797753,0.943820224719,0.188585689281,-0.439119835083,-0.250326909923,0.804309547914
0.561797752809,0.943820224719,0.188279972118,-0.437162707583,-0.280650194831,0.79485671588
0.573033707865,0.943820224719,0.188263796772,-0.434228161083,-0.28650798442,0.784478664295
0.584269662921,0.943820224719,0.188137339659,-0.43076670407,-0.296174206623,0.773706317269
0.595505617978,0.943820224719,0.187745840193,-0.426916969343,-0.308887008058,0.763531281575
0.606741573034,0.943820224719,0.187316455189,-0.422325722058,-0.317567731608,0.754263326923
0.61797752809,0.943820224719,0.186904719894,-0.416772274226,-0.321081095228,0.74538601829
0.629213483146,0.943820224719,0.186169002566,-0.410447747172,-0.324251121818,0.735958986773
0.640449438202,0.943820224719,0.184699787011,-0.403647040548,-0.32779055713,0.725166938997
0.651685393258,0.943820224719,0.182322467115,-0.396511203329,-0.323934748675,0.712627523115
0.662921348315,0.943820224719,0.179082024866,-0.389081740618,-0.315010385552,0.698021842762
0.674157303371,0.943820224719,0.1751112899,-0.381398611686,-0.307772487616,0.681186549294
0.685393258427,0.943820224719,0.170573262914,-0.373471190869,-0.300689352333,0.662377011537
0.696629213483,0.943820224719,0.165681682492,-0.365196887621,-0.295322999783,0.642050997839
0.707865168539,0.943820224719,0.160701490433,-0.356371613459,-0.292093132362,0.620995809543
0.719101123596,0.943820224719,0.155853717505,-0.34684574588,-0.288539900082,0.600146537695
0.730337078652,0.943820224719,0.151212037716,-0.336670014064,-0.283145131044,0.580123169873
0.741573033708,0.943820224719,0.146711351347,-0.326062258646,-0.275977860058,0.560971575637
0.752808988764,0.943820224719,0.142249473158,-0.315229130464,-0.267573175102,0.542220113064
0.76404494382,0.943820224719,0.137748096514,-0.304238407569,-0.258438213441,0.523160939824
0.775280898876,0.943820224719,0.133114968638,-0.293046793154,-0.248763504852,0.503221192511
0.786516853933,0.943820224719,0.128210340777,-0.281575552016,-0.238292828772,0.482203982013
0.797752808989,0.943820224719,0.122889686953,-0.269738634718,-0.227082879218,0.460203223445
0.808988764045,0.943820224719,0.117081941348,-0.257442878031,-0.215686904827,0.437301106059
0.820224719101,0.943820224719,0.110850004028,-0.244582074604,-0.204307703192,0.413395701589
0.831460674157,0.943820224719,0.104395486706,-0.231036144378,-0.192667975518,0.388371613028
0.842696629213,0.943820224719,0.0979740780332,-0.216718461787,-0.180564623312,0.362463167149
0.85393258427,0.943820224719,0.0917501779895,-0.201674882614,-0.168040302655,0.336403263423
0.865168539326,0.943820224719,0.0857052631771,-0.186131285187,-0.155141319993,0.31108812435
0.876404494382,0.943820224719,0.0796787219556,-0.170404184226,-0.141919455108,0.28695467306
0.887640449438,0.943820224719,0.0734838159248,-0.15474450387,-0.128540360665,0.263623306608
0.898876404494,0.943820224719,0.066995062157,-0.139246237457,-0.115089106784,0.240154357234
0.910112359551,0.943820224719,0.0601713394021,-0.123863386282,-0.101434968302,0.215679774267
0.921348314607,0.943820224719,0.053039058272,-0.108488801381,-0.0875972132053,0.189865070074
0.932584269663,0.943820224719,0.0456636995023,-0.093037590471,-0.074108432148,0.162934371307
0.943820224719,0.943820224719,0.0381213326673,-0.0775015961385,-0.0615172317512,0.135435003238
0.955056179775,0.943820224719,0.0304786045183,-0.0619485489214,-0.0495723058803,0.107968831203
0.966292134831,0.943820224719,0.022788365689,-0.0464601598362,-0.0375960523591,0.0809162218082
0.977528089888,0.943820224719,0.0150970519289,-0.0310524870027,-0.0253411870208,0.0542214268291
0.988764044944,0.943820224719,0.00746476436963,-0.0156310129466,-0.0128227851683,0.0274280932865
1,0.943820224719,2.5420015018e-17,-5.48685819586e-17,-4.49716158391e-17,9.66566432952e-17
0,0.955056179775,0,0,0,0
0.0112359550562,0.955056179775,0.00594633051969,-0.0119426198653,0.0144026816517,0.0269621931517
0.0224719101124,0.955056179775,0.0118475803746,-0.0239052946335,0.0289149157865,0.0537189112193
0.0337078651685,0.955056179775,0.0176197683174,-0.0359219810054,0.0435908374681,0.0804936642917
0.0449438202247,0.955056179775,0.0232651411559,-0.0479181716454,0.0584890139688,0.107123613967
0.0561797752809,0.955056179775,0.0288254982057,-0.0597626726737,0.0736678086155,0.133228916083
0.0674157303371,0.955056179775,0.0343378520588,-0.0713208282222,0.0892548970073,0.158377165483
0.0786516853933,0.955056179775,0.0398189250588,-0.082492080634,0.105315206071,0.182268299123
0.0898876404494,0.955056179775,0.0452733302682,-0.0932386916248,0.121465397639,0.204981000108
0.101123595506,0.955056179775,0.0507041616696,-0.103607427913,0.136788428019,0.227048326808
0.112359550562,0.955056179775,0.0561134264323,-0.113718173137,0.150511927104,0.24914956359
0.123595505618,0.955056179775,0.0614929459351,-0.123710313639,0.162597791398,0.271695634758
0.134831460674,0.955056179775,0.0668122580253,-0.133686698291,0.173418176544,0.294694945746
0.14606741573,0.955056179775,0.0720120654252,-0.143694072273,0.183384626688,0.317840556921
0.157303370787,0.955056179775,0.0770106208219,-0.153740236646,0.193037756835,0.340627805762
0.168539325843,0.955056179775,0.0817235459257,-0.163833203401,0.202839024448,0.362529794381
0.179775280899,0.955056179775,0.0860899968764,-0.174022605082,0.212730851655,0.383267825601
0.191011235955,0.955056179775,0.0900951869129,-0.18440539858,0.222440272867,0.403032969809
0.202247191011,0.955056179775,0.0937875290404,-0.195052230141,0.23206411627,0.422412657177
0.213483146067,0.955056179775,0.0972954538747,-0.205867928152,0.241571274046,0.441942251809
0.224719101124,0.955056179775,0.100821560984,-0.216514041187,0.250450459554,0.461635738871
0.23595505618,0.955056179775,0.104571784118,-0.226535126408,0.258756450364,0.480966676422
0.247191011236,0.955056179775,0.108640258104,-0.235633057284,0.267269800629,0.499252585327
0.258426966292,0.955056179775,0.112943306797,-0.243856535873,0.276650417079,0.516049855474
0.269662921348,0.955056179775,0.117260648391,-0.251562152999,0.2866205351,0.531334196143
0.280898876404,0.955056179775,0.121355356114,-0.259199811804,0.294912529067,0.545427476715
0.292134831461,0.955056179775,0.125100299901,-0.267064589182,0.301557374464,0.558817566001
0.303370786517,0.955056179775,0.128511390185,-0.275180361994,0.308688707789,0.571810252335
0.314606741573,0.955056179775,0.131638410479,-0.283403225745,0.312648404266,0.584258841836
0.325842696629,0.955056179775,0.134461576915,-0.291584572455,0.311987806111,0.595996935885
0.337078651685,0.955056179775,0.136940146527,-0.299605181492,0.309920392778,0.607100046261
0.348314606742,0.955056179775,0.139120589201,-0.307327756744,0.307107529601,0.617628385929
0.359550561798,0.955056179775,0.141157948065,-0.314574449729,0.301488525698,0.627443415638
0.370786516854,0.955056179775,0.143190630668,-0.321199832674,0.293228253499,0.636363171741
0.38202247191,0.955056179775,0.145147309386,-0.32723627746,0.286315663341,0.644400525295
0.393258426966,0.955056179775,0.146798483267,-0.332813246017,0.282352690659,0.65163984075
0.404494382022,0.955056179775,0.148136874378,-0.337763588511,0.270288491556,0.657783378584
0.415730337079,0.955056179775,0.149478574334,-0.341589908359,0.23692029006,0.662328164414
0.426966292135,0.955056179775,0.150990756193,-0.344083604431,0.20422808669,0.665678654494
0.438202247191,0.955056179775,0.152438066227,-0.345634656526,0.194384359895,0.668425420614
0.449438202247,0.955056179775,0.153578218554,-0.346723937556,0.144570852289,0.669175707755
0.460674157303,0.955056179775,0.154368173186,-0.347611357167,0.0802204499497,0.668843921662
0.47191011236,0.955056179775,0.154799148295,-0.348479704334,0.0568742621826,0.669114071842
0.483146067416,0.955056179775,0.154847116168,-0.349474113979,0.0633530762677,0.669827925804
0.494382022472,0.955056179775,0.154560712464,-0.350586823531,0.0403707193661,0.669364652281
0.505617977528,0.955056179775,0.154037192658,-0.351676155358,-0.0217379166197,0.66723333809
0.516853932584,0.955056179775,0.153294204048,-0.352634906517,-0.0692471889465,0.664588355331
0.52808988764,0.955056179775,0.152308308053,-0.353395761474,-0.0881071191797,0.661591589102
0.539325842697,0.955056179775,0.151253350988,-0.353701556223,-0.131804179781,0.656519781547
0.550561797753,0.955056179775,0.150465438798,-0.353157918564,-0.195652196398,0.64900236413
0.561797752809,0.955056179775,0.150089197927,-0.351622665652,-0.220622211311,0.640431528397
0.573033707865,0.955056179775,0.150004162899,-0.349260549243,-0.22652049551,0.630996754234
0.584269662921,0.955056179775,0.14992254376,-0.346408033029,-0.235516554775,0.621343811461
0.595505617978,0.955056179775,0.149677073576,-0.343227122488,-0.246752150118,0.612494334876
0.606741573034,0.955056179775,0.149402132802,-0.339484282826,-0.254491951322,0.60489914858
0.61797752809,0.955056179775,0.149138213913,-0.335000843406,-0.257736352325,0.598253974584
0.629213483146,0.955056179775,0.148622696788,-0.329909703664,-0.260220434016,0.591727503874
0.640449438202,0.955056179775,0.147532901014,-0.324429221899,-0.262534771579,0.584362004725
0.651685393258,0.955056179775,0.145717662117,-0.318670051973,-0.258693713051,0.575433478987
0.662921348315,0.955056179775,0.143183680497,-0.312686146839,-0.250838968163,0.564363409874
0.674157303371,0.955056179775,0.140006246332,-0.306539977849,-0.244643525714,0.550916509727
0.685393258427,0.955056179775,0.136304902487,-0.300254064569,-0.238906881207,0.535388562577
0.696629213483,0.955056179775,0.132267460042,-0.293732646749,-0.234773875625,0.518333041371
0.707865168539,0.955056179775,0.128140269457,-0.286777192663,-0.23256136646,0.500582602421
0.719101123596,0.955056179775,0.124135120235,-0.279229443103,-0.230224774454,0.483063421329
0.730337078652,0.955056179775,0.120335679808,-0.271102818253,-0.226407182063,0.466392191441
0.741573033708,0.955056179775,0.116700938247,-0.262564198462,-0.221073997122,0.450655224583
0.752808988764,0.955056179775,0.11314967578,-0.253791705993,-0.214604499492,0.435474096402
0.76404494382,0.955056179775,0.109616234335,-0.244864056538,-0.207378910236,0.420258471546
0.775280898876,0.955056179775,0.106021759475,-0.235772909184,-0.199550950677,0.404511063342
0.786516853933,0.955056179775,0.102241887736,-0.226476488323,-0.190946195528,0.388007794665
0.797752808989,0.955056179775,0.0981381347487,-0.216916846693,-0.181668956106,0.370720374434
0.808988764045,0.955056179775,0.0936261122643,-0.20701844326,-0.172234022662,0.352598633754
0.820224719101,0.955056179775,0.088733362221,-0.196688588755,-0.162861501514,0.333489433575
0.831460674157,0.955056179775,0.0836095762152,-0.185824891437,-0.153340869,0.313319221163
0.842696629213,0.955056179775,0.0784612726372,-0.174355491055,-0.143485774957,0.292377962421
0.85393258427,0.955056179775,0.07343466281,-0.162313963578,-0.13332606065,0.271385102846
0.865168539326,0.955056179775,0.0685359584732,-0.149875233041,-0.122934024133,0.251161180376
0.876404494382,0.955056179775,0.0636542888371,-0.137286998791,-0.112391548266,0.232087538054
0.887640449438,0.955056179775,0.0586497610174,-0.124746018911,-0.101836856922,0.213807934646
0.898876404494,0.955056179775,0.0534254235053,-0.112323202542,-0.0913041183857,0.195462521613
0.910112359551,0.955056179775,0.0479481001986,-0.099976934696,-0.080637617073,0.176243070208
0.921348314607,0.955056179775,0.0422347762738,-0.0876181113073,-0.0698050325348,0.155787264675
0.932584269663,0.955056179775,0.0363310858195,-0.0751779883048,-0.0591987848817,0.1341957962
0.943820224719,0.955056179775,0.0302943762449,-0.0626501706769,-0.0492424116631,0.111851193658
0.955056179775,0.955056179775,0.0241836716735,-0.0500877162227,-0.0397391341458,0.0892327686706
0.966292134831,0.955056179775,0.018052852882,-0.0375570793193,-0.0301660853978,0.0667282336207
0.977528089888,0.955056179775,0.0119450386486,-0.0250821561763,-0.0203449193706,0.0444676109387
0.988764044944,0.955056179775,0.00590270855982,-0.012608291615,-0.0102993611759,0.0223063362434
1,0.955056179775,2.01020773038e-17,-4.41787323134e-17,-3.61420537438e-17,7.78275037258e-17
0,0.966292134831,0,0,0,0
0.0112359550562,0.966292134831,0.00442060092507,-0.00898702180232,0.0108643568592,0.0204440682004
0.0224719101124,0.966292134831,0.00883763728361,-0.0179552417397,0.0218267204254,0.0407684007719
0.0337078651685,0.966292134831,0.0131856874131,-0.0269387552229,0.0329204657945,0.0611836507368
0.0449438202247,0.966292134831,0.0174595082759,-0.0358940838846,0.0441896656659,0.0815550671474
0.0561797752809,0.966292134831,0.0216802984572,-0.0447372414068,0.0556713447114,0.101521754373
0.0674157303371,0.966292134831,0.0258665923268,-0.0533773123523,0.0674411101107,0.120679164982
0.0786516853933,0.966292134831,0.0300247402832,-0.0617408128165,0.0795237444015,0.138786936844
0.0898876404494,0.966292134831,0.0341529568281,-0.0697968301566,0.0916189127315,0.155953224469
0.101123595506,0.966292134831,0.0382467189499,-0.0775806130275,0.103037852907,0.172624931545
0.112359550562,0.966292134831,0.0423006644652,-0.0851884485078,0.113202278211,0.189301768454
0.123595505618,0.966292134831,0.0463056916141,-0.0927347142605,0.12208629117,0.20623517745
0.134831460674,0.966292134831,0.0502408889497,-0.100304555205,0.129986628368,0.223377794896
0.14606741573,0.966292134831,0.0540663883971,-0.107934459909,0.137249764247,0.240491802112
0.157303370787,0.966292134831,0.0577265955709,-0.115621792709,0.144318655947,0.257256926634
0.168539325843,0.966292134831,0.0611657074313,-0.123353121706,0.151552105386,0.273389322866
0.179775280899,0.966292134831,0.0643482469851,-0.131138042146,0.158900420639,0.288789208556
0.191011235955,0.966292134831,0.0672748726432,-0.139021060787,0.166157627044,0.303638634514
0.202247191011,0.966292134831,0.0699917024016,-0.147037031523,0.173407891903,0.318323513974
0.213483146067,0.966292134831,0.0725986269929,-0.155114722221,0.180640137189,0.33314068908
0.224719101124,0.966292134831,0.0752431219178,-0.163019143086,0.187462950663,0.348013694722
0.23595505618,0.966292134831,0.0780709586664,-0.170437332239,0.193884061765,0.362514073069
0.247191011236,0.966292134831,0.0811480092823,-0.177169408268,0.200448804338,0.37613577307
0.258426966292,0.966292134831,0.0844156598017,-0.183260004827,0.207623093198,0.388563855638
0.269662921348,0.966292134831,0.0877174100099,-0.188970875249,0.215239977379,0.399812192235
0.280898876404,0.966292134831,0.0908773663867,-0.194633266037,0.221749845051,0.410190236422
0.292134831461,0.966292134831,0.0937852161445,-0.200475974522,0.227235727874,0.420164386817
0.303370786517,0.966292134831,0.0964241650804,-0.206538527565,0.233025783736,0.430058443233
0.314606741573,0.966292134831,0.0988030766437,-0.212736741872,0.236049812223,0.439808267635
0.325842696629,0.966292134831,0.100887989864,-0.218978200145,0.235135374725,0.449255686407
0.337078651685,0.966292134831,0.102641863684,-0.225184925989,0.232855970035,0.458342659699
0.348314606742,0.966292134831,0.104110033603,-0.231249112022,0.229926520004,0.466957324376
0.359550561798,0.966292134831,0.105436946769,-0.237009396201,0.224939659718,0.474866774235
0.370786516854,0.966292134831,0.106765652619,-0.24230951143,0.218143059291,0.481893055257
0.38202247191,0.966292134831,0.108082454133,-0.247119752337,0.212662896166,0.488085001283
0.393258426966,0.966292134831,0.109244664123,-0.251490959629,0.209686776323,0.49355035713
0.404494382022,0.966292134831,0.110257764752,-0.255270908724,0.200667786479,0.498047747383
0.415730337079,0.966292134831,0.111344565194,-0.258091300194,0.175488631931,0.501137722071
0.426966292135,0.966292134831,0.112598928709,-0.259829817349,0.150618061988,0.503098135787
0.438202247191,0.966292134831,0.113829186765,-0.260808419973,0.143512197821,0.504465511221
0.449438202247,0.966292134831,0.114855067073,-0.261409116962,0.107476367523,0.50437828958
0.460674157303,0.966292134831,0.115631859791,-0.261863395987,0.0612588639083,0.503719248829
0.47191011236,0.966292134831,0.116124660795,-0.262349803619,0.0462336754711,0.503889256635
0.483146067416,0.966292134831,0.116284762428,-0.263004593238,0.0529061470739,0.504767442688
0.494382022472,0.966292134831,0.116131733259,-0.263823273906,0.0367126323659,0.505033616331
0.505617977528,0.966292134831,0.115746944903,-0.264670395983,-0.00962184603729,0.50411839302
0.516853932584,0.966292134831,0.115163803642,-0.265427151405,-0.046280740397,0.502638334832
0.52808988764,0.966292134831,0.114368994563,-0.266030121135,-0.061880047862,0.500547696503
0.539325842697,0.966292134831,0.113478019249,-0.266304693554,-0.0958003609577,0.496505045533
0.550561797753,0.966292134831,0.112748902253,-0.265959133586,-0.144039439607,0.490310443021
0.561797752809,0.966292134831,0.112336654991,-0.264851353982,-0.16311482507,0.48313774388
0.573033707865,0.966292134831,0.112204212182,-0.263062899749,-0.168287018088,0.475282411396
0.584269662921,0.966292134831,0.112150967298,-0.260842378747,-0.17583653075,0.467381604585
0.595505617978,0.966292134831,0.112013030427,-0.258360983841,-0.184921172904,0.460348158214
0.606741573034,0.966292134831,0.111850273327,-0.255489716956,-0.191218043352,0.454658420497
0.61797752809,0.966292134831,0.111685002098,-0.252100449793,-0.193980149625,0.450160907848
0.629213483146,0.966292134831,0.111335632783,-0.248270976568,-0.195957555135,0.446172079943
0.640449438202,0.966292134831,0.110580100468,-0.244135981057,-0.197564966357,0.441753618456
0.651685393258,0.966292134831,0.109306490358,-0.239768080564,-0.194373257876,0.436064098157
0.662921348315,0.966292134831,0.107494140654,-0.235228100602,-0.188132094884,0.428427124093
0.674157303371,0.966292134831,0.105165105191,-0.230595667525,-0.183347764772,0.418560619472
0.685393258427,0.966292134831,0.102390403251,-0.225905421297,-0.179139317892,0.406714885731
0.696629213483,0.966292134831,0.0993127736708,-0.221080991022,-0.176218496048,0.393407592907
0.707865168539,0.966292134831,0.0961304695391,-0.215954537827,-0.174775674885,0.379385241088
0.719101123596,0.966292134831,0.0930206188886,-0.210381448045,-0.17325642268,0.365459259205
0.730337078652,0.966292134831,0.0900659932008,-0.204344847252,-0.170589562732,0.352189425333
0.741573033708,0.966292134831,0.0872530977164,-0.197951544547,-0.166723805979,0.339714181818
0.752808988764,0.966292134831,0.0845322448309,-0.191333164689,-0.161936455296,0.327809516044
0.76404494382,0.966292134831,0.0818613279009,-0.184561024599,-0.156501032055,0.316081179371
0.775280898876,0.966292134831,0.079185315521,-0.177647771832,-0.150515401846,0.30417536555
0.786516853933,0.966292134831,0.0764080302361,-0.170581088472,-0.143846188344,0.291886426823
0.797752808989,0.966292134831,0.0734133085366,-0.163330489329,-0.136606966878,0.279092325767
0.808988764045,0.966292134831,0.0701200536238,-0.155842016018,-0.129240968937,0.265631539227
0.820224719101,0.966292134831,0.0665309963112,-0.148042030324,-0.121952549811,0.251310487334
0.831460674157,0.966292134831,0.0627424820568,-0.139852488674,-0.11458435686,0.236081733418
0.842696629213,0.966292134831,0.0588978796754,-0.131225257793,-0.106984712498,0.220240923547
0.85393258427,0.966292134831,0.0551055350072,-0.122191053262,-0.0991926502823,0.204425579133
0.865168539326,0.966292134831,0.0513813152254,-0.112878529124,-0.0913061670996,0.189324154416
0.876404494382,0.966292134831,0.0476592341832,-0.103464558956,-0.0834228882424,0.175249089899
0.887640449438,0.966292134831,0.0438489949592,-0.0940875727118,-0.0756487580261,0.161909834399
0.898876404494,0.966292134831,0.0398867092598,-0.0847941478305,-0.067977890971,0.148599913331
0.910112359551,0.966292134831,0.0357505373148,-0.0755487406608,-0.0602443083889,0.134631235107
0.921348314607,0.966292134831,0.0314508078165,-0.0662815366188,-0.0523720012634,0.11963871951
0.932584269663,0.966292134831,0.0270164899114,-0.0569376938792,-0.04461112502,0.103599350908
0.943820224719,0.966292134831,0.0224886334366,-0.0475064115228,-0.0372502287728,0.0867202561511
0.955056179775,0.966292134831,0.0179169100925,-0.0380191155201,-0.0301366409181,0.0693375962979
0.966292134831,0.966292134831,0.0133498640583,-0.028522021798,-0.0229014071427,0.0518045687201
0.977528089888,0.966292134831,0.00882185097032,-0.0190423553335,-0.0154460496326,0.0343668591198
0.988764044944,0.966292134831,0.00435761197013,-0.00956059197455,-0.00781571142128,0.0171060516747
1,0.966292134831,1.48485311067e-17,-3.34328421431e-17,-2.7414612312e-17,5.90983581295e-17
0,0.977528089888,0,0,0,0
0.0112359550562,0.977528089888,0.00291345546377,-0.00601545188619,0.00728039352343,0.0137123750866
0.0224719101124,0.977528089888,0.00584821020806,-0.0119886691483,0.0146424280508,0.0273772856896
0.0337078651685,0.977528089888,0.00875590703209,-0.0179544812603,0.0220995340063,0.0411565375654
0.0449438202247,0.977528089888,0.011625190856,-0.0238985193256,0.0296740922338,0.0549561548828
0.0561797752809,0.977528089888,0.0144611698314,-0.0297790816473,0.03737790795,0.0685039387292
0.0674157303371,0.977528089888,0.017269224222,-0.0355446047699,0.0452427727409,0.0815000094401
0.0786516853933,0.977528089888,0.0200500706449,-0.0411469636247,0.0532717204885,0.0937841507033
0.0898876404494,0.977528089888,0.0228007906018,-0.0465605403378,0.061268171348,0.10544682716
0.101123595506,0.977528089888,0.0255160686038,-0.051803979152,0.0687924406473,0.11678142355
0.112359550562,0.977528089888,0.0281894437865,-0.0569417520177,0.0754794466257,0.128075501489
0.123595505618,0.977528089888,0.0308133639968,-0.0620557996927,0.0813204074566,0.139438802288
0.134831460674,0.977528089888,0.0333753106651,-0.067209170258,0.0865129944836,0.150810516724
0.14606741573,0.977528089888,0.0358532123134,-0.072426256027,0.0912911067313,0.162049321275
0.157303370787,0.977528089888,0.0382172387241,-0.0776949332921,0.0959552608586,0.173002806351
0.168539325843,0.977528089888,0.0404395924898,-0.0829861768807,0.100744126763,0.183567799083
0.179775280899,0.977528089888,0.0425070622282,-0.0882811925578,0.105621379794,0.193746516428
0.191011235955,0.977528089888,0.0444294923472,-0.0935859997356,0.110453294433,0.203664672724
0.202247191011,0.977528089888,0.0462429994207,-0.0989095227869,0.115309247521,0.213511693685
0.213483146067,0.977528089888,0.048012103216,-0.104206622626,0.120199091669,0.22339255363
0.224719101124,0.977528089888,0.0498240031894,-0.109342602737,0.124863268896,0.233200730037
0.23595505618,0.977528089888,0.0517599303391,-0.114143691491,0.129278180204,0.242658358894
0.247191011236,0.977528089888,0.0538527274129,-0.118508461886,0.133763250707,0.251476921411
0.258426966292,0.977528089888,0.0560640552648,-0.122481361683,0.138601154451,0.259499445325
0.269662921348,0.977528089888,0.058299198685,-0.126233372192,0.143719387474,0.266777200085
0.280898876404,0.977528089888,0.0604487968056,-0.129975133764,0.148209433289,0.273554132831
0.292134831461,0.977528089888,0.0624359845095,-0.13385591216,0.152194128008,0.280179466798
0.303370786517,0.977528089888,0.0642357778174,-0.137908716624,0.15636982261,0.286900108678
0.314606741573,0.977528089888,0.0658385054198,-0.142087714283,0.158435253023,0.293685073419
0.325842696629,0.977528089888,0.0672083518243,-0.146343182004,0.157537670282,0.300406909186
0.337078651685,0.977528089888,0.068311332191,-0.150635250419,0.155529024665,0.306965439349
0.348314606742,0.977528089888,0.069177188038,-0.154895503827,0.153063305536,0.313202658679
0.359550561798,0.977528089888,0.0699132745891,-0.159003428175,0.149281832567,0.318895663059
0.370786516854,0.977528089888,0.0706357245489,-0.162825503473,0.144385167027,0.323902495529
0.38202247191,0.977528089888,0.0713651305785,-0.166298501521,0.140506413921,0.328262083629
0.393258426966,0.977528089888,0.0720414683515,-0.169405706231,0.138438532534,0.33203465744
0.404494382022,0.977528089888,0.072691260828,-0.172010474269,0.132369558019,0.33500376737
0.415730337079,0.977528089888,0.0734540193638,-0.17387265292,0.115420238374,0.336811681892
0.426966292135,0.977528089888,0.07436167094,-0.174947573971,0.0985218500373,0.337634540752
0.438202247191,0.977528089888,0.0752734799216,-0.175474287503,0.0939809941756,0.337926425061
0.449438202247,0.977528089888,0.0760736567641,-0.175717404259,0.0709197059001,0.337269607198
0.460674157303,0.977528089888,0.0767247061683,-0.175853992722,0.0414641241205,0.336408774581
0.47191011236,0.977528089888,0.0771826514836,-0.176032728095,0.032953538995,0.336390893606
0.483146067416,0.977528089888,0.0773921223728,-0.17636702973,0.0381709229876,0.337150489258
0.494382022472,0.977528089888,0.0773515547466,-0.176861643626,0.0274162220833,0.337754084555
0.505617977528,0.977528089888,0.0771182717976,-0.177413130264,-0.00365543832643,0.337701617056
0.516853932584,0.977528089888,0.0767266393169,-0.177920143901,-0.0284987920303,0.337231860527
0.52808988764,0.977528089888,0.0761675498969,-0.178334318334,-0.039525005905,0.336169882394
0.539325842697,0.977528089888,0.075504079043,-0.178552223957,-0.0628079651146,0.33356784713
0.550561797753,0.977528089888,0.0749166115733,-0.178371979907,-0.0950843151889,0.329340620827
0.561797752809,0.977528089888,0.0745527878335,-0.177656043802,-0.107799378377,0.324337948885
0.573033707865,0.977528089888,0.0744262942424,-0.176426719366,-0.111497281897,0.318822234744
0.584269662921,0.977528089888,0.0744006795009,-0.174864923413,-0.116825122332,0.313289095481
0.595505617978,0.977528089888,0.0743341705661,-0.173130578389,-0.123112072707,0.308431824169
0.606741573034,0.977528089888,0.0742400613455,-0.17117204156,-0.127503693684,0.304665286906
0.61797752809,0.977528089888,0.0741284999595,-0.168909824602,-0.12954960423,0.301955568704
0.629213483146,0.977528089888,0.0738950993697,-0.166375395986,-0.131066863967,0.299831216123
0.640449438202,0.977528089888,0.0734169385626,-0.163626845619,-0.132281367188,0.297554875693
0.651685393258,0.977528089888,0.0726298639994,-0.160695555495,-0.13019558719,0.294401511835
0.662921348315,0.977528089888,0.071504696274,-0.157632640089,-0.125999091942,0.289770970004
0.674157303371,0.977528089888,0.0700287589286,-0.154514545692,-0.122884489276,0.283386432126
0.685393258427,0.977528089888,0.0682308195693,-0.151377981464,-0.120283434463,0.275401973443
0.696629213483,0.977528089888,0.0661991685314,-0.148173006249,-0.118527363891,0.266203682258
0.707865168539,0.977528089888,0.064064129988,-0.144783379904,-0.117678577561,0.256351650989
0.719101123596,0.977528089888,0.0619470217679,-0.14110297322,-0.116706300655,0.246453963779
0.730337078652,0.977528089888,0.0599133737911,-0.137104554374,-0.114908121506,0.236950586687
0.741573033708,0.977528089888,0.0579683670062,-0.132843615144,-0.112276262251,0.228001296781
0.752808988764,0.977528089888,0.0560917531739,-0.128400922837,-0.109020059487,0.219526899754
0.76404494382,0.977528089888,0.0542658173443,-0.123827382191,-0.105321029651,0.211327908051
0.775280898876,0.977528089888,0.0524618051568,-0.119141312308,-0.101217032578,0.203200618397
0.786516853933,0.977528089888,0.050618518135,-0.114347008112,-0.0965966658481,0.194982743385
0.797752808989,0.977528089888,0.0486546122625,-0.109434773804,-0.0915514758862,0.186508472992
0.808988764045,0.977528089888,0.0465073899129,-0.104372956777,-0.0864149189644,0.177566965924
0.820224719101,0.977528089888,0.0441677505605,-0.0991116897045,-0.0813440547139,0.167966543089
0.831460674157,0.977528089888,0.0416867402212,-0.0936002739738,-0.0762293817454,0.157681839067
0.842696629213,0.977528089888,0.0391464007843,-0.0878136377922,-0.0709688517075,0.1469660601
0.85393258427,0.977528089888,0.03661184004,-0.0817789514256,-0.0656148947375,0.136311335257
0.865168539326,0.977528089888,0.0340980329206,-0.0755808109818,-0.0602729111436,0.126227222461
0.876404494382,0.977528089888,0.0315738095797,-0.0693286403646,-0.0550333485256,0.11694746548
0.887640449438,0.977528089888,0.0289926482593,-0.0631051927513,-0.0499643422611,0.108279645983
0.898876404494,0.977528089888,0.0263214324229,-0.0569352883294,-0.0450358315689,0.0997312280111
0.910112359551,0.977528089888,0.0235494529947,-0.0507923372139,-0.0400981219121,0.0907975972962
0.921348314607,0.977528089888,0.0206823381026,-0.0446278680724,-0.0350579957081,0.0811626813401
0.932584269663,0.977528089888,0.0177357220862,-0.0384014140898,-0.0300430002733,0.0707195000411
0.943820224719,0.977528089888,0.014735274751,-0.0320981079577,-0.0252158255847,0.0595236443735
0.955056179775,0.977528089888,0.0117163728281,-0.0257297304971,-0.020465847038,0.0477629329611
0.966292134831,0.977528089888,0.00871446776966,-0.0193230742099,-0.0155681777577,0.0357067911755
0.977528089888,0.977528089888,0.00575205142201,-0.0129028173445,-0.0104939053547,0.0236191596825
0.988764044944,0.977528089888,0.00284053105636,-0.00647211824127,-0.00530253317584,0.0116847207925
1,0.977528089888,9.68657991029e-18,-2.25884399142e-17,-1.85732100538e-17,4.00314981888e-17
0,0.988764044944,0,0,0,0
0.0112359550562,0.988764044944,0.00145124107147,-0.0030071437534,0.0036596148836,0.00687735566577
0.0224719101124,0.988764044944,0.00292278536566,-0.00597938505896,0.00737085283129,0.0137496988025
0.0337078651685,0.988764044944,0.00438781344005,-0.00894145387811,0.011134558507,0.0206976208492
0.0449438202247,0.988764044944,0.00583670492154,-0.0118943530534,0.0149552705735,0.0276704652151
0.0561797752809,0.988764044944,0.00726795657734,-0.0148244986622,0.0188290700758,0.0345270255891
0.0674157303371,0.988764044944,0.00868145152641,-0.0177103149885,0.0227611353332,0.041116796521
0.0786516853933,0.988764044944,0.0100764323444,-0.0205276689,0.0267481294497,0.0473662415797
0.0898876404494,0.988764044944,0.0114511769693,-0.0232604563761,0.0306991402395,0.0533243674447
0.101123595506,0.988764044944,0.0128025344219,-0.0259144516269,0.0344130110975,0.059124034609
0.112359550562,0.988764044944,0.0141264638693,-0.0285209885036,0.0377265387566,0.0648780887888
0.123595505618,0.988764044944,0.0154189853619,-0.0311232910473,0.0406423648401,0.0706131387533
0.134831460674,0.988764044944,0.0166752212751,-0.0337555272427,0.0432523640958,0.0762908705183
0.14606741573,0.988764044944,0.0178873697449,-0.0364288274167,0.0456626030631,0.0818549387632
0.157303370787,0.988764044944,0.0190450627308,-0.0391302812783,0.0480154974833,0.0872597844076
0.168539325843,0.988764044944,0.0201393193993,-0.0418340139911,0.0504261950128,0.0924911505531
0.179775280899,0.988764044944,0.0211679232556,-0.0445178116883,0.0528762465337,0.0975752773329
0.191011235955,0.988764044944,0.0221388748993,-0.0471735352901,0.0553024045677,0.102566773174
0.202247191011,0.988764044944,0.0230710660328,-0.0497992704665,0.0577475238029,0.107517252868
0.213483146067,0.988764044944,0.0239939880865,-0.0523744784772,0.0602287455932,0.112428688105
0.224719101124,0.988764044944,0.0249439523352,-0.0548449348766,0.0626200274567,0.117225269127
0.23595505618,0.988764044944,0.0259518052318,-0.0571453677557,0.0648920767944,0.121786969578
0.247191011236,0.988764044944,0.0270270815775,-0.0592459071536,0.0671755031131,0.126013787127
0.258426966292,0.988764044944,0.0281507398201,-0.0611794169984,0.0695975539462,0.129869439333
0.269662921348,0.988764044944,0.0292811892013,-0.0630298813293,0.0721496896265,0.133402404401
0.280898876404,0.988764044944,0.0303694840688,-0.0648949239806,0.0744492772325,0.136737177286
0.292134831461,0.988764044944,0.0313779727641,-0.0668429581476,0.0766022896743,0.140039886091
0.303370786517,0.988764044944,0.0322905584137,-0.0688880253079,0.0788620841599,0.143424537418
0.314606741573,0.988764044944,0.0330985321711,-0.0710064451467,0.0799407298228,0.14687164545
0.325842696629,0.988764044944,0.0337801728651,-0.0731757478397,0.0793703426544,0.150316427631
0.337078651685,0.988764044944,0.034313462816,-0.0753830605191,0.0781516000664,0.153704071046
0.348314606742,0.988764044944,0.0347095277501,-0.0776008286749,0.0767101891072,0.15694585574
0.359550561798,0.988764044944,0.0350224559006,-0.0797687423666,0.074646783574,0.159921507088
0.370786516854,0.988764044944,0.0353159678398,-0.0818106698655,0.0720493279349,0.16255545597
0.38202247191,0.988764044944,0.0356137457646,-0.0836744582375,0.0699804704555,0.164856678637
0.393258426966,0.988764044944,0.0359065488037,-0.0853225143039,0.0688440908369,0.166824301894
0.404494382022,0.988764044944,0.0362225827619,-0.0866654989462,0.0657205971803,0.168301196466
0.415730337079,0.988764044944,0.0366256223558,-0.0875888802457,0.0571129771002,0.16906826434
0.426966292135,0.988764044944,0.0371132659045,-0.0880929223041,0.0484351546121,0.169213172153
0.438202247191,0.988764044944,0.0376101955768,-0.0883067787747,0.046223416637,0.169021050341
0.449438202247,0.988764044944,0.0380637154163,-0.0883621268144,0.0351589057232,0.16836695207
0.460674157303,0.988764044944,0.0384525040904,-0.0883551644204,0.0210437292771,0.167701649815
0.47191011236,0.988764044944,0.0387451717977,-0.0883729210967,0.0174046018206,0.167608244869
0.483146067416,0.988764044944,0.0389035682614,-0.0884829828165,0.0201325570791,0.168070608444
0.494382022472,0.988764044944,0.0389189712967,-0.0886943932879,0.0144228272802,0.168612425309
0.505617977528,0.988764044944,0.0388195413612,-0.0889536154524,-0.00137280936389,0.168944401163
0.516853932584,0.988764044944,0.0386271347173,-0.0892020723774,-0.0138062491726,0.169110059655
0.52808988764,0.988764044944,0.0383364462863,-0.0894132508292,-0.0194071308692,0.16893736973
0.539325842697,0.988764044944,0.037971121948,-0.0895412920307,-0.0312974741405,0.167906864522
0.550561797753,0.988764044944,0.0376264151319,-0.0894777975261,-0.0474062670407,0.165978649058
0.561797752809,0.988764044944,0.0374021796525,-0.0891255114676,-0.0536175294612,0.163579962939
0.573033707865,0.988764044944,0.037323008727,-0.0884801777621,-0.0554359144394,0.160844716801
0.584269662921,0.988764044944,0.037310702003,-0.0876509987006,-0.0581052162407,0.158041906645
0.595505617978,0.988764044944,0.0372758856468,-0.0867462874468,-0.0612569815174,0.155560371584
0.606741573034,0.988764044944,0.0372154601675,-0.0857565088786,-0.063497427185,0.153663266416
0.61797752809,0.988764044944,0.0371342956351,-0.0846448697765,-0.0646336905126,0.152378311027
0.629213483146,0.988764044944,0.0369914920966,-0.0834149378796,-0.0655629198872,0.151478524636
0.640449438202,0.988764044944,0.0367429709286,-0.0820749930144,-0.0663593481867,0.150562876297
0.651685393258,0.988764044944,0.0363667919681,-0.0806263336068,-0.0654638717366,0.149210775048
0.662921348315,0.988764044944,0.0358435787413,-0.0790949152321,-0.0634438808326,0.147059820869
0.674157303371,0.988764044944,0.035153167249,-0.0775279504873,-0.0620003675631,0.143923385326
0.685393258427,0.988764044944,0.0342983866713,-0.0759498940587,-0.0608686875844,0.139861437497
0.696629213483,0.988764044944,0.0333162621425,-0.0743378935829,-0.06012524284,0.135079729913
0.707865168539,0.988764044944,0.0322656398322,-0.0726365800424,-0.0597486026996,0.129885856101
0.719101123596,0.988764044944,0.0312030932339,-0.0707944498901,-0.0592306627571,0.12461485921
0.730337078652,0.988764044944,0.030162751786,-0.0687946946132,-0.0582509721103,0.119518594854
0.741573033708,0.988764044944,0.0291534873869,-0.0666585532124,-0.05684380209,0.114712086698
0.752808988764,0.988764044944,0.0281732433815,-0.0644211592739,-0.0551415880469,0.110194554048
0.76404494382,0.988764044944,0.0272208827286,-0.0621065962234,-0.053236726172,0.10590118549
0.775280898876,0.988764044944,0.0262885274839,-0.0597262480399,-0.0511243781579,0.101746067324
0.786516853933,0.988764044944,0.0253494598743,-0.057287013892,-0.0487254238745,0.0976305314675
0.797752808989,0.988764044944,0.0243633207288,-0.054789385247,-0.0460886871689,0.0934214609486
0.808988764045,0.988764044944,0.0232961978737,-0.0522209167092,-0.0433996021036,0.0889552297018
0.820224719101,0.988764044944,0.0221386706518,-0.049558129049,-0.0407453187446,0.084102443788
0.831460674157,0.988764044944,0.0209086972067,-0.0467782988808,-0.0380680105832,0.0788543158795
0.842696629213,0.988764044944,0.0196386084079,-0.0438737771288,-0.0353203992427,0.0733664902706
0.85393258427,0.988764044944,0.018355804084,-0.0408615994148,-0.0325485115619,0.0679198826232
0.865168539326,0.988764044944,0.0170695411817,-0.0377822876041,-0.0298288962155,0.0627984466125
0.876404494382,0.988764044944,0.0157713898822,-0.0346845124047,-0.0272188020966,0.0581400551857
0.887640449438,0.988764044944,0.0144462571982,-0.0316034649013,-0.0247484514146,0.0538619100966
0.898876404494,0.988764044944,0.0130834529046,-0.0285481018738,-0.0223875852294,0.0497212189953
0.910112359551,0.988764044944,0.0116800939028,-0.0255042005357,-0.0200402970715,0.0454523092104
0.921348314607,0.988764044944,0.0102384773045,-0.0224469264028,-0.0176371073101,0.0408604632727
0.932584269663,0.988764044944,0.00876442591425,-0.0193535042592,-0.015219551102,0.0358360936342
0.943820224719,0.988764044944,0.00726928393931,-0.016211373328,-0.0128501396411,0.030350855383
0.955056179775,0.988764044944,0.0057705625004,-0.0130207800583,-0.0104662774168,0.0244676243636
0.966292134831,0.988764044944,0.00428618541277,-0.00979263480763,-0.00796791651436,0.0183298093167
0.977528089888,0.988764044944,0.00282675157143,-0.00654231386412,-0.00536429713456,0.0121134017744
0.988764044944,0.988764044944,0.00139590261939,-0.00327958807725,-0.00270441793748,0.00597000109311
1,0.988764044944,4.765268878e-18,-1.14255242009e-17,-9.45021142831e-18,2.03303943969e-17
0,1,0,0,0,0
0.0112359550562,1,5.12307323803e-18,-1.03077272681e-17,1.27932323916e-17,2.38398812025e-17
0.0224719101124,1,1.03322588867e-17,-2.04642938862e-17,2.58095904835e-17,4.77276243426e-17
0.0337078651685,1,1.55282883233e-17,-3.05784539233e-17,3.90292081848e-17,7.18867631573e-17
0.0449438202247,1,2.06693999376e-17,-4.06765911521e-17,5.24370962429e-17,9.61090904523e-17
0.0561797752809,1,2.57427466926e-17,-5.07294674996e-17,6.59786115354e-17,1.19918676176e-16
0.0674157303371,1,3.07432018811e-17,-6.06711537893e-17,7.96342886799e-17,1.42844617661e-16
0.0786516853933,1,3.56663630694e-17,-7.04159219577e-17,9.33831097706e-17,1.64683781642e-16
0.0898876404494,1,4.05052677752e-17,-7.98980269318e-17,1.06949383584e-16,1.85612254984e-16
0.101123595506,1,4.52470304642e-17,-8.91274291201e-17,1.19722527832e-16,2.06028143293e-16
0.112359550562,1,4.98759753897e-17,-9.82099591601e-17,1.31227801741e-16,2.26223619485e-16
0.123595505618,1,5.43806335407e-17,-1.07300611468e-16,1.41504752973e-16,2.4622199949e-16
0.134831460674,1,5.87531606854e-17,-1.1652226858e-16,1.50823616917e-16,2.65886777041e-16
0.14606741573,1,6.29810156198e-17,-1.25905485112e-16,1.5947343862e-16,2.85071558831e-16
0.157303370787,1,6.70433058466e-17,-1.35380769126e-16,1.67888455827e-16,3.03700463509e-16
0.168539325843,1,7.09198845355e-17,-1.44823026007e-16,1.76445683592e-16,3.21819826511e-16
0.179775280899,1,7.46084771555e-17,-1.5411901456e-16,1.85090508327e-16,3.39580803752e-16
0.191011235955,1,7.813700286e-17,-1.63211572952e-16,1.93624888371e-16,3.57133010595e-16
0.202247191011,1,8.15653740922e-17,-1.72079926268e-16,2.02227895844e-16,3.74509495031e-16
0.213483146067,1,8.49812727224e-17,-1.80664788573e-16,2.11005299673e-16,3.91555863324e-16
0.224719101124,1,8.84842288835e-17,-1.8882710979e-16,2.19533096392e-16,4.07956564838e-16
0.23595505618,1,9.2149959002e-17,-1.96419024484e-16,2.27631793466e-16,4.23397240049e-16
0.247191011236,1,9.59930538337e-17,-2.0341121964e-16,2.3563304355e-16,4.3771497548e-16
0.258426966292,1,9.99539487421e-17,-2.09952179047e-16,2.43940129565e-16,4.50924179977e-16
0.269662921348,1,1.03913071023e-16,-2.16320073626e-16,2.52647953865e-16,4.63204834026e-16
0.280898876404,1,1.07724252371e-16,-2.22813850385e-16,2.6069589657e-16,4.74875688901e-16
0.292134831461,1,1.11265076589e-16,-2.29631712158e-16,2.68644454822e-16,4.86351215474e-16
0.303370786517,1,1.14477420594e-16,-2.36792393316e-16,2.77078226697e-16,4.97904462081e-16
0.314606741573,1,1.17333469364e-16,-2.44187850072e-16,2.81059639927e-16,5.09442488437e-16
0.325842696629,1,1.197598926e-16,-2.51731830367e-16,2.7880611602e-16,5.20811541463e-16
0.337078651685,1,1.21666551522e-16,-2.59406103687e-16,2.74044609593e-16,5.31946546105e-16
0.348314606742,1,1.23067853127e-16,-2.67160025529e-16,2.68607351947e-16,5.42669613546e-16
0.359550561798,1,1.24133214046e-16,-2.74815805523e-16,2.61170353583e-16,5.52660420118e-16
0.370786516854,1,1.25084241926e-16,-2.82105745182e-16,2.51873497516e-16,5.61688614651e-16
0.38202247191,1,1.26037544811e-16,-2.88796035528e-16,2.44261244273e-16,5.69716778623e-16
0.393258426966,1,1.27027315803e-16,-2.94665225469e-16,2.39772581468e-16,5.7657095126e-16
0.404494382022,1,1.2819424179e-16,-2.99345464506e-16,2.28408272314e-16,5.81500006528e-16
0.415730337079,1,1.29723069719e-16,-3.02481421814e-16,1.97889280599e-16,5.83609730598e-16
0.426966292135,1,1.31537953811e-16,-3.04157136108e-16,1.66705158737e-16,5.83221192162e-16
0.438202247191,1,1.33377181645e-16,-3.04827000508e-16,1.58960811791e-16,5.81526653059e-16
0.449438202247,1,1.35091247516e-16,-3.04913334602e-16,1.21942362988e-16,5.78351332764e-16
0.460674157303,1,1.3660603766e-16,-3.04750773374e-16,7.46604432456e-17,5.75477579858e-16
0.47191011236,1,1.37790389089e-16,-3.04663812597e-16,6.34896556167e-17,5.75097922719e-16
0.483146067416,1,1.38487511965e-16,-3.04910673593e-16,7.2323307572e-17,5.77212017379e-16
0.494382022472,1,1.38644206678e-16,-3.05547866713e-16,5.01516567848e-17,5.80180135693e-16
0.505617977528,1,1.38350959116e-16,-3.06400038264e-16,-5.93670595753e-18,5.82947610866e-16
0.516853932584,1,1.37694291851e-16,-3.07251440952e-16,-4.81929280143e-17,5.85463732785e-16
0.52808988764,1,1.3665250262e-16,-3.08005994571e-16,-6.69471289622e-17,5.86818580376e-16
0.539325842697,1,1.35277460472e-16,-3.08524762525e-16,-1.08588717219e-16,5.84993492841e-16
0.550561797753,1,1.33910943759e-16,-3.08404471967e-16,-1.63981916096e-16,5.79771786059e-16
0.561797752809,1,1.32988747302e-16,-3.07200177015e-16,-1.84533272129e-16,5.7252868746e-16
0.573033707865,1,1.32642607559e-16,-3.04855401085e-16,-1.90265403893e-16,5.63649932035e-16
0.584269662921,1,1.3253951362e-16,-3.01847180704e-16,-1.99186051813e-16,5.54114427389e-16
0.595505617978,1,1.32314412571e-16,-2.98647796538e-16,-2.09964146106e-16,5.45420616777e-16
0.606741573034,1,1.319470444e-16,-2.95264284255e-16,-2.17890715349e-16,5.38683979578e-16
0.61797752809,1,1.31463765884e-16,-2.91577835141e-16,-2.22366795721e-16,5.34173082861e-16
0.629213483146,1,1.30766680172e-16,-2.87559739103e-16,-2.26427974105e-16,5.3117165416e-16
0.640449438202,1,1.29768280842e-16,-2.83163389624e-16,-2.30176977815e-16,5.28249528779e-16
0.651685393258,1,1.28436062942e-16,-2.7833160661e-16,-2.27892046706e-16,5.23833054813e-16
0.662921348315,1,1.26698502874e-16,-2.7313431747e-16,-2.21334653592e-16,5.16510695482e-16
0.674157303371,1,1.24445754491e-16,-2.67746098408e-16,-2.16832712564e-16,5.05486734621e-16
0.685393258427,1,1.21645061851e-16,-2.6226527349e-16,-2.13603253676e-16,4.90909953316e-16
0.696629213483,1,1.18390361764e-16,-2.56625526134e-16,-2.11567554833e-16,4.73544592813e-16
0.707865168539,1,1.14849072975e-16,-2.50661643355e-16,-2.10399210146e-16,4.54564764261e-16
0.719101123596,1,1.11184970672e-16,-2.44225370861e-16,-2.08358282977e-16,4.3524034702e-16
0.730337078652,1,1.07505430129e-16,-2.37269652123e-16,-2.04513093879e-16,4.1653839233e-16
0.741573033708,1,1.03856061994e-16,-2.29855606442e-16,-1.99192217554e-16,3.9895263991e-16
0.752808988764,1,1.00259563176e-16,-2.22083593969e-16,-1.92994277336e-16,3.82584291213e-16
0.76404494382,1,9.67439407433e-17,-2.14022662423e-16,-1.86243063291e-16,3.67297924185e-16
0.775280898876,1,9.33095053935e-17,-2.05710127236e-16,-1.78798545215e-16,3.5282101509e-16
0.786516853933,1,8.98831027381e-17,-1.97178652086e-16,-1.70257863454e-16,3.38728326376e-16
0.797752808989,1,8.63340467876e-17,-1.8844373675e-16,-1.60780040829e-16,3.24375009158e-16
0.808988764045,1,8.25443261287e-17,-1.79473243883e-16,-1.51074028204e-16,3.08994119612e-16
0.820224719101,1,7.84688569601e-17,-1.70194845252e-16,-1.41474223714e-16,2.92022093361e-16
0.831460674157,1,7.41418339027e-17,-1.60546017507e-16,-1.31773617899e-16,2.73430394222e-16
0.842696629213,1,6.96400669039e-17,-1.50522554619e-16,-1.2183249757e-16,2.53837309317e-16
0.85393258427,1,6.50375972879e-17,-1.40194460463e-16,-1.1189042299e-16,2.34322619225e-16
0.865168539326,1,6.03736759334e-17,-1.29689212464e-16,-1.02298429371e-16,2.15980754434e-16
0.876404494382,1,5.56468862127e-17,-1.19147240877e-16,-9.3291395053e-17,1.99400008233e-16
0.887640449438,1,5.08356832289e-17,-1.08666113595e-16,-8.49552287838e-17,1.84400736559e-16
0.898876404494,1,4.59242418539e-17,-9.82675201572e-17,-7.71322236213e-17,1.7022450785e-16
0.910112359551,1,4.09108025619e-17,-8.79045312463e-17,-6.94214852052e-17,1.55963981681e-16
0.921348314607,1,3.58008989476e-17,-7.74931368372e-17,-6.15081891342e-17,1.40843942008e-16
0.932584269663,1,3.06066909504e-17,-6.6945823454e-17,-5.34591810708e-17,1.2427631681e-16
0.943820224719,1,2.53593664694e-17,-5.61990305345e-17,-4.54160940473e-17,1.05925987788e-16
0.955056179775,1,2.01142651557e-17,-4.52319454633e-17,-3.71243997651e-17,8.58534100121e-17
0.966292134831,1,1.49306764207e-17,-3.40719353585e-17,-2.82795087836e-17,6.45386062505e-17
0.977528089888,1,9.84356612185e-18,-2.278000266e-17,-1.9006520602e-17,4.26969838302e-17
0.988764044944,1,4.86221291103e-18,-1.14153680158e-17,-9.55358810311e-18,2.10157924505e-17
1,1,1.66194716942e-32,-3.97077254132e-32,-3.32725969599e-32,7.13256283779e-32
